508463 488492 504643 502844 488690 482360 494526 514155 528087 481021 498329 505193 527640 493329 503581 483603 497658 531326 507477 498012 539586 514523 476735 499313 484888 532483 484664 490749 524605 557235 526507 462382 514600 536858 507548 485095 520892 502076 474636 533783 466301 490025 504288 520832 474018 516590 504348 555542 526432 512088 507775 465603 444747 467992 497011 510270 499956 490847 505348 476586 495677 524445 468087 511785 486667 516133 510105 507014 466524 539888 507721 472092 471215 471179 462886 477153 480093 476873 522221 494994 541244 508770 491361 509442 473248 500575 494523 481090 492544 473846 505822 531888 475512 447453 509702 528426 497084 507712 491163 526501 519155 473837 543979 503408 489850 502972 501020 523494 547763 475495 493119 464423 458174 488269 503295 487032 523288 468010 528551 492673 493535 473464 490222 553122 459036 484315 479098 487806 535424 480184 504381 485617 536582 498908 517229 535043 499599 477866 482821 485489 475444 521400 472590 487609 516164 498460 507465 478630 500992 484770 508458 502685 495791 513785 476322 470000 457000 488681 494569 512006 473112 483637 504914 497613 526424 531407 541623 493756 497283 505874 487560 494887 517613 474760 495808 518974 497848 494450 495963 528368 483756 530502 507978 481018 479981 490848 523710 520572 467576 522119 489608 464295 495949 493997 486489 555878 468874 505719 496076 506031
481774 478303 484787 500395 479377 445348 470683 471023 507491 444043 463598 450681 484741 474870 474980 460591 480971 501142 490586 490065 486547 493068 444387 466104 454503 483355 462187 492337 484227 506653 509361 437402 489373 488122 494948 447770 468661 492852 462553 497897 442888 473683 460096 484081 467093 461812 475518 509517 492792 474406 506474 429601 451087 447418 479511 480465 479496 473704 491987 474240 485608 490997 470563 497566 488834 495019 462537 506899 454389 500314 489103 460567 442552 447310 468880 458736 477436 469025 494166 461649 490313 488937 480561 483070 438423 480616 466938 480016 492326 494414 471974 500652 429790 463518 467223 516341 472868 483456 475804 495218 522880 456986 487570 487789 469401 459588 468706 471449 512180 485737 429462 446811 442645 452527 463050 474878 480396 426638 489076 490271 471767 457893 475275 508586 432918 461961 463047 477644 496733 441537 454868 461944 520340 484781 469810 495883 503765 443545 485823 457230 464169 498793 437003 479267 506400 470807 487401 478732 455364 464582 498692 501981 502751 494191 465875 484350 420995 450927 449608 472748 467618 460496 479178 492413 487129 481793 504109 460712 480298 483503 473168 470495 472844 484296 479154 495148 477678 495553 457724 508060 490402 489173 467560 440209 461823 446125 500057 510331 423058 463597 445394 462753 449728 490240 478958 531022 502354 487119 461265 475492
492764 522500 482274 495512 480748 485837 463876 492309 515688 486206 517699 483928 554833 492607 504988 479362 502852 518119 537425 511132 501812 514670 454326 487125 488909 504362 508536 480855 497394 529291 523817 450095 526611 513337 504719 475297 507088 510753 469115 519026 472332 491348 473735 540935 490996 513474 504335 545863 533035 508217 545211 468720 437424 481434 550758 521610 502005 509503 512207 513673 514461 504343 490897 497406 506108 531895 479398 520710 481368 530291 515244 481584 478279 474923 481189 466046 493085 487257 538450 491582 531167 531812 495194 482819 467169 516819 508940 483957 473646 477850 502261 512721 473063 501864 481255 523478 492309 502587 486001 531722 516126 486142 535726 498220 493792 483370 522230 514516 534778 494851 463798 481561 470490 473933 506035 470447 519953 451317 508134 533667 493213 485802 478323 521077 469702 473727 478219 477338 531285 463461 498727 474520 524802 489389 493234 543505 508888 485720 523266 478821 498434 520416 477157 495286 509772 472509 519970 468673 506093 470789 541517 481680 517133 514206 498270 489727 463270 479420 491402 461917 491890 499973 513742 502248 498676 503815 522379 479183 480280 520157 487596 531155 498706 464949 486904 487115 497506 472812 473257 533993 496142 505222 522478 492716 491399 482642 522310 526456 462446 541076 500992 481669 480107 493927 505206 562553 487511 507758 476621 499523
537067 507248 503008 507369 499112 503479 492249 508897 527089 478388 497519 520172 543105 497998 521787 518013 478677 529374 547466 525946 548329 539156 462287 512559 493532 533653 508528 493401 510312 585718 545358 486925 524695 564540 543934 492718 521227 545081 493632 538433 483170 515931 509815 567260 523671 520137 496920 582382 545348 532173 523351 469486 475487 520549 507621 549255 528235 504651 523512 516279 511512 537113 511582 542635 528310 520722 502243 539307 506299 539167 513146 490559 478957 468727 497034 509039 491780 483221 536531 483762 537292 539528 518830 515752 530854 486198 500074 508009 501541 504551 519598 552056 484415 507044 516537 544229 510670 534243 521061 543254 563886 487826 542284 532763 523546 507764 504608 531361 559978 523539 483474 494934 473369 486575 492206 526436 530021 482975 557030 523496 497752 509544 488540 553394 463244 483414 489090 516739 539039 506430 511356 501639 555833 505660 565102 536085 499142 477457 519410 508981 481232 552428 481131 537112 537557 511036 540703 487977 517981 504296 535009 543974 526756 545098 505856 516313 472725 530033 513252 506520 527078 497337 532744 514337 534793 522310 520930 474401 523098 524842 513079 535733 512742 522345 538279 521292 525118 534662 505666 549994 508485 538285 518032 494132 523276 491001 557096 540368 497264 520916 489811 523615 500722 507643 520908 587803 502289 533265 488570 513325
478521 473770 495305 487595 465979 464109 475460 489432 486977 461743 478491 451345 489606 472316 484760 464287 475321 493276 511059 483806 499133 490936 443886 479000 480372 491766 473000 452136 475657 478751 506630 424248 503090 520332 482510 465587 491605 478782 468228 506363 431545 463685 484634 514881 496420 492216 478979 514253 537262 497933 477045 445446 436998 475440 472552 480983 480728 460039 490475 465448 459115 493928 445912 490572 485637 498569 468576 493234 462644 502100 481910 470127 472895 457200 460562 444955 484099 494202 473360 471596 487650 494277 481137 500269 435799 480508 483182 493698 456593 473878 486587 496712 437770 452920 468613 515999 456549 457941 468020 501328 504437 467565 506851 483082 512430 487110 495359 461047 522587 474186 434081 461029 454625 439844 462587 510433 472710 419237 502783 482762 457633 454362 428820 509717 457177 458892 454909 463042 496966 458202 488647 461497 499664 493499 474638 519456 507869 436888 479699 472363 450111 507138 452483 466753 485748 475420 504718 480684 467787 454019 511905 487629 483791 494011 457907 439560 430645 472168 467369 495200 456330 470994 481965 493083 488214 482207 499773 449957 464332 494113 478448 485444 478605 473112 492516 487997 477417 475619 478234 495809 485303 497897 487150 476505 479457 439100 500424 504995 481188 519694 459615 464958 471341 485621 490571 544942 463828 493048 465748 489529
490228 527865 501711 539316 495320 485124 494522 490295 539810 460029 507044 489819 539020 491714 491368 494757 500424 528552 543357 519646 511121 496631 451956 506062 486534 512966 503072 479962 501819 536609 542282 447044 521123 540447 499633 488198 497113 513997 472076 502386 468980 503336 486061 544235 479193 500056 504765 543624 530069 505525 500362 476767 457386 490711 521670 511436 527695 492657 522170 519030 477931 520011 483463 507591 512244 520055 507903 540002 475359 521756 499934 492688 482664 473131 514156 480508 535159 497300 513692 478134 495915 495707 494865 485742 489218 490222 502028 501507 472944 482068 501080 516007 470418 502557 477371 559594 520834 493275 514800 526431 533012 469084 520038 509855 498508 499113 510284 485295 561850 506078 476199 487492 470149 460224 481505 504434 511607 459437 521150 512271 495025 486110 486057 544207 454993 472124 465602 469246 529321 483363 500335 477597 525522 499539 509225 530868 517919 464094 502181 508876 489184 510309 485177 496957 500194 491879 528752 504627 497672 481892 535225 505549 537218 528917 501868 508522 438478 487890 499123 487607 492824 496189 513963 514273 505869 498805 523262 466206 482159 512506 521076 514951 500352 501154 514652 500459 509804 514206 488593 536515 505406 511324 502949 488644 502460 467897 520696 519506 464565 545297 484915 504058 486184 515893 498184 573843 501782 516873 494914 495179
516440 545623 532181 510061 515750 492518 497026 524262 561573 494816 531428 506188 531638 503757 503239 504289 495897 520557 538214 540119 538927 535052 485276 532885 507272 543031 506437 501484 536043 580335 543783 498180 545215 550046 516341 497066 516467 530388 504782 521294 491351 490711 524888 564585 497249 515526 517266 556375 564803 534552 527841 467487 467793 517283 548155 550550 541651 524046 537473 542761 520804 543764 495977 549497 533646 548789 516836 549217 507839 574559 543839 514350 502058 497397 500070 490169 529690 531205 537897 518093 556230 560698 500412 494995 497885 504028 522766 516784 515075 510907 537140 557565 493441 491093 500624 541578 520971 526794 523585 548860 554691 543186 555266 547258 517113 509161 544182 538926 557349 518300 496249 502327 479965 501523 522107 550854 547047 467743 542423 530092 510262 505459 469717 563361 505438 511185 499978 497306 555351 526937 508118 522547 579569 523186 546789 559048 532353 493151 531582 517673 518991 537006 488422 508958 556219 500766 548665 500150 549781 501435 546485 544900 526712 554551 514036 505841 474741 481120 509133 527321 493347 489482 552968 548700 541994 549956 539770 489143 535820 542806 516349 530480 497289 528817 560578 532340 532929 533561 512339 545440 514014 543763 527025 509303 535626 467499 545478 537980 501029 534095 511651 511752 497426 544781 520622 588322 507165 537235 487080 503223
452732 457177 454626 449936 462252 446878 459417 453225 490674 407945 454288 429270 469185 437202 460795 437055 464101 479847 472002 482866 485578 480693 429227 484889 448589 471300 446345 445996 461337 499509 497833 433053 493384 488979 456302 450453 481312 468671 455386 473534 442055 440035 467895 520252 417999 468132 431222 503940 516508 462699 471855 404506 414096 423901 459105 463364 474155 453539 464959 464455 454703 483176 435637 479022 471955 484831 469778 463335 447971 496610 452629 441826 423464 425475 430096 419600 443807 468677 467875 430401 479510 478263 429740 447666 435179 471879 460286 453333 436968 458412 463882 472921 423054 440574 474758 472214 456887 458450 465059 508905 483646 482805 494741 463103 440886 459773 457105 472930 503958 469413 459208 428349 444351 449875 453921 446315 462201 410079 463983 489545 449009 416184 448575 501322 421513 418256 456411 452064 494324 434690 458892 441271 472941 471085 437288 493251 454187 425904 469591 452113 416653 462639 424905 459808 472614 438311 480917 419049 463097 457562 490115 464208 461926 480607 446613 443860 410900 434365 478091 431265 443087 430256 444184 477461 483723 479118 484702 424060 455730 488203 461898 472217 467260 468480 446103 447847 456203 463423 452380 487490 447925 471283 467423 470152 448350 442101 474387 472549 419739 463685 434168 454392 441808 450951 458181 517168 456850 468001 419311 467916
507186 476269 470090 484144 482504 476735 470466 492761 502105 445584 482475 513775 486022 473624 489598 469477 477837 512241 507079 473641 530452 516150 457743 496251 480901 501182 480515 481731 500889 534322 523998 455380 514023 512710 484548 466187 495065 495571 479289 491896 469606 481880 473961 526198 469221 489971 481990 537091 531767 515935 520669 435296 443368 489952 501305 508648 480776 460000 493629 518255 489188 501395 456880 518714 482428 502403 460270 502401 477166 522636 503002 457276 462450 482593 479711 457732 474473 499580 513512 470431 530943 514908 488756 467226 455756 496407 490379 493110 499874 481655 496807 547762 473880 459662 488722 530367 489812 498788 503819 538166 492348 474299 530451 486592 485184 471138 493184 499576 529197 492451 472844 475981 454637 474687 476837 486502 514140 433016 505785 492028 486287 479734 484661 539468 456922 478751 453255 474547 538143 481252 490860 488311 534104 495210 514014 521204 504584 438241 490383 468231 468150 521230 459600 494285 505431 475093 516371 459975 464306 471271 504271 519411 495346 495329 494672 479475 451572 461746 498339 501206 459836 468068 497939 501930 500070 497493 505876 484607 485741 505371 497987 485690 501869 467186 504620 502995 482534 488032 457314 518226 492495 523898 490889 503658 486450 454016 519937 500402 472258 509282 481142 469936 469057 496830 491556 552324 469354 526070 465455 488289
459017 473177 471640 455318 447537 438215 458077 458411 489083 429472 463008 427477 483594 457173 449466 439818 462028 465500 493766 506588 476527 482880 421752 480894 441147 494024 453316 478841 468150 514231 494940 446418 471168 502412 447024 432041 490780 477312 463664 478236 432622 467568 467184 504300 446234 464973 438318 496857 489471 487853 475353 422405 426780 456422 470960 486780 495723 470855 487565 459273 444268 458983 447767 496851 482806 479715 478008 483605 444261 501702 487522 438998 438915 441591 433858 437168 430245 476177 492518 424743 480567 465413 473485 460670 451641 464731 450161 475733 448110 475562 477316 471005 423213 451109 474272 506015 486676 464598 473824 502880 493398 475985 491144 462059 459404 445683 463219 491495 494893 470078 455532 432658 442386 457564 473901 461643 463347 433304 456546 474962 447583 445227 436231 497306 427387 457239 422065 468427 479135 434476 439483 452557 474644 451799 465664 493477 472635 438161 479571 453223 446965 465567 448557 462173 482749 467318 474462 441583 464217 467354 479012 483649 481327 488770 442477 456130 418021 443347 465008 448261 461748 463260 485679 473260 479284 488489 492351 446217 465369 484486 453652 459190 465280 446052 449362 477183 469684 462502 446323 482594 463703 470389 468060 445538 458769 433339 485698 489287 445504 477334 464099 445596 435684 463080 452890 529325 453943 468370 442444 474243
522687 521802 513682 527822 523360 512587 510276 518787 564120 487894 516557 528036 539533 519863 501591 495900 519438 545894 554927 546428 553051 556855 498719 563000 493615 547517 502754 515894 533987 569550 573870 493754 550126 554473 520882 509516 539484 530788 510394 560259 480191 503358 519300 562819 513962 529723 528316 558832 560983 541993 520307 467536 492411 514762 519652 522674 530388 521867 550194 539920 535508 537821 487531 561375 535205 534913 532276 540973 504969 578610 551009 522869 503778 499956 507470 488728 516783 536757 556220 506980 562993 560438 513686 511235 502805 532913 506804 547125 513980 526189 512510 561233 505166 504174 522060 556714 526899 515468 531484 553740 545118 521166 569583 529445 535136 516078 560358 530340 578639 547104 506028 506916 503357 512473 518360 515461 525168 487901 558248 524712 532076 499417 492362 578134 480272 500393 507060 500292 552984 514038 521718 517246 577935 537390 524101 580240 544335 502707 538834 529072 503547 559171 497058 522051 542459 524967 556182 496939 513420 520086 555279 543905 543682 551243 492426 512765 472591 510632 517230 523308 495995 520426 548494 523140 546040 535262 563533 493228 525345 557068 525396 549712 534754 516463 541847 550000 550142 547046 523752 564342 526045 561736 539362 529476 522953 498366 553709 543470 495222 549763 524817 509289 511767 544467 542038 607221 517179 526112 503823 514671
469732 455941 479201 463206 445850 435528 448764 467638 488405 426902 464740 466200 483467 451500 450567 449451 428841 481532 497349 476113 430603 461343 411478 475854 463978 469298 445498 444957 469464 519612 482205 418918 451534 472834 442146 430561 471278 488978 437885 474400 422925 473602 457987 493879 455264 463516 464760 499729 490349 465197 455513 398131 417524 437429 459525 458816 464450 468920 495062 458681 474604 455881 438600 473726 466957 465893 460165 480301 454475 489783 468608 444198 431308 461582 433547 442462 454232 458803 460471 438032 459570 485014 448950 427956 434184 435964 454137 453427 432304 448767 461701 510302 402747 451334 450026 490927 440698 469351 460971 508948 475374 457333 481541 457229 457085 448314 451551 463942 504378 468513 436279 446572 430050 457526 454833 472192 455164 433716 497409 458929 429395 460177 406640 495514 444434 434044 423000 428544 497679 449038 455252 424973 504042 481794 467821 494961 468765 415893 476542 437872 475003 472805 431510 470687 475362 481511 475788 479063 452532 447215 498019 462217 470629 469185 462843 453606 385048 436934 458133 458353 445353 446300 470908 455155 464964 477076 470788 435428 455104 484721 454439 468870 438068 428202 439648 466992 459745 472397 435127 477746 450376 495173 454481 443651 475057 433640 473464 499122 427243 482023 438068 444930 441001 484859 462957 531904 438382 448429 442941 461093
467509 461601 466801 453437 441100 467513 449349 463309 480701 438992 479006 452997 492810 454207 479185 433062 462525 494055 499653 483927 484904 478821 417041 465799 464285 477485 461725 458093 462862 534886 490117 433817 464023 488339 459285 462370 449920 477034 444534 506340 418763 463118 457915 499953 436911 444707 459247 506702 494871 498331 474747 436850 420322 452563 478259 477178 473903 451252 474349 495008 452903 472807 453280 483720 486597 470832 457563 487936 455154 467179 474832 462024 451005 434987 455638 425369 448176 483208 496378 443054 496237 449317 468749 454339 433606 457409 430109 464154 450467 457620 479809 503781 435866 466727 445772 483923 460504 477626 481738 516375 497686 454082 482613 447555 464085 439112 473076 456851 511003 469357 425972 444556 444238 442610 461431 454052 485238 419726 482661 485452 442943 450452 441384 511618 429599 443509 444785 458409 494791 452813 473052 452071 493035 473403 461975 484090 466462 432061 485823 449673 432862 489410 442317 462876 464532 462094 501435 462235 455065 447550 498587 471127 468709 490955 451827 452125 436314 464663 465776 442137 447364 451990 477282 455646 472093 464204 486221 453947 451598 493301 458081 468152 463323 443016 482870 466284 498959 495178 447864 488112 471412 472558 457514 447693 452635 432256 492201 474305 431850 491474 459836 474707 441549 464174 451164 536942 455816 475179 455977 450857
523577 503431 499033 509341 491569 501067 498467 494006 552276 491724 512954 492218 527550 500605 490202 515980 518384 547020 530112 529496 529710 503753 470059 508814 509261 548100 482338 512113 523082 514788 546000 460436 513233 528727 503240 504470 515879 518946 484751 551137 468185 504756 488280 554914 484996 523112 505720 562630 560816 538265 541308 476681 480713 519815 546836 526191 535798 526997 501473 511090 502497 530284 501620 551249 504710 551617 501544 531889 497660 526041 519407 519585 519955 501802 489567 482760 521034 506674 536636 507783 525466 575021 495848 484213 476547 506323 527487 511365 480402 482638 505380 534764 480879 503535 484130 542995 486306 508717 506444 545303 539719 518238 555406 532918 506267 505463 519282 519875 563519 485141 482662 482859 479527 470527 501009 502989 517246 471374 520697 533728 520088 503338 469539 541461 482118 494202 492208 501195 584964 486974 501345 490983 534375 505875 530422 542000 536058 480078 553370 496770 498493 535625 464085 500104 509434 507070 504401 485096 514680 490537 530309 521888 516320 529822 503017 475983 475369 492902 501156 504049 509995 481536 511975 531089 535471 503971 534505 488155 514112 528170 509279 523933 498449 518541 538548 512702 526683 500352 516962 540791 510080 544475 523225 493979 496009 483576 538945 532153 458762 522991 503037 516975 491297 504436 527758 564191 497598 530937 510137 524082
518771 507074 500004 489000 495534 488943 495607 512952 524623 457768 505371 474883 501992 488236 472945 479986 495882 525633 539582 523036 517788 519389 466453 531974 494157 523579 502438 494600 520485 543201 530324 469056 517417 509851 530039 477620 528375 515314 474113 534773 465917 485611 488050 529906 476637 530216 494882 529561 549668 539685 514093 435492 455039 498113 498866 511958 525198 493739 528539 501875 498436 528540 477914 536629 515803 513460 514375 512066 502067 537022 541887 497145 471140 487714 466810 460627 498276 499323 499918 495381 533154 521516 477885 499334 479705 514382 507915 527507 460237 509715 518550 536682 456602 500551 494009 546371 513589 487050 511489 533007 530594 489825 543506 505184 527191 492472 520705 529814 566254 514209 473900 474870 486974 476648 515453 498577 521361 451678 525679 530823 507662 481444 466765 560167 466866 482035 479214 486092 544644 483493 500007 478564 547151 502818 498454 539165 505920 489006 507324 507662 481648 506216 482195 506812 518845 490892 528258 482191 499540 480221 540092 514430 523187 522987 513804 467730 462938 485512 480412 498969 472349 490740 511332 497811 524488 517746 526138 487222 493617 516067 519758 507331 508633 493234 528204 507683 513991 524518 486879 534709 487115 527996 505392 481514 520822 477861 508023 501843 481469 523332 499931 490514 495047 527940 495537 580688 484945 505655 497084 479490
469900 477542 474043 509309 480171 459174 463265 496462 525432 477658 486529 481556 506045 474263 480231 468244 474373 507398 513044 491796 499582 480309 442720 511124 470329 490583 473675 488932 495427 526362 506931 453131 504188 535463 486073 480210 470923 497619 466267 511392 461604 464363 481598 538234 476295 493059 483343 527408 522957 504030 504856 466871 447291 468834 498663 519690 484376 480492 486752 468784 494231 489875 458257 496313 502839 504418 501347 495159 461493 512617 485260 502203 474989 452019 475080 449246 483015 498584 494192 472232 505758 500973 472055 490140 472730 493585 463188 482933 471770 475860 498609 509202 455272 466996 475896 523314 467023 488835 492858 511660 489269 483263 527467 502980 472747 492858 512611 460705 519212 479835 479707 461315 445394 473229 470421 494747 477510 430102 490295 494695 462679 455085 453557 517823 462678 475202 472382 487683 524023 459811 478960 467324 513193 478559 501686 520328 497100 447675 504821 468346 441369 512982 454593 471034 498937 471362 513310 456766 514502 475019 517058 514996 478752 512691 479942 469244 454742 449529 498249 500765 456497 469617 510215 494008 516891 503021 507329 491988 461775 488486 478856 510407 487904 485493 484994 488814 485491 491358 484061 490033 493089 503118 487349 490877 475711 452061 502989 502400 464807 511659 487931 465350 473582 486782 474355 549687 506025 492111 464755 498017
485385 510261 502127 494362 471160 466070 478330 482374 515692 450657 497542 484938 535698 489399 489826 477014 477157 512484 522996 526934 523076 533775 449578 507395 497365 518904 463947 507193 511189 520670 528142 457257 453729 499806 488480 473616 508632 507779 467059 519636 473586 494372 490950 547334 448036 501484 469873 532445 547382 502173 503798 443690 448798 479835 524245 490165 509072 476464 513187 503248 486314 515268 466092 518456 502199 512178 475872 510609 491899 523236 504396 475305 459097 494460 451948 472359 480015 492745 483145 464583 520738 517424 481897 465813 479698 495205 474159 498348 508222 479004 484310 540674 446836 468587 485519 520256 493743 492038 521630 533778 541444 486095 530588 510769 478715 506928 510882 531223 533497 494932 461877 484437 466070 496925 493083 499023 495756 450118 504217 503071 484500 476233 457469 530004 469109 492260 486986 470193 526566 472198 478646 470365 538756 489210 520594 508475 518730 432929 500594 488949 465146 510972 450011 482696 515773 496845 527445 491840 493601 469864 504069 520980 492334 508824 500500 488211 449087 467465 491455 488440 472288 491342 508345 492473 494348 518268 538165 461782 482229 518024 494697 479251 509728 485582 524695 482922 497630 504373 471003 501946 486633 495851 499008 456462 487803 457351 519055 517168 468514 506845 473005 492481 462733 508308 498188 554859 488608 500280 463573 483853
464188 500282 489521 505702 485346 470351 494740 494949 501957 458532 508526 469501 495273 477589 492063 480101 457418 504023 535102 511480 502364 489724 456142 499546 477646 517602 483854 481899 481844 536322 505678 425089 503152 535774 486674 475305 488383 496845 472435 491702 457093 479539 500866 533660 465210 504398 491686 534684 532772 509304 511930 436316 445045 477301 506399 511567 503960 484700 519842 482632 475635 505132 463640 511470 498676 490827 459665 488697 471390 506026 501442 461685 462096 466743 479515 447718 484517 461061 496710 470086 498252 483522 492369 467375 468197 487007 481562 478541 473134 490583 514187 509682 450460 478466 494345 500079 468508 513762 505969 525041 518540 486800 538289 495941 480713 483841 497966 496715 552509 489665 476261 477305 471328 460091 482302 496228 494045 469423 499855 500983 465332 460985 448057 526093 444842 474211 461628 478855 509010 459816 472185 484777 489276 482489 520822 520903 489885 466473 497167 473357 477508 517260 452080 485174 483725 478712 495346 465901 498361 490141 497667 496258 470979 518669 476257 480631 458724 483528 474483 497494 478169 450895 503018 507583 510211 519077 501183 468404 482279 510502 494163 503430 480881 463052 506746 481865 488791 496966 466599 513593 468741 514167 496022 464321 503137 466130 526418 524821 465979 481855 477060 493010 462309 523910 500928 548952 493229 483917 469834 500143
499384 522100 505853 488738 517723 461317 505629 507156 525753 451373 508279 481770 494617 486848 494653 485022 497526 507337 516194 507020 515593 526639 464224 504728 507607 508593 487698 495201 497805 545334 528792 470828 519947 541539 501059 476796 521605 494639 462878 504672 482839 479844 512093 532981 477446 514241 499464 542733 548626 514570 497196 430164 454196 475210 487173 501596 495441 497544 530980 485480 490858 508100 475529 531198 498502 513798 502411 501748 498903 525900 544296 473604 484189 484412 479537 474720 494064 519096 516872 489723 520693 509681 494460 487458 476040 477033 463165 485807 479444 512764 503789 537223 457896 470079 486535 526886 509792 508396 493110 539936 509257 487298 522388 478533 491648 478640 502297 495459 552085 502133 483431 482754 469161 483662 509055 481411 518742 459914 517893 520111 477970 460350 471349 526929 472814 464947 476200 470315 529135 469739 490128 491004 534330 500207 527691 532944 517715 467112 510468 453444 491217 515900 459654 497520 514830 510901 515113 482062 468873 495586 532843 512860 505143 513329 495987 496032 439211 496188 494233 502848 481999 489581 516312 521425 523987 517629 522481 473241 487148 529906 485426 517498 499393 492919 506950 493451 503284 523800 510197 525890 501647 520469 501937 493472 490627 478398 534724 526005 483657 514791 478013 483878 462795 503430 510578 557476 476103 486677 494376 501267
496839 515004 475339 492124 465897 465468 471290 490251 527687 493658 497278 470377 498540 480910 470853 472413 474755 507330 503511 515484 510795 491994 462492 490747 500639 500616 483784 461541 504602 530596 506250 446534 502279 530089 492717 441866 501114 505631 486446 528886 471198 475388 507893 539876 472351 505430 507006 532652 529264 501216 503054 438182 444078 493177 494715 504064 522482 506416 508350 486207 458425 484395 464256 517572 518239 518649 475375 497282 462325 518750 484670 477960 477684 469607 475195 479938 496609 509287 510755 481328 504695 499318 494619 478192 463649 486513 505407 501404 481368 483817 517332 535201 447121 490902 497224 524209 490115 475194 487727 539458 504626 493244 530127 500910 478855 470809 496468 481892 518381 497554 484065 487832 454677 470792 484909 506391 504005 448674 526854 508854 490208 488152 463846 532462 450707 486365 470230 462012 528920 480976 475960 481544 529913 492401 518408 507218 516536 455282 492367 481515 468547 516488 463481 517762 508355 492655 492640 464624 500552 488646 497441 510914 479452 483739 491696 473604 441198 467920 497194 489943 461501 457060 529968 504869 514859 507720 508625 464444 492910 498978 509300 494014 507860 455447 516339 507972 509382 517758 481277 500364 480275 502877 498564 473495 487688 486096 514466 512835 473411 492221 490437 490979 468022 518253 511436 553192 480171 504817 478215 521944
461678 458525 428437 452179 440185 424054 459485 447638 473298 421595 427328 456357 460669 436891 457380 427378 449432 476026 482258 453167 455727 447065 415844 439288 448601 459277 434979 430748 491195 502553 486297 405276 456321 473254 454249 448089 465062 446551 433116 470969 419625 432454 429028 499640 462106 467675 450385 505107 461063 462990 430452 411851 411638 433181 465181 458992 474370 432965 472390 424899 448137 436732 445438 464159 460211 454137 453308 458365 451526 503398 463558 453205 446071 427201 435560 420135 455665 443396 467027 418809 472399 475390 427279 444238 433861 446414 447806 454961 431340 448625 448120 486334 411857 447448 436918 474842 450957 448045 461358 486733 459757 446268 466615 457830 458404 438220 451825 464160 494962 452699 436098 433565 432511 424009 427325 451321 467049 418209 463119 446238 429696 440606 437528 485465 428510 429103 425147 433006 486116 429866 461175 462065 480040 455037 449341 469346 455052 428909 458105 450156 434073 465303 423625 472367 474751 456647 436841 442068 464367 434867 456561 486848 474243 476971 440195 426194 423900 430869 441600 460485 442310 416192 479273 455078 459360 465495 469858 456077 461670 445060 460034 468060 457176 445048 467861 478557 467088 476261 440982 468621 453554 484396 460005 428907 453825 414441 466314 483333 439941 469104 442051 446212 424486 461571 441548 491582 437779 458587 446264 466637
453060 480531 469384 493336 460546 473142 475569 497587 510177 440424 463309 468399 488721 477608 472164 471045 463598 500681 505352 486267 508239 479910 430151 495130 442162 497470 477201 466049 479542 525146 490541 447843 488665 510049 476584 459188 481767 505857 477424 518253 438666 473916 470778 517396 465638 488421 466712 500261 513123 491436 481882 445733 430428 449358 493947 485611 468088 483856 470861 471086 471454 521385 453546 488269 477954 498349 484680 470064 468460 532657 497728 457089 437627 450069 447501 444400 487903 458959 489189 455484 480195 516044 473162 488804 472467 479285 481324 467853 466680 467995 490391 488550 424501 464873 483612 514707 473089 476436 457359 510212 488914 462157 526797 503775 483866 485736 470644 482398 530085 463353 467061 455665 444195 431935 455938 481150 491258 444304 502861 490970 457076 444597 459384 526698 431192 465020 446215 468577 510658 443152 465599 466925 500698 495192 496668 519361 501872 430754 487045 464657 433656 503274 456497 477749 496664 476649 494067 441216 481961 469300 493442 507868 483655 490103 470987 448214 444426 465382 465628 485982 467396 457663 486325 493302 502021 484644 511639 461614 468610 503132 485002 484843 489078 465396 482171 481361 445233 491853 484458 513574 470482 494537 501153 461374 454883 466489 508080 489432 459342 474448 463772 466399 469831 470484 481264 521380 459461 482337 438021 499947
490989 488274 489854 481768 449869 464613 489297 468780 500412 439210 467433 486397 490224 473736 475325 477022 481847 519219 500556 526426 514886 476554 429690 492289 485050 501446 445680 455478 496576 517453 518266 437358 486210 510704 477178 457674 507998 524467 470148 515092 460851 474227 482192 531166 453537 504983 485689 532655 515976 515703 487578 432095 439564 470173 499553 478339 503960 473531 509565 504592 476424 481364 448873 488546 484792 498094 478047 481914 494135 527428 513041 478531 459517 466629 465904 467006 480007 499652 498236 446137 519792 496730 466468 474642 463185 476883 466778 493981 465072 491177 500993 506456 441274 475769 479637 507594 490630 495069 490387 510827 539387 492338 525887 512294 479698 478270 516051 508131 520158 488589 480940 483581 472863 470857 470822 481837 487128 441382 490448 495440 456974 469264 448044 538504 442119 474591 472476 470159 534893 462719 489043 472505 507932 477287 489436 508029 491095 452324 500048 483388 463586 485653 451690 489581 501431 478243 499484 471529 484696 437860 508691 501936 508488 526797 479275 476105 436608 478736 465878 469911 468300 463060 484933 489150 497530 505095 495898 467151 473086 502253 484889 498451 471969 499796 492003 492762 494354 463599 460700 490847 494164 503813 484289 470957 484152 446083 507070 504178 481649 481089 468594 491580 463372 483843 484835 529844 485397 475763 469239 500852
443584 439143 444338 475423 441982 443776 451355 448457 477117 413250 431573 452558 460159 446138 445609 435141 451886 467046 502258 461971 471929 476023 424905 470620 457080 466807 431193 432494 475538 484784 452380 429382 457455 472363 453149 432760 457346 458464 446147 485404 424696 450932 455748 499302 423896 463108 443972 495192 504138 468637 459474 416324 400476 432755 450868 470629 486782 436969 495693 454158 444368 463233 414260 479480 467626 460600 428564 461617 457336 464398 456027 448949 445085 447733 455067 439485 445141 472031 466031 439043 477810 464243 428637 446773 426413 452145 445170 466462 449632 477953 480849 488547 436026 446486 459760 498474 437141 446068 446174 500954 481247 432765 495481 465140 458486 463164 469834 446765 500915 460916 431240 417204 430678 441089 445314 468528 441199 402213 468017 473219 445739 434552 420302 507719 423706 453803 431764 441578 479849 449862 440537 442652 497240 447096 461395 487915 467340 431575 459509 445437 452563 480119 434573 443225 467823 454220 469841 452879 463378 440058 471473 494844 459765 479206 459352 429541 419665 444422 454267 472255 417365 451812 437131 467892 473427 472377 496841 456987 432130 476861 451820 458974 458062 441151 464384 441189 484764 449866 434303 476191 451327 461439 437204 431180 464236 420049 482374 458517 431933 481891 447086 436028 433237 462087 444645 505933 461400 473638 421366 447620
523769 543353 550718 535298 496732 496640 521615 541214 563047 488858 530453 508386 533817 510665 521820 519654 506617 559424 561675 537911 542156 529333 462524 544979 518699 550870 506961 515380 531153 578059 540043 478700 537233 554851 535291 509501 530685 537314 497388 546902 491069 519360 514656 557241 520463 541269 534974 582844 551160 540983 530511 462940 477440 520624 505990 545140 533009 528569 545454 547161 530264 542549 499244 536128 518429 539791 515105 537066 498847 565930 526836 491678 489844 494851 496045 492777 497688 530229 548976 486876 550877 525299 514703 505487 491430 519714 522830 522648 506830 510232 533884 558091 493381 516686 524185 539124 505458 538445 538310 587493 563033 512171 558656 542568 538684 507081 548499 532456 588786 528917 493891 514332 500940 505650 519579 533008 524860 484562 578432 534281 501573 505008 462232 562590 503040 502013 500533 496017 559925 502615 515223 521879 563574 538151 527601 548287 523344 503286 532051 500695 506785 536642 477267 542527 548589 521526 544449 519294 544316 507452 541938 542612 541927 571502 535696 515393 471971 511205 532422 542779 517630 503961 552695 534751 562501 543412 540345 513882 550951 543031 528001 545108 532013 503404 544995 523545 521027 543997 517226 555656 539149 533388 541020 505366 539578 491951 535852 538558 517481 557458 518937 504139 506375 550880 512526 587817 549538 537068 502936 502274
474614 494971 495948 506026 477932 479256 499329 503565 511866 446622 490565 477844 513219 492328 479725 488026 482301 517293 528308 525326 527323 529633 436573 510557 477764 517186 495246 498631 493706 525698 526430 472257 484164 524071 502052 491546 517201 529584 451870 499179 453120 492604 506380 550620 464350 499442 477539 531919 535886 513130 512143 449335 477522 475124 510555 496446 505597 485586 508912 515099 478004 516596 458151 520943 502718 513815 478354 517724 472567 523549 522224 490892 481236 498186 479036 473098 478767 484431 520560 466351 503460 519588 476400 487158 488007 490861 488365 504758 481578 480011 511397 534958 472234 475675 481087 545325 479164 498420 504970 542677 523219 480284 532944 487169 506906 501479 509705 496268 577505 480757 468751 479209 479917 477253 492770 477570 510224 456351 501806 505283 470904 488499 479628 530678 460003 478877 482383 480359 520291 472447 491424 480470 529514 508788 490371 524703 503214 481202 505759 490142 473527 519861 457676 496874 489324 510771 526557 489550 506396 494062 527757 490755 504532 537307 501430 504900 454563 528180 504860 506399 465602 508688 479489 495066 512850 501404 523564 482392 476218 536469 499330 497261 507669 474555 512777 471063 489033 494461 483231 540744 505333 522659 502204 489205 494279 464831 525401 507482 469524 511852 477910 476941 480203 503558 473824 558981 512065 525700 477572 474557
521614 522398 499776 517063 492010 504734 495963 502814 529296 482932 494669 506137 536363 511897 512706 503384 515330 520812 552318 546055 526519 532174 462793 525104 477116 514388 487450 508942 508093 558540 534358 453352 528964 540990 514182 489054 520437 514367 501074 524327 466522 506344 493021 552546 496922 490277 498581 543239 543662 537406 532900 472864 465854 500222 511497 529573 520454 510892 537934 515118 513579 511119 478453 506886 517933 529910 481830 526116 490377 528781 546969 498511 471540 475472 500378 480363 508234 510355 518917 477147 529306 527124 513714 508513 518945 517181 513352 512960 500887 498408 502986 525262 454414 499029 498325 535759 516675 523372 511418 543613 546580 494756 545287 495371 515127 496161 504776 514308 546636 524850 493425 459944 483219 501715 494830 514419 525449 481541 517020 523486 480465 488861 484845 555161 469048 493210 479664 486209 537243 477791 492851 494715 564924 505789 522938 537670 516900 471620 519602 487525 483334 540785 466453 492569 507286 496940 516501 466391 515482 494387 534959 515892 518420 541469 490804 509737 466472 483412 517073 516191 502322 488436 510400 521840 523827 511095 546776 501173 498010 539834 516767 520246 493670 491817 499291 524337 498669 514641 484170 546062 501047 544923 506763 469985 501337 481816 563238 548569 482547 514289 489616 514636 484370 529321 509000 592218 519578 505871 473507 506332
493880 498670 474466 479448 469678 464296 466687 489669 522511 467789 498763 461235 516552 464683 475935 463715 475997 495274 523367 511232 477797 509156 425950 484204 488422 490012 489891 475604 481953 530911 488608 443465 478925 495110 516097 473762 513360 524316 462118 515760 460101 467457 468698 500510 494229 500771 464644 523669 516248 502749 503937 437907 441571 491513 488683 508409 509659 492297 502130 494276 475614 491958 472872 498163 493701 503320 478957 499065 472605 492364 510452 466410 478011 461054 479884 462756 503321 509692 491518 478475 518905 519876 489398 455798 485942 485341 470138 480701 479818 459733 488111 520634 443182 477056 479207 522499 477327 468028 491734 516408 529204 484127 514584 504303 472734 493668 502501 510631 515064 500392 434653 432370 459857 468417 483287 482644 501811 437239 496041 493976 473533 449873 438030 517323 440767 464160 466479 461139 521361 488465 483799 489475 513942 492183 503619 504995 487205 447333 505142 458550 456298 532794 454855 476049 502563 484722 495296 449548 499852 483618 500170 521113 496075 506231 471982 461730 456852 486239 481084 480478 462695 462589 503931 508585 486984 506421 509585 451417 480193 509688 491364 491622 471595 463209 497853 486851 500759 491613 472405 493118 465928 517851 498659 468443 488930 438315 496827 497946 465990 510368 461194 490711 461566 491330 483968 525980 459515 489502 447327 488849
461557 463160 480032 454330 446632 440249 454941 457391 505282 438186 467400 443726 482626 437204 464977 439172 470097 468530 488333 476287 490354 485000 424867 451657 463762 489992 435253 421219 461589 522871 496448 434838 480324 488951 462349 434667 482998 470096 444071 489552 435649 467669 473817 502871 451990 467756 466525 518292 492508 486906 468048 413131 432479 461805 473311 489027 467663 464334 481494 464038 463435 439090 439668 476154 466234 494233 464233 476433 458720 480558 449514 469281 436355 443837 456982 431716 449528 479583 501976 444237 488482 466956 436304 455661 464935 450364 451546 453484 458747 434195 464299 498664 421857 454783 455840 488057 460469 474176 476315 486656 480791 459617 516288 450422 450322 437584 481466 482109 512833 481028 438616 468279 445182 446156 457726 472821 463237 430360 494515 458168 463033 442391 432498 506759 445925 457275 443638 436511 504364 461471 466407 448959 489552 460421 490560 483359 466944 443192 470715 439953 434707 466419 425475 481658 471510 462592 471689 459553 476081 444965 500226 485619 487519 481068 454111 454034 429831 473571 472811 460975 456764 445975 482164 462341 503972 467944 496890 459651 462669 475158 457519 480326 451614 449163 465000 481280 464975 485914 445607 489997 466761 487350 477978 443508 462875 422382 475866 484818 440208 486108 467164 464280 438193 469936 458090 510839 457805 461054 456152 466370
491480 493124 499766 513253 485630 477239 486280 485528 543967 476173 490424 472660 530016 474196 493034 490419 494907 517672 538174 535568 507526 505580 441401 518527 494373 510343 484325 471316 493070 562779 546225 477081 508687 517851 483391 488530 527875 520750 463348 525432 478006 486240 484444 543327 487959 489658 477674 546048 526236 493216 505965 445580 444981 480623 520469 512647 536665 492971 530203 537451 512366 505390 459990 516154 519392 531459 495283 517647 489188 519879 504436 509446 471279 492513 479567 453784 494959 515120 514047 498237 515396 520222 489613 480749 501566 500972 501172 494909 499908 493927 486013 532002 460522 475561 497749 545557 482764 498412 509345 537327 535747 495214 553095 507060 502063 494557 507093 495455 537430 516132 484356 465498 464499 504506 498913 510661 499431 464772 500934 526065 477912 481115 459864 539083 465684 469589 477752 487126 526381 481051 470644 478037 541286 523090 498161 530273 506447 445567 521545 479361 500744 507927 471220 488606 510580 484633 519226 496396 490257 482331 528755 516268 532189 544994 511721 513743 443145 471335 529872 471594 475856 509978 494616 511719 512782 525966 521639 469569 491727 521283 502604 520362 506980 482277 481761 494570 500298 524795 477502 537372 514621 498856 511005 486526 492631 474561 535523 520281 474641 519599 489970 517759 464399 509153 492166 575782 499513 528631 481992 487453
469597 472969 465423 480120 457139 440651 456028 466937 496167 432253 471139 452242 460250 428375 436980 427581 467400 507406 506708 462270 472074 483291 425792 482800 457658 474335 452886 459661 496913 506479 499770 428085 478296 485830 457831 449238 482653 462271 421255 469599 432484 459491 468940 514343 429071 470007 452769 513027 506815 469230 471721 424647 425810 458779 469180 457060 473010 463448 478494 460817 446944 461585 438807 489239 472716 486440 455520 473299 431679 490707 477587 450390 447731 453041 430715 427020 464208 479326 474198 451784 492768 454978 455884 434388 440124 467289 432613 474147 446785 457657 460273 515406 428083 448997 431896 477113 459802 464221 479619 521594 486636 447610 501056 463802 455617 476291 487543 469874 507182 461137 446550 426588 449923 454173 464890 474375 469148 429434 475632 489910 449751 431346 457012 504628 434502 419709 434891 427963 499738 423025 454887 458611 491324 458398 481424 499952 484282 448365 460744 446759 449968 474962 423450 480318 460531 461470 453977 438910 474760 457247 468617 486561 463791 490069 448847 448024 406171 453572 458437 460929 445538 433870 473142 472752 471477 466473 494075 432370 459749 484587 458165 452894 462292 454079 486673 456594 466886 475229 445606 501843 469676 495152 484453 451243 471534 446965 485337 461421 432557 484274 477091 452762 435498 464763 454918 525132 443312 484913 454036 465270
455838 457527 458013 444863 439287 423856 432551 433188 468658 392475 430052 435655 476725 427512 440206 420196 422054 460973 472801 453968 441631 456381 398791 458730 426803 452880 445848 444009 454243 473011 467895 401093 425641 472452 454775 426038 470215 468114 424415 470178 432132 434234 450288 478645 436667 452684 449637 472026 461299 482594 467265 405601 391226 420889 451604 435590 463554 429404 465759 436534 426991 451184 432887 468591 472968 448370 450526 451281 431890 478812 454787 444597 394662 400731 409614 407046 446684 437807 454023 411633 467194 461607 447859 438089 422704 452707 438972 459273 441915 445845 452324 470945 409957 443522 446109 463292 450944 449993 461905 478990 485465 437545 457282 462848 463008 444134 467061 449092 504126 461490 404981 428348 461799 412809 434509 466613 464682 399771 480863 463934 411821 425334 409244 482155 410594 421344 433705 432240 472994 442078 434517 432417 463696 459426 451526 472455 460896 419980 467744 441711 437828 453848 402266 433417 468505 429804 449531 427491 446244 433747 469350 482755 448537 474947 446863 438287 393154 433098 439444 454362 420531 444101 448005 447731 448122 482897 464098 435246 415998 469341 430526 473363 433980 453768 460514 450315 433005 452429 433330 465307 444436 464710 456909 428385 429037 426545 451290 475950 426037 450219 430610 446977 448577 474429 451920 490624 450241 448316 437050 440483
446704 483602 440120 489237 460430 426424 437557 436556 465284 418867 452733 459750 474930 434741 427701 445833 440495 475196 483872 456374 438418 448743 411108 445517 433552 461127 461059 452294 463824 495114 465426 418351 442109 473142 451556 418969 465810 439722 403453 438918 410433 443062 443687 483655 421493 450746 458086 464069 516726 470385 439815 418531 424305 430757 450617 479044 461005 439146 475000 441527 441470 443250 440933 470892 447439 461403 448059 480109 432775 467982 453137 435471 424172 451997 438664 418374 461939 455007 444299 428979 461392 450695 430336 443971 422782 494196 447813 480831 454740 433871 456034 505331 443441 448616 433822 481846 446488 428656 476289 478769 489094 461600 473064 426920 446109 455970 439507 449015 505228 454118 411732 445312 433021 428361 460188 453235 436837 396252 464379 483478 438536 455302 415440 488386 414019 451797 439510 426364 470436 418035 453039 460137 469740 466559 460769 477282 493668 417789 439452 453110 417055 474504 423835 438370 470292 432519 480843 445205 461163 442784 480200 472430 471569 457651 457857 459860 408141 443848 448075 465133 438449 458706 464870 456351 461487 460758 474234 439851 438601 463311 445456 449307 437251 448966 464889 428322 454625 451641 427338 491705 431904 470359 449564 443463 438080 409262 467379 476898 422834 467118 442758 447644 429716 448554 436577 509619 448818 470438 457504 442239
471899 474929 474194 474649 469864 439188 476806 493243 498288 447289 476717 455332 494004 471101 471671 466836 478935 493775 482714 490597 520553 492810 439382 476124 463683 471056 468500 468021 469853 525061 491553 430048 495164 499900 472720 452657 494121 475156 448280 480467 453583 461373 490994 509815 449719 486062 469843 503252 518072 506896 495778 426343 412282 465909 469616 500047 496811 470834 476888 498723 470400 487056 433873 501235 479902 468234 469035 478055 455258 503420 487816 439951 439352 459473 443279 436945 431636 476427 517511 469810 521790 491859 470011 476106 451065 457281 447096 487160 463544 450026 500198 518453 427845 447416 492220 508151 466930 486722 490291 512714 504659 470992 512727 479525 463302 466440 492352 503116 519932 485624 450831 451029 437258 465507 499787 457096 472335 407901 502350 495764 448223 439424 451108 508133 428609 461792 455857 485686 515118 473643 468336 495912 520737 495584 488626 517344 473505 454255 505514 450744 446736 479900 444035 478141 477023 476798 497408 448819 482831 458918 473450 496273 504220 500182 476394 472220 430787 483716 455557 491393 438864 465599 480840 475124 496201 502180 493580 459873 489974 492658 472421 496740 477853 449561 478457 492233 458052 501805 459840 489702 463184 496952 485547 471466 457281 432460 488282 501857 450602 496771 485355 483347 458448 472354 477507 522379 441818 483927 456489 470073
510304 514427 483132 519041 479984 461736 494160 498403 519623 471440 492939 474321 508265 471800 495173 466875 480614 512704 511491 525065 513720 490846 458690 486391 484706 501954 501243 477649 522058 529806 523579 454433 503002 508379 506756 456274 510817 509646 461639 488395 456501 469261 493952 546379 482080 514592 487995 539723 527913 500176 500932 431621 443792 480520 507585 511891 526631 491307 516765 485248 506161 492861 459857 507043 497223 500504 489576 515161 460485 534114 476315 470988 456861 480432 474079 476499 488711 493812 493487 465814 524551 499585 469637 494617 456464 508583 509423 478896 467474 492561 492807 498800 445195 478948 488978 520383 491816 467225 495118 506447 528406 482935 527305 509575 488588 490486 495962 497866 539284 485416 464727 458293 478823 491935 513844 490116 470434 431090 495910 505925 488699 471893 475019 534781 479036 476341 489603 485694 518779 478525 489070 472930 514760 483582 487677 502080 499330 474309 505818 469882 459781 516387 453404 503122 512839 471000 498000 481552 493616 472477 525505 509757 517279 515553 496196 459993 439566 483727 501968 491477 488100 479833 494287 506626 498217 498019 512772 461140 493434 494031 501889 499016 498026 495030 502561 489100 495718 495800 483301 518744 492163 502442 496445 496729 470823 478944 514422 547516 472818 509121 475769 482016 463053 511428 490677 572757 491254 505318 490875 485671
533880 537610 503890 520478 499908 511721 516439 522732 552860 478603 507498 478961 541926 513492 516648 494743 515181 531589 566584 552310 525148 532536 471558 548132 484854 516191 500386 510051 524993 558086 526095 486900 547692 559246 509717 514586 529510 522985 512307 562808 472157 512086 521091 576115 491867 521435 522296 562726 568672 554568 514560 470919 482909 509640 544292 556266 556520 519216 541660 525512 519971 532189 504034 528324 563877 539130 511421 539096 509693 539966 526791 510941 504840 499674 494562 499730 505645 531109 545940 501272 529258 535690 515872 480718 497098 529994 506451 537122 487508 511135 535813 554074 471554 527526 505939 553535 537027 523115 530822 562029 548542 530789 576771 524918 505992 502580 535691 540747 548446 518200 476540 495422 509377 497008 531920 511956 540717 480280 527399 553643 483643 499651 489335 564751 479965 497925 501018 501362 555008 501642 512176 514519 565253 517334 542508 560499 526967 489822 546407 505397 491544 534220 478382 522293 545628 511222 553188 492392 526605 499350 543398 542230 524134 548274 528784 517840 483573 502066 514123 499267 509896 500846 533633 537003 535215 531623 550175 510296 491796 545897 518807 530657 503311 517079 535228 523350 531286 540664 508877 555765 523755 541848 525167 509411 527859 479398 554949 536881 499736 532397 501726 516149 496400 523235 518558 596617 493642 514119 472595 504858
445426 465864 455695 467004 447990 438783 452067 461014 479030 430080 471248 448835 479755 456514 449010 455993 457674 490770 488873 463466 458327 482429 436396 460354 441989 466637 453313 437417 455665 503701 491552 438277 473021 486242 446755 431556 493007 486560 429592 460019 442588 449258 451753 512171 436990 478152 442782 487772 489612 461983 465916 414615 416972 436112 458979 465729 475104 437683 487181 469814 465912 483203 444938 489768 458626 455197 464674 466815 440514 495985 476197 445353 438315 465359 435466 424787 457754 469569 480882 443834 462730 464739 474900 456068 423839 466667 443521 459549 439097 465773 465317 500951 428833 433831 470382 498240 456674 442837 474246 499908 478749 434567 494499 459859 469823 455925 482895 493204 531627 450943 431461 447877 452329 427740 470363 451056 488127 421448 470742 482545 446982 454167 441557 493044 426425 447969 431024 438418 483119 438174 461992 439607 484621 472131 476791 528212 480557 408544 463084 447475 456076 470168 433458 449996 483811 445131 486272 452273 429556 455572 465234 472653 464934 464347 469207 461027 405978 474021 458847 459800 427908 469699 471292 461740 472506 475152 470932 435221 456618 468891 468394 455817 469438 461445 454556 465112 426342 482801 479036 487118 477560 478394 450998 447927 445603 428893 477120 479953 443020 492190 443129 444588 435987 460751 447710 510165 443095 469828 443536 444878
525241 513734 510249 514934 478319 500644 507249 506507 526754 467409 490882 523978 551570 484280 510522 490273 503893 540965 551733 522245 526505 542059 469783 519310 488018 540981 488862 493686 523273 537546 541294 479729 513580 547009 512616 490630 535976 506797 494128 520556 474380 515322 513344 559882 487807 524970 497510 560432 573334 542637 521729 469737 478545 497469 534095 533099 531593 499040 530976 512146 526646 537200 490171 559636 525391 529115 520247 521354 494563 540175 525321 506087 490095 509154 479168 473403 531530 516336 526910 495836 556690 533730 482197 495391 508840 527512 517810 529861 512291 518145 533642 552076 494865 502402 524594 546445 500174 512704 527553 570345 540668 521205 560726 538895 524186 524181 529213 525817 572338 518218 460366 523612 496914 495579 506326 512051 524425 482005 529068 554827 507157 500897 477176 571808 471147 508454 512047 490991 560804 505380 529501 500644 564299 553920 535282 556135 518514 482460 526473 516288 478681 524163 480159 505278 537437 514077 544732 491504 522402 510189 536492 568756 523922 544552 529377 507739 462232 497926 516289 506663 482260 496032 524681 510439 534352 544344 539548 498468 516225 542943 512501 522981 525937 500160 536304 524696 523904 490292 499238 541344 516828 541642 522299 501556 524688 484520 548906 526284 499893 545867 490894 524776 497813 498530 513167 553489 510556 543182 509406 499673
464452 464147 469281 462157 458073 475986 475924 452374 493048 421300 470330 467001 476011 460593 465333 471051 453695 475369 496568 487138 483489 480965 430285 474247 469559 500068 428999 455883 510779 512469 513168 446993 491349 490448 471634 449922 481566 478750 470994 480843 440807 465561 472648 516188 465280 478109 459504 523420 499462 481618 476592 398611 438146 461054 474460 475128 495530 471433 495395 470055 458257 497545 443238 496360 475662 512812 470367 487180 455668 514970 472756 461892 447732 457867 449359 445146 445379 477367 486385 477943 489386 500539 452391 460063 445044 449597 464379 474944 439533 477022 470022 505261 419419 461933 451166 497523 460485 488106 467189 520695 507884 446443 499490 480970 478551 461169 493815 473338 528115 494354 456247 451239 437541 461718 490713 482249 480401 427004 479830 481714 480411 425806 470158 525191 444250 465970 445018 463165 496986 480995 443479 447789 519722 482282 491045 508149 478993 439323 478377 461741 461286 486393 436670 488977 486850 489258 477316 444232 476203 476475 479675 491867 489269 481234 486253 444603 412312 469045 468058 494106 457416 452343 467706 475896 486417 476373 490975 466353 465019 478240 494196 481298 481368 474562 471084 470940 470345 490035 441289 507776 467389 487483 455767 435387 482519 446145 491225 497431 451913 480505 461160 467430 442453 485961 462104 550964 472318 492872 439902 459940
446011 439806 437682 433992 448743 419949 455092 462977 472063 435311 476291 444543 464520 442453 438208 440866 436822 464409 457334 454401 475653 470556 411995 472611 445265 457805 423531 444457 465068 485177 476520 390716 466827 484056 448821 438635 441251 432016 419009 471169 420371 442444 468093 473824 450052 459046 454877 492040 485284 456234 471646 404538 430717 454527 468096 480035 475779 436336 466452 449239 448882 446355 415885 480641 455381 463609 431606 462410 431032 463534 449394 428907 423506 450726 428564 432128 433942 458379 448917 436481 472918 470535 442209 442041 448011 467133 443187 453089 441655 417276 454423 492676 425466 425365 465398 491102 437822 432641 468709 479066 474216 429311 499333 438706 451631 442146 437929 438462 479759 429815 419923 427419 421180 458545 447228 428988 451235 417042 457991 459379 437957 419759 421609 506287 415940 413959 438273 440622 483391 439212 457825 448060 479881 457399 461605 473826 467494 410497 432452 440219 405350 492344 425383 435950 447628 433038 487434 422889 467274 439666 456209 449079 448013 464139 422379 429840 432648 449942 428119 465218 414027 430792 447816 440173 464034 455371 480765 433457 439168 441601 433868 438511 453586 424506 490418 459187 433664 461322 426350 462079 442711 449484 449287 427626 459607 407502 473870 479538 440286 466020 433764 424738 435986 442026 428676 482193 432212 452477 424245 447862
491889 488708 480316 509527 484236 440918 471285 492520 510071 441063 470956 469280 491318 474204 465624 472358 473989 493192 502219 486485 501052 485153 445997 491423 465879 504965 477293 458066 486190 532146 499314 458384 492216 491975 487119 453886 481347 487026 465630 499314 448007 475894 472399 509177 474021 488920 488467 512154 503141 488524 477488 437998 426090 462236 477102 507720 505120 460243 499702 480674 482025 471459 454364 484682 482468 496411 497927 499196 463457 511410 461109 465517 433266 455820 469753 454443 474192 501004 492072 435913 501742 484701 464265 461735 478142 480130 485495 465304 455404 449349 491908 491379 447326 470718 468396 495102 493544 477557 482561 495811 490216 468013 507103 476022 492710 464056 489734 495914 513514 474051 463353 458688 434375 442006 452165 483915 487783 426201 502614 496192 464724 476253 474644 517478 450332 468088 458495 474835 502779 465826 491370 479435 500731 466848 483295 500268 501198 457061 500869 462737 446723 506675 449510 481667 498089 478052 487018 466792 483874 456884 502750 499763 495605 502588 500740 434741 451505 462666 471951 485611 469451 453477 511039 496718 517621 477912 515688 466898 484849 487877 466638 489581 462741 458166 475477 472734 475827 475590 467546 493479 492541 505128 479817 467168 483233 444095 500426 497199 459856 498074 468899 457385 473314 482567 470869 549767 464311 487618 459731 494589
502760 509891 503698 501909 494923 476411 505986 496011 528478 468137 505907 499487 498695 478772 485683 487502 485353 522694 542023 526552 517242 521755 468261 531274 496911 522297 479584 498835 517651 554653 522799 472502 516541 520395 507003 465700 510918 497729 473201 523106 478024 499410 489304 536777 491085 498823 492606 564415 540227 515870 506901 459795 474638 489041 510194 510116 517014 492730 500098 504346 508100 508907 458306 521680 504682 527099 498255 502668 490752 550400 534311 493592 484667 460882 478107 456301 490806 512448 520650 498554 518716 512469 494243 476927 475295 521532 478028 492688 478788 503242 509693 537670 458128 492027 488142 538487 504847 486435 506471 550405 529675 495897 532300 508043 499129 513176 519065 503379 534169 504616 498576 483987 465659 484795 515226 491368 532797 451806 521298 521157 505759 487203 467057 533850 466285 489092 486983 460080 535821 482379 509690 471920 534874 521403 519726 537505 519204 463831 529563 482458 466596 520628 467099 499730 502598 496837 503157 456524 513421 501091 543949 517431 515708 513512 506914 463160 447099 482796 481663 521621 485999 480214 516694 520241 526825 511736 514955 493430 481274 516688 505647 504967 503685 493665 514322 483695 513084 528172 500203 522520 509967 532945 489181 507746 506009 455312 514615 507984 488446 513345 485658 480893 480521 510084 483218 569653 501559 503397 467436 513927
504129 486631 492163 496623 475827 493763 485044 463972 517417 457345 508295 465420 481095 494453 499898 475441 483606 519735 538696 510932 512008 497684 449326 487757 489588 505226 486216 493405 502841 545157 511188 443117 512007 508988 507839 484554 482647 518615 461450 510626 465023 477429 495306 515759 485849 504820 478133 535950 548881 521955 498206 435292 440719 481277 485887 498046 497040 485926 515786 507051 500562 509140 486478 527284 512397 505477 466828 517036 492881 516301 506105 480653 472048 477070 475679 484126 479418 502302 507881 466075 523394 499685 501300 483550 455645 489288 477051 484190 483529 480814 488766 542491 459921 479031 476692 497619 483850 506579 500534 549631 536433 503767 520684 504926 495853 486971 493298 492598 549179 503723 464546 479942 465070 483935 495799 500723 499146 475852 495337 522476 481327 476363 475635 513621 452183 472950 502011 477447 528138 472816 486927 494164 550604 514324 506509 504343 510760 480464 508358 479958 477398 529982 446676 525296 525678 484815 522285 489440 463729 484578 511158 503780 494236 516373 491299 468660 453367 502853 497279 495973 493545 497288 500292 486248 507521 495409 498666 475471 492211 517764 482177 501802 498347 488330 502847 490883 496305 495036 477099 545056 517792 499637 485937 493454 492589 479327 515667 513720 454818 510096 469104 484079 472800 486527 478880 556935 470339 518217 479138 480404
506646 509768 484850 492891 474616 495972 492428 484974 523209 468944 491091 480674 515962 491264 490293 469447 482852 495989 515286 508992 517187 511632 466121 490045 498404 506256 500030 459383 520940 544141 515428 452684 523899 518124 490130 465606 504420 501172 508079 536211 445639 482443 508172 538812 472024 506307 500614 536425 531634 515357 515816 442721 430801 476663 506340 502059 515572 480549 504477 513136 490501 502466 469629 505358 502551 505806 477836 521442 479988 518069 514913 476477 478205 468306 471040 468986 499709 497600 523477 491409 512857 521314 508287 479559 464539 493688 506920 502556 487910 485550 505658 554414 467224 491034 478407 510138 479317 486909 504368 536570 526107 494810 514194 497028 496969 490689 518005 498350 517851 515839 465126 471241 469559 469168 495604 501324 509997 446947 514834 513826 485101 469154 460792 544025 455711 488520 469907 474546 531011 488716 498461 483680 558578 493240 494776 516855 508180 467241 510096 480291 472756 507376 476379 496774 500272 504022 513039 461710 486833 449530 526604 516817 509659 518637 466671 487720 431253 493036 514980 503074 477347 475066 511590 503547 498699 506331 522634 489780 488769 516726 508749 504216 512616 468807 514466 528386 516030 499156 466523 527298 490500 502932 497799 476723 493592 460235 527806 523796 480697 516077 492678 482128 482144 520828 485673 548427 488063 485072 463298 494686
483132 483692 492276 520098 480613 470249 499168 503541 524134 471181 480545 462587 523252 511412 480219 484719 457400 495404 510411 511658 535370 489460 450339 511970 487495 509684 478679 482249 498916 539229 528508 483461 509003 517021 470772 476975 504118 504014 461710 520277 472371 493674 482656 540055 468575 495803 505366 535521 530449 500037 491327 439404 461682 471174 517618 510563 524675 495156 510478 497830 503062 510638 463686 533194 515142 509302 483273 491159 461661 527503 487673 454402 477533 502305 448768 465814 487665 493699 520710 481229 506433 520410 471386 474240 480053 513292 501700 513016 494072 484520 494648 520478 464592 479939 496569 535500 486545 483860 519067 533358 520248 481131 552459 503976 484942 491961 489310 508100 550510 489515 449708 474729 471314 485004 496276 483697 480733 464501 519804 536481 476644 476795 464609 538261 460655 471503 491452 474345 518250 471313 480346 479253 529237 495358 503301 514280 505944 459485 501201 493062 456399 527173 460361 522413 478915 509630 498896 481330 478277 496167 491158 514143 495226 514916 491378 464723 449376 497593 498723 503225 480842 491902 499720 500361 521514 517051 523872 476803 506516 525017 486907 508642 524057 471189 504775 482985 488135 517132 479265 536677 489230 504380 518528 468552 506383 460268 524671 515710 462381 485631 474252 470988 475076 497430 475658 548692 476866 507613 479188 487505
512898 518862 497455 510343 514694 486434 509783 511582 521895 464710 500234 499798 535359 494630 520282 488670 486366 523066 531178 523725 557301 518852 459696 526700 487024 530802 474590 499794 505181 560950 527215 486676 498940 545330 498181 508291 518406 538186 458728 522677 483424 498474 506504 568677 486864 482870 500366 539141 545039 512362 531514 442007 466950 492018 517576 526092 520454 487939 540713 505946 512915 510081 494550 542030 527132 500786 506821 519200 492501 534159 513546 488475 492426 481217 479835 476672 471123 504213 509385 480467 511835 504172 473968 507546 498310 500686 499121 510569 480313 500917 507183 543311 477063 482916 521753 534417 527460 524176 521581 545882 533360 495861 544875 488511 494624 481790 520839 513503 559239 502968 479699 462534 480526 493373 487073 518763 510933 471187 526506 515384 477843 495846 506367 555245 457275 504156 492354 507510 506990 491673 493928 501830 520200 511031 522121 550976 519034 470421 503843 497319 488186 539808 467648 496258 516499 486356 546145 503069 515020 490371 514639 518716 497757 535605 522633 488009 464806 508049 511436 505490 496374 504434 498162 503493 505120 508557 519169 458959 514209 541125 486855 527584 511418 491684 496900 519836 501213 521875 496683 545282 502323 538734 501965 489810 507531 496108 544812 537481 479223 512307 486282 489195 476691 523037 510129 596225 500440 504827 482682 515227
484880 499872 498417 478321 477798 451407 469055 504214 516288 460592 481436 475907 515126 474588 494644 463246 492312 526899 517037 508404 501797 500153 446013 523611 487734 503103 496509 467345 502022 556775 517536 458226 466407 503227 507192 459592 503606 522633 455321 517334 459632 485901 490109 553350 475974 499602 455817 527952 522626 507256 524699 457894 466503 458633 478271 511168 480045 456946 507028 482026 498045 499765 472599 501063 489367 511839 481087 506233 479895 510227 498867 486593 466362 461053 448220 470855 470560 496693 496206 445798 510660 503626 488897 479667 472117 496828 474451 492425 490845 495356 484321 527825 460132 493516 467450 502349 476215 492345 504882 520460 514747 477417 501205 496795 494203 467701 506704 490075 538982 471513 463614 459177 475565 451995 486438 512685 498995 437271 518311 503452 463617 477312 466538 531784 448259 468178 477788 484227 520770 453916 469460 454613 524983 486776 500124 507273 498687 477885 487131 479294 453890 522983 471358 494783 503751 497751 512475 457047 496676 482406 518452 495648 496144 488048 486044 475772 441165 472387 475850 478695 462374 456634 511786 496679 495844 471258 505161 427333 477272 502982 481348 486020 480343 481863 489005 473111 492730 488506 478550 501507 477543 483786 502634 466945 475003 457484 491967 511788 455144 513678 459376 488485 469533 495822 485854 535815 490978 491324 456655 485822
468601 468338 481010 473565 447889 478469 474587 486149 521152 442089 465138 465008 504910 462079 492734 451079 457199 504891 511252 497142 493416 478923 424811 503271 461227 475527 464459 465663 484431 543181 502296 442737 454850 510997 463851 484013 483207 481972 457865 513459 462929 485086 480154 526151 479075 479739 453655 545015 517615 483207 493459 423548 455179 451566 484976 497885 493494 475523 486375 494343 485179 484331 481304 498280 490916 484662 465371 475227 488439 497007 498340 453098 440232 451191 454304 453681 469849 459381 508437 444082 498807 494216 472230 446298 444497 482190 460105 464744 480698 460099 488358 508238 429245 466369 470893 506739 471738 476737 501305 545047 499013 467651 507564 476522 451279 481596 505403 498334 527387 468221 450885 449033 445689 465187 465178 486644 465532 453170 477867 492603 443474 456830 447936 496897 428702 454188 454410 463594 517135 461674 470413 452412 517263 483516 496037 513787 486110 457848 498261 457109 457649 503732 460485 467808 485328 481484 493093 452208 491405 467107 499843 488561 479658 500171 460563 471924 440764 474813 467787 469686 462108 459603 491479 481276 482361 503576 506758 453407 464120 502861 472817 494067 475438 456084 462988 494846 471342 505023 468383 512546 467914 496868 490381 459665 483885 447955 482903 505138 457007 471117 454765 485306 464353 480333 447630 525806 476048 461593 441522 494446
482658 487519 484006 480012 489972 473313 480070 495551 524220 451349 485555 432600 504363 486020 479960 458351 472400 500882 516257 507805 476762 493539 432259 516248 460109 479112 491345 488593 494191 528511 523689 436060 499677 523364 491821 467963 519912 497747 466089 517716 434435 467138 497099 535164 488218 503362 471705 529788 529038 506588 469127 442593 434312 465448 501111 499293 475106 498185 511499 485598 476316 502179 447272 503093 495824 505929 483168 503840 484245 521168 492216 487905 451004 465936 466438 445955 492897 481195 512579 469675 520682 500123 486686 471087 466355 497885 470831 481747 462989 473372 480337 506110 451800 470692 481227 514767 474782 464851 492072 515704 498341 489368 528271 483416 481312 505341 499222 468405 533850 481489 458240 483645 457118 473049 488033 472063 465989 440809 502120 506219 458720 442184 456030 516671 457030 469503 478334 474727 518980 449963 483534 466452 516028 499716 492509 513545 494657 475983 493324 468673 457463 500831 443586 479102 493241 488089 513765 460979 484874 473820 537627 484901 494220 514233 476086 469126 450255 470584 471650 474450 484335 481551 489168 481545 504831 497256 513747 466222 466583 508821 469800 510038 491631 473847 489199 480255 482054 512709 462483 524644 486136 507352 512582 496456 461744 476066 518035 524982 465274 510167 474461 462517 474611 488730 493130 552045 470113 491642 478733 478322
483727 487303 490507 511881 482585 449794 492761 473761 518781 467552 519426 471826 508058 477417 503223 487289 485130 496217 521577 507220 526012 505538 433831 496125 485912 507088 484496 479580 490625 544384 533884 437643 505724 516241 484452 468571 519519 491270 458891 512491 465621 487571 500031 530285 490646 487775 468543 535223 518155 504973 510585 439095 434455 463695 499251 504792 501727 481432 507777 481345 490296 509676 480709 521420 520727 506116 476603 511150 469857 527372 500973 484703 481507 473958 461022 437408 468471 472116 497349 476488 498307 531562 483384 477160 462541 501587 487606 494048 487258 495065 495901 541440 458171 473646 478552 527219 463552 503258 507248 523817 522499 489954 524034 500276 486999 485648 496636 481667 533017 520592 459204 464983 457052 494274 487515 490360 495035 462477 490353 517816 452505 473375 445714 509909 450158 472555 478158 477798 520348 469600 487023 488607 526844 511831 491606 527846 512550 429703 507645 463816 460696 514133 459850 499202 508904 488854 522259 480546 479135 487777 511688 513341 504378 519517 485490 495585 437443 492329 510064 502677 468435 507655 489487 493742 497973 497643 507011 464463 466700 513360 483887 516829 510132 488571 475727 483370 488685 519827 488055 525110 506483 520505 511057 506321 475135 458247 528987 513562 468727 496189 471445 476492 466431 509991 488911 559183 481996 500887 496684 485281
488194 504136 480305 498883 470984 491745 506170 494653 534034 460837 519970 482321 507561 480204 487633 493326 489514 509468 530933 513596 520078 526923 464329 501596 502409 539322 468535 467124 502432 552217 540609 480925 501239 505822 505910 501769 508395 521640 487469 536944 452271 468473 515991 541177 477504 499749 464802 560700 545381 534812 510839 432261 465348 491352 500690 532084 498074 495320 519359 507056 481214 528367 480393 511236 498188 523353 492308 513054 483966 542754 532886 514070 471555 471297 474230 487945 493321 505539 520481 483783 518036 539061 496959 492309 462688 503949 489598 510200 472243 501902 504258 547670 483623 500131 494038 533598 495508 483508 535741 539037 538802 503226 545985 508378 491794 498680 514043 516981 539329 517188 469632 484914 481684 489638 493420 503769 524674 457062 518459 507809 495299 459750 479816 553808 475447 497299 489875 490481 540343 471830 507659 483491 554715 505726 520120 542154 521104 469441 528115 514445 472074 522987 480953 493238 525593 506632 520796 488880 497152 481352 524945 507564 513461 510732 496606 487317 459680 489577 489968 510432 497134 476654 527561 496028 503792 503104 546310 483732 486343 523173 530251 489486 511061 504146 513518 512227 513730 515544 490632 518366 488739 523180 507545 489439 493081 448350 520371 531227 474366 527373 489976 495749 472263 510362 507147 541909 506078 490143 476210 492057
484982 451081 463550 477893 486234 470082 484685 494096 521009 468062 482285 471730 490861 448684 471951 466194 483439 481706 504321 482902 491167 501604 436492 490099 462703 486912 476765 460762 471290 526553 502077 447066 503734 501534 458644 467890 493430 481235 446032 509710 426503 459995 490823 505004 481206 479030 475186 528590 504751 512619 479158 430973 433085 477137 500552 512596 498271 475043 490234 471046 469347 478357 462413 502001 477678 497935 476103 506008 453534 488873 500938 492030 459109 447534 452410 434588 461095 481306 507593 472290 480640 499287 472586 485458 456274 475659 478798 495070 470862 471994 484019 519981 450852 458046 473036 516951 476945 468559 498507 500412 513135 492438 530457 487771 482722 482799 495940 490900 529582 475819 435991 460618 458120 460932 475136 478407 497113 442376 500445 493001 463535 482734 439148 522344 441221 455579 453386 492554 498554 469098 491543 467289 511405 501764 507629 504950 505035 435102 493995 449932 454518 504648 452965 489662 500980 475062 511279 443800 481921 464957 492507 504471 483875 523452 471627 449651 420751 471340 491746 504423 469942 456242 499212 472316 490691 506851 521343 468559 469405 481615 485437 476537 496020 482082 508063 498337 485725 502008 471900 494052 466245 493502 517773 492775 464317 457001 512485 506454 472431 514107 455154 486411 463952 494680 468641 551450 476784 500324 454837 460827
508781 501565 488589 510425 492564 454701 483547 502364 516547 460661 490303 485690 513180 468952 509607 482680 498865 519114 533040 531308 507192 493512 451638 495122 502807 491784 493467 471074 513396 540143 518835 479985 490034 524800 500812 462024 510345 522973 473274 521862 477009 491756 494552 537613 473360 522943 487354 532127 575463 517090 518669 449787 454189 492477 496071 502395 500681 498298 525498 500149 494826 502788 485279 539965 486511 511296 494943 512142 508798 538303 530442 478441 474362 499597 470105 459361 484929 513012 523501 487085 505173 511519 483308 481579 460300 508904 493027 496710 475943 499636 545155 535011 465765 484452 497913 524833 494505 511275 517284 534112 509651 514046 526378 515587 493804 482766 513144 505598 553801 505042 455914 470149 474622 495162 502140 506096 522221 454977 521244 535791 479596 505456 486070 536878 458878 476799 484766 462008 540213 485223 516185 514726 532716 502746 524801 524032 516035 469035 513077 482628 480703 499776 462441 526957 514166 512072 508120 476219 507506 493518 534266 525464 516678 506587 502921 490339 453036 500882 486530 480979 482165 474607 520632 519653 504285 502343 511908 471980 506584 522656 490734 516086 497007 488695 508105 491253 486579 504870 475568 561909 518547 498710 521771 504505 502815 460303 492697 503023 480495 523789 465790 491266 488812 500396 508893 547040 482925 528712 477549 490671
479454 473615 497888 496013 471578 461905 471264 494813 495834 442170 469427 467959 517444 460894 465473 469335 456306 515788 490436 491974 483243 493630 435438 497682 462030 491913 447793 454728 495595 500012 479583 458289 467505 506780 454239 456528 484838 493097 450794 517527 458644 486946 484484 518304 447297 472870 464899 508766 509778 501626 486751 443686 451696 462925 494671 491410 511282 480109 495879 500477 472000 494704 458542 511266 483073 493731 479767 509366 458184 508902 482566 468010 442049 470910 458377 440724 470356 494313 493223 471254 483306 496733 463249 471182 453998 472922 475517 496582 458580 480318 474589 506298 451149 465687 476012 497145 482128 493657 473805 530926 487597 468285 512521 487088 489698 448030 504052 476439 502441 476447 441326 460469 464129 473027 459632 493452 471296 444678 513757 483111 476141 452728 450093 504461 445936 471346 444378 475925 488183 469560 490256 461834 517490 470723 495722 500651 518719 442614 490649 487128 460562 522031 434591 466135 474929 483254 498574 467347 497422 449098 502336 514767 501137 513192 477265 458018 450978 463558 500208 474217 462422 458860 474918 485215 472837 472772 496946 465458 470811 484014 489958 499052 489916 464705 481986 490101 464953 493645 456705 515783 467773 502631 497177 465546 483627 452345 488844 493811 443217 500682 461952 468497 464339 493922 470581 526281 491339 506001 470693 498950
473660 469703 453271 472128 465763 427508 470128 445284 481056 432514 476547 470217 482095 438284 443242 456643 443420 481270 472634 450771 466096 497124 435286 462155 485261 494083 451396 445225 476333 502042 490734 419388 462795 486381 453231 440149 478526 462607 457576 464251 430036 452272 469930 490555 471708 483753 467656 520965 514425 492907 474904 405970 423739 448127 465592 501076 473068 461251 472159 475656 466837 480096 432884 491036 467205 477869 440149 482153 449305 505593 475917 445034 441669 437819 419405 456595 462736 468673 481910 451132 490158 474133 452731 442845 431365 469350 443862 447427 455973 492440 476215 478682 439008 459939 451093 484480 446132 460454 469466 509423 485540 454493 488962 482173 480383 477372 489253 454428 527011 481710 432529 456034 429321 453231 459428 462541 464528 420373 489530 480931 454881 426764 422068 478933 433214 463109 471755 440930 502237 453781 442620 451887 484933 462849 467338 499465 490294 420689 485417 446134 445980 501807 434942 464786 487319 455515 472041 459425 476597 440409 475967 498077 483293 491324 480050 432972 436756 463799 474618 479583 443965 465849 473938 468796 486841 460981 490844 444454 449176 470333 453665 475242 484814 444157 477933 480018 455853 474085 451244 487243 476991 487872 480194 468543 466561 425347 514163 483077 454829 478295 470395 457177 446538 458454 457287 532669 463293 489620 453659 466629
475239 496172 473397 486639 475843 471537 456082 463942 519501 440779 480891 461382 517688 470739 482177 461361 479721 491892 524590 518028 515590 482626 449703 481018 494567 499678 484174 472448 501489 523475 488545 445842 488735 505192 485336 454209 491714 499549 469496 491579 446628 483391 488771 525403 498650 479030 484560 532940 510392 505636 482263 432530 443784 466101 503067 502493 494568 483399 503182 474067 483704 516339 453924 509743 496475 522885 481010 502934 449466 519381 493810 472891 470062 465635 453047 469057 491228 484726 499443 469415 501849 515985 470127 468418 461204 483587 488628 480280 467004 479676 481232 508490 454925 485004 445614 505289 487377 482928 486967 513725 517027 482338 516305 497442 493393 489530 497576 470119 517551 492780 443304 466816 475824 481096 489088 487841 474330 431235 496845 525887 471121 462608 448307 513150 455104 470586 462945 460431 514720 461931 476926 464168 515038 484180 478493 516320 500076 447167 497545 465354 463703 514814 457903 469103 493025 472284 503646 480469 469090 459249 508051 501108 506377 501898 491944 470599 421408 481449 488390 479115 460297 481847 476643 490331 490544 496103 511238 467180 474059 513801 486155 510251 491098 464870 500688 480893 481508 486270 457307 520748 501512 482673 505389 474708 475486 471572 498651 518361 458433 507019 471636 478075 473122 492725 478715 561196 488440 488614 472820 458224
510865 504898 479185 503570 483055 474941 470629 492534 497798 478502 475939 449377 513911 489736 499130 482148 486291 520461 515752 512756 484935 515144 441196 487626 491358 500960 500310 490253 501922 514959 518772 440552 498315 513012 485565 481575 504447 514404 463884 511970 468539 493041 467676 532808 486693 488535 491380 533409 522851 502452 520208 446339 454081 500208 480383 515132 526718 492499 487538 501957 473579 494337 486944 516670 510276 531804 502748 499956 471792 501528 536867 481704 489195 440019 475191 440104 470838 492923 491152 476646 510727 510175 479289 474937 462356 488566 488556 509042 476069 473401 490154 531767 458080 457025 492236 520120 505215 484166 508452 545121 524010 458187 518755 495594 490604 506437 504051 494267 540324 491163 460841 462999 462837 488461 483197 468642 502782 452462 515551 509563 486187 477966 468092 536891 459146 449027 475387 472299 529806 469070 502317 479494 519481 506669 518384 512991 505482 447121 515158 479898 484432 493224 461699 501377 503932 479100 542576 478558 483615 474186 504330 529505 505587 504228 492316 489125 448383 478120 474639 468601 495855 479566 526540 504619 492834 515847 504509 472833 500772 509756 498756 501595 498391 477559 507328 509617 502014 505108 489008 500891 476232 510161 490281 468441 509576 477594 520918 522325 468573 518767 478955 473863 461676 501098 484937 568501 473447 502056 451184 490778
532226 540324 523373 528398 519066 513309 535612 530624 571392 484502 525381 537387 546306 525027 528374 517177 548321 556182 564108 551465 539439 540473 478134 535019 514673 542686 506722 521487 520547 576532 578464 490687 524801 568883 535321 528085 529446 526313 512931 557085 502208 525435 537452 569382 511429 530722 539070 568772 583541 556459 543198 468191 485911 515773 570255 560404 530263 538930 546132 506931 530642 575295 509588 544014 542168 553319 533115 541972 516305 561295 519694 544239 488805 511153 502460 477759 527223 551508 553347 508926 537827 569600 505612 506935 495239 532719 516350 557028 542641 513946 547599 579347 481147 529591 528818 558733 527348 534141 554395 573616 556654 545366 590085 532350 550402 523732 539809 544724 560280 519246 491003 523311 515313 513322 509571 530401 557929 482151 566501 554946 514921 509580 515980 563837 495115 520907 503265 514879 546371 523111 547967 517312 573760 556511 531162 570689 561524 500953 549700 493972 506617 555144 488281 522359 569636 524823 579341 497606 541564 511616 532859 561768 523010 565929 536245 515755 493449 518694 524577 540630 515970 510254 553192 552618 558738 541551 567265 525192 520466 533554 527931 541937 531924 536999 541621 543566 545121 548856 533507 554127 537125 554885 538018 523592 516586 500442 564452 563578 504294 560387 517488 542084 526906 538602 523333 598243 521222 534312 526831 535204
501944 506340 507529 487608 484459 498948 483476 489940 521100 484618 516081 482902 514239 478276 496461 475181 509857 518758 535019 526972 519296 498595 456588 512929 503090 516220 480486 473409 517979 541233 534250 452080 514216 524891 492089 462554 522841 523325 483634 536433 471796 502492 501965 530143 471676 500693 497584 546263 530583 536582 532281 450199 477443 473052 519485 520194 516032 482151 514883 516298 498588 494464 471460 524930 493087 526732 484772 530953 498286 519274 517346 507818 495977 473773 464670 476240 484670 527201 518565 479571 504031 511673 481961 473868 457917 500069 484074 500873 502157 491161 496868 512388 460366 494219 491943 513091 482178 475798 516804 537723 536050 479128 544863 512987 498851 493377 504920 497399 550527 490623 454751 483551 482925 495513 485563 507560 514109 468953 506704 524289 496514 480428 485756 524590 460900 481534 487972 477579 532043 474981 520706 495795 534769 501961 519901 530783 518887 467208 501983 507716 480533 502934 466333 484129 532114 491883 521221 469755 503350 482084 520552 507834 514960 526094 502150 495579 452492 507789 498794 494825 488103 485353 500339 501819 494699 529266 534858 462099 502840 512358 492568 482741 502067 485794 509148 492637 503056 512608 464433 527011 497965 505426 509377 494868 506373 441232 514610 538865 462399 527660 463318 482240 484943 513735 503716 557044 505496 517727 474574 492908
494759 497370 522248 512083 468644 481031 496561 500449 526639 439346 512028 496043 521185 497812 478437 482629 484014 495994 522550 541781 516049 514835 458507 500183 504231 512191 470953 505927 513745 541344 517542 478145 495122 498130 526212 482311 508377 506415 464482 513080 462121 472119 496094 533839 470286 519213 483797 539467 545280 510926 511740 431858 453923 478553 510147 501359 508239 473102 527114 489854 498105 527913 480427 527871 501584 513783 498279 532644 487095 535545 537456 490375 476389 472772 477113 477971 483982 502004 513253 513602 521409 535916 487119 480044 497335 501036 469988 479177 481603 486611 496901 530363 441474 484081 478600 510474 485540 499247 519182 531784 518670 484632 528093 513487 481997 474558 488825 502049 534328 509755 467316 488220 474247 474738 499661 493499 500349 425670 501630 489301 464566 460756 458320 526406 474692 462136 470081 501815 547488 471667 479490 496905 526911 502299 528674 526815 506924 464727 516214 473026 473380 517362 474396 508345 506284 528830 500149 462334 481317 481141 519093 524547 521503 524119 494203 493977 444543 478475 476728 517290 464661 493009 473193 493279 504882 527150 521058 475959 488950 506763 498554 490510 502681 481535 486151 488221 494733 515499 477779 537734 490966 520026 499216 487213 510582 446511 520119 512220 466077 502283 484346 489768 496790 508748 501389 552983 493880 487830 469443 496805
437914 431435 446567 438373 439620 424451 444735 461846 455944 417665 445211 412626 480973 440906 447430 458888 456483 472749 499162 476230 463207 479394 411292 476331 433635 460560 417653 420074 462922 480716 477853 431082 473965 457999 465968 441167 469559 458071 430055 482919 411683 449466 453164 474834 428940 465638 447518 496383 490319 471265 453323 421007 423396 425543 468419 479440 484945 460038 474666 467156 449587 480611 400842 497925 468707 456792 439942 455581 451158 467983 466514 459884 429796 455907 431937 399138 450996 446064 483666 456966 480905 473917 445585 443271 448605 450288 448431 470475 425813 451629 467692 496653 436560 444473 477104 478787 431033 460733 450282 485875 479470 426709 491008 459317 466086 458778 472668 467515 500018 455678 412978 444191 440764 451585 462855 448235 466253 414433 476751 473521 449502 420194 423961 500766 431975 439560 427255 439148 497180 450275 462142 425928 481038 467689 475443 491556 431800 443105 465245 442458 446899 467989 415928 455859 445015 476232 488092 415701 472994 418120 492441 464096 476007 480805 440910 440408 430440 448481 433853 449709 442152 431612 459032 445979 477074 457672 477430 457879 435292 469017 463874 437519 446582 437936 442876 452131 460970 452526 421046 484161 445456 475192 475442 440725 464133 409512 481981 470584 419957 481720 453316 439721 451424 454083 477571 497505 422432 466814 437016 450839
496286 474222 474805 481362 474048 490833 467602 479424 488497 451038 495941 487903 500711 462949 477648 458595 463073 504883 509217 492595 509611 482830 460891 487384 470476 494075 460362 483338 484454 551027 509657 440112 500900 512029 478120 469317 489346 497379 460825 508515 456531 469654 497828 524272 472221 492432 446258 529428 512998 492737 482495 443030 448317 471664 496780 490195 495648 472101 493148 498672 484846 476285 470535 508215 484584 503342 456831 517636 474405 510767 503539 486775 450183 470680 460095 447464 467343 485030 495905 463614 491328 502582 469672 484602 449061 493966 477312 485176 450915 480170 459318 513261 464532 491784 499858 496148 459399 490290 498864 532847 514792 489020 518110 491947 475116 461422 486624 474841 538504 485790 452103 469989 462551 479488 482126 473453 480124 440091 482344 509326 462598 472938 469197 516361 449299 457408 447978 477773 519975 461368 491950 461328 516512 477491 483926 499889 485910 448850 497344 487277 448391 505471 456752 479285 502254 479106 493873 465653 479033 481043 517536 486586 487863 494424 459752 479365 423331 473550 485218 473842 453856 439485 471252 470480 473414 501863 502787 440437 492643 502879 495344 479430 487347 469066 488598 467339 491269 490366 468169 519287 466099 503774 492242 471185 468985 455349 494467 507546 451225 482689 457342 474688 450544 478189 488108 557479 471648 519531 478310 479514
481460 483080 500734 484878 460512 463277 466415 466770 488788 469795 465751 456928 494338 456189 456301 440987 444004 475301 508484 483672 488291 494857 444741 483878 456726 490709 477556 451232 484093 507594 487665 427039 471365 488655 474217 438375 489184 478806 461859 499174 443856 455189 445377 509871 464258 466213 464298 520938 506844 492132 488640 440195 438789 470469 463449 466203 491159 457224 498773 492550 453497 476083 461941 463456 472460 485818 467919 498500 445972 507527 484019 445245 442552 424709 453300 444713 455558 489259 472118 440913 492445 476957 482784 477924 444683 463350 482741 460627 443476 442229 475823 498209 444072 467396 462291 499695 484318 467221 455806 519161 481685 452979 499984 469878 492861 470534 490447 476469 491456 489704 433041 426813 444039 456368 454726 500629 489898 433419 505384 472091 469491 461036 443250 497395 453725 458589 439879 456553 506152 459460 481129 466565 514823 461841 484082 473056 487948 440883 483891 456500 431814 485699 447936 461387 491403 455381 495614 463317 461289 458488 500894 500824 467849 482735 481119 458910 431139 468821 480481 473708 444682 467779 497516 493298 484140 492824 491203 431741 471721 480490 466556 484648 489022 444376 474068 483589 460939 492770 454498 497679 487099 515968 488211 467639 473771 436560 504207 496926 465545 504500 455597 454159 442780 494236 456414 539640 457683 487876 447925 475242
489204 515362 472374 503706 497510 474983 484733 499658 520940 456773 518939 470465 523186 501491 497932 498371 498199 529676 508182 550410 520918 511393 456886 504453 496638 508672 496405 500180 495148 540357 543352 459574 524873 535200 493160 470671 515255 512202 474113 526958 463534 506170 513053 556021 496426 519833 510800 532242 532941 523415 507289 469371 457020 503098 511100 529924 486144 496102 528047 503342 493625 529857 473247 521854 492544 529089 499010 533551 473030 536573 524757 491118 468681 478168 476026 494791 494039 501265 524261 481585 519684 519281 485782 485909 472657 505624 512866 490144 484503 493965 514687 520583 474342 490911 468578 541275 501300 500048 513986 526804 525449 479525 547512 492248 480343 514364 511891 509675 549223 489164 474360 492505 464096 491141 507618 486588 501552 464505 502921 547529 481191 474118 479809 524981 454404 489640 487315 490090 542552 489546 489431 483217 545501 495842 526448 531090 517531 460980 515947 498179 471157 538549 485494 487991 521174 501254 525255 473922 493968 495154 513102 497512 493238 513469 489249 503365 459860 486912 491166 506269 500452 480989 496213 504737 512438 504507 533870 486061 484926 522451 510004 517696 508828 496993 515980 490070 507609 507878 484962 524571 489291 525871 494001 513697 495216 486730 544260 518074 471353 518366 486476 491357 496133 501205 500465 568466 494968 540969 466734 504924
475968 456119 476701 480338 476581 455356 470338 470825 500525 427796 486086 450608 512122 475077 472617 435060 439898 482763 495147 481637 480077 485066 438726 492436 465783 478763 450290 462472 501252 523065 489176 445400 496347 510668 456991 447338 470074 469484 453308 497272 452292 476687 446879 518807 446755 476307 466874 508474 509334 483892 474157 429771 420038 468502 497452 496757 495441 476450 481651 468320 490212 484031 431695 490145 484441 470976 492137 504353 451639 501980 493269 451448 464253 463251 448561 436457 498999 468239 492578 456083 504980 470860 463900 457757 452521 467234 454710 500326 460870 470645 477413 517116 428647 448047 449869 497743 489641 466754 478568 504860 486926 467955 485772 469963 460562 473704 487380 475984 516270 490709 443361 414949 455176 451976 466114 491959 476212 434512 486154 485829 442322 448763 435991 505398 455555 464011 437378 462921 520723 452652 466153 469071 514839 469138 501424 503864 491404 436265 486240 458450 455660 491538 435868 473529 482312 452582 497795 454972 466694 453600 492608 490115 463817 495202 467474 440367 437542 436958 470269 456458 476628 458080 485273 467874 493498 469288 512663 472835 450117 492443 474333 476359 474057 448631 486455 488491 467045 485960 444485 488942 483157 513152 479503 469406 490198 467222 516424 498753 447571 506640 472807 488290 458863 479094 486334 542621 450590 458784 453183 467744
476318 470956 487924 491526 472331 449640 479735 476006 505024 462749 478867 448197 501019 469185 492492 454442 472239 495268 505578 496920 496093 483091 447163 492383 477115 477397 473546 454437 498714 511965 515944 459899 488249 491745 503184 454099 493139 494139 450390 499858 470516 456980 480327 501758 468189 482349 469841 541141 506220 492601 496084 435424 423132 445826 496296 479102 477887 491931 498954 496317 490349 497185 462426 524022 502422 502902 477061 480806 476812 519370 503581 455836 452508 458451 460678 441542 480036 489085 509640 495561 513074 505813 481073 476206 465556 501664 455922 502063 488639 465675 474005 532343 441973 480150 469662 515943 450814 468851 475513 518646 515556 480147 513905 475934 483708 470147 489269 499818 505211 477145 430498 460243 448757 454999 475303 492543 483663 434607 513321 508888 470645 447094 433568 516742 441823 452529 450840 452456 513324 457390 466631 455001 537528 474578 500284 498386 497264 450060 493084 460840 432236 484653 440301 473932 501423 485609 509075 456592 486518 465103 493284 520645 485877 513817 467969 475719 445993 461353 473012 478094 464085 484660 479975 482985 501584 491710 509329 459702 487304 503988 479774 490284 500771 462340 473930 473143 488809 510184 465817 527826 466529 489691 481581 444960 475993 452905 507807 494319 443695 499270 459301 469788 461276 488869 480411 535372 472797 492767 467452 452372
464050 470126 455536 470048 468282 446453 469616 465323 495582 442430 477323 467638 471622 470361 460902 471890 475672 495100 500432 519001 483157 475771 419653 477720 475348 492192 469182 463415 462033 507579 501040 438599 473564 485542 467551 444652 468814 492055 459059 487078 442980 472183 453948 497538 465549 473465 468361 511179 493749 482729 512904 428819 426981 470948 486960 489885 488550 456144 499950 471799 466618 470951 443170 486427 491150 485630 446806 488676 448364 475959 485459 467430 456615 466993 450125 442663 489712 491991 488430 473789 497238 501903 466197 466319 454921 462568 443836 486059 463630 459082 478459 487905 422747 446853 465176 513427 453445 457952 478459 506235 500757 469247 505620 501222 471976 482829 473591 466782 511649 469460 436416 439146 442509 464939 467786 457701 470081 413520 470730 511014 451296 455187 441503 491732 427335 430725 441718 452987 511330 469017 461042 475234 481016 487550 479285 491616 470867 424316 487824 449111 444647 486199 435416 469449 466609 463258 489071 442833 459778 450993 473360 499020 477180 511612 467249 453092 424576 466753 477429 473411 469046 466659 470698 479886 494180 479468 483336 422438 468815 499428 454559 461968 459616 450077 467669 496525 487361 472493 456175 496803 471486 471059 463233 445936 483623 411764 484218 498911 455687 469756 456901 487919 459559 464058 470598 527413 465673 477023 445636 452889
464341 444598 458528 470702 427973 410188 444477 454870 485078 429069 442849 442330 458538 430800 443411 429174 434937 469064 474815 484015 475809 468682 387799 466151 455607 464635 450873 447765 455485 478456 482622 419684 479452 483215 442042 428142 438471 472922 445351 461830 413696 461377 433925 475794 455763 446407 441627 480947 492381 468720 464923 415819 405662 451803 459220 453758 436634 446935 467513 462986 451052 478276 429099 476021 463512 470043 447154 472766 465150 482763 463454 433171 424916 439518 435362 406101 447657 442996 477698 426375 452816 476388 447585 439720 418686 461614 465186 470005 417977 434581 455534 473031 415465 424032 437345 490473 448902 446716 476371 479462 471354 441071 501226 474620 442392 451143 459189 453693 495036 454339 413898 431691 401108 441929 457968 461094 452980 405300 461641 492198 431038 414281 416686 464302 453316 427776 424008 451036 513694 455192 460265 449958 473865 466740 470710 473007 454304 392899 458709 436381 433390 446474 425118 439351 468602 457327 467136 438519 437520 413805 476060 484153 472687 470792 461244 428983 421419 430127 458594 437577 441161 440728 453752 453172 467202 461332 459577 443704 453149 466735 449356 458696 463426 429816 451548 452271 452726 446987 431895 475874 451321 470882 458982 460112 464697 417164 470526 445799 430694 482312 453080 446494 423339 484731 466407 501244 448254 479410 441446 438936
490113 481452 463321 477719 477167 471195 474692 459308 503796 432443 483946 449708 484737 469719 464632 471246 462754 503171 501565 502655 501383 491731 451321 480136 473487 499930 457694 475159 489735 507657 497887 432322 512227 518748 479292 475472 482576 471394 437257 485914 441398 455697 472548 531968 474728 484687 480962 542119 524972 482059 470686 433702 456256 468418 492977 488552 486702 477874 484891 491833 496816 495113 451501 494370 466617 502631 461551 500617 468239 512908 493137 444041 461669 452154 471056 478942 490611 485036 505500 464907 492958 489936 482262 454467 447397 477179 474838 462995 482310 463173 501141 509607 432336 475969 479899 515496 466144 465780 479730 522466 499952 471663 511467 475990 471158 485998 476713 487743 541772 477362 444951 455297 461052 452712 474709 481793 495605 438201 505228 494558 472488 445049 460051 521532 439643 464790 464438 462464 502004 464134 484229 461328 519884 483232 485778 509048 482761 467226 480899 455919 461480 496183 425622 491411 498380 476622 494900 465370 468479 484348 499143 480691 488867 500715 473253 469789 443796 473136 493220 480517 464589 468194 488121 488097 485628 485573 503478 466320 491702 480194 486245 478555 498089 461425 507519 469766 479238 481709 485944 512696 479305 506247 482506 474605 475616 458117 510197 503823 465422 500576 467125 477628 466965 458664 461841 541816 477627 511072 460622 484017
544621 537311 541172 547696 529366 529215 527453 549212 567520 498029 532326 527975 589330 536001 552396 531352 540809 550366 576133 578997 578839 545940 485076 539602 531665 578751 514877 521825 533048 591836 588606 523360 549689 583694 528789 517508 532774 556870 536747 563136 505782 544132 540777 585862 526674 548934 560658 602525 588683 565391 557799 487032 513589 545348 564798 581609 566662 561510 582467 554052 541647 548211 514064 567557 557905 557162 545578 546416 538943 579062 550395 534008 530971 500992 521230 515784 518480 538821 566479 528270 558213 574577 534724 548023 538889 547422 549987 562520 552828 539268 559895 577813 525270 533394 545846 583514 558225 541210 548433 563714 586985 540476 578429 560003 544063 523020 539317 545145 588077 526926 517571 539697 512221 558319 554721 548304 541623 504336 544883 559123 517315 530335 495885 591240 482271 533685 494876 538158 563252 538555 544277 532739 571919 531070 561804 578498 558069 507112 563288 555222 516998 557522 512850 552759 555791 543133 589317 518730 551842 529143 554925 548561 564926 563899 537460 558906 494713 534415 540962 553326 551639 538291 531446 548625 565837 561032 574606 553332 539758 564694 541724 558740 532547 530819 538957 549171 554873 552683 537502 580924 560763 552275 546675 529515 542058 516537 579080 579418 518891 549029 524010 516261 525912 554993 547950 626812 542574 562300 526147 548092
455313 487991 475447 452352 451458 447080 458871 467974 484853 438150 469478 438329 460725 431537 451183 452415 459631 490611 502590 489452 491112 482127 448467 471815 452407 503987 454429 463269 491504 503896 486054 444189 457864 469696 487424 429331 470647 461266 455538 463690 428985 461107 449448 490322 467962 455207 467841 503001 484256 480221 474099 415582 444225 450648 437432 473604 468806 463731 447384 468513 473516 478360 453588 497386 465598 500311 458992 461777 442277 493143 504849 443953 451047 431393 447213 451408 462030 467146 488467 454144 508688 490429 486206 468932 431667 494882 463666 467732 452271 478831 476616 509487 440253 453426 446899 510282 461935 458816 473882 501574 479824 452517 481309 480792 475908 460053 471491 465123 506986 480317 429322 438430 461874 460821 482920 482355 475128 416069 496065 473821 470458 440621 451197 518837 432551 473677 446041 437772 480430 451468 458750 466417 482193 457121 476219 486777 483054 441867 460253 458342 433203 484427 429161 478526 480825 476019 462019 440283 471473 459304 499517 508302 491599 458938 454196 458866 423226 460947 469648 476149 468020 472407 497952 474016 481385 464006 472230 465824 455683 483793 466276 460240 438382 449478 498499 452670 478238 481010 463021 513873 465821 479711 472779 462488 473902 419492 460356 476673 444512 485403 447719 466865 459319 473587 462458 534162 476499 471165 466577 441193
492090 516143 494759 524248 486620 482147 484377 512964 532932 491232 506899 500296 521823 489265 496769 500654 506679 525562 517154 529944 526495 525844 444026 526118 501425 523648 506261 508893 511217 533109 546262 475603 510900 542895 490364 505230 525151 515439 489942 530540 480363 491603 509141 558674 483882 520762 482288 554551 528891 535627 527883 448394 466420 488858 522867 520508 515753 491125 528000 499226 491661 531949 484256 524629 506737 518099 486131 532485 489699 546294 513980 497209 457522 495249 459800 448561 509081 493958 506438 503251 520543 515341 492345 489578 479444 518252 498884 504080 487492 498537 501330 514436 445121 493897 505453 533567 493635 521560 520659 553371 520330 495150 561967 513130 495681 509036 514786 507297 550856 521332 473753 475452 482604 488974 500848 487519 523640 458113 533480 524254 465288 465306 472250 522306 463094 468186 494581 483660 531084 477487 498726 484007 521285 519812 495689 551398 524374 470897 519467 475115 475339 549294 485945 500779 505844 497177 501444 466714 504662 474930 516643 509592 493738 533184 494521 468324 469470 503137 505280 510683 479088 492447 503747 516829 519583 494725 541395 490973 463204 524096 503712 514609 509594 494406 500122 491130 512763 510792 492088 549872 502283 537014 522880 492934 472757 480944 542635 514140 486033 518384 502270 508858 487727 515514 487129 573002 507720 506417 489508 512006
501899 513422 505814 532688 487980 502119 494894 523370 539874 468677 485950 507076 515160 506415 503580 492151 487467 537624 540607 531226 518627 516666 458489 518228 476195 531153 485803 502995 519150 571445 548447 487476 530920 519828 501352 481252 527410 522534 479478 523113 464316 489646 501117 552080 504096 514624 510983 564764 542794 522524 499325 469616 475471 484762 525562 526461 490202 499133 545266 515533 505171 531531 509001 518226 523748 534661 506827 540385 492660 523123 531688 491758 505870 489068 494207 476291 506632 521415 515657 498156 537425 532620 489656 505027 493845 524796 514885 525856 498425 501370 518085 562867 465233 497304 507032 538903 516858 514229 532376 560472 550354 524812 555727 536110 510137 511443 533420 531600 565555 519256 472037 520183 481734 498263 516188 504604 510901 469411 533175 540431 498533 495652 498943 572665 480576 504617 514499 507282 552056 494545 511870 495852 539473 516979 512537 523854 527900 455053 527159 505954 489142 526293 459070 519541 522786 528359 517780 502649 528123 503491 542744 525750 538829 529904 521088 486506 447063 484108 540454 524548 498535 485293 518575 518182 540317 532673 541616 473236 502287 537394 491383 533975 511375 503032 500349 509851 528084 513056 506789 541802 499755 539835 545372 524242 510494 466792 506513 523203 482399 535669 476737 524441 488865 520441 499618 553440 508897 543695 494909 517717
479376 482178 464666 472687 436980 453790 445564 500958 494057 439328 452909 458975 484820 469533 488807 456876 461581 496336 506832 489611 480214 477896 419215 473062 449264 473226 462963 471697 468027 534282 497250 434569 477037 508965 487105 470870 464143 495708 460883 487338 457828 477454 477638 511533 454191 486526 470708 523059 522625 482202 485069 422624 443353 463590 470055 479966 459382 484462 476413 457742 459043 518513 454942 492536 471837 469689 456355 482940 466800 500438 486677 441909 435607 450398 447388 438162 465427 466287 473921 436154 481992 510689 449460 434574 463484 467720 478055 488088 479042 454058 475459 522099 434722 454623 461292 509746 476703 501072 491024 506136 490451 475118 511755 487307 478549 461697 488503 462000 512766 471673 444768 474745 452636 453944 461419 456001 482351 427481 500960 471929 436867 472651 452558 497300 425239 460032 459302 453602 479467 454174 458953 447906 507182 468590 480613 500539 491650 438287 463518 444983 450760 514904 436383 462161 468300 476612 498496 438874 480001 473961 483907 473416 473779 481772 457981 473433 418430 469266 458766 472059 451133 448036 481097 502671 487810 472475 464244 461230 454253 476478 466207 493674 472774 457181 467212 470111 461221 463854 456831 504589 469121 492723 474650 458807 474681 459596 483544 488117 457460 490269 457278 455998 471548 468488 451504 534072 455650 482130 443064 477120
491153 484065 474885 497222 469544 469846 461518 473235 530310 453586 457491 458987 502191 471359 473275 475010 459718 503949 510020 514408 502479 485348 406522 487419 463937 499123 475181 466824 496326 520556 508355 443299 499016 497071 481897 455009 498938 499703 441881 488538 440531 502940 476170 522989 451352 490667 459706 535039 520720 500202 490264 437773 447059 475474 509915 493236 494475 463878 501740 484285 476859 516788 472003 492803 476984 508298 489583 509586 457051 521476 493840 474966 441313 454778 498531 448291 471793 473906 488122 458741 497118 506402 461195 468189 456440 495689 483524 471805 466908 458138 470761 497269 449795 448278 472767 518964 481670 500268 497097 523600 515891 466816 526471 487371 487356 491883 489719 511254 515185 472757 448004 462096 443395 469083 487656 469489 480371 445107 495493 493804 452489 454328 465836 524472 470299 457319 475996 479260 508649 462719 483436 478621 512301 480453 504139 525277 490096 429486 476893 468856 440169 503748 449727 471989 497226 500432 499588 451314 487012 448683 495530 501355 496229 524173 482194 466021 438585 476890 505865 487307 470704 479216 475232 477480 480797 465604 514600 472572 471970 482741 473157 490256 491655 484065 478088 481988 477582 500623 464255 533217 503419 509019 495273 472999 470260 459551 490212 475310 432071 520818 465796 466435 449338 484989 454874 521265 477619 511407 473275 471170
511487 474919 481570 501515 492838 499506 489399 490704 505075 450563 485173 456854 508602 488121 492422 473293 484313 521333 529291 510146 510632 490203 446405 500408 476435 488666 488227 476512 487229 545358 507030 454323 506169 503408 503454 503214 489241 507249 435676 527138 462967 496629 495448 531055 474747 492652 485622 549993 535219 495386 491603 464475 474210 497357 504374 510341 509421 465278 512579 500378 489292 480604 474515 521574 494175 496746 488564 516897 471698 523665 512006 472900 490130 454237 462769 456523 492258 497460 507027 481578 521217 497918 482380 472260 492496 486896 477127 494698 467594 502420 485926 524193 446461 479067 481278 535275 483753 491535 487398 530157 516316 471707 529020 486119 475606 508240 503170 503372 534260 484585 454279 464917 498886 453167 484684 480825 482724 434962 515053 483930 451770 459404 477657 531695 464355 472870 460270 510550 523600 470455 498864 473547 509483 476394 531199 511969 494363 477943 514876 481676 469712 516667 434674 492395 495108 485246 529047 455387 482958 479299 516350 517431 479857 507923 483117 481957 460122 493114 499402 491848 491194 481570 488493 484299 526459 497973 514203 457825 493823 500624 506003 492039 492626 477294 479221 479989 507638 513569 501706 513863 498728 520787 512892 480607 499708 470066 516025 513116 460202 489167 469039 485864 493584 495422 509329 560800 474992 523219 471925 491102
511180 510616 514606 482123 489337 487006 505244 505176 528332 483746 511777 479374 522141 501882 517027 483014 511475 534978 520518 531360 535636 515068 471087 503440 502597 518792 502476 484099 507165 552246 550916 470500 521685 536986 509914 475296 527780 526994 495537 509173 491680 484113 510881 530522 491470 536608 518882 544497 539217 528786 508949 442058 439271 475790 493672 532554 518533 500220 505877 510544 506566 506091 456780 522445 520275 523680 516226 508505 489198 554281 500889 478803 473633 474127 472614 482394 499621 528153 535022 486069 542350 516130 522323 508425 472053 498284 495179 539209 499227 493596 511573 528089 469208 489656 506808 528394 501082 490304 500514 530582 539693 509087 537199 540777 514194 498911 511257 523019 537659 504056 488293 503159 488813 505318 489503 503211 514392 447111 522532 531040 504236 455137 478759 548124 446125 495555 489387 477483 543749 501109 507318 500080 541194 496959 499210 515286 500704 474748 530266 498554 457543 515146 471628 517297 535559 496436 551750 479444 497993 486505 504290 535814 505801 534860 506182 509740 452647 490167 507125 510295 493090 487081 498135 517572 517140 521090 536494 487732 506740 512948 512952 504097 523592 484766 513795 525170 505569 503591 481646 518294 503305 526974 488831 501274 507710 469507 539410 518987 490971 516689 483462 494678 504558 505797 499391 566677 485460 527975 490175 517411
477480 507849 475747 484723 500367 459383 471712 477417 513849 454887 489500 467916 494571 467623 483652 480708 475761 528547 514162 511084 490636 484595 453679 490909 470517 521024 460780 493008 502750 545766 513839 463507 507930 510929 483116 486956 490334 506106 455638 525899 447952 498695 493247 518747 469739 504203 495867 518089 509233 507038 480544 434954 442907 466195 484882 524270 495799 497346 507276 475253 498829 499605 469196 508938 504968 503969 480417 506461 479644 509098 501397 484043 479226 462039 483825 473121 498813 479246 509053 467708 485813 503859 488507 465998 470937 500046 473760 484446 469253 475951 509300 532380 451766 478937 493306 498329 484817 509093 477653 511954 506603 483359 525253 486016 492114 465452 508751 507727 514248 483847 471871 466228 469659 493639 479801 467464 489544 443980 510552 504664 474786 460169 474969 544274 451535 474702 472713 493096 516022 461640 476184 469156 518694 488364 507615 523977 515728 472923 508806 435858 471335 522204 443059 509264 493356 495397 535650 469247 492253 490951 541680 505153 495888 507285 490324 479310 447579 469294 490013 460785 494956 459729 497036 517185 490369 494669 494951 478213 475767 516326 482434 478134 503938 483208 487658 484587 498795 506216 492179 516408 487155 498081 489988 485465 480623 470887 511270 500398 449756 500215 498971 470636 483746 509191 481745 545380 489197 487292 468829 495713
492801 475769 493080 495180 483741 454711 498244 469960 513346 446547 506041 480071 499079 480496 476806 480386 481770 505543 489343 495355 515011 484190 443061 499038 491930 499565 459081 471018 492061 528902 505133 451299 498358 506596 503985 463963 498311 485362 441300 512654 442487 486624 494651 517028 462566 482093 467047 518614 522094 533389 500266 437396 447926 485676 500002 514876 513248 479010 501369 497383 494910 505077 455534 504521 492924 510755 474499 498043 460457 509397 501812 494213 481276 472654 454848 454861 489755 498237 515297 490992 483047 487805 487721 494360 472591 473961 474234 472077 477015 493456 498957 522020 469227 471536 478186 502300 478221 496700 474865 518675 505991 483968 512894 477062 500511 459131 518557 467833 517461 497042 470504 456433 462381 472639 490601 491131 492439 452023 499059 510604 481749 474274 462567 505211 475890 480531 474977 471893 520964 469340 508090 483073 519442 501326 512274 513523 521719 457567 506683 472464 468832 530246 463335 485790 506325 484878 513903 477300 487540 444749 523097 500999 507366 530961 500336 481933 463432 485992 507746 511102 456816 489182 493843 500236 515819 497798 511452 483491 469849 505932 498781 491290 496191 493637 510510 496267 489454 498960 466580 506158 498983 513482 493105 486290 473844 454127 516703 486521 455364 513870 486462 477755 486840 491769 495387 561798 493659 483185 458394 482992
497763 509325 500591 506945 520773 484087 493077 520416 521566 446312 497199 476076 537117 496782 504683 478379 498092 530283 539895 517470 531720 509770 467661 508315 487551 510696 504749 503771 527047 558040 546260 492588 514779 522322 519939 485872 512657 516622 496907 512292 468626 502135 520654 546730 464671 502947 483196 558087 548061 487890 522289 459666 473573 495008 510142 503030 517218 489728 525644 516224 489993 522895 490318 543399 497407 504363 499250 532667 514192 539785 515594 475498 489595 481554 458476 461475 489784 519309 528235 481710 531659 492360 525669 505180 478351 507578 492317 481375 483257 522546 516032 539123 451523 478072 502068 538274 484887 485767 511444 542913 522461 490562 533626 518274 498765 515367 533394 508556 553519 507081 471115 474436 473096 488196 502553 511014 513085 451617 514670 525464 490607 460166 494548 543004 475416 487949 491435 478137 540578 479187 519244 485330 529494 516714 522003 539012 503155 466052 516032 505869 493280 531789 447820 515866 514713 511127 535246 480151 492670 481668 524251 500891 503983 524869 503291 491907 463063 493344 492028 491086 499643 506322 520132 519174 527141 534190 522784 460435 497041 537219 491432 491014 508841 471766 493613 500203 523296 521912 482130 526292 517237 527849 506225 492371 519887 473228 541318 520408 487180 508582 502681 504808 503531 520705 491942 573285 486495 513538 470433 498573
493236 493211 469439 510836 457172 496659 463784 474500 537838 469480 496862 453755 493050 482721 469066 493327 492635 527012 519378 501985 507430 474161 444789 507573 471373 495261 504340 492162 509203 514861 517956 436658 508728 528484 466420 482855 498229 486082 462773 525730 449188 478797 519742 532735 491426 516243 489069 528905 518331 504310 515581 452650 450828 468756 510200 532246 521502 480745 504558 489458 497156 515409 452869 484841 512410 487130 480093 499281 459585 507204 499580 488287 472914 468038 489733 446448 496453 486377 503079 491460 506647 514268 489264 477151 465059 510089 488141 478302 458862 483363 493006 519131 451768 485374 476037 522394 470661 501777 480871 537874 490394 461226 545013 504558 498966 515008 522826 489596 534311 489746 473263 456652 462258 467589 491199 465342 485999 452335 509176 525555 468727 437959 475241 525148 446938 461309 483673 466513 512057 481159 508001 484352 517678 492816 497392 520650 485890 502641 495478 458932 469345 528267 468126 500585 497852 461981 521941 472843 497780 461780 533229 519099 483681 531225 487141 485012 437764 490780 472230 488923 473989 487033 489851 500333 503086 517948 502866 485682 464765 519093 499094 504073 492393 492138 489483 474781 487996 481767 485142 522893 475234 512146 473711 493045 486368 450099 510341 504952 465057 502383 486240 496816 477887 493007 482235 547554 499515 500701 454407 491875
531134 522883 516598 509644 498773 482162 509307 531203 553563 484461 513196 494760 530754 509607 506796 495257 498790 527819 567695 545048 541001 533868 464481 535876 503766 532046 503179 507845 535345 559361 550200 467019 506392 560884 529748 479887 506214 511490 489194 544657 476733 509189 519469 554379 514516 495927 498850 568255 550980 521489 537879 463304 505968 508209 525884 530526 526760 521657 529309 504419 519117 533247 493646 559223 509549 523712 505668 530161 491544 550666 542933 501835 492081 500149 495395 478671 507200 506949 536072 489604 547867 521909 493084 510257 482542 517495 507982 503012 525783 511629 530686 542508 474485 486745 510320 560338 518024 532179 531970 565493 531742 506151 552349 509579 527401 503738 507548 507422 581708 525193 491029 495636 482312 515616 527367 528422 535359 491154 551148 510962 507057 506080 486172 551074 485676 516119 494482 484299 533962 489716 513225 517286 565029 532848 543572 542422 529245 485457 497409 504612 500676 550678 480464 512599 537570 511327 523226 506899 534307 518735 529668 538796 529864 529991 511039 499732 485208 506849 492595 505795 501538 495896 530802 519967 543601 532971 547097 495574 529628 533149 503843 529798 518748 489595 534378 529402 518153 533730 499930 549565 511061 548978 503044 496090 505443 489222 540666 539814 507102 529146 514941 505665 484027 530383 503947 569394 531289 524475 499840 506924
493289 506389 505853 521363 518932 488413 501036 494540 543072 485103 508290 512471 518134 471726 510246 501025 503164 508502 543400 503826 509230 516379 454862 529744 508230 520134 500144 476259 521457 551410 522274 447793 510882 550719 484659 497130 512298 497331 466340 510524 489456 495147 503062 543139 488854 505164 504631 544528 547083 510273 516666 454440 481135 514867 525275 525711 515221 510440 518861 521640 496382 494458 466497 533780 512084 515883 484503 500863 471969 524985 500170 496025 494138 475467 476268 473367 485257 519564 542683 502711 508849 533654 471138 505884 496145 494544 491609 510706 482430 480904 501801 547141 489679 492224 475894 568969 490230 491085 499261 536381 532653 503718 547186 495674 525068 508006 511113 509707 535385 496668 480412 472650 482351 489640 499887 505982 509439 454776 521183 518645 513457 495086 491483 559968 456549 478466 474122 451049 549073 504723 496924 500778 537980 520707 532380 545479 513658 473718 497297 485498 481496 530384 473754 495162 519801 481026 502330 469908 519539 493073 516322 527028 507468 531703 513620 481786 441518 494976 508249 508577 472378 485210 517820 503208 541312 510686 529528 498779 501234 521524 481320 515170 520497 489694 529825 513910 495626 496154 484398 528646 516074 527324 495468 476251 490694 469085 549542 535528 469139 526034 505670 491989 467359 502499 494072 573166 465303 504181 473238 513080
485557 476341 480300 495890 471288 474954 461413 481222 509739 445542 477882 458618 497303 463158 481348 474265 462706 505856 504112 495829 484579 503099 425573 492662 450598 490110 493348 467405 494483 511089 505957 456854 466224 508380 478731 452689 502016 510560 439581 481631 450671 498739 479134 533957 449654 481462 459070 515991 507410 501609 495447 433567 463772 478543 462423 509823 502312 486797 498553 471217 461616 504875 488656 518690 474627 499347 467390 515106 479850 500551 473325 493002 482124 456248 477813 441771 488694 494923 506169 453732 504816 516820 482146 479923 466915 478728 474173 480671 456357 478989 486072 517215 458961 479801 483047 533632 466348 490342 505179 517601 499311 481672 522390 505442 483482 488973 493695 462664 530230 488889 428265 449451 476285 474399 476168 493744 489231 423005 510143 495419 464983 458417 460165 527178 467342 471085 461599 468684 516380 469784 495083 468145 494629 491312 511610 491428 492822 460889 508368 454534 478062 508867 451230 481433 478014 489524 507349 466449 473251 463402 512795 506973 491001 514931 486515 470530 444834 484015 469851 491767 488703 485636 502681 509667 516092 496845 491673 471661 449510 522785 469358 483186 486337 474072 486261 479084 505848 486860 477957 497109 475097 513912 496299 473980 482059 442603 498937 505031 461280 508232 466664 488234 481900 494024 471217 519557 483370 493171 455469 470786
501015 487550 496806 509532 483899 489457 477605 485943 523330 465433 508827 492018 507457 473604 492832 501840 468679 542268 532479 527270 507773 509731 466142 524942 483362 487778 496298 481465 528909 545134 500841 449912 495670 495320 510056 484019 513941 503404 461974 537556 452580 491005 493950 506229 492609 509803 486263 556977 545117 512216 503612 448511 466739 494026 502851 515895 503770 506688 490691 504771 492072 555671 494164 533291 481936 516240 503325 506052 509405 529439 514403 495307 458291 479125 458855 467604 489024 507509 515416 497273 498266 513765 493237 466684 446275 489990 477537 498337 474558 492147 486574 535086 461962 473249 478078 533953 471361 500349 511490 547230 533813 504770 533629 506546 495307 485194 501766 496483 543950 506593 452729 470515 463658 472798 495784 509986 518021 444349 502231 515546 477639 469375 470858 537710 461998 464753 492079 486807 546932 481130 500459 463955 523772 495640 504513 546806 517731 460126 513534 477697 475934 520247 432175 489972 512526 481183 517629 472729 489089 454601 517527 521983 516863 517760 499940 463057 459711 487409 475477 498894 471661 477591 476145 492523 504120 501117 514999 485581 466331 492253 505759 499427 525029 488770 514409 485933 501269 513182 475875 530359 505355 533791 508729 489845 499343 486039 518442 524287 458273 513413 467424 504787 457946 499588 485808 556403 481203 528010 484971 509569
485487 500919 497317 529642 485834 501916 499079 508634 545846 462070 501719 497595 516587 506099 482291 481561 491899 536977 538825 513708 541831 517347 466599 512665 486496 528015 492058 514069 501785 553950 552567 468092 525835 537474 496847 502053 508535 541512 475449 531719 461933 483923 506751 552816 495398 519162 517662 568245 522710 515465 534776 455146 456517 480716 495586 520999 533298 511224 523801 520670 536904 486561 477897 546602 515759 528478 485732 520710 481932 526123 528279 501707 488495 482159 502542 470800 509432 511162 507846 491953 526718 523806 514546 496422 487241 501241 512048 499342 487087 502938 495656 526260 450240 494001 478804 559893 507221 502364 516417 534530 515418 495939 562624 519026 486867 506108 506756 485885 563346 506676 472161 488235 470347 506662 506731 499895 516303 468738 537449 545334 478794 494657 494502 555328 474602 493282 478502 474238 566270 497091 498920 506153 524145 521544 534278 526125 510613 471400 509195 478495 484553 531301 478428 513880 526488 486227 524939 503923 479885 487496 525362 514801 509153 515422 498130 486603 453569 488993 513996 493528 504662 501628 514837 512216 526177 515852 547759 474137 497556 531037 506517 507099 505173 485372 516764 502045 511087 520613 490056 544006 522747 528526 522376 484622 508261 478592 518471 521524 469485 518310 476947 492242 475461 517855 529335 577979 504500 500272 478064 501392
463814 455845 454494 462752 431182 446181 453411 439855 477372 431215 438563 428040 449433 458466 416482 458255 428300 466090 463453 462256 462789 456226 420896 454901 444705 457179 460314 450770 445306 473634 458056 419359 448069 475725 446861 459932 459697 453380 426293 458330 405498 425762 448876 476713 418990 443217 432623 487090 490259 441841 467066 385881 420621 458468 454952 451996 450051 444598 450420 437704 425676 468990 430597 476439 443101 467145 448915 453550 419064 479388 452464 426530 424229 432584 408800 429094 452256 453380 458339 452557 463184 476470 440066 455159 415621 439602 462840 459777 451908 417161 458930 502347 410262 412355 446565 467367 446664 421309 458864 479390 477851 426337 476078 454774 451835 457693 456580 470984 496482 441826 427660 437248 416693 444304 432510 444164 457378 396937 456292 484392 444648 418114 424708 474150 418843 420494 449109 423928 494502 440807 455067 445145 459156 454663 471289 469594 454446 411591 472109 438615 431317 477953 426898 446713 446102 454541 471794 440024 431641 426368 454183 467668 435421 464073 458610 438002 403828 439931 423666 468584 442804 434563 445451 450871 456683 474353 467641 450790 443121 457424 461467 439763 444454 454104 463088 456129 433381 439731 433640 467485 453385 477014 429582 435297 445261 422295 465152 449174 433321 469650 445666 428971 435831 438328 437845 488223 423282 476174 438573 453264
462335 487460 468090 472197 453354 435469 459607 469947 473140 436815 444343 465422 488343 466632 468798 455427 460520 481395 485821 495513 474043 462515 446557 466029 469031 468614 438958 438089 484778 496984 493478 417657 456931 510821 478061 435363 478871 468835 446706 483094 433991 450260 458834 507467 426517 485200 465775 524332 493353 489120 480249 409032 429402 436834 475362 473830 476264 472605 480117 467460 452498 483500 430236 486632 453204 465258 452580 461880 447619 488685 480335 460590 440523 465130 428507 437454 464846 473567 474948 441555 484342 488473 455125 465324 423907 452490 454515 486182 458525 462997 462101 492038 417730 445943 450341 478414 451251 467229 464918 492111 485402 470984 490199 463949 477418 453383 467815 473498 507215 466995 437298 433822 439129 456590 455874 467010 486853 425955 502865 494951 453910 451243 432853 489331 427177 447724 444248 429447 491220 448114 470179 456041 506343 480871 497276 502601 481342 429585 470931 444917 463150 482477 427280 462439 478707 462714 477953 442218 469115 448091 465723 488211 474458 482358 468303 444226 415993 434970 435817 459947 440822 443916 462043 491886 487574 458024 488190 436603 472563 465136 455822 488615 449993 449579 474480 474690 443665 466753 426803 480717 459401 504677 461760 424171 469391 435089 487902 505676 435460 489442 452369 466239 423347 480859 463103 526044 459410 442814 454640 473658
477322 460732 473236 476436 457240 452600 482104 485238 502252 439042 495732 492639 490897 479596 494946 461611 469377 496643 523691 497853 489116 499548 426110 505998 461107 476039 473259 455238 488412 517203 531168 416156 509413 512363 477279 463206 472022 494282 462846 506907 446113 447741 479749 526723 470040 506972 469920 540509 525629 504163 485070 428991 449184 461192 478766 493160 488865 463173 498041 498480 484552 475954 460573 508293 480599 500764 466838 492754 480223 510665 493094 472264 467365 458214 463758 458483 475778 462575 495679 452278 501745 504153 472927 482361 451147 482700 476814 486359 454611 478426 485141 505888 428526 457372 475828 523987 477565 487985 487053 505953 509129 479499 513020 479843 481928 475922 487797 486812 526320 473723 476049 463017 473659 474249 487817 477125 506591 446101 510313 504664 482743 468944 470156 534324 451454 467174 454518 455159 517781 474450 471416 487879 516525 489679 504847 516192 501238 452485 494113 466421 470268 485313 457046 474937 506007 491765 493030 468339 495457 485365 503894 498510 473237 498416 489898 460676 454340 468826 459782 482623 474234 466544 481539 467291 491266 513723 524468 475259 483019 496530 487756 478545 482653 471033 496938 498094 490773 492813 458391 498708 490887 498498 468151 451655 486941 437818 501548 508490 482657 516297 451045 465588 458567 494234 481468 568878 481087 486464 463108 485774
512925 533168 503457 527521 481902 485172 532897 524084 547895 493556 510421 493625 525241 502273 513668 499487 507220 548242 545321 552527 526964 504271 478779 521101 497035 537819 507941 496941 526580 570345 547656 489304 506959 529517 522124 503899 538313 520606 490180 536177 476160 493195 496351 551981 509814 516845 520322 581159 567061 524631 536660 443191 468428 521212 525194 526630 556993 526547 518903 519335 531179 511511 487799 513924 527070 536719 497028 520555 499589 532468 517297 494777 480916 478394 488819 503918 509167 508504 533701 491336 548400 525963 498751 503884 482507 506150 511789 504918 499953 503403 545890 529660 481317 508122 506357 546751 520393 523058 515758 540046 558973 509605 553465 514018 507405 503960 520680 509445 567497 511496 507102 484870 489618 478478 514985 520280 541357 474370 528954 542580 486179 488123 516350 577630 464483 520795 521911 504952 550260 501701 521285 510597 533987 516332 544743 548186 524469 498748 523030 509031 461889 550675 494029 518067 530516 515649 531158 490150 506023 491350 528111 525310 514296 541450 504161 497521 478291 523627 508350 518108 508348 469435 525371 523096 526648 520152 542891 495195 504760 514123 522102 536009 502279 505583 529318 524765 522490 524193 507122 530113 517384 530571 509675 511248 496718 480504 535797 535183 513480 509488 503275 528563 492172 507682 492390 565095 514413 519231 504300 539903
458199 464304 474443 467549 446475 441245 473215 470453 476000 447863 474761 457788 479036 465360 470350 456689 465145 492144 505664 483200 511971 488042 444974 496135 435948 492689 460207 460985 455708 518180 483719 451107 480855 502028 445822 450401 481341 493754 446200 485398 438743 465198 461931 500851 431003 459597 454263 501483 495509 474380 487139 418285 427384 434691 469994 489329 500998 455733 509070 487954 459988 472106 438980 485265 472652 469651 458516 486130 445459 507465 477515 451973 422950 459216 438137 445018 455696 478814 495674 434706 477705 474009 439599 452727 450863 456813 477105 484026 453375 456619 465051 484363 424707 458575 473932 472897 504011 481727 478284 518048 491634 467983 506262 475036 460827 475209 485954 496684 518995 492614 460734 438800 446939 457318 442245 449381 484915 450447 481570 466438 466263 454711 444635 493866 437500 467411 447101 448946 497476 471093 471469 458970 507110 464195 483533 508364 481412 448118 475994 456416 458444 483221 448408 456507 476481 468094 487582 449711 471990 447806 480527 475056 472989 496193 474867 450317 417714 465062 468798 456492 445283 443679 469839 466307 485496 486590 499966 457562 460978 507830 459927 475552 487553 450767 465909 481862 475382 462892 467888 492604 469957 493008 457178 445880 471343 436630 493053 495036 461676 473100 453680 445420 463946 497374 457485 520585 474244 477577 446020 494694
463722 478914 449700 439651 444357 452604 446197 477640 495773 433302 468861 455790 494585 456196 470879 452820 456403 491439 505729 478281 471314 494293 426158 469659 440398 471940 445366 471005 478603 520658 483461 442022 471794 505450 480024 446911 479861 465591 442412 488865 426505 453296 462885 515330 462987 462470 448280 510695 507232 481996 467482 419731 419465 448998 474606 501626 465633 478147 488908 454851 448352 493661 444233 497103 470419 476606 467581 476317 473241 488114 496477 458372 465071 452369 445332 445727 464624 466646 490900 457000 485512 493389 442595 470198 467043 465908 449834 457341 433525 464851 474598 515384 434421 446262 470411 492667 452905 470910 459622 497605 503259 448896 483827 480229 458915 444667 472957 463419 512586 473463 459909 442083 406279 438482 469403 439529 479757 430148 471811 471107 467000 442613 439206 483667 430783 451264 441611 442978 485058 442488 451309 440212 499768 463339 481248 512812 470965 432738 492190 432676 450832 494072 426060 454382 451877 476777 478651 456226 490345 441921 488345 453257 492885 469521 481013 445151 431407 450764 453931 468062 462598 462472 478656 470826 485708 466673 474191 439123 458385 490698 466469 500224 454299 455050 476536 478957 467502 495888 485715 497271 461299 499155 476598 450722 456805 430743 514019 491319 450532 497254 471022 454488 441835 474457 453836 535436 472728 479635 463216 474621
503941 486404 496897 495968 469725 467596 513413 483365 521111 458967 474957 498151 497082 485327 483451 494402 474543 521639 510923 504485 513432 485704 450581 512135 495578 508175 479169 459624 479515 502802 493611 439167 504810 517511 470374 499872 484745 501794 464872 509678 449953 467643 476733 529814 470833 499247 491700 532920 540604 525628 497602 412310 442395 479413 503431 502776 522973 486731 498967 479233 500598 519279 445604 517718 484294 489960 478405 501222 462824 532043 489916 470438 449687 495267 460022 466948 488135 485303 490360 460780 493908 533389 488310 478310 467957 503506 491356 501242 474321 466746 494354 534582 450716 468744 460923 533925 485715 474654 499326 514716 521115 472258 532362 494568 494359 493816 478931 490319 531978 462282 475743 463209 470768 442396 493436 484473 503168 435235 512670 490154 482107 458685 466594 547305 465516 471619 455863 499834 530779 471349 482343 498080 532622 490130 491733 520690 511756 457993 494339 463229 459762 500419 473572 482189 507815 482622 516264 470874 501768 443783 474001 513032 497615 517084 480140 466958 461361 496194 476111 502686 475965 471374 480007 491802 523868 473378 536812 497246 479090 507076 506774 481923 503266 479350 504743 504304 462438 482496 478087 512141 500752 503452 464170 458116 488590 443031 505003 498703 451775 514216 484177 482830 481183 508729 486057 532996 481269 478433 467062 479301
497696 486658 485387 502106 455431 475925 496606 503162 511075 442025 489316 476288 493012 459981 489800 457219 468826 526920 516561 504697 506104 493651 442429 494863 481573 516719 462118 495167 477760 521891 513854 457484 487416 491050 493842 475272 475085 509224 441965 520498 420229 468405 479273 510605 457294 485990 478420 525257 529898 521244 495860 411180 450765 468250 496111 483324 489943 464118 486818 471874 491269 493050 475055 517741 508767 480127 460312 507353 482795 528075 500068 468232 461218 460286 441525 456040 490286 475069 508539 461924 513140 511780 448614 444119 458991 517718 458315 501448 467270 476986 501117 516251 438022 489672 457871 525002 473456 485963 500275 514034 501180 476462 537445 473902 452343 482823 500517 490531 528831 481884 453719 463780 470233 476268 496156 462116 495828 438208 487036 490469 463793 445774 458269 536134 459988 448474 464852 483775 530716 460618 456963 515637 531778 497150 501775 526988 520196 435150 519030 490452 452881 484179 441955 477247 488670 496457 478175 462769 460838 463179 492040 513041 498449 516195 491328 453099 442202 494616 463994 476289 472092 480143 505267 492964 498236 500003 520398 472852 464873 487834 469329 480699 484398 481954 501096 494166 495321 499623 467274 528932 477951 485664 484070 480543 491897 451497 493809 513332 461483 480081 475854 471960 459447 501217 467080 544750 463988 472870 460007 476654
498206 497538 500344 502895 505208 489501 495447 516418 546855 446360 501454 493520 517988 477990 491792 490403 503527 510552 544737 525929 520508 501175 470616 520569 495377 502568 483617 499294 534102 544929 510645 464835 505691 507923 494807 492293 521165 502283 478617 532131 476375 486789 491957 547770 497117 517370 496432 544871 552099 527377 501886 443031 457304 492274 514470 513328 513973 495066 516232 498472 500484 502121 475230 541373 529501 510495 490222 510511 478918 535554 524010 496741 487745 477713 471585 456272 485585 527050 528059 491366 516244 520055 485110 493663 479408 511999 492874 507842 482926 510404 499132 548729 449823 473682 485976 552646 486881 488004 502297 557397 531076 491734 540768 505268 520653 508893 509993 495413 542472 499278 484508 485767 485261 464249 499058 509357 501635 456385 539096 525275 503341 500786 473258 543650 472889 472663 474831 481944 524471 476944 487997 494584 547170 517741 494800 530313 523147 465266 501845 474644 483354 526224 463086 523128 497396 512309 505459 471189 501234 487171 510053 525501 510805 532365 502501 467076 462133 478024 499626 506146 479204 507027 514560 502387 532063 518646 537715 481766 497993 531917 500258 515233 495642 479084 514733 497043 502743 522884 472468 537338 514872 530272 523021 479400 510785 470161 523057 511042 477816 530159 487916 488916 504493 498038 486319 583900 491970 513554 475622 504450
453145 471412 448967 454061 468964 460299 438505 459500 493738 411767 473933 453676 486052 441379 463156 441614 460604 487082 517535 501685 476639 460262 436556 465787 466755 458333 453711 441222 465067 527313 481778 432278 486126 490274 467412 454088 467006 477389 471713 505682 414244 483238 459415 507773 455704 468178 472999 523417 493514 491377 444054 440556 420975 451736 469423 477431 471934 481391 501183 462323 453760 475193 456704 484595 473745 490695 450694 475309 472052 490698 453870 458433 465047 449261 444345 442604 460164 486433 488619 440373 482316 484365 478636 441760 431305 462615 435185 480396 427400 447837 464438 503778 434678 458486 446898 496518 455218 454234 466530 490563 475824 478523 490743 488713 445629 466274 461131 444767 494618 465683 425083 448898 447656 449617 462241 485110 456360 425383 484964 483882 443583 460431 423065 501666 443613 438311 420121 447319 488285 459059 476956 441258 510188 447294 472032 478148 466207 437681 485048 451547 453775 472451 439604 462233 473754 466240 486520 453924 454413 471044 496748 466866 476365 487324 428453 457172 414681 466988 474362 454249 464337 437454 452907 475802 487296 457140 484514 430088 456646 495386 469764 462818 453667 452069 485255 464674 503562 494350 435422 489808 460259 488781 488230 441193 468141 424339 476812 504675 417655 468027 461527 455802 454735 497970 467402 536247 448834 477447 434654 463175
489027 477083 519272 500386 497075 476758 487886 492118 501433 463549 508332 489480 519527 489349 493627 478437 479789 511126 524841 520115 526824 503549 466117 508456 483109 501596 499268 473101 512763 536706 506712 454227 501745 539112 491801 478971 512597 521049 466247 516709 468401 481399 494863 514690 463203 505828 486568 529658 526843 522918 503373 434000 449876 479795 511284 521840 501421 493177 499571 507578 493404 508671 444353 507747 503575 501839 498122 516961 500704 522138 506266 460706 475318 486103 461199 464910 496623 499427 512455 485497 519620 500617 475718 504054 461431 480943 483044 521699 484630 481223 491479 536942 464884 478097 491365 520001 501771 498388 471959 521833 538287 475762 522369 499025 501585 465241 505262 502532 548122 488411 452886 445247 470419 483627 492120 501238 519110 453238 547860 529165 481116 468253 483455 509049 460810 484069 476163 482787 525473 498034 503833 500435 547416 485882 509860 518339 510736 488235 523974 483715 491417 511182 464701 467119 505366 506188 532834 480323 472795 472316 521546 503793 514522 524092 510686 481640 451440 473377 487806 507211 488214 472427 477194 513342 514974 494724 513166 488724 485551 527330 497979 501640 506809 476579 491091 498298 496687 499244 483526 528893 500454 521739 494860 457712 497460 460577 521686 531483 476691 520919 477260 484118 470482 510351 504254 560791 489668 499582 488399 485072
467148 474048 444987 472281 443922 471052 447806 472220 493936 433247 459374 468468 487846 439207 463479 461422 438081 475205 502144 476240 490910 485656 430396 476101 455053 475842 464508 450502 492603 507716 497516 442217 475766 488513 447935 446522 475074 478599 457557 490097 406009 465258 458350 525888 472417 482696 470959 523740 500817 479441 476514 407228 431590 448237 478486 484982 475623 462733 479400 467176 496724 497152 439900 493986 459486 468324 461172 460711 434006 512256 489492 452575 439147 465372 432985 439994 471025 461819 461912 447999 502945 495152 446158 439316 448658 473389 462738 461851 455517 467585 467827 490664 425028 455020 455064 493158 457537 472987 475437 514055 483232 479708 512597 487251 470234 477280 471467 450919 516868 455920 433645 444099 440231 462039 471266 451555 495559 435930 488428 493596 449925 456898 418446 522053 439793 461291 457996 430712 491761 451458 470108 434671 516452 462390 471894 495586 475415 443679 465214 470955 432850 507618 447186 456102 459200 451454 501200 432284 488267 440562 497724 469606 469414 492220 452567 432529 430975 446850 472123 474932 474245 441256 483213 476143 489591 474597 487257 431358 465164 474486 450665 478233 471935 439207 496848 471176 469818 464824 434851 490412 463068 471030 471510 452686 474406 433468 487772 493560 454769 482038 440971 453653 451034 458577 435803 518478 469570 467837 447838 452320
493182 490078 491198 486294 473443 473067 468384 464555 498115 458005 478000 452019 511806 474682 465060 461895 446879 518084 511421 500546 483533 480343 452795 483839 473359 490272 466928 472628 488413 515804 487286 445706 483055 518842 500508 447314 510789 505986 454548 496410 440191 469946 473995 518202 452295 482112 470013 522233 511769 472051 491699 440554 433788 470906 477023 478565 493967 469869 477005 488024 479919 503192 457327 491524 474299 499026 454983 502844 447163 491715 493121 463588 461205 480402 471267 444146 487988 481309 475128 457470 488914 492344 493243 474894 447426 464273 470076 459558 468378 457525 493500 511775 448486 457202 481956 520429 452860 470846 466973 524463 518406 483396 487898 499348 462396 497725 484020 475422 529944 502161 448347 455233 444199 463396 477553 502729 498683 436336 505939 485099 457081 458860 426917 507294 465274 462397 468067 470964 520756 450418 485714 462267 518508 477816 503148 496092 491046 449000 500605 466667 462606 489467 445226 455908 502593 473681 498108 472520 475705 469187 506902 493597 503478 509081 461369 487972 445543 468865 481064 487812 459427 483290 477634 485408 497036 489220 493620 442041 477010 486579 467747 482158 474533 458136 473639 501232 454699 467268 455144 516625 480591 513717 477388 447197 481235 436569 509733 504146 452009 508143 472001 468230 465943 476958 482908 546660 470152 490807 451362 473514
462986 475858 478850 472361 477245 444055 474461 456939 495027 428136 476990 451981 499421 490004 444792 452244 462143 483849 510433 493482 488110 473949 436212 474414 446633 474326 454040 456515 476650 512960 479865 431099 463879 501145 481289 452995 481740 475901 455481 487702 433878 463982 484945 495525 459214 460850 469773 517593 514603 461956 485317 445960 442519 466727 492714 501791 490261 486557 464204 460076 453011 489327 414864 488213 464462 479603 466094 479181 445113 506102 451436 461928 426860 448688 452201 433867 450929 477227 485600 449859 485344 455391 467320 467838 436267 462442 459700 468441 461984 461186 490641 496156 436460 472200 463930 502860 463087 482280 465105 488197 506570 446382 513568 475030 469493 465233 497883 453683 524771 462745 434872 446902 452836 448746 477919 456367 465816 418653 487086 486740 471392 442036 431306 519029 428925 479631 470898 445231 478933 462700 475438 445069 508782 492450 483593 498546 505443 433300 467491 448553 452810 499387 441851 458605 492397 469031 494459 459574 468763 451977 479898 492034 479528 504834 476942 454650 443685 468443 452104 473358 443530 443956 474917 480697 486780 479712 483769 455941 450301 465674 456739 467957 476556 467261 480948 464762 465603 487050 452739 510195 478777 470926 465649 459262 462857 433308 503815 502062 442777 495872 476237 443184 463745 473090 464139 522951 454643 479124 461666 459573
497272 490291 491076 490242 475209 484793 492883 478088 518112 466321 462706 481507 517460 478687 475373 457430 481571 516873 534646 508130 503223 524473 440608 486288 470718 514834 474101 469779 487249 554755 531726 454084 512435 518758 471494 495904 501301 512678 504524 518131 472827 478738 482816 535753 469633 513328 489717 554498 530963 497442 499092 448259 466749 452671 500800 495490 502051 481059 515053 522113 474165 493539 475116 509037 526150 493225 485632 519101 486801 500269 477787 473925 466749 466747 471522 444998 476834 502595 502095 464519 528531 524904 507058 448851 459044 476821 489666 508965 452141 478405 479332 523509 449768 483858 487631 515747 482136 482007 481176 530895 510281 491755 529285 498525 498931 502592 501319 508981 533869 506100 443664 464831 475880 476066 466976 491133 508841 462087 518847 509181 480221 467916 452259 493070 453683 457076 468644 478861 535081 492736 509551 463100 521593 500109 504352 537448 475984 433045 511660 499789 470112 524465 453935 499437 498450 494981 516039 485166 472795 474381 514375 518438 493231 526741 485913 488372 428534 481197 498712 458136 481094 477538 507732 506551 508899 508020 502593 461589 487508 500044 486736 492844 498462 495840 476470 507453 480679 507512 469066 513337 500496 515781 507576 482654 511580 462644 522590 504126 468579 528258 452590 505709 457361 496996 493253 558039 464551 509380 472617 504975
469014 449095 473341 494361 452984 441181 466830 475692 480207 442305 455789 451681 461001 454914 461868 455883 458031 484416 477703 465573 477227 458826 432299 482821 441420 464559 465318 460997 451366 494851 482864 433912 469751 479764 439945 447289 450115 487237 425720 476992 435907 467291 453581 483599 426038 451086 452710 493301 490588 477868 488084 407338 411248 463001 462792 485004 471536 468877 470868 484570 459615 440461 440791 472487 454311 473598 451601 507255 461880 474142 455164 421248 435179 447488 444327 426583 431291 470412 474561 429444 464129 474338 445583 460810 434929 456101 458453 483899 450903 436163 469181 489521 437216 446130 480014 509096 453657 445301 473568 492668 487576 450564 496428 465768 440941 432806 449200 435567 513642 439407 422677 431569 428803 439532 447213 453677 466381 429318 484212 468230 452426 457616 455325 510775 405172 440903 418187 449543 487509 449277 460564 465070 499701 455734 464467 480112 480109 443501 457558 452190 448199 477565 430793 462679 465516 446585 496217 447239 448327 462192 468181 461391 470849 495468 457697 459499 401602 453143 443774 444853 452234 440428 435881 468866 459423 458419 486021 422125 466350 475386 446329 459058 461678 437651 453547 440487 467687 471841 457690 489627 446869 465516 445166 433578 462534 413470 473152 480111 428818 455538 424486 447441 442910 476533 439436 506991 450131 483311 425673 448597
476690 462059 471361 501987 485839 454163 480650 484572 492407 465367 496939 455171 494359 478865 474906 467289 474179 495945 491644 498806 525472 453465 461055 517942 470814 493249 482314 456958 480662 523512 509829 463276 516366 524504 485744 433550 496153 500357 451381 493540 451357 466695 482791 505942 451157 498740 479070 531061 506365 512347 505827 440107 456319 460802 491964 501788 488292 479724 491446 503404 499209 477297 459283 492589 477362 509442 477693 510325 455408 511935 486285 467779 448547 452814 473791 458283 484754 498685 507893 453668 498325 488065 460532 473512 454994 495976 491234 494873 468644 472971 509371 490421 460524 476584 476586 526140 473952 477973 479327 511945 497290 480837 492326 479495 470930 472360 488500 487371 540999 507822 439561 441210 449371 456459 484253 482227 475270 432991 500767 488429 452115 459678 434764 518117 450376 461249 459539 495478 516169 464541 462382 488599 536272 488533 495258 521558 485373 469575 476905 468678 452302 483274 452781 476541 498919 479118 522185 448234 478719 480582 504521 478338 497908 511581 487647 480820 440238 463832 493404 486895 446248 454422 478903 489695 508790 480870 511074 468793 485124 521593 492683 486279 489163 471396 475838 474056 473812 502286 471925 499576 478136 496060 486619 458942 483710 458984 484575 519353 459951 493806 470396 464013 471513 486373 482372 524112 502883 485588 444624 466190
503351 505515 495377 487053 499200 475235 475013 497778 512554 462005 505526 474315 511379 494253 508376 473863 485832 503365 548099 523366 502103 481539 461024 517699 492051 510998 476806 501138 506038 553163 524011 462705 545043 529177 506261 469788 507331 529228 496778 512119 465488 512714 495062 541491 483078 493775 506100 551558 527070 511533 519340 448407 468766 487052 516707 511973 510667 503532 531036 516186 494788 499344 471373 522329 513654 528380 485736 527098 484173 529436 527660 487669 478086 473497 482897 465072 497846 488675 514828 460082 498690 546215 516500 481950 477246 508882 507849 496766 479988 480586 509415 542366 462876 485445 500327 532719 496332 499028 499885 530891 520694 495058 506002 505493 503074 496063 498737 501186 543209 507174 485882 502412 479674 487863 482070 482530 491382 469832 519414 498889 493743 486279 465316 538661 476251 475517 456295 476896 529983 491723 502035 475969 531425 494085 538088 530244 495213 458252 505870 469253 475325 504462 463746 498857 520964 514028 530264 467707 500581 510482 538073 508040 516001 509426 495452 518533 440495 506582 530879 502197 494543 489695 507120 507693 521312 512751 497863 475218 504786 525498 503487 513334 486173 485187 501873 518558 499266 509578 503976 541617 518234 527623 501481 498291 507118 456029 508205 526870 479323 522586 467784 472567 494877 533431 490475 579102 498185 517694 488756 486089
497985 506803 489914 521732 493037 486588 501831 526690 538687 470135 511027 488894 533351 492945 515115 493559 513555 512706 546252 540072 546609 534633 458792 503352 508559 515557 506117 481274 511010 541597 518413 485992 494177 526157 522385 508278 547847 523268 480418 539489 457172 497327 487542 546809 501729 514543 506082 552706 554433 538993 538017 467195 478065 500471 528993 538358 494318 498248 531789 508850 510822 525654 481972 531851 514120 537688 505518 515452 489025 559657 517613 490179 504702 489685 469005 500496 497439 520326 521571 490352 562014 528950 484836 496209 476083 509628 513015 508884 493960 505935 520011 514777 466350 504551 484332 536151 509058 520652 518750 529058 512578 491548 532048 533892 536511 492197 517893 519700 552968 511658 475385 468431 498411 480672 508131 509104 523841 453204 520951 518454 490897 498282 464442 545598 458188 498581 483842 509819 537545 481506 518752 506186 539356 526934 497514 551826 529111 479291 525529 488910 496791 548993 472503 519840 520016 506151 534509 489761 498346 497894 535797 530620 523435 536860 526431 472915 467001 499942 509981 523000 487992 502173 510553 522443 509560 514604 525677 499303 521320 525895 507056 545879 502752 494052 500803 501918 513480 513840 489572 535163 526419 526290 523458 515210 514567 491260 525405 536606 506660 527732 499552 474757 501926 510777 500819 572166 487407 534298 480721 517542
476216 478180 489476 478158 474123 472939 480688 481903 520051 458509 498269 467768 510502 490135 467142 477172 481655 499240 530321 501952 509463 502462 442184 504052 467147 501326 465289 494829 487863 535967 524235 455818 502363 508036 500234 462603 504436 511234 453918 513868 447154 485191 500375 541056 469397 502360 466692 525784 520548 503545 482410 441091 454322 486854 480101 526123 496129 460618 499196 460539 494176 498123 451184 507200 493679 484689 481236 511474 463572 518701 499470 480078 463827 469945 474422 467077 503295 498059 513093 468363 512056 517634 500109 499444 490747 483401 471617 482695 468526 478466 475322 533777 442282 471670 470454 516869 476986 481114 477239 531389 516707 464555 516293 500185 485278 474795 506532 509199 520253 480933 458767 449926 475146 468879 485321 484847 485479 441587 519579 482895 484032 457335 447710 530036 469685 472489 452659 482686 513807 466349 493768 469654 527133 499464 532843 524093 501090 449623 494818 470997 462036 527402 458946 507130 517551 490978 508984 462483 487995 481729 489144 507899 491755 497941 482391 466686 449203 476787 489118 489870 481435 491043 515044 497188 524215 493102 515788 473180 474366 492497 472316 465365 466674 472654 480396 477682 468624 496424 489824 509560 493130 515895 487146 474168 502381 452630 517042 507561 457750 510629 490784 482688 477207 496155 490035 555381 487412 483226 455732 476091
515494 513590 514303 533325 524036 519643 500558 527735 539377 485488 522345 525548 550221 509206 519801 512587 534767 542239 566953 540362 552538 552364 481605 522045 505058 545310 512363 525518 540077 572278 566531 479216 536564 561416 514887 512721 513676 535210 497380 556712 478844 537135 520223 573524 495320 524082 522023 590831 571705 531062 535011 476784 489445 501669 537400 531807 527287 515410 526788 551440 530772 554495 473557 537768 517304 553955 511017 539148 517614 541614 533618 509713 505305 520693 498596 476689 522845 525998 551828 502011 553001 540761 491829 519950 499165 496414 495308 527808 501024 521523 519239 551880 476911 504394 512158 546562 505253 528934 525659 559625 546892 522844 560909 537468 515981 530681 542161 515327 578819 535487 485376 499734 494505 485410 514273 506819 531046 471449 530133 531576 514231 493926 492627 578358 501579 520830 495102 503828 559841 514293 532558 488117 579839 544003 552560 563078 525220 507551 543387 511553 511473 551290 478887 506274 543383 528445 548246 510327 535336 518551 529988 534858 548513 560480 530913 492686 468605 505480 520849 511127 498212 498276 536975 550101 532116 536456 550819 511218 525363 536123 514662 531841 546999 512203 518700 502545 521263 525086 495009 534834 531500 536686 514951 491141 510565 493895 558862 573694 499849 563708 518098 527762 492431 514013 514866 590353 521732 533971 495824 533568
489576 505754 513361 482790 465293 489937 478874 479557 541636 458793 512862 485275 508845 491397 481945 469158 482788 516484 524761 521058 517847 522375 450205 519813 516124 496063 491387 486942 497889 547657 541545 446588 516358 529742 519747 477689 464025 499390 487466 519432 450654 499403 498886 539898 488589 519300 504068 554775 532198 497076 512705 435942 461699 496248 502046 509488 509444 485525 507127 499582 505792 505439 475076 513671 510360 513863 486855 510340 475012 530536 491177 469863 490451 483253 488349 485578 499906 533152 495382 483875 506137 496722 499363 486049 475272 468248 473807 501340 490357 484277 520115 529874 468398 467118 478766 526041 486350 523779 506685 543507 538504 489790 523389 518652 488217 489884 519743 508018 547745 520391 479979 485394 463282 478767 477868 521399 511870 430832 537515 494962 476383 465461 480343 550800 465847 477933 469687 495585 518861 487841 481147 495676 548690 476039 497824 525167 489761 491296 504281 470340 454523 508821 472052 523301 492961 511011 516139 473647 497334 480745 513549 520317 509472 525375 484882 472903 446153 484804 498835 517563 477106 495471 505577 528363 533123 490850 538136 469335 480856 519716 513004 502682 511307 473946 537365 492519 519343 512603 469751 538821 511989 521181 509154 472955 514160 457433 529206 487815 481276 508159 495305 476222 473609 499408 486686 546688 497555 517567 475036 502435
459820 454525 446635 460040 458054 445060 454126 439586 481694 432237 472837 454154 466602 471294 441299 460706 451225 465734 495412 477465 478730 464909 403898 469197 442455 489176 441811 444862 465964 495820 486078 428126 468054 451041 468620 442067 466822 483411 448211 486795 414612 427718 445336 496126 449851 464776 457468 520660 501248 492111 466804 399767 408267 454877 467723 471041 466024 433855 468237 477943 443717 455744 428180 471260 475833 464243 451070 463109 447957 499736 467585 462842 439879 419489 453863 452484 455234 454561 479884 451388 506737 479557 452232 450565 437121 478182 434437 472624 434944 454226 465001 483085 421261 443770 423067 478737 451211 457764 454136 480109 522887 449885 474044 475353 457138 460776 476507 479361 507170 443320 448040 442949 414511 418806 461286 447086 463572 411472 469564 479907 450298 434795 433903 531875 416567 462014 439098 456340 487533 464049 442309 445082 497211 476912 489537 486832 473839 425718 466177 449095 443540 484153 450753 466108 477410 447344 484845 452857 465218 436311 467921 476645 480628 490163 459195 435573 419195 462832 458272 463392 449984 441787 465546 459421 460860 458246 475317 439630 447327 469646 475466 457409 452601 460702 476583 464220 447284 489553 454386 471434 459609 477177 467871 443176 470241 430691 472648 481555 454175 476725 466117 450216 439843 470974 469881 532429 449187 461955 451099 466772
543589 544231 535540 556895 523404 538649 526105 529935 565361 508386 552504 529514 563123 530569 532586 518316 523286 542582 561795 524869 546440 562525 491978 529312 546063 541284 538685 531499 543976 597654 561555 494992 548868 568473 523908 520786 556706 555207 494841 558842 487070 520720 539513 578891 514648 537485 544967 580857 580886 541880 558539 463132 484024 531299 546628 569497 565997 523901 562564 540131 550834 529936 515105 557362 545235 559176 535593 556918 506746 576451 559212 535742 523558 520301 509293 508582 542804 533600 544404 519595 566240 563185 534519 528487 506661 512207 544827 541464 531796 520066 532058 586975 494609 523420 522459 563096 542137 525394 542920 578398 586992 535852 588569 543190 553138 524907 543544 544725 577792 538225 501767 510880 512896 519639 534384 541262 546394 484681 554172 573155 512967 534337 511741 589900 529896 525925 524320 516957 576037 523816 540284 516360 578256 554311 565322 565101 555845 502305 562967 502453 507616 566244 509366 547876 562736 523289 557202 519368 526993 515076 546920 571130 525393 557159 540527 493980 491209 545267 521376 532917 524811 516655 565793 550488 569448 569795 568796 525789 523026 541900 531645 546133 544212 516260 541021 540055 542118 531461 515283 558191 540670 554843 534464 505917 552659 519624 578212 566005 533120 537811 515856 537500 506275 549563 549934 595098 532893 547694 498320 547912
500612 517583 520909 513403 515239 494906 499219 528876 536334 472825 526036 500838 540988 502993 496764 502259 509742 553902 546341 532499 524699 531795 464468 538152 489747 526878 524085 503220 525128 554381 516796 461240 504861 549394 523107 496475 538755 527919 508982 541581 468512 502154 515821 542721 504248 514574 522478 561602 566483 520998 540916 476875 488858 499108 534573 553331 495459 514993 531181 499606 512475 525148 479241 533623 531979 530952 513185 516999 495389 549600 505676 480763 463583 480734 474584 487816 493791 523042 533516 486029 567417 516365 515999 483880 478178 512945 495923 516746 488567 494784 533719 546535 474331 513087 490433 560356 481856 501972 513197 564127 563527 504600 541427 526318 530500 525518 524194 509807 577143 500089 484399 505093 500893 490789 516806 528475 524206 464520 536400 522934 503902 489115 462184 564465 461698 486415 502581 512487 530602 491992 514639 481373 555845 535155 505563 548907 513065 463123 519585 498239 464694 539341 475413 502216 547082 510975 540473 473641 510830 518577 540564 521949 523715 497556 510078 488982 492180 516793 501685 541070 482649 503712 525757 532864 537698 525771 543643 492371 482290 529241 489686 531751 503337 496257 527595 495066 524663 524671 499918 530121 487338 519249 527182 507407 510812 484234 545169 556456 496540 524471 487780 493312 497458 508184 506706 566699 502272 528988 498677 524344
455211 446587 453371 465865 466671 432330 436513 492066 486883 442420 457649 453861 492531 449275 468987 437396 468198 474452 484307 469327 454983 463873 420882 477890 472289 468355 431712 452833 467055 476797 460098 431641 467749 495469 442048 448350 463833 483244 449045 483316 441869 459265 444624 464127 444155 461187 457300 499776 471683 482072 462584 426796 409592 445803 482971 477931 448978 460214 455273 445845 449517 477875 455227 478171 464241 484134 453469 473142 451815 482546 461472 454893 453796 421496 455689 417041 440879 497005 482914 434801 464918 489776 461578 459049 426655 480290 452308 475905 445364 433574 472242 496696 445242 436966 463986 493400 445228 453470 472103 505715 485872 458201 482138 481921 465439 462814 483552 480431 506919 451559 414397 439487 451433 454455 449339 457070 460173 412810 495440 472641 460235 418865 433964 505248 413076 444581 432148 437970 471644 453707 475109 460794 494773 453838 477854 488168 482315 402775 495607 471931 430406 491074 415401 442850 471352 462034 478772 434264 457337 438799 467232 483183 484702 471049 443567 436547 419743 451723 446944 457221 455576 426615 448875 491626 469448 457527 479350 466180 447241 489341 441932 459666 463455 451347 467272 468320 471636 473941 443293 463845 448779 478709 468239 454585 466201 435335 475045 477748 404346 475384 438076 442356 438508 489205 472516 501872 478682 459692 435916 462646
500932 505208 499515 494966 472559 477587 481216 489552 534888 452230 491559 469501 522537 484427 477181 493742 494357 520599 513436 527902 511449 504088 481583 497122 491808 504224 465064 466826 487156 524016 511709 460272 505093 526468 508885 503989 501569 516395 468880 536776 472776 510745 492585 540043 480255 489525 486285 552264 547556 479514 502162 441776 473377 488079 501296 520194 521522 510382 517072 494560 497170 503305 451767 518498 468693 521460 475459 493622 499887 531321 484460 467597 455705 473353 455702 464412 479458 510372 502935 470647 526533 511555 470089 479094 470761 483065 485674 489116 486704 477495 506631 538874 461985 470948 509720 531635 490166 487872 500843 535943 521361 476684 545215 498430 484743 490246 492825 509163 550605 483600 445405 497469 484260 511290 493801 495383 497480 457059 508862 520561 481131 473942 459819 544974 461343 496883 474204 506018 536721 469377 503497 491036 526877 506967 510112 505491 505038 468083 500768 469554 480710 519095 455215 503360 522289 489636 525205 475250 477659 470286 524860 490616 508194 519005 496284 491197 464189 482533 483189 502079 504086 481283 508306 509655 516887 491438 534203 473495 510836 516361 496263 501040 525195 493140 504792 495798 496815 506975 496193 522298 500487 513809 522531 481097 484260 467494 517862 534944 464236 501445 465117 477351 453457 501260 505431 547221 487903 505055 490280 499235
490580 490749 481398 475449 451289 451731 483030 477153 496286 444447 463416 467695 498606 474512 497117 453885 452635 482478 495702 503417 508175 488992 431360 458419 481196 495687 472477 468093 487886 523958 514050 444138 475452 503088 501303 472594 478481 508345 441614 484089 451833 485456 481035 519271 451594 500127 467301 521797 508266 495960 508668 428739 438200 461651 468015 476229 491360 454690 485245 481000 455422 478981 455790 490320 473073 485467 483355 493096 477752 496300 465240 454233 466898 459468 457167 461241 450331 454224 475813 437984 489439 487748 466138 477169 440591 458679 482072 492795 472508 473268 484890 512432 446249 465283 464753 489302 477669 477709 479203 509377 490122 443659 497094 465902 467740 466746 491545 488826 537404 492757 428932 440028 460675 457184 479789 486198 491768 433731 502205 496287 440159 456191 451130 495542 439468 460806 460098 470379 506685 463236 460694 467600 503684 476763 511854 510978 479178 436384 473135 476156 471342 503672 437689 479620 497791 474797 504649 469460 479171 470959 487240 488837 475116 507803 491879 483135 442368 480944 497728 469692 483677 489343 479510 472425 484384 473490 486336 452705 483182 475796 474658 483154 482786 480700 490857 471855 449593 479620 466778 506971 490534 479942 474359 454184 463650 469926 498265 509221 457629 508025 458533 486170 440849 491321 471404 550341 468537 475945 467825 451905
503467 468504 500227 512241 463530 481911 493576 493963 533308 461216 476908 453847 502101 501436 480496 479361 491172 514816 522166 527301 515712 509724 451827 507794 480888 512990 487354 486759 492560 547909 501951 465204 515376 522991 490768 467314 491698 500677 489643 516076 453477 502402 478050 541990 470492 506265 454751 545407 532020 499378 508465 427156 449800 475692 488293 500935 502633 492825 506390 493656 516667 507194 463561 522714 503163 513823 476974 488721 494357 522427 511062 481281 465242 467975 443613 463563 491131 512078 491749 472097 496304 537876 479420 468379 478949 483551 493625 485408 466711 495140 512296 505309 436030 468736 475402 526112 486755 472152 477537 529964 518583 484221 534252 505138 499800 510158 494546 507994 529917 475311 469625 479043 484544 481703 486075 485889 489595 446232 493729 512520 481835 468543 463873 508003 457778 467783 473086 480542 533093 475920 494337 472323 524060 481930 500338 517648 488038 446784 516580 478226 461373 509012 468337 492371 524736 481082 530219 463729 469392 466171 525052 488970 483752 506052 482807 463188 428265 473707 493282 491150 489896 467772 496835 516092 519740 488270 523624 472976 477626 508708 485769 504996 489578 491691 483401 499415 479178 499117 503552 501650 494901 495526 477056 474519 517874 463265 505677 510660 466730 493398 465957 465474 484762 472425 463671 546377 485770 502697 447845 484027
523371 524122 534646 542488 513407 517300 522714 518639 558379 499188 540053 502848 531459 538369 511691 522564 515386 551255 555777 535176 539996 523796 496352 547776 518910 554945 524846 510629 528288 569813 566305 483864 537775 561991 521424 523368 516184 547238 514303 563586 482461 521535 517916 555648 521415 522495 522394 590257 561669 544621 541924 487999 498933 511232 539294 545196 551215 534349 556203 524070 526630 528956 498576 556780 537924 552404 527134 549456 512377 547646 521739 504973 529745 521597 517987 492215 526681 539133 534197 520527 545988 555981 511462 502620 501759 509210 524166 537185 510934 514462 541665 567120 488302 519416 521703 561231 521365 545244 521210 578754 561130 526321 567451 543152 537074 519170 539181 508281 583828 555179 480774 510695 503506 517865 532519 535942 510480 475985 567232 540066 498763 509072 470717 557938 477803 518836 509737 523113 544365 519735 538950 514837 558321 525993 546980 548173 527640 507042 536695 515113 504142 548033 487816 530719 529208 530892 561641 519008 521010 518401 552251 551571 543409 561601 537746 514614 501648 528063 532155 536300 529743 514116 550587 548903 561326 528116 544620 512969 522964 566377 532974 539416 540282 525957 532697 521271 537387 557993 529869 564788 519427 543436 534698 515064 530174 476206 551796 563519 505900 554320 505285 502527 511523 525226 526224 586797 527708 535223 516318 504418
490576 489873 459629 491772 486247 472445 482644 490535 495900 445357 480842 451075 495227 461973 486327 452432 483530 503768 508800 498628 504259 500035 443772 485953 468703 490039 468029 481773 488607 532341 499005 464680 503057 524310 490106 498855 504707 485827 448212 499384 455606 469723 481587 527099 457086 484657 487688 537006 519336 505815 483931 430775 453398 463709 495160 506668 497319 472919 491191 488401 476979 499583 476318 496542 487542 486887 466226 515435 473419 507417 495404 441938 455899 470021 443267 478295 480757 514266 489390 489153 512519 497225 467935 446250 442799 466240 468540 475418 470901 477296 493828 515169 432102 468285 467887 504800 475670 472840 495708 534368 494738 476679 511362 484727 470624 485052 486293 496180 519108 502010 436435 442298 453137 483067 466808 486225 492764 424577 510757 493109 452094 449344 445511 492115 455909 462001 472800 485187 512051 448806 505120 470888 529428 476926 496406 518734 505009 432528 512502 475245 474924 507902 429901 479784 500048 483779 506342 456742 488566 468527 509766 485308 495527 517258 480971 482713 435736 460538 494875 493076 466470 468894 510328 491700 498757 484372 514545 465867 504502 487877 476497 505422 487563 461709 495096 490625 484229 529250 468855 493862 482251 527355 495302 503905 501455 475729 509232 501732 465456 498822 474078 471545 473584 495775 455521 553141 468642 504242 470728 482456
504124 474485 480638 503156 479342 453341 477991 487864 510564 469401 484111 460802 476484 473049 482904 459682 468250 500736 493479 501834 496946 511142 427736 496869 462061 501057 452736 463537 495526 500561 515173 428117 507598 513722 479693 457893 476045 502711 441120 505030 453018 473916 466569 541733 461131 485016 471076 532393 537230 491361 505061 435180 453782 463186 515172 511252 494701 487130 489993 481764 503575 479052 463914 504219 483862 500567 460502 497126 465178 520691 480653 464411 443643 449045 469481 436765 465398 453857 503365 460685 499737 510027 463439 472194 451054 483339 483483 482678 460031 479976 480671 520719 461966 453735 480501 518688 467945 490495 482565 513041 512160 454612 519126 486544 464005 460179 500336 494977 535846 474800 472455 468419 454372 467821 460883 476845 485699 446738 481866 494552 468816 462174 452463 506288 461713 463290 477191 487624 518188 445870 478234 476416 504575 490600 492839 509420 499124 430104 473341 461442 453663 510531 443375 505098 498299 486251 479156 459549 492811 468606 502437 490927 483909 513124 475341 447076 444461 476949 463793 477584 477135 464471 485680 464252 485521 465002 499960 462514 492050 479432 483249 475395 494205 477011 497271 482760 483849 495800 474835 528336 489931 501655 497178 465197 480723 462916 509547 498854 444286 478212 461239 467364 447728 491957 490266 524220 490716 503875 468033 494712
510833 521785 521592 517541 503522 533492 495405 533488 549025 489486 503779 514447 547317 523326 506092 515470 533093 565422 566502 544063 543941 511569 480099 545509 493966 523903 504060 516569 516015 550148 541018 479298 533066 566636 531908 531710 537319 547078 487481 557103 483028 512652 524350 549256 493673 512406 507459 566949 558095 551401 540993 491480 482331 504088 548689 559899 532555 519216 518239 518036 503602 543873 502306 546678 541737 536488 512503 524894 510857 541731 545581 510791 512417 489850 486749 492810 498625 508536 556251 491555 552217 528929 505049 533211 493280 530532 502316 523571 513405 489533 545578 562989 500207 491424 544047 548181 518811 519236 517377 574963 561911 507887 571071 549345 517097 509108 542017 520062 579836 487960 496835 474657 488199 488654 525925 509925 544330 480394 525432 551288 514989 514749 497058 545940 465483 506678 507751 519750 558380 512967 529440 508428 573033 540362 547608 551506 529111 513044 516751 493062 498435 531875 481830 509244 531793 518764 558367 474473 530412 494798 537472 544162 526457 562302 523511 514338 492940 510772 510380 539141 510259 519123 528470 525496 528185 532411 551225 496979 528544 540510 518735 513946 503828 522861 523589 513179 511056 530126 533676 545490 517354 540615 531414 507431 521369 478554 544863 540647 494983 551062 512201 513966 524889 535203 503464 596135 514254 535969 511099 519092
518095 516374 524202 502465 498161 487766 505152 531106 524988 475576 529363 500346 537625 503493 508057 483620 510179 543837 551402 540300 536318 528688 465438 539709 496197 528000 500223 513950 512744 561084 526081 455785 516831 542813 508873 490227 522014 512302 505064 551513 478838 523921 518251 552657 486565 527411 510036 558911 559608 538160 526781 476229 478325 505854 519100 543060 522806 505065 549766 510424 508536 530932 475634 527935 510229 529943 506294 521905 487632 528990 526658 506259 478024 499052 457415 490810 492168 519950 536212 465583 540355 526565 505897 481371 515504 511041 502025 506759 497116 491293 515913 558182 480173 498609 509003 579894 495992 511994 512847 554630 532889 511371 555423 526767 508756 507453 496200 505591 558014 499775 504109 508364 486964 512023 513829 490416 534973 472281 514837 527360 503664 502772 478405 542353 476485 476079 483651 495719 542718 481523 502770 494760 546139 513568 520932 529378 520867 469842 527266 501486 484138 524235 491076 506056 514816 511791 538659 479567 515346 507725 524184 508804 509836 515757 497447 505160 468496 521817 495587 510145 497520 507476 515360 508579 552132 533751 519369 492579 482444 520291 509831 507314 505400 491157 507709 525479 520742 515213 500589 537735 507000 523172 518734 478823 518463 457867 530228 542234 490459 528246 502677 486045 520096 498046 498215 572579 500363 512458 481355 511576
477478 488887 462491 466765 476342 467868 489518 484736 499910 409950 467282 470738 499589 476279 492515 456931 471327 519103 518513 506034 492067 490441 406778 477336 459918 479732 487711 477795 488581 533080 524531 434494 464839 515490 489182 446795 487730 493749 451956 489777 455920 484788 478822 531089 455170 502128 467273 516356 530309 508895 493796 437452 438961 475672 477778 494371 474819 480591 499881 475740 464989 511860 468663 493422 478350 499196 466573 493732 487125 491478 497542 460862 450994 461011 461232 450723 471017 497599 487632 445871 503534 502448 476404 477533 458572 476676 460596 472744 472951 475430 503333 495167 442245 452781 478805 505543 471984 486991 509852 526621 498036 479365 509704 495628 470753 485010 483359 455124 528007 465290 447779 458219 463102 464927 498759 473636 485284 437754 481257 511648 482898 442943 458267 507239 445462 473937 456839 452394 514788 479534 482821 472789 500785 485138 504278 503566 493028 452973 490887 464341 450721 497881 430017 477621 503896 481895 504424 463491 495920 462387 494551 498395 475577 490299 479768 466212 423973 464194 462067 475248 484532 467977 484359 494068 497724 473647 510686 434746 463303 503861 469677 491301 483112 487165 497768 465894 486093 503824 478234 503956 481041 498665 476596 465728 476356 447458 491162 493577 442709 502069 468358 498617 457272 489633 462853 538836 488594 487897 452932 478905
451507 447240 441755 438390 465349 435828 443582 461028 474121 406150 465697 461559 464360 465077 441092 451468 447432 499067 471605 466794 463488 448198 407124 453606 455733 462087 443002 476408 456217 495576 483183 410339 457042 492205 474236 447922 460848 466005 421603 450173 412943 433729 443690 470705 441180 463505 447504 491916 489440 467310 470931 421479 425874 474699 466616 473191 447094 457343 460668 461781 448903 478805 438101 494148 454733 468262 445610 478721 439314 503572 453955 436143 446858 453064 443044 435114 459760 459630 467174 424044 471607 477939 457474 431057 436930 461567 436955 442369 438953 427146 465859 474311 422258 422642 449881 489691 436640 451740 474897 482360 472340 448263 486045 479897 439674 457207 458581 445426 486457 448271 417764 412444 437019 446191 462854 453481 450715 402967 454850 472479 438891 438402 425456 482829 430749 448963 441959 444666 495615 455042 453521 471574 470433 466769 460654 480865 471568 423558 492879 433013 429842 494289 419669 446587 449793 468143 470239 442104 448019 431692 488425 479506 472353 484724 456279 438659 424299 432263 452908 472358 442890 430987 465200 477180 477932 452591 467010 418169 442752 477304 449567 474270 442959 449568 465337 448487 443208 480397 437420 481796 456047 483244 438350 441695 459920 395365 470444 478405 431713 457000 465311 429405 452768 467247 445582 506093 445769 449089 412752 458692
491617 498696 473138 479779 475519 483187 477232 483546 496963 471419 500834 481085 511855 476444 476712 450006 490938 500590 531485 512210 522308 500419 465904 481273 476175 510393 470693 483424 510732 547995 510902 439999 499967 508605 499818 466877 532269 504529 480098 504449 473762 464227 505769 528655 467885 495391 497177 526800 540205 494553 508052 437759 439847 472164 503628 477847 504261 484538 505968 493360 516966 493907 471639 511859 480395 507131 484163 502921 468539 535132 519722 488041 446684 466897 454199 464320 482250 489320 502554 481018 522512 510996 487355 474744 453291 505153 479461 496118 477128 486780 486771 526613 459453 484953 478920 501609 478642 487866 493356 535833 517347 486490 530165 486207 486443 473874 504852 502735 555887 499675 465908 458857 472381 488284 475997 494048 493079 442381 498685 528429 483551 457968 451728 521729 453815 495357 470351 488001 525450 472994 494251 483614 522506 509440 499240 532481 495421 454473 495720 483555 473421 512799 467105 485897 513290 493313 499575 463617 495236 474464 519212 494399 505321 525241 470129 492049 434448 485663 491223 504515 457398 480688 500309 481011 494375 521022 512145 480594 478378 497172 503741 501591 502084 466782 493728 492226 478971 494119 454686 505135 470407 519523 487097 481717 488976 474511 488827 515923 485252 507559 474208 487668 474958 487140 490514 543556 479134 487689 478854 484132
472788 462231 462130 472193 459898 467768 466227 472126 490501 440193 491191 482301 496677 470699 486154 479704 478388 474078 496322 507024 500920 467686 432495 474075 440594 484771 452788 450954 509533 521679 498815 438365 505424 487361 472236 442483 474315 469942 461093 506061 439155 477778 468121 487151 466272 474882 476022 499485 506998 501577 478017 433010 439904 468468 472844 499410 481531 470543 501214 488402 469623 488371 462499 503531 487617 488887 467312 499117 457921 503679 498592 456478 462668 457481 473182 445604 469358 497194 508371 461604 509407 488336 463805 480328 454784 456762 461720 490199 441197 463933 479018 490122 423669 476524 480630 496600 463408 484641 472345 500122 512551 459167 511538 496125 475054 459133 492293 475910 494734 468349 440409 457617 473094 456864 472944 460112 497937 426640 475897 496179 474070 430041 450722 537199 426054 439339 448326 463034 511001 471959 493530 459273 517345 479726 470873 498080 473368 448185 481144 455442 442925 514323 451866 484384 480008 461917 512806 433356 480921 445325 504830 495391 500584 490993 464466 459440 416701 459996 472985 479035 465198 462403 466006 485135 480608 481986 499057 462840 459544 486390 482700 482941 463537 460068 492791 475434 492106 489076 466540 511352 459756 498518 471360 456976 473177 424070 493244 496091 459782 487522 453202 461322 454514 476394 449618 551261 460724 483432 461708 476130
530833 560664 551027 536483 520419 524463 525716 519386 565096 494171 538165 504022 567995 520950 524367 523888 518077 565696 586419 560944 522936 541858 484527 536402 528655 552721 532064 509516 538540 605908 569775 494739 523939 551640 531634 497311 563822 512728 518037 553222 501530 536037 538201 576930 532006 527062 517971 582562 583751 562709 558006 486251 488110 518594 556595 560686 561475 552287 575341 535252 515597 547537 506638 569065 564211 570539 538272 545685 521184 551146 560466 546497 545726 493664 494387 491176 540389 535616 559029 521009 559823 542969 544156 526843 516758 542031 528548 546999 529646 524426 553256 582019 508931 532906 499299 561057 550674 524298 523062 572545 577968 538555 564328 537863 568107 538537 550147 538675 586620 537557 518698 521280 499242 507619 532118 551521 535365 509620 539125 568670 523686 519105 519655 575277 472578 527782 540511 509770 574677 514925 525824 518946 564728 543810 552975 562453 546447 505234 546786 532785 520747 544763 514466 535442 556137 525447 565483 519172 543742 510288 564332 561684 551232 571326 554475 534229 482743 533159 547352 527891 537779 530877 546153 543573 557678 562283 565225 506772 503961 589015 541698 570740 539190 524313 531258 565208 548384 558120 527889 576145 538149 555123 561176 542991 523514 504720 566136 549822 523270 551389 531683 545735 532471 535968 538154 601046 522188 557122 528386 543025
490862 489370 467501 485010 477187 460542 463825 493627 527029 435394 456654 464950 475580 467140 469063 456991 454510 482361 514104 486830 496434 510676 426174 488060 475404 489237 458890 464758 491150 545870 486345 449648 490995 500982 500948 445616 500735 500219 452267 488196 451880 473137 477295 514797 473231 491260 466982 523284 523926 485199 501992 429937 437551 461829 484390 480193 481266 466610 487678 492839 485950 501181 451043 505410 477719 498482 454457 490281 466123 520078 526531 472473 446507 448361 459050 450479 480045 468273 499636 466970 502898 506722 457090 450858 472165 464001 468184 477266 479788 491200 491650 499982 415712 471041 458841 518278 469365 483030 494492 520165 494782 453006 508095 478201 484542 482872 492763 470682 538561 513510 455745 463322 445582 464983 492571 483946 486731 443329 496554 491969 452756 442591 451884 519172 457393 460402 466638 463596 514683 471792 454113 463218 529146 495413 515635 508398 499561 438382 473074 452720 483729 494792 434547 480186 502415 501365 470257 449961 491452 472516 508522 499132 482868 484624 490222 459389 436603 474227 487906 473161 438275 470128 489976 489261 497337 500018 508551 465369 476332 485726 466935 494363 492521 444170 505857 455359 465809 495958 461784 515596 492230 492129 504418 461488 482799 466261 481172 497973 446699 497168 469419 479001 451540 500104 481097 533365 482693 495241 453742 479081
500307 497132 494596 495424 464446 479927 468504 499936 512121 463729 479780 489098 516012 481363 500243 484064 480159 507435 523593 514463 507467 496141 451859 523016 469302 514369 485132 471775 500274 526432 513539 471363 503562 534505 492085 463443 504827 501337 447214 522615 442407 458249 467950 534460 500175 493057 505405 535776 517576 525389 488673 441228 441109 452089 494041 499220 479607 477225 510380 494527 498872 512070 461356 494657 494340 504920 498510 507103 468251 518118 496983 475445 465787 482327 466737 459643 485277 480180 501870 464140 522581 508914 487382 495454 472330 504375 488241 498488 458933 482612 505066 506198 464280 470106 497023 523808 494040 471437 506446 510467 517747 472889 505835 494110 479358 489848 485170 468998 544733 495811 465615 482935 466010 452521 496230 502233 519808 475646 508167 496293 474129 470223 461780 537750 465509 482025 473400 482103 500058 490249 492629 491928 541456 491626 480169 516817 493915 471352 482281 479600 474526 519106 448337 470953 490493 486110 509928 478194 492290 494423 531096 511328 493209 489013 501638 466158 445522 482556 496263 514212 470006 492024 482365 492589 509677 499961 508258 462866 482549 496684 494909 516343 480755 478373 500187 491327 500799 499482 497107 509533 498441 530120 502901 464985 483000 450520 505099 519978 471691 513142 446316 479854 480645 506098 484268 551888 496901 527813 488564 496205
464895 469542 477980 479970 471175 471253 465280 472944 516001 453759 483839 463660 497104 477427 462423 457654 453241 494009 494480 499399 494787 465828 436792 474811 467180 480159 479602 448625 493665 522708 488812 421455 484816 517147 483644 466473 477097 496330 447456 496097 439197 480383 459581 510105 466326 483933 478482 523519 518533 484498 505407 427356 453346 478155 482825 494825 494142 483650 482690 490489 474322 496512 452571 479163 456615 494496 471001 472141 468134 503797 469263 455635 444465 452610 458812 443388 470668 482062 488872 463926 501416 470547 471509 471597 466518 468674 474029 456547 453932 452059 488277 507914 452304 452890 462255 505559 481160 498565 469403 516570 486025 463583 509983 497221 469848 464559 490060 481015 532907 460145 438466 461971 446230 463502 479315 479018 483164 414553 488833 493053 462388 439674 453508 525382 458806 457549 448445 483048 521385 464721 479132 480365 492072 475883 497603 475159 472082 457736 473898 458827 456136 510242 452361 479431 487655 468980 523276 464312 483126 446719 487679 469980 477674 505543 474793 452437 439855 468255 485048 491241 464577 452412 499960 475641 495292 483583 498435 447389 487962 493649 490232 494933 493307 452771 486770 485661 463596 475187 443284 512763 478781 501781 503562 451866 480309 451454 486728 505962 446366 487895 475242 489072 462329 475656 471473 519437 457994 497862 451223 478101
488400 495201 468594 505538 483689 463783 489104 483076 520714 445250 490137 452852 491396 467748 475317 470839 491765 496439 509797 499817 491132 515945 447736 490925 464435 501514 483238 457642 502969 543727 525187 470105 506354 491845 488753 458850 495316 478058 442321 515087 455358 490319 485077 523732 468589 498889 472793 528130 551535 494393 498264 446930 465987 475174 501095 508400 504629 473388 524053 490909 479675 503379 462062 498504 508585 498680 492092 513819 481044 519891 479452 500955 477920 469959 485447 464687 489863 500333 523753 475143 507294 524568 463620 461056 461306 486664 470958 499536 466892 495426 479271 533664 461856 477507 480287 526676 476804 487425 496223 519678 526941 483454 523540 478268 495742 474591 501586 495683 515174 484695 444277 465851 457946 444161 491697 480377 478389 432712 512643 512199 479162 470253 472704 548607 470704 468278 479246 484930 504254 484490 497597 465995 511712 497786 507979 529165 516253 471522 510996 479856 484340 512529 471884 486958 514904 500740 505175 478974 475600 486008 523104 510045 485700 524852 478283 466788 440772 481190 469048 476067 452243 454769 506639 477550 504273 490915 518302 474303 476213 503700 491880 481950 487316 488261 484946 496278 528150 514223 476215 513788 489621 513066 502170 480888 483592 448487 511831 499055 457277 525376 475994 494733 453990 483887 482725 535205 472379 501394 462292 487049
462363 490258 462136 509260 479997 468682 503992 477285 506617 452953 500925 465437 502481 456305 483966 463374 462054 506317 509084 512205 497350 498762 449101 491290 464761 521316 471224 453956 499448 520068 517107 447382 468694 507030 510615 466410 495099 486170 459460 504299 420955 490124 479720 494998 465590 482181 466870 512715 532790 505043 493096 458628 443286 468595 485879 504435 470204 469729 494919 486415 466131 514547 456225 498132 473848 510760 470231 480583 461318 500532 500584 488728 465663 459020 457809 465902 474422 488294 510153 476213 499941 502990 473763 483896 441583 487693 456939 473104 479165 486848 501790 493133 466196 452012 483668 528328 455893 493934 498644 506325 517581 476373 506497 511688 476636 466221 485520 477031 532455 487953 448694 472501 463522 455801 481916 492032 502193 425673 486269 491139 487722 446604 445045 520142 450008 480230 453422 469155 524657 452052 481844 474337 502033 481796 489068 515898 497798 457737 485125 489019 458960 501637 466439 463897 483311 489420 494151 465721 479123 458787 514590 495223 483442 495503 476183 471792 439675 461546 485640 488985 481482 480298 496252 472776 494670 488635 497267 456020 485473 498732 495819 466157 475750 458241 488914 512122 496231 481632 482504 515251 501262 500847 504875 474620 482658 447268 513447 528510 449345 496515 483285 474660 461097 485545 486184 532311 480592 503881 487056 495503
482343 510999 492447 493902 471046 470059 488535 500403 518106 445429 501771 474852 502379 480879 483413 474416 475451 514897 523446 504618 492606 480435 465048 492533 472653 471871 490919 482810 516216 538575 528269 458952 488818 480952 474562 483356 495315 509082 467512 514760 480809 481295 504342 527217 462297 498728 489873 535673 542725 480608 497962 443265 455071 467779 515682 492012 505109 473942 511296 504880 473492 513562 476278 497141 496778 507693 481565 520695 474917 528302 506434 474222 453906 487730 463700 468759 483676 490125 492115 472602 501106 519713 483939 487776 456794 506017 479883 490472 477306 495447 491667 542986 459186 463909 475027 526720 469184 514921 516249 547454 535845 492864 514778 495202 496718 503433 507718 488227 534734 484467 463912 481731 463183 472934 512791 496452 488455 457766 498163 520049 474992 481245 468996 527718 464178 477994 479653 493615 500342 449280 483809 467958 517999 493930 502180 506386 520265 460325 508698 482201 469704 507992 455539 484746 498696 513764 522325 487281 485471 471434 516127 492873 516338 515959 475403 496479 439988 488729 474112 498554 490704 503812 497830 500498 513196 510016 498634 469931 447280 511784 481119 479646 493805 500183 507056 474810 504607 494534 471798 514422 478991 483879 497502 473426 470780 439805 504842 526300 470926 522782 470200 490873 468007 484118 487815 561393 490619 510019 479014 479751
481966 457065 439133 479663 442380 457403 462764 434285 491032 413621 467716 450280 467475 457601 445435 469846 428905 475131 477415 464183 494064 474347 410251 477392 438368 484750 457366 449647 479987 495633 483761 420434 458091 478491 464842 433867 475651 468188 419123 485349 433418 480096 464688 494797 435592 459911 427737 489573 506605 472046 465649 392184 445606 462572 448081 474215 482796 449271 487185 444928 462153 496385 418243 488957 458694 470947 450391 490636 455632 498524 485552 451602 426501 453448 440773 451450 459578 454569 465875 443779 476937 491968 442083 437116 448515 461683 467469 445859 458380 473361 453534 495153 425008 430303 450094 493887 462530 472818 477470 486680 506071 438867 505142 472463 469207 461164 452542 471953 503606 462357 440613 458426 417607 468364 467091 444610 472733 429718 472614 464412 432806 419462 424775 491767 447124 432287 431381 465876 510251 437344 462665 434381 487377 453921 470423 482797 484296 428853 470922 427584 451724 499643 432832 476389 481429 458746 511295 443907 467586 434546 494173 472181 454988 459604 444759 452309 425864 479497 436222 493366 451524 467659 478421 458526 482045 454841 502133 454731 435562 480275 482996 471453 462426 455988 469749 464770 464224 465735 456197 495463 455156 493546 472123 464911 461452 449992 481142 469939 461696 462104 453793 461973 453585 445784 442277 519954 451549 474469 450291 445246
510081 487509 499606 515977 511577 460070 513543 500436 521908 444186 491331 496939 545257 464568 483096 494971 482280 537299 508445 506924 528801 530440 452405 502740 487503 507441 478886 475622 500319 547271 530913 454075 513686 529755 498594 481276 506809 518228 466382 521592 461458 526052 498489 545822 469257 512063 476954 533417 525565 511597 500400 450768 444875 493828 504535 504521 517445 485145 509376 509582 494498 503300 478396 516773 509001 517882 488125 515101 491790 520501 499403 458073 474708 491167 452168 456906 483814 505715 512705 491216 503962 533462 488264 482671 496968 505182 487094 493420 485330 484454 493964 536691 472182 490358 506447 532669 496029 467298 504930 530812 537448 485847 537518 498892 477696 506758 521722 514179 527095 484601 465730 481270 469389 484159 504201 484999 511319 465337 529747 531384 508525 479561 497422 542239 464726 454323 463240 482609 521354 486382 511395 483756 531649 515199 528638 515619 520919 452163 519432 483000 479488 521209 465993 501652 515076 510151 507138 463242 512335 496359 513106 517221 518900 509027 505247 466820 455070 484689 498680 475008 479624 481563 517109 526823 511691 515320 520190 442933 515900 506604 483072 494037 499211 477212 510089 477576 487956 483066 485797 529801 491346 519362 520215 468995 500980 458368 530682 513670 457220 506548 490093 484810 462903 513917 503905 563020 479780 520069 460119 501856
481313 495563 478159 508998 481357 446287 469309 497470 538791 474303 479899 460290 508725 485808 489658 474435 490752 508849 498200 496701 526621 506499 452218 499098 476942 513410 465219 463358 484507 530147 504271 470073 485294 506904 475663 470807 511782 516523 474109 515432 446974 472644 499940 536371 451958 480684 470349 504881 524216 506369 514174 431528 430321 472809 488977 496147 484418 487915 492347 498973 489623 503993 454179 512223 496870 505707 470006 500315 473057 524551 504897 474454 471220 492446 475276 452773 467595 504744 508421 458277 496092 518481 507199 479116 466364 501203 495543 502178 475355 492514 497121 536529 456209 454212 490418 513647 471842 467316 497043 525891 507643 473187 546368 478500 504115 454275 499511 509488 529146 478072 479017 471409 473580 489819 493412 471323 488965 453471 529150 516719 486076 450624 478213 542001 462963 459036 480876 498402 505948 470326 485543 480604 519191 491676 475137 525024 517763 452539 500973 468971 480674 506017 443507 480938 483982 485717 512333 490309 483918 473682 521529 504081 486242 508506 476306 472950 465152 479807 506498 484755 447614 473777 506487 497127 500103 498473 520400 460713 489427 511394 467408 506732 504651 453301 484385 487935 496942 495484 487579 517081 476545 507144 507744 483692 493059 461233 503749 502533 455519 501665 463059 456157 451165 508164 483299 544606 482427 497097 474703 479799
441925 444558 452434 450669 428138 425403 438604 433121 459464 407536 446098 442709 477681 441440 427186 421802 431875 471611 465148 472168 473893 473211 401432 435801 425454 469787 437627 425135 445216 489862 482401 406744 426329 436230 454268 415193 452251 465673 415178 471221 403187 418810 460127 468830 421165 447925 434426 476867 493888 453546 449866 393495 405020 415509 458004 436127 440170 416765 457375 461440 420052 462656 415256 453038 451072 460744 453313 447410 419418 467944 456882 433000 416903 413548 414571 427349 427913 462544 443611 424800 471625 444373 419783 435319 416932 429920 430297 444181 427474 442879 459704 452976 406596 413178 451544 467373 432817 440905 447982 476417 474648 443267 479701 441287 443859 453199 457270 438561 485245 467521 420964 420294 426182 433720 430222 457789 468367 403486 456838 451806 416405 430692 421267 479715 416118 438201 453139 444572 461369 420193 458483 420584 467170 459080 438714 467806 444072 408091 460889 453198 400015 459646 427219 427251 449354 444418 458710 445319 441283 411840 459431 454099 459804 462293 439710 415304 419129 420360 445287 439012 424020 451559 433877 440824 455556 470584 466780 398168 425257 451801 437037 461729 438697 440416 444515 449485 429426 457220 430668 448627 437802 464328 459832 427541 461001 407003 478936 473878 429321 469372 425860 454182 432824 436530 430307 485680 445695 444981 424528 465181
483498 488474 490038 493479 477247 473921 494350 471704 521094 435368 498276 487938 535370 483246 500223 471723 472422 489005 512302 491804 493467 499894 459732 503547 473860 500619 461370 470751 503491 516839 507286 431612 479141 527446 483476 477576 492576 495843 450322 519308 457300 485926 493136 540851 480284 519857 468699 531867 544029 525897 508374 439464 447971 494557 489315 511090 499561 466422 495378 496831 474296 502721 461900 509976 495293 502681 465284 499749 476578 528723 492423 463150 460840 461745 473438 475101 478028 468851 511702 448714 511433 530958 483108 467380 454406 488235 469310 466776 473777 462029 504867 507760 437259 470104 472217 518884 458653 506896 488691 525307 513024 471238 508288 489926 480690 505414 504362 499083 532749 486851 475664 465945 461192 473376 512779 496511 496270 430946 484750 512379 474829 447119 459087 527153 458737 463931 453846 474502 539517 478158 483821 465635 517510 501536 518928 529361 491307 453208 519191 466036 461381 507783 486017 470524 495743 482890 497854 464023 502496 494303 499278 515578 496144 478786 485551 482936 453739 474383 442612 484540 474628 460865 489136 513425 505623 510470 507828 486355 473485 493187 503065 506394 477850 477042 503358 494802 464924 498096 496695 503313 471289 510506 485576 458867 480839 440629 507603 528312 468369 507962 499074 486172 456564 484391 483249 567914 475273 475807 443487 510398
481692 452045 448362 453330 439332 461411 444363 469835 506293 427412 450731 465010 488458 481349 447849 462061 471180 487032 500760 505610 475139 491579 427136 479752 457411 463456 442484 451340 483819 506422 491737 439762 484806 491424 460130 448369 488739 481447 440205 510405 426925 463001 478809 513098 453165 485530 442297 513805 527594 486055 455439 421799 451820 448527 462669 488792 482784 484729 478735 484568 469105 482604 451288 510985 478819 473507 464395 465749 475626 504661 495030 453465 442910 442360 439805 436849 451919 494886 479321 464818 490608 481195 454041 449631 442554 466063 460812 476140 446223 465908 477673 505170 433266 438595 469154 488609 471313 443592 483659 508134 475953 457377 502815 452721 472516 481160 484954 470965 499123 461064 416267 455589 459033 465180 451436 470048 477605 467424 478649 510372 436420 448369 438681 498839 424548 441741 441424 430636 519835 464476 480588 446199 525626 474462 484804 512932 497462 429572 475574 463488 457181 504066 437639 482293 497499 463727 496715 462483 455620 459096 495932 495197 480235 489976 468516 467456 429036 463224 445554 453731 434080 450702 466101 477701 476873 477892 508343 451950 461871 489388 437485 479065 471866 461446 497232 455849 463731 474031 459062 496874 484366 486561 449578 472556 463118 476511 479462 488211 434054 512245 430444 474296 421369 458311 455078 515199 446828 472631 433893 458035
505833 475902 506428 515820 499923 479829 496086 494732 516595 463842 510226 503126 523951 492262 490434 503722 502806 506612 519117 498318 537246 523321 467712 513683 463638 518863 484007 505045 511342 556335 537035 476805 527060 523381 501855 472310 505635 512123 497723 512460 443486 483525 509613 522282 484844 506316 501802 537999 531302 507305 516356 433767 465405 501552 516798 525604 490135 484617 513851 491148 501629 516100 481079 517663 503954 514912 512364 529063 482452 562165 519524 488237 466937 470291 476587 460136 490103 496305 529783 514068 517398 503265 481684 487700 474129 487415 484343 492512 490192 489315 497152 539907 469378 466796 505613 514646 482816 494431 524843 528679 527492 511810 535465 508844 501703 493946 521694 502060 554006 525737 469613 472338 473300 492655 488049 490618 516014 459223 520617 503668 496803 464001 476066 559614 458565 482134 495746 490480 520263 485995 501974 478641 538059 513714 513578 538732 531433 466023 507261 495980 471362 528040 460902 500752 520406 498247 516687 478108 497825 482815 532292 518929 533552 524069 499040 478884 457649 477869 498628 521269 451926 476798 500278 519933 500929 516089 549006 488736 499447 501543 480307 533824 506023 479151 505723 508881 502795 517223 460857 557627 492679 532022 505165 511123 510791 470889 535653 526698 463611 504189 483909 479137 490510 494054 488271 559610 487350 494819 483543 498104
470815 487921 492400 484485 485612 460272 474014 475112 497757 489846 491755 469445 499121 475702 467944 474938 489623 511763 516623 509789 491351 511149 453306 498874 478000 525491 480779 490194 481745 521030 535332 457552 495893 531438 473983 467221 469856 494620 454947 504954 460323 470812 464372 523577 484375 460214 484738 540088 498573 499183 498556 441001 448756 469017 513235 501844 515807 488696 493709 480236 484039 491533 477267 502997 497954 509288 473227 487491 448151 499603 469183 475991 464909 463563 465884 448865 487562 498436 508584 475649 521217 486584 492994 472366 469109 471931 468902 501968 466595 460813 486982 529369 462442 475343 473898 551784 475063 490769 511731 524591 531401 485371 528084 496167 467979 478065 505857 482996 525612 494470 459794 467300 461852 495942 491632 475178 494159 433936 498086 499465 487341 477099 446634 538020 457779 448028 447037 474664 508496 468590 477851 469161 494383 478951 483471 495185 492999 438685 502337 461975 455500 488157 453728 474170 491436 452482 496056 472552 463969 490368 501744 498607 489457 479240 472085 459538 431243 484270 464750 467729 462216 476939 514385 493165 503824 512076 490135 470221 479925 493444 479208 490703 505403 462780 510905 480824 517268 501000 476214 494697 469682 492494 483436 466047 490065 450655 518055 525194 446507 496128 475133 488396 465598 507147 490508 544110 456285 498751 480891 472664
547411 517616 532920 518909 523187 514245 527768 529157 578845 489414 542882 513340 528571 518996 530229 492314 534921 551691 573682 530450 548431 537524 501786 529834 508863 534246 504499 512724 558931 580712 554283 490493 546371 549529 518463 511461 538900 540510 507517 558349 490521 516418 514269 570540 500683 544315 525749 585219 556051 528457 545560 462975 501765 490385 536289 526591 538841 515454 558570 536530 532334 525659 492926 539633 559751 535934 523282 549286 528771 548257 547208 509365 505105 518154 521311 501329 530781 545076 539353 535312 546921 542373 493598 528522 516702 532956 504525 523049 509898 533420 526475 571957 471023 531312 506820 550839 523420 523917 509007 571830 539959 497900 567752 518978 532580 542797 553357 553730 557120 526399 506505 512993 481488 497944 515573 517292 543059 508779 549535 542147 525944 477451 501380 554251 502432 491555 513255 493495 559877 496340 526282 490411 590309 531632 549583 567625 552984 499717 531019 510713 498364 568613 495156 524341 543999 543243 556459 512611 526969 523073 547985 545961 541283 549702 534580 519192 470979 512839 522317 508935 506613 495658 549749 543002 545850 542670 572815 497380 535318 552249 531579 542893 529338 516055 513212 539355 509031 536330 513151 565732 530643 542895 530565 505227 534001 486178 552446 561751 497049 547423 526829 521280 508215 511025 512524 575577 524766 533000 501323 535336
491395 511772 517056 491617 485960 512872 484341 533227 555717 457041 518794 507695 528807 496827 518930 498280 519100 531719 552905 539828 528393 538254 465179 538074 506809 526789 491259 482158 509608 572277 543212 468909 527116 539961 504073 514486 525463 514099 477680 534357 467187 511499 511829 558693 514288 506485 529713 573631 556881 523456 529719 451094 493623 500517 537406 534714 535714 524120 527138 511987 521208 526754 487539 539700 529287 533546 497667 531631 502728 566086 537183 486566 486504 492709 480314 490354 512291 501288 515385 494236 529554 533885 487957 483776 488017 503739 513300 515983 501684 504619 538204 556370 470397 504109 496590 554858 509445 499411 526541 555500 547461 481653 568930 522326 505609 511378 522755 508337 559361 506818 495131 500788 494990 507644 509728 518704 536331 471867 528896 547560 495156 482173 484328 560284 476026 482808 488083 497175 541711 507010 514153 491581 547760 516760 508020 550230 517303 487165 510306 488885 501507 526898 491964 497583 504810 522329 522041 492905 507794 491078 547006 504487 523424 526239 502876 487348 473812 492639 511948 524013 493292 490331 515123 537175 522684 536125 546816 499843 495337 528660 528086 525620 510642 489177 529386 518549 530363 516285 492908 543773 508465 543325 526417 497838 521179 467026 531992 532521 497504 510585 507244 487201 495047 524736 496394 566518 491929 521164 486575 535302
495152 530799 508022 505756 506511 499041 487792 514353 524560 478313 539570 494125 533923 509292 523942 482742 490775 541978 539526 518708 516897 525060 468431 530648 525695 524224 520069 517968 527480 573629 555172 467824 519071 529485 525673 484143 520200 543393 495834 527651 500853 503875 514745 554060 505673 534840 522973 551011 552000 519121 530229 471020 447294 481418 517379 511286 516003 512313 528973 523427 502215 548684 495619 537225 524633 545301 500497 527739 506437 526659 527936 494141 495202 507835 492542 485336 517397 534971 512167 511061 527883 558854 524497 494686 493097 509850 505012 502693 509981 497408 507443 561909 474801 497273 494742 537177 504452 517008 508423 578854 542097 503216 538234 508136 514556 515097 515349 505084 566818 523167 478327 494290 468220 494349 518500 517614 520595 454849 535459 532018 476456 489336 479703 541790 485130 485339 472136 499083 560478 497006 506379 496157 548245 521172 530431 554736 516887 493015 529202 477631 477473 530509 488565 498822 534201 525012 539417 466840 512532 501650 531179 535563 508404 529831 492387 513026 472342 506247 512251 525160 487472 512550 520977 525401 547816 532791 531935 478007 507700 562669 512434 506753 509288 487048 516767 509691 514913 514482 505776 540339 520319 530637 507024 516271 514162 489417 535260 528202 497441 520143 505089 509092 503328 530294 516163 566003 499834 521897 478670 497759
504571 511857 503323 517958 494719 510925 509856 520924 525442 488155 509806 492101 501879 476024 498756 486866 514514 544597 541083 517809 530241 522804 473053 503664 504352 516051 502561 518238 507069 547746 531809 466775 536092 549400 514687 513512 512470 539853 461118 526894 472065 500428 516265 553470 474377 519324 506398 526213 561074 545444 536447 464625 472859 506554 504417 510975 515949 494365 508751 514160 507711 495096 481167 558847 524064 520951 492642 551243 504387 542078 520682 485114 501616 497488 493218 473721 494952 517105 542073 473024 539677 534905 492262 503714 474342 524259 501402 529469 499382 494149 529289 567910 495640 478104 521569 541074 490945 490873 513393 545689 545693 475320 554089 516456 502427 501756 491094 500394 565857 503015 464351 462276 500934 490345 499072 506694 502938 461973 528797 541133 489670 518349 494469 556986 472146 498956 480905 500364 546169 497053 525544 514764 533557 528398 538468 534532 517308 488899 522257 498611 490083 532353 463980 519330 512618 495858 527814 493119 502521 499922 537404 531877 508605 536792 493141 488689 473959 507684 492771 498298 506403 510511 523898 511518 524996 502015 550299 474733 520628 544702 515421 501202 493441 505100 524661 490900 515367 499968 498654 549274 523524 531351 519287 491474 503182 490591 539349 516370 484000 535047 491123 508371 492670 529204 518715 577260 498750 510301 482156 499977
526053 550354 542179 542045 484457 493356 519296 527433 530562 502156 521740 485970 520146 520687 519920 509476 501357 528151 558427 518059 548751 537369 504542 509844 514895 531674 514480 506139 535454 565403 554051 467222 529569 554563 532313 500433 520742 518622 520145 541874 511520 506866 535388 559589 507234 539143 516869 586944 581823 537986 532309 468242 473848 498731 518602 530685 563210 521054 544702 531212 508671 526875 487000 535820 532874 549006 502719 524924 492953 536085 534346 489183 487966 494949 507438 504439 505325 514021 526118 491642 557676 532464 515386 492831 484711 529068 531948 522622 516066 516438 542747 576575 471442 517494 513859 554228 531050 540726 522573 567518 541109 504223 556497 527044 517504 528772 538303 520788 565607 535394 488642 495748 494718 517168 523135 509944 536380 474333 561769 545051 503132 509665 502542 542185 487198 530187 515521 468318 563042 515931 520692 520535 554782 503758 550195 550709 535033 489797 514990 503922 486696 538510 493435 529412 528130 528068 541005 527507 515266 516427 544901 544612 537623 540545 532351 515453 476199 509887 493227 521750 503907 503228 542037 515709 532582 538949 553352 515925 495472 531485 531226 521459 525640 531002 534616 512620 529987 537967 515735 550164 527680 519004 518580 486158 509569 469698 542830 554939 527320 550772 483288 516091 502582 521792 520043 622876 504431 523450 512957 523397
521491 501896 499508 505718 493194 502418 495022 508750 540651 468589 503809 497463 511495 508515 501977 507529 496078 518755 553406 528756 522956 525396 474148 507413 491865 529284 490722 504444 517426 571448 523141 491293 512331 519291 506642 482377 506894 544387 481054 555595 472663 520907 507339 549606 507414 513277 494238 558091 556526 536520 509189 456520 480002 504646 503100 502137 538058 494418 525769 501779 521767 539894 486486 515363 520111 527183 492387 538929 500345 524845 531367 507202 483400 491155 492621 498621 491881 486726 533154 497593 520712 552913 519596 516757 479265 518739 509482 520916 482573 508470 507440 566142 468688 499134 510517 548817 492019 522894 530147 537968 544699 495219 553117 531591 520976 503924 512069 515808 543183 506562 482654 474106 480213 467381 523041 502140 513596 482122 542696 526705 492568 504255 472472 574770 473506 504097 476594 507203 544811 481370 491254 479623 550670 507182 528891 557723 522272 490853 516981 481082 494815 526117 472049 526260 522211 504032 519063 507165 504978 505636 520120 530238 521235 511696 507050 504189 452618 509789 499221 497367 500973 487672 512028 508558 527949 519374 538095 473840 504624 517439 524646 525869 495634 506293 524312 511356 509425 513500 513801 523212 531183 526842 510266 477127 486929 487988 521212 535849 503840 527393 499862 525261 512137 513840 512184 567877 478168 529943 488305 495614
494054 501834 500539 494669 489669 502688 506366 504321 513666 461253 505672 495085 492242 492979 501918 500262 520915 524677 547098 523801 517576 516687 435896 528013 471560 523832 477757 504819 507062 572065 513252 455053 498808 519731 506061 486285 527934 511504 463941 524518 474226 495159 472864 532762 485457 495160 509016 532265 535269 503385 522602 458736 466523 471344 485448 506016 519057 472657 507768 500922 486792 530024 487278 513718 510994 497986 502253 512373 481094 531471 540883 494306 492696 469546 490931 477713 482480 498614 532762 469554 522696 522060 495623 488688 483745 507296 475665 505560 485552 480309 502530 529734 462622 483389 486871 530519 497512 491358 524471 536763 557136 476597 538822 503616 501131 513722 496090 509394 535424 476648 476566 453962 479177 463964 492966 505609 499970 460437 497018 502426 482139 471002 461520 544272 440099 483457 492161 496156 541670 476518 490879 476909 522110 495903 517410 539962 501048 463134 502144 479037 458429 519371 458524 474653 504966 495141 512034 466179 480853 468908 502443 521502 513746 514543 506278 461924 450412 504061 495445 513883 464026 499317 488730 508182 508519 513707 520778 481810 496615 523380 490435 484596 506109 478947 500299 489723 482192 503607 496123 524806 518128 538663 520431 481336 489577 466085 534641 516648 459068 528965 478360 476950 472771 489417 487629 559377 484202 504870 486139 518092
528731 528133 528158 549415 533452 524344 517609 547621 550862 502672 522845 537287 540419 525203 509692 516976 504496 556331 563686 541917 540473 571457 501711 537754 510740 534742 517493 552007 526015 586404 558789 479872 552552 568946 531755 515309 553624 536063 501572 549859 501291 503708 507773 570110 539551 560241 542020 587936 577315 551010 536079 473209 477562 499597 532094 539491 512659 528271 550355 541233 565818 544843 508726 536370 526541 540664 538269 543309 530887 570160 564872 507950 522184 502656 519971 501081 526011 536307 536950 512315 560044 565354 521412 505254 517239 547712 530042 538272 534018 508315 516809 578431 500554 515759 529934 564542 537124 509985 547315 578718 558689 534061 581981 524337 517604 542451 547250 526018 583229 524129 512679 510431 505870 506315 522393 513968 537852 499225 554723 546075 520618 514527 502312 566967 511158 503061 523520 508199 573096 499342 515757 519256 575017 529207 548464 562028 555447 484252 547695 512525 506142 554054 479771 524844 565770 529053 563516 487281 532074 537022 544228 542963 546767 538302 525913 515244 483254 522944 528723 531265 507109 526426 541699 525468 525969 559083 552772 507167 514743 549921 516109 551285 564969 511790 526935 522410 524816 544261 504235 560871 503679 581653 529525 529731 515561 507758 565117 559520 495719 563303 512713 519851 519505 532097 538929 603491 525336 553027 482540 545743
522711 533266 522331 541365 513257 501260 526951 519906 550754 508624 524921 526918 549428 519902 532757 505033 530818 554600 550287 539689 541699 527406 491720 529858 530813 548659 515842 501952 540743 560534 570474 484584 525944 557905 515549 496650 540651 537099 498324 554781 494394 513231 537197 566663 520503 521130 549050 591763 564169 550609 553560 467521 472163 516583 531627 535974 555399 507566 568496 517567 530628 504657 500643 539730 545532 548548 522209 530607 493498 551928 527865 510618 492126 497622 500786 501040 522994 530894 556008 503397 557780 520465 487402 517692 505979 538032 503658 533321 516972 493966 536850 590501 485034 510324 541318 550636 521670 522967 536132 591700 553526 519213 562083 517076 521680 518515 540953 531032 575233 532683 515897 488920 497227 508451 535368 539553 529288 465507 557889 542800 519254 512943 493606 564974 500141 515508 502557 508627 559500 520642 546360 516398 562679 549799 544605 554527 546250 503187 533118 512558 508436 547014 510798 540913 539914 527431 533579 519811 528452 493573 536581 543826 554680 551418 525048 522600 461333 528049 538229 522202 513990 518875 544744 525396 556533 535285 565293 503752 517226 534050 537099 537185 537866 514647 517376 526189 537098 543173 518684 557162 517767 544366 534572 510752 520076 485275 548537 560652 517098 569188 528688 533180 504451 535903 511398 610934 535396 513313 518060 541271
471837 457442 457166 468270 467341 448097 470977 458503 484719 449248 482121 442211 479595 445501 451697 467005 462821 479241 506220 482528 490209 479311 408776 480151 462854 467487 453628 439184 460823 493258 472004 433919 465330 479508 455195 423352 461266 495862 468131 461303 444875 458540 471203 485136 445715 457012 448740 493898 512881 476922 475839 426573 442995 477040 488332 474698 482949 472635 497940 479153 456448 487831 416338 491232 462080 488649 447361 487992 449958 484940 485497 463549 457796 458285 454387 431578 455886 494154 497590 466523 465126 473658 450793 446603 438939 464200 445682 469103 448536 465044 473390 505186 456717 445622 464268 517420 462004 459546 465431 486441 487883 473930 500444 483906 442814 470037 464986 461076 503981 469108 426180 423156 431517 445069 447309 461099 471588 425951 462045 474363 454459 456492 422737 512999 425181 455033 436864 437992 500783 450873 473905 451251 494307 484387 464018 503372 493319 435756 481268 451752 447906 497059 438584 476141 468056 439234 500233 461737 476020 439995 488805 478237 480211 500745 460712 450873 416836 471822 438068 464792 430137 428076 458648 475447 501078 472980 489496 428731 454227 490615 456492 471626 449963 449625 471240 464219 471814 462710 416519 501109 467765 472031 465067 457724 479816 426040 490033 489114 439461 470129 441066 459717 436455 468622 451105 512200 457443 468556 426392 444550
508633 507862 469817 508384 469917 478562 483993 469292 507684 440819 486110 450324 488354 461712 477991 477997 474587 503209 514229 499306 514271 497854 429973 497404 477183 498539 479513 473251 497104 524297 511789 455426 496885 501228 489692 496554 495690 496188 472317 501429 458897 445179 472071 535258 467882 490300 452849 526887 523175 482223 490310 428395 420089 479690 496063 500850 511778 468038 505073 500155 468720 495596 457035 511774 503641 487729 473578 483537 468476 525483 486437 470633 455337 458107 454703 472847 486887 495909 513476 498271 509078 500545 476856 470387 457138 480532 470376 494671 459198 483058 489857 502812 461599 467916 491907 509885 476196 460361 483459 517475 520546 477345 529966 489546 466076 501396 494271 484263 521047 479423 434399 447179 476171 473478 465254 491118 496968 441783 480999 537435 465389 440482 479149 514417 436712 457276 475848 460086 513158 476277 477877 495451 515568 470760 487569 507752 499058 439469 505394 484586 465244 513378 458799 486054 498501 457317 488553 482295 478320 451480 504934 506295 487171 527881 491231 480792 442126 472477 485674 473103 472523 467958 479259 497138 490239 497932 525139 451470 490311 504653 478137 485214 481364 486695 512894 480398 469582 492213 453794 518078 488357 507456 490062 466112 490578 453370 525372 490933 443529 495885 480946 479718 451061 472961 473435 554938 475619 513763 468472 481159
533060 539910 521727 540104 528419 518559 536931 543373 560985 509548 538645 511601 535479 526411 523297 510630 529971 542578 587659 571899 537661 564125 495164 547190 519281 580652 541811 513385 542172 588294 568684 508686 534025 568941 536369 496867 543206 553586 510041 547548 498573 506258 540434 586694 521050 535645 521790 616103 581111 554676 560509 469319 509501 516911 560635 549508 552437 536449 552869 546736 529911 553769 521658 561549 554638 549880 533404 577079 513853 559507 570191 517867 492818 494049 514498 515588 536944 544486 567616 522413 564947 554718 520486 526290 503760 532095 518573 554125 535507 533360 556715 567933 498340 510747 533021 567345 544877 539440 570049 577951 566000 532089 567033 533837 536842 522857 544429 546806 587921 534576 500088 506622 497035 505969 525690 539716 558921 488412 559862 555971 514714 525565 495372 564826 491595 521343 507919 525386 556318 510002 524138 533812 575842 525996 562245 570478 551575 499289 560301 543639 510069 552961 520044 529272 553590 536610 571889 517290 539142 516843 546675 551827 531399 551178 548254 538694 486923 513784 509862 528069 518074 512073 558490 557321 559584 551035 559248 512992 530159 549749 544370 534618 537965 519036 550215 556683 543583 571504 534319 546889 541596 557653 536290 516051 536738 502956 559627 574945 522883 572063 514678 536976 512711 536968 518824 596035 543853 567017 505559 534994
482240 485239 479803 477603 461138 461649 472934 455197 519218 444858 472078 467594 485656 488275 460392 465262 471165 493054 490654 496191 486550 501250 453079 486716 469339 506775 459185 464562 474909 518566 531685 455887 484833 509634 483846 441906 480869 491735 455952 493691 451651 469404 485513 529042 483812 472008 471453 534390 540846 491985 507273 422994 452124 476132 493805 498598 499080 460599 488280 476310 494420 483349 436691 506271 494925 503901 468548 474694 473160 520202 482333 463746 444393 437875 476979 447310 478087 479627 516550 485798 508140 478833 471553 465330 448110 487719 455646 475414 480473 476676 506556 507221 442620 443627 494681 496197 459466 480687 504272 516153 513060 459995 545209 480041 467076 468776 498528 492450 529334 466104 459797 478458 449302 463828 490489 475609 482535 435330 493225 507260 466332 450004 444956 526221 464871 475352 469718 481280 509273 474175 479917 456425 502885 481629 499966 519179 500289 451256 471486 458394 464880 491868 455993 476349 504613 461798 492947 464388 473165 459365 507499 503595 475321 492298 477137 480510 448111 458897 487035 475361 467756 462316 504363 480291 504641 507929 523099 447671 491173 478386 486173 491905 482254 459090 481955 493263 463881 494409 472188 512756 481878 482214 502605 483390 478787 446931 511804 515523 460353 493333 482166 474737 472393 486763 494135 533229 469091 493655 485644 479853
494656 501019 479165 474491 483175 473354 477693 511183 514054 472017 506483 478044 507007 496124 483738 480375 479072 522847 511718 523317 511156 488101 441023 503797 474715 481664 483659 489163 488933 528599 530705 435895 505416 518906 482768 492531 494399 497274 469209 513335 451711 477624 483769 532581 479445 513618 489300 522241 532203 504064 503297 447403 454927 487534 506965 523423 471686 502724 502242 475247 488091 498530 481533 537185 495876 505058 494067 508930 471588 535012 484122 476063 473070 475764 450565 454588 481044 488157 498434 487827 517374 523800 472920 481818 459825 512814 484557 491572 465042 470890 510633 516927 446168 458674 502250 532791 449435 486170 511138 502959 499668 483529 530739 514716 484061 475919 506231 500151 540107 474324 467353 473988 461094 472463 488109 478469 511053 461565 508749 489708 503557 464139 466945 556433 440636 475337 470513 475277 508172 465758 495540 467011 535112 494833 496777 509397 513156 464428 501649 485402 480854 529822 445092 504734 476142 500600 488026 478579 510530 494126 477339 487071 497100 534228 477971 449780 460387 481549 477090 492035 485306 478194 506635 496797 486326 517174 500884 462965 498777 496007 492458 501118 494577 478263 496313 497498 474092 505829 478966 526854 473655 511481 507937 480564 484525 459524 513455 525855 449579 506319 471555 462085 485496 502278 472527 561246 487265 529802 481616 509512
495653 499803 470712 484169 469318 472520 465023 490550 526521 436592 484045 492476 481708 453398 476546 481241 484148 499917 494163 506749 511745 497310 437144 479893 472040 516999 486216 477470 493710 521674 517198 458393 497685 499861 497374 490310 514382 482595 441970 507677 437050 488943 474374 524656 452480 490646 497143 508014 542641 513878 506970 444017 431503 479295 494556 516951 487447 461049 486809 475256 488736 500023 451152 500817 490669 489838 483843 509777 468052 530989 517606 473167 466504 472748 453144 470334 484806 482301 513466 471607 504265 519465 464681 473182 462780 489489 475490 507183 468517 489719 502319 504772 457250 478473 468901 517336 478328 490869 495953 529261 512398 465285 519253 496750 486650 465504 498794 484963 540397 479407 455641 446759 438448 450505 479880 461724 510750 443505 496872 520911 458173 469486 460035 527302 459681 455051 467563 471874 515535 464355 487286 485899 514768 510538 508333 541613 498475 456078 485332 482155 473273 497555 468725 482569 507799 488254 508416 458653 471676 459464 512926 506559 498558 514984 485480 466267 441863 480224 490152 497175 445666 487641 498634 486713 492555 496894 517651 471324 481477 527797 468650 466566 479615 480033 496609 486027 489608 467620 468943 500967 487339 514374 490956 481237 485872 458612 504168 486093 464088 514000 497150 476689 471767 487271 485384 537998 469598 479867 454383 487230
456426 484774 479258 479974 438807 433097 450179 442739 489722 447878 461270 464367 475232 456547 446471 452700 454619 478836 475846 493702 476759 490144 415424 469523 452446 476704 451587 444035 466429 495317 491164 414326 442232 485556 463901 418126 492814 489336 443266 474518 417852 467060 448236 514951 456306 455371 470271 478584 487690 476623 471555 413310 435847 448048 468288 458505 468087 433216 470751 467093 485331 475316 443441 454036 461513 480499 448239 496653 450069 511967 483318 426165 413773 444877 434925 457134 451297 475508 459649 453671 488248 480836 451809 456327 446754 461506 441325 458223 439224 459089 456101 468052 421491 450164 449635 478431 451064 474107 467576 486469 480427 450353 496444 466877 470197 438474 475897 455118 485819 474337 447323 435289 418736 447940 453427 455498 471903 417596 472003 462893 442382 435748 415792 496710 426674 430819 447722 425308 491378 436951 458273 448767 503087 464149 456643 510392 473381 436081 448781 447729 436694 487247 452930 450610 489625 444166 464187 445641 462393 422203 472359 490210 473262 465416 456682 443550 398304 453304 461313 455860 419656 457961 465369 477457 460047 487362 463305 430296 472289 464894 443800 478832 457225 446207 467744 465316 436095 442387 438697 467226 469836 494107 451090 452411 472244 415274 478882 487280 436237 467871 453718 445540 431237 454678 452016 486482 455528 478894 436768 479795
502327 506854 508166 520220 487926 462053 502151 511489 528218 462789 506557 505138 529059 493384 489755 497231 484106 538279 531336 520792 522521 511925 443714 524264 511745 518523 484014 488896 514346 543538 543009 462364 483931 545174 508181 464965 508594 503231 465865 516688 477307 506327 516354 539470 473901 530439 494569 554645 536265 515210 526708 458988 476684 492438 505913 517455 506384 506199 525244 514205 498382 509260 481586 538663 489096 510824 504514 529751 495566 526040 505135 501307 496426 508673 483276 476058 502459 511403 525174 483349 509265 518639 480487 477124 472340 478383 480144 493105 505432 495356 511221 545596 478082 475073 483600 540193 481402 500031 521824 537477 513878 490891 531439 508725 481183 478380 522409 499325 568802 498867 473220 472307 452123 487875 494381 502982 508222 445952 542075 492460 503565 483086 478866 540819 483155 487278 478237 480222 556714 478304 503102 486976 526726 485498 522128 510147 533867 488241 518101 479019 494557 512604 474432 493031 503488 519866 518398 498410 519744 474614 523279 523368 528037 560692 490358 497114 453523 475001 513507 495848 489022 482699 518922 497674 519736 505996 530403 488944 506202 514668 504394 509586 526498 468339 521184 517455 486889 513887 471412 551839 484424 523958 505623 487262 496104 470987 533745 523277 463367 535891 512801 489887 481643 506882 497896 546573 517448 499915 495766 500145
497158 473229 487194 502317 484243 472382 491963 496303 508058 435894 483275 456610 499184 455801 475689 503909 474339 504655 514969 499572 482277 485040 447105 511228 470115 497349 480554 488155 477722 516147 496157 456620 479787 509409 468452 490922 494605 500192 458968 518725 458101 478723 483513 502116 465953 486582 484148 536608 542614 500039 491921 419224 469187 481067 496952 503072 501673 485781 508509 487775 494463 506649 457240 516488 490929 464096 474140 507369 479959 499911 504157 465860 442190 463263 444784 441759 465818 486433 515863 495700 499837 518764 459779 456580 457218 481853 469173 492575 480343 487523 498535 515064 459426 455918 472380 533211 476248 483113 491955 518731 513212 473076 527049 459711 475976 492815 509451 487208 561375 469544 447156 460406 473575 467223 487750 479250 494812 450399 496832 494027 455788 456637 446246 531554 454235 463770 463805 484131 538931 478194 490088 468855 508301 491857 514844 526602 507655 459241 500237 475260 467293 500475 442832 473418 509542 469073 513680 463522 468324 457627 482756 514241 489614 519159 470472 481090 451812 495013 468761 471994 469038 478420 480987 489112 498564 497328 535330 492465 480694 500835 484383 485387 474699 498628 493779 485781 486693 484927 468175 513906 484299 503785 488877 476135 473163 470281 496740 504889 461957 503282 470253 489619 467355 496288 480543 553346 501499 493442 462529 469555
485909 455623 496626 465281 472198 460135 459624 485194 483930 438769 473443 464673 494088 500184 465643 462189 473267 505639 498568 485483 493311 491898 436433 485275 449864 468042 468508 474134 488250 515363 515484 444394 488750 484491 482576 444874 495568 504606 442153 484218 438614 475838 471244 495246 439449 488765 474609 509604 529311 487207 479134 442431 427858 470134 497553 483554 476114 473345 498316 478405 478877 504097 446358 485021 465485 472520 478137 495773 486600 512756 462698 455416 434176 469172 455083 441903 456911 489145 500492 453449 508681 492338 467399 472452 462010 469900 471201 469207 448425 472839 479236 532962 452760 454778 459184 507759 446830 468839 468084 501153 500736 460858 524161 482057 485041 484059 504828 496729 514099 458108 440383 466807 456711 447641 462179 462629 486421 443046 500501 505828 464887 452184 459289 513163 443928 474355 454786 458018 512436 465583 486556 458386 519580 480063 488495 483220 498169 444911 496343 455307 449733 527940 446083 474660 478705 484225 500452 461167 462993 459955 502281 487217 496216 511522 473784 464886 411885 491576 452086 493738 470841 470962 471989 483951 494443 486430 494221 458128 455549 484683 471321 508790 468890 478626 477094 460278 481445 496635 451558 508376 481706 525341 472961 476700 481889 437286 501505 494899 442368 482175 448077 467655 471395 475102 471621 527745 452747 486587 464941 472273
518494 543734 500787 531678 511506 517585 523160 531142 551548 518228 558595 501291 539929 527786 531482 510016 515593 548796 578519 532321 540156 514589 489000 540485 528927 534356 527077 526523 524980 569835 534094 482549 525704 536515 537776 503603 550193 550130 506997 552249 498236 489648 529179 564785 503003 533491 503655 555981 574326 535063 548981 498387 460766 505375 548304 543843 531235 506628 539018 507711 539483 570158 516254 564902 522841 529751 537164 552062 494986 569183 534062 525385 498053 504358 506025 494767 534611 537444 552332 532768 543246 537978 539420 504598 483420 541204 525758 518287 513869 514164 521483 557381 488773 514806 520065 548174 502546 526797 539906 560682 542223 502123 564279 531202 531965 517761 533546 547435 584458 505647 500401 490970 499248 482529 526969 529027 532527 478530 537653 548514 524520 486052 485015 546463 482284 508873 504125 523684 567990 496839 514954 525827 556173 522455 516441 578662 527320 468672 550058 517577 504408 571338 491314 532499 524050 516356 529226 509518 528144 500190 547289 532601 528279 558215 520929 497107 483969 539142 525347 533277 504820 515719 512419 524085 550487 545857 531834 485824 510839 552261 528897 517373 540246 505360 534218 505905 527382 533347 528152 575666 512609 540430 521369 528011 522114 503100 532853 530556 483197 549047 511767 517691 497118 528235 527578 588091 510013 556469 532928 510199
474468 476757 455337 482699 455073 443245 466145 459581 505155 439219 495472 471886 473909 460776 450711 470431 481790 489271 506404 491053 494672 464454 436264 493497 453775 473316 478184 467718 479326 525256 493702 442240 495144 500716 490172 464092 489461 474550 457209 479018 448889 462564 476168 486195 432603 479283 458920 504096 515240 483870 489296 428030 417412 468224 463435 488038 489530 472226 488979 501215 473737 489281 433899 498830 456019 498492 461269 505473 448827 493683 481757 462166 456120 478269 455832 446254 482698 501833 489286 473632 497612 466380 470949 460960 456426 465850 461749 469771 446117 472466 478333 487071 438660 464587 452115 497707 459226 473789 489158 496143 483827 476996 496335 471141 472382 454067 463751 477679 516574 490719 461878 450060 430093 454562 472367 479242 493789 423816 486574 471774 455783 455050 459750 519085 435355 470306 450221 448307 531055 443797 453019 502495 502572 484966 485177 488424 479643 449634 489822 466387 452220 492542 444539 456114 487469 462305 478369 470781 476246 474685 499678 478992 480299 513705 486225 446060 443803 447550 460587 474279 443872 453613 478262 473572 491078 492018 501712 450961 483248 512516 487146 459070 477599 438104 471576 460413 473029 472523 445634 502675 478146 492738 473266 462069 480334 432329 491741 475079 450062 496211 457741 470313 452424 474984 494480 537282 460033 511356 454803 455054
501670 504126 493128 509575 473912 484451 500686 488718 533625 468898 502108 489405 516630 510512 474885 518731 486361 510212 527593 514207 514877 532054 454024 499310 484432 513448 466126 491579 497512 516319 535286 453502 514653 516256 489083 494282 526201 508087 484637 538445 457942 461936 486223 561188 482580 519761 502681 534971 538018 527771 517810 451760 456348 495720 509390 535292 522254 471960 523143 502802 504812 488758 470936 521107 510770 523939 481774 541172 478243 531865 518762 481598 468530 466070 470873 487967 502932 513894 525548 499508 530917 519781 487371 472120 491472 499162 492640 473474 489882 490717 512675 513416 456739 465689 490105 506821 507920 501369 508126 522634 500637 481043 522361 495018 503234 489573 512921 513864 553154 493995 479556 478474 465943 463480 469601 490060 523895 448059 510839 519567 489264 480730 468357 518090 475163 488418 505991 475748 544225 487419 500389 497047 539028 498428 518205 529622 508869 464788 508114 480772 478528 538944 454890 511048 536148 515414 517181 479287 509378 471592 531556 506717 507236 532262 490959 481267 459782 478199 493143 503651 489834 481345 531862 483086 507592 520998 538499 488886 504895 505312 495430 507592 507594 509018 512051 516365 490511 500297 473268 525468 514859 531163 504501 488967 498583 459768 526921 513059 470906 530101 495756 493331 486724 489602 491829 572796 508532 532312 482509 511522
507922 505241 502269 496291 486906 487682 482436 499052 500702 459000 497156 486957 510615 495926 503536 525049 489829 528643 544951 531356 519083 512411 457146 492809 491314 518221 506796 480920 519761 534064 536147 472850 513730 507221 528895 465226 516088 520223 489446 510280 483924 499625 501019 543575 488250 518875 508059 549145 549644 525537 523499 451660 469624 472858 507503 521526 538181 515244 524988 511082 492218 513548 458219 534569 508460 517967 520244 508862 477683 523960 529888 487724 483403 487929 517000 465962 498709 498787 525098 508262 526732 529074 491181 508471 505924 504858 515632 503312 478384 503250 522051 553690 481453 483807 512061 558278 512873 497951 492692 528362 548834 488672 532345 509773 482939 489458 529587 497877 553290 491452 482333 474999 454565 499086 504338 492345 510742 460332 504350 509119 516918 490503 486733 555792 466706 485278 465097 476132 541745 517556 515310 485696 519104 494004 532747 531048 512841 473972 500901 493285 490145 514855 480684 520461 495751 513600 538293 467480 509970 483880 544725 535289 533609 513737 502025 481389 463039 505007 487067 515105 485727 492148 512632 495167 523578 526178 497792 495727 495948 519413 521252 513746 516932 509105 508363 512469 510805 526404 470288 534386 482787 528476 489481 482370 505261 435275 507138 524443 492749 518172 464013 486127 488434 515817 493093 577685 500532 516258 487249 503008
518196 517464 525226 525972 490752 505732 505739 490917 532281 475049 518944 478643 557730 528629 506004 494556 516327 535571 547774 563213 537058 539990 485266 514165 508175 541762 502509 514450 522006 560006 546057 483716 533410 550282 524346 486645 522167 539183 483518 518679 484212 512719 500192 542255 474602 515423 494889 552258 533871 520469 537708 457948 492904 499053 537616 514397 520203 505671 528146 519764 517614 527119 477094 521636 518336 557215 504827 539451 490509 537867 518995 503816 507520 495729 493877 501231 500422 528932 516404 490949 534642 526662 509885 493222 475058 501812 498088 514774 494216 494801 511259 540847 478288 483885 512778 547900 531039 515337 530923 544254 557272 492459 541816 530200 510399 509501 505910 512941 564428 534755 481114 489529 511707 503405 522730 512310 523996 452143 518161 522812 481424 489808 491953 552922 486840 488765 491543 492587 560774 496913 498492 494018 545650 534574 510772 539531 517287 475835 539570 491432 473151 516906 478098 513226 526484 503714 546196 515704 485399 500610 542800 529488 527816 521918 507982 510942 446322 514094 493579 518394 503274 517505 514626 533317 539987 512384 525184 487724 497682 530990 514915 525208 499606 495890 511302 532896 516863 533821 507182 537658 515792 533831 483135 497327 544576 489308 533172 555176 483387 517229 479365 504434 492228 508004 508978 571946 502030 518556 485743 494196
470951 475407 473232 481578 461713 432015 445360 469388 514421 440585 482082 460609 482251 473345 474341 480064 466634 497689 523013 484998 496841 486467 419502 504027 468783 479684 461417 459843 471500 518760 501772 444738 456589 489090 475616 453289 463757 468930 445709 506729 429700 480094 453175 512599 452173 458380 478515 517734 513705 487239 483943 426076 434958 477333 474660 490872 469923 458599 495348 463276 471840 483177 462372 494547 479304 501610 461007 490520 477253 499303 481158 445533 452586 467232 445161 455464 462109 472100 492862 455701 481273 492004 479114 456241 441017 472150 458403 485384 478324 469177 481329 514928 466619 452735 449676 512810 457110 468838 489685 518929 492470 478333 497060 474481 466545 466014 469991 470292 503087 462365 454347 441738 427571 454799 478160 470352 490933 443204 487994 529636 454079 469421 438794 524567 455108 442192 435439 436421 502196 452699 458257 455952 522059 491309 499623 503410 487529 425813 464661 432636 455172 490851 441172 474113 478280 465967 499002 460568 478094 462791 495355 481917 478596 483482 452348 469899 441371 450873 464316 480098 444917 469391 492750 488830 494442 497390 489152 435639 477760 482114 458209 476100 476316 448534 497092 457806 482341 482583 452650 501022 482819 481866 473784 450844 490965 432562 495803 489395 458226 472857 466098 456451 444902 489248 470505 519012 462572 485906 448711 466568
523699 503549 491211 506810 489296 481524 490695 500923 533942 488846 494345 512486 515878 511021 494978 486758 497910 528517 516395 511746 508254 529194 462370 506411 490331 517187 503656 488625 507377 546784 534205 455351 511332 553609 509722 456449 515323 532422 486483 534718 470985 512023 481927 538747 510148 505250 528636 544632 532426 528787 519735 486938 463517 488822 512553 535472 514240 496144 519595 507236 521817 501063 500466 527501 533845 531738 515629 531759 493882 531756 515178 488141 491366 480600 493832 482698 507478 500552 516578 482828 551550 539131 485344 502617 489110 504601 493671 532207 499089 484197 513286 527843 471060 496686 507870 542819 500206 507628 530921 527586 540130 494060 531278 528898 509203 484448 505561 512572 547522 510046 484452 502035 457631 472372 497059 499085 504726 475710 538719 515654 498650 500030 453608 543346 465083 485692 460833 517924 551048 484811 510344 487408 553608 509783 532106 531745 525547 480657 520603 502723 489800 515565 480976 517870 540300 509411 535488 499068 515519 497139 530926 532308 527948 507765 498410 516170 464202 488298 485805 489159 486681 491496 536061 515742 541028 532385 527904 475913 535468 521425 484217 529508 506543 489920 524245 521900 516216 531491 499044 510365 487040 513889 505931 487583 511963 471998 536381 541321 481421 525641 498628 502515 480548 520047 507593 560227 509182 508569 493303 507546
484205 465524 490854 509020 484760 496463 483091 482813 515531 468634 497121 483907 510661 486253 483706 495276 495308 500367 515129 478052 522690 473724 439355 493820 463755 509377 459280 491353 495338 522111 516366 469367 503141 505429 469641 465620 478435 507226 444498 512920 436218 450628 480866 492785 470735 461846 483132 526307 525012 512679 512296 450151 451118 502706 512965 497645 509748 484689 525927 499821 474684 492307 483572 519953 520969 499955 479307 529960 472285 518481 497179 482154 469214 452522 462188 463459 475262 497309 522536 470764 486568 498874 469807 473429 461716 476770 479327 491433 477029 455290 495857 511636 440379 471102 487191 521448 469836 477474 486415 534797 512203 504026 538619 505783 483243 492564 485126 484630 532002 498142 446036 457799 446755 460938 489987 487494 498882 466416 499015 494210 480709 469125 451956 525803 477708 480142 462950 498681 533741 485288 478057 496587 544580 513408 516180 526982 503159 439178 504333 464940 454899 514525 437732 505820 523118 473176 517422 484054 491015 475378 503053 499866 497973 506826 490442 453411 436178 475439 499749 492444 471211 466652 504422 503505 519490 505440 525111 448775 477959 496200 476871 494935 506496 490093 495530 491930 479800 509602 478543 526542 469177 495705 488372 482698 478735 449711 516750 516630 462757 497508 477517 472533 466992 507821 475449 544546 477291 481561 462878 497096
463981 463915 457796 486388 468597 468386 464205 482122 481478 437959 502751 456638 505982 490814 453488 457789 468125 500031 499571 472551 471972 483622 439693 492325 457370 485042 460758 464541 473456 512501 517660 448469 484756 492469 474131 455101 477458 475272 449277 501470 451274 454829 486125 506002 469233 477651 464227 536943 527597 493280 481180 438419 465729 470294 492650 496623 489300 474994 519487 487774 468729 485885 458253 507000 500884 478686 458717 493937 445672 499299 478381 469704 462156 459466 453833 440707 492715 482592 492015 476657 514238 478905 459444 436559 457731 496631 456683 483171 471980 466719 484368 516242 439456 470454 465189 522863 446241 467890 499078 517184 506787 469683 511776 448681 477080 494848 492874 490549 522916 493704 445306 466654 474636 456844 482172 478264 465713 417924 480541 478875 466882 442470 450262 522265 432924 461400 446992 458156 490047 452454 470787 445666 501020 483745 474187 513973 504242 440877 485838 462021 456283 526444 424390 477692 475066 453566 520985 460596 478314 481380 481647 470420 469220 477942 469069 461437 434233 467444 467559 457309 457706 470198 476627 485314 493181 497694 502913 454150 441245 510244 472948 489891 479652 457622 466282 475956 481496 497251 453211 506169 464275 482494 482682 461855 461657 443906 491207 508988 452800 497330 471854 462083 469773 464683 469344 528200 467667 503815 463524 461580
511727 519979 527705 555290 513391 509614 522826 521440 542205 479215 517974 499605 551590 530042 512982 529802 518571 531418 561048 545240 535631 547616 490067 541632 496744 545329 503712 536045 536531 558415 559341 491166 526436 544077 506305 485350 540226 540657 492555 552984 480051 509239 515668 571390 495715 523010 523470 553888 574682 535334 530648 498297 502623 514214 571812 525488 532143 525314 547451 533398 532293 554867 511166 531791 525791 522284 518563 557831 520332 568037 540068 514668 495683 516626 513055 484838 503725 518108 551481 500024 525361 543621 512712 500939 487150 537088 517788 530869 517546 513908 519289 563203 500692 527157 523933 565154 539827 530352 544740 572917 543010 523807 571745 524063 524695 524725 548446 532892 587005 524842 486818 511552 500760 494310 546904 496992 546611 503308 540425 548510 524089 524235 496540 560868 494734 529284 515956 496346 576201 493814 530528 518945 578656 541432 545058 570519 545895 495890 524264 524037 488759 544190 483158 516400 560761 503064 548550 503381 533366 499419 551860 536113 557926 544420 526063 507957 458561 512016 506611 516107 514838 501238 541143 538508 558963 511801 554448 509646 509382 541096 522367 537906 533452 525582 530440 508187 515905 524490 506417 552701 531986 555353 536100 514696 510102 488585 548873 545557 489984 542599 505499 512388 495388 528440 535454 567278 519886 543490 499955 515880
519458 510017 509205 518751 514600 481687 509772 499970 529303 471042 511421 498567 538896 494498 515906 482259 493425 535595 539670 540263 521098 513228 445635 539166 471249 505739 519789 500848 514983 561849 547609 453527 513750 544102 511284 486059 541972 526556 473160 528285 468558 501850 484535 540237 480562 526488 485829 556494 543486 547780 530705 460046 460010 498747 521921 533214 538957 518670 527057 531441 502843 505573 476926 540274 528104 528725 505850 527737 506927 537445 507607 507766 485955 501436 475054 464601 526080 501778 527537 472179 537098 530466 512620 491832 477913 501343 502139 508065 482965 510799 505379 506928 488878 487671 497321 541494 514513 499127 497248 531849 536698 503817 531502 512907 502873 510755 504250 515667 554939 514708 472819 474462 502181 494629 515748 504322 524418 472215 517675 537562 486454 481973 479082 544211 476462 480295 488394 503401 575486 481497 517538 503613 523468 523765 528581 522655 494748 480588 548723 501865 496880 517966 472140 511557 524920 493720 534586 484039 492169 492460 544226 524736 529191 550544 506273 482223 487278 484634 484166 477435 517906 490270 530300 517549 552657 534296 521841 480205 504081 543028 498257 524094 517846 492615 504001 523980 513810 528800 499648 546369 518574 529010 528561 492836 505313 486835 534538 540780 474123 522684 491291 513246 470752 510790 528205 571066 502141 509005 492581 486986
492389 489014 496386 537218 509074 490935 492117 492872 540163 449172 503388 499924 520715 484647 486023 492327 495620 520190 522837 497515 519883 531576 468830 495869 467326 500800 486165 486868 509925 536296 523202 433884 516324 519036 504891 482200 514374 529060 457593 528645 452584 493165 500326 530043 494007 516850 510041 552561 548948 507580 535684 454372 463014 482882 500355 537114 511765 508487 509623 501464 497279 513226 461215 519447 486178 522402 495150 516020 476738 528660 519974 501734 476937 482241 480930 464801 498762 493150 504503 498489 525010 496250 484090 493221 483821 484099 484024 486633 469261 505699 505491 521142 449038 471293 505203 530928 503923 522833 510422 543205 546299 483955 560817 519061 503813 509974 505171 498578 546881 492240 467835 489513 465844 477043 489693 486995 519604 452651 535078 492365 503611 494986 494713 546139 467518 493395 511093 500625 530529 479057 501911 472862 530474 522861 530767 523645 510841 480959 505521 476210 483662 523513 445923 497234 518858 491844 515820 476989 481254 472581 519680 511835 495510 513637 503316 456330 478284 484695 494656 495120 484030 471505 514908 505200 512298 519437 539897 472255 489528 507330 496743 501560 497937 483110 507468 488600 501324 514815 487403 513267 509364 528446 527577 475090 488707 463332 540994 541238 473463 509993 478077 471312 479025 517409 514729 546688 511237 523494 488840 516973
479845 480121 477393 497016 475935 487290 499456 481036 514300 465903 479400 454648 513042 483357 507369 456807 466236 507583 499914 514901 493141 501879 451822 495956 465805 496576 451331 488590 537475 528138 554162 459245 510236 511106 468451 443162 513055 480133 473585 514261 451571 487158 475340 543709 471492 509843 481105 530548 513777 509129 507804 441654 441105 480440 507607 497472 535761 475041 507054 492580 491453 498405 465520 511816 501655 515610 490932 484351 489705 523089 508751 458709 465862 477678 474974 450048 478085 517001 517990 484667 514001 498675 485664 466308 481882 493608 481856 494854 470103 477360 502162 497098 446185 444048 489899 528455 485571 500846 500444 525135 485603 479924 529868 495543 475309 481416 493082 493506 537121 479282 472494 478053 459642 480942 500902 486045 493674 443362 487166 476525 461634 456476 467407 543241 479992 464736 463900 478483 536207 458973 476524 476857 532940 498396 504277 522163 474876 461107 505549 493559 456742 488387 450173 513173 495473 472744 494361 455988 498273 488323 494429 501697 512828 513088 478387 462337 429127 481808 480630 488160 490117 484165 512775 508288 521644 512947 524551 474410 496073 501238 495220 493062 482420 472821 489262 502783 474617 505373 468814 519886 482599 506897 497296 471904 509762 463983 518353 515062 458833 519454 485493 469304 459003 498630 474034 555656 481115 505512 438961 476803
510734 484950 471727 511274 489867 504895 491314 506001 514701 471221 503049 509619 524038 472795 502965 487249 505318 510127 547349 498893 526828 523926 464986 502501 493018 518086 467814 473492 509362 560778 518602 470402 513525 535614 529691 500919 518383 503925 461390 519663 476816 497498 504928 554993 481607 530894 484072 560133 540367 509554 508719 453984 477697 501856 518086 527346 525620 499778 529401 500144 498224 513134 487584 529357 495267 490613 511379 534833 484695 534464 515960 483035 467934 490684 476913 462650 480145 501614 514912 485022 553783 498026 491732 522211 493149 504957 501642 508260 497061 494441 492676 557839 465808 502492 515626 553166 507009 501243 524614 559622 540252 474935 549195 487601 494738 498881 506233 523278 566094 508208 458122 462782 480250 491007 522348 487445 499850 453618 527546 499319 497586 473031 481555 570073 459637 487941 488522 529073 539276 480373 507870 473811 546404 507749 511923 527094 501990 470658 518666 502793 489616 513224 463556 487105 519526 510795 516508 469175 513903 478704 508689 501927 508091 519470 506782 499631 470604 503237 517195 511027 461547 486093 506428 496844 524127 488198 546867 480690 498064 506760 510157 501103 510140 481867 514850 478834 508204 511421 495382 535198 495592 539803 505136 479847 473094 487436 540495 535002 474397 524580 501913 507490 468857 498361 480215 559353 488188 534535 490597 505544
439440 454581 449808 466040 446744 429061 446630 440819 479754 423732 453335 441568 474045 425336 438086 450777 443585 433559 488551 472672 459981 479083 400698 468820 439902 452318 453186 425465 449641 483776 466251 430975 435772 466686 453525 434889 482816 473475 432348 476516 442173 423011 430509 481546 456211 455071 446671 499464 479022 464809 475219 411420 422704 451591 467083 466081 471419 440355 463003 460294 442961 483332 411240 485424 438740 465399 446089 465233 425180 504978 455815 434558 408312 417926 440034 421971 453159 460484 477515 458413 483836 466729 453915 480083 424392 448547 440121 457761 445146 454351 453811 491934 418131 434287 437554 491568 446234 448948 453696 473053 483867 423036 478768 463873 462540 448378 451005 477042 485141 462554 421430 425849 418517 414527 450820 449615 468249 403475 466439 461937 445302 431660 429567 504385 427956 443906 431117 447135 478712 450661 454243 438695 457223 450333 446132 486821 462230 432201 462615 430319 437750 484623 443878 449138 477599 435517 455743 447182 456098 417877 474836 469386 457290 476316 448373 434541 422179 454223 437925 459075 434860 434546 459296 435581 486828 463294 487729 457936 447878 463423 458351 454392 467064 426042 466330 463309 453834 462267 421345 487753 481411 479282 459958 458834 443566 429203 464801 460307 432418 467233 441136 439689 432679 463080 447495 492486 441095 458653 461267 473913
507963 532433 526333 493001 483790 507528 493621 522824 535701 479452 500084 481122 514137 497589 512856 496154 496101 528647 534115 532168 538380 543068 457418 524566 488318 539387 493344 514690 496257 570435 535405 485793 519895 548795 525308 484198 521278 509643 488600 516649 472342 505466 493552 570316 501668 522880 490289 545090 560350 525840 533811 458426 468606 507662 513369 530904 517388 492618 523822 516349 485457 517058 503142 549682 536486 518947 503542 530278 489781 551094 537885 508879 493783 459557 476119 469430 492677 511850 534780 482083 521938 539295 480785 508283 509743 505102 512232 521629 485847 512460 515935 529960 471135 503208 509141 555005 517494 509541 493586 543819 556362 495153 546986 519065 498194 503224 520753 493023 556714 514343 501409 495954 447473 496668 498766 490893 510913 470118 513153 497439 499848 490007 494905 555665 474862 496334 491510 500472 533399 492644 497438 497583 543650 520542 535744 555956 504466 472938 522189 493156 482149 519760 481702 502152 536319 506469 533576 461039 509506 495370 534098 511281 521141 523301 511130 486266 457094 471038 497672 507430 491577 503786 511344 517883 529973 529925 527421 478490 506104 535942 508439 521160 506920 502182 525862 504704 491743 534886 509579 539281 514846 535086 525565 496639 502398 477727 545994 529736 478358 522416 505574 479689 492688 525321 506288 569896 513367 525024 474830 539910
482978 504159 483634 474003 481999 475477 482601 484917 518726 460260 491937 467328 501505 479684 494873 454291 473589 477739 538575 494937 494108 502459 456419 490487 499400 480532 476471 466424 506839 534627 530938 439035 511367 512532 497654 456373 496033 518365 471287 511010 466735 470720 462367 533366 459797 522662 502600 548536 539897 487203 499636 444524 451221 466692 470033 503031 487737 489160 501237 501993 498607 497202 464359 532069 499896 505450 491386 511858 482663 518747 502108 480706 466866 454233 501578 449477 496126 493802 508230 493094 516970 519270 463695 488211 486760 490457 493029 500804 454117 491064 473415 518905 457716 479997 475535 532451 504982 504001 482933 526351 512276 490386 518630 478438 496131 476683 498215 494656 549378 523274 454826 470698 468655 480538 505743 473497 500414 447757 525092 502023 503186 463319 452106 533493 460732 465725 463472 452708 533834 494849 476595 464704 526602 492209 534854 527104 503847 443452 496634 477287 456729 512805 464430 503077 493202 518231 499903 463778 493745 488627 519276 520177 509000 510086 490754 443170 446084 489111 478089 479657 470460 468805 507500 490111 506409 492543 514227 484848 482813 506552 488038 495952 508835 483781 507329 502453 506062 484718 460550 541128 490796 507495 500913 470954 488694 456166 505827 511490 467329 532032 455511 491127 470749 481267 490910 549526 463148 499779 459767 491529
463952 489057 482075 511241 482650 467328 480898 492278 487265 449228 487535 447567 481587 472563 487386 477145 455431 508960 522147 503338 495887 497154 442900 510004 456332 491662 469736 472325 487854 508206 516660 448166 508980 511389 487740 466570 480030 474720 463515 488297 467527 469408 482803 531831 463764 494757 468224 502989 528507 477907 483439 438171 436687 461185 504749 497280 507028 470506 483907 471817 474878 510576 456510 486001 498911 482348 479517 480569 485062 501269 506169 466386 466580 459699 455802 432177 496416 478540 512107 481402 489475 501076 466847 452720 442358 490142 467587 488521 471228 480184 510030 515603 450972 452319 482272 511363 464482 474067 485161 520782 501769 489339 515561 486894 476979 490427 503072 491554 520433 483394 458542 454699 433006 475810 466841 460150 481764 438415 492160 492714 457426 443285 454575 493014 439884 455918 479202 463182 510198 458499 487079 483594 518224 476364 490791 532260 495506 437973 499655 468345 460459 498872 437683 474044 502165 476359 501190 451939 482974 459164 489284 489725 495395 530056 464180 468429 454371 470784 457992 483929 462774 468332 486430 495320 487723 498577 501624 483249 469934 502432 477662 484157 486890 493596 484728 506580 487880 486516 472370 502708 470832 522598 475049 491079 493436 454938 534478 492635 461764 502397 474391 473236 450246 481022 473893 556354 488331 477474 460982 484480
469018 465219 467231 473850 471799 445290 448415 476155 486840 426032 470791 455717 487448 480103 470965 430546 466610 476286 480461 482444 475397 490368 428235 482160 475598 479233 455126 461796 456426 511713 491309 438963 475264 501816 460274 453606 485070 458440 463066 487966 421233 449384 448066 515606 466317 462302 474607 522794 486121 483535 479024 419328 419326 452284 506313 465958 461103 473540 507944 458536 480146 460775 423766 478648 474965 478451 476234 484760 461005 505728 470961 475185 484092 457750 441155 420421 460550 476789 469457 472802 484939 468319 454203 439715 461609 458838 453971 467564 455054 449896 474309 496450 433393 454443 448667 500895 483753 447265 468991 480569 474628 451629 490430 449892 463588 459242 478624 457360 527704 473270 447205 454410 438403 466593 467674 466389 473628 435038 464072 476064 450612 449278 455287 492416 449467 442028 454955 441270 472536 455805 482378 451794 500117 467277 465651 496240 467885 424017 472200 446031 464549 490172 428660 472116 476763 470354 487897 449140 436014 455710 499192 458032 475783 483587 473965 446618 429024 450630 485894 481027 443263 439195 459016 458992 482582 471176 487410 452615 454642 507626 450963 509743 486052 440324 467461 476557 474413 498488 436028 498200 472038 504007 492883 472344 474899 444329 502540 480088 437196 489838 469962 433152 449811 486618 470340 526683 464018 471448 442724 454909
480381 496029 469362 464090 480369 473810 480289 501804 508573 439286 465220 480346 476587 471293 460585 460190 489753 493312 520752 491589 495802 497300 430312 481405 461212 480825 485282 470216 476682 530068 512533 444188 489466 515132 475101 473125 487725 483494 478120 502320 460215 447307 474194 541182 485513 493146 498415 534644 535094 491950 490929 429096 427431 482237 503928 523144 495949 483639 507090 484476 481765 495910 453222 484613 490662 490359 474752 480882 472814 506763 493697 461958 453172 460194 455633 438177 471651 470684 506930 478974 533249 486005 456126 468156 463349 474067 470539 491605 454693 490320 495404 523752 447360 469797 455127 517669 490718 462170 479300 503932 512668 488373 520633 497011 467192 486480 504656 472281 539888 465767 469190 470831 437993 450710 474500 471985 499730 444975 478476 513395 457144 470492 456093 505078 435230 478040 471275 447570 504731 488206 493602 463553 524914 466503 479811 508299 508718 462756 492148 469265 472540 510819 454071 491529 501586 475216 495855 469864 502354 446876 502138 485098 492121 514468 481557 445646 432351 478164 465525 496779 466147 465971 484397 483676 483966 486312 516048 469051 472152 490264 477434 505915 457074 489099 517756 467984 489762 493255 460582 503753 494805 490537 502979 474277 483692 444706 513106 502671 474543 507709 453764 489283 477622 490572 457805 556257 469445 482301 462164 478811
487693 464915 484145 490522 479067 451641 480679 484839 515359 439602 484989 466827 503785 451636 481603 465203 497388 490365 515113 507524 504714 498683 442077 491437 461716 495033 471831 483156 484209 522427 517165 456468 486853 517622 496039 471239 512213 511550 428638 502324 455328 473022 478517 513733 481158 499176 480936 534680 527264 516691 508561 438644 431133 466580 469614 495337 495301 499864 494875 484464 478458 509524 472809 519031 482036 504184 495524 495155 477314 511895 486089 468826 445400 474767 460096 444576 441632 475126 483398 460525 507225 505998 454208 480826 466697 473636 480836 480323 465459 481110 477376 521808 461522 454248 467027 528655 486723 508166 497334 516214 529152 455656 520917 500040 466027 492108 489059 496220 538253 490672 447130 449879 455134 482961 487847 491219 492468 430210 506845 523784 460922 462590 450413 524387 451055 461524 461141 503035 517953 472334 476391 466293 491045 474913 479035 489678 492964 454778 508405 459673 471163 505487 446182 466613 491054 491094 509903 452127 495064 474275 513361 500469 489415 513649 474837 477191 450829 480104 478992 480193 481205 472291 479745 477811 507383 478504 506118 451062 484693 495965 487706 507704 485270 463966 487069 475281 493851 502054 486851 531669 474934 507213 514071 466283 473688 462111 503047 490875 452601 487677 457281 486009 461159 488411 481184 551590 474819 504250 476707 462019
505791 519957 491034 505801 516077 489994 463082 538127 542388 468676 515912 477418 521816 466784 507583 484539 484675 529686 526636 524353 514479 515461 461202 523350 491133 490165 508841 494841 507235 543237 531969 476760 505314 535138 480865 470579 519220 521093 467073 536307 488005 492736 498444 552229 495957 536559 506597 538331 549828 520867 526921 449802 460134 509623 488153 539420 504651 522663 523697 534575 489117 508173 484529 546786 489229 512349 506828 529996 515910 535693 527927 509118 500486 495467 490863 452053 509256 528043 517869 486643 521626 534072 497078 488434 493192 498944 490518 513691 475270 495945 510072 535871 462759 494583 488896 557612 500102 488234 516333 548814 522935 506210 539720 511373 515614 495891 515762 496616 545968 503687 468654 509902 457774 490534 514229 499709 504627 439139 533874 507383 505058 494830 487745 555206 469598 467800 461201 478670 517947 499016 499568 475935 539603 493829 542534 525720 520453 488763 521320 489949 510238 516544 455456 488211 514830 515597 528060 456925 519089 494227 530877 496584 507522 528980 509324 484363 457442 485279 495999 478742 511351 488447 543021 501889 522800 524275 512512 484466 489687 552787 479495 527420 510601 469283 525032 503637 525322 525084 488029 540111 500436 520363 529427 500935 499741 478072 525522 530698 477563 523408 479057 499069 480758 510653 509754 570756 513182 511531 475623 505675
505796 525261 524766 500994 520273 511002 526017 500356 551656 489806 545754 515740 536126 507805 513742 510329 511094 547131 538467 545814 551844 514672 497985 541161 507670 535039 503544 509542 531894 569835 555440 486809 525339 555874 509710 511957 536824 525210 490528 544725 479950 513715 508363 565715 495269 533421 531133 562633 544481 545139 512703 464146 478651 511959 518937 523365 544836 520039 538954 542730 532538 542789 495689 561022 540317 526633 533083 545742 512244 549063 515805 500946 499638 543003 487091 518805 523766 543533 552984 512521 538650 551858 517985 524745 496611 530327 523184 541028 493965 507714 515919 559050 499772 494160 518815 562731 507490 505451 520644 559566 541161 512699 567057 531474 502439 504406 503303 545601 576873 521220 495210 478420 510670 481051 520841 514944 541280 493382 544136 533477 535623 500832 493184 567557 490168 518763 492632 511021 555044 520806 531428 504833 566024 532118 532775 572315 526993 492123 522612 518659 496466 552874 478208 536640 520405 527465 562134 515952 518146 504082 532070 540175 518455 549794 493106 497845 478622 497745 547646 527278 511536 515111 542701 535760 561550 517775 550663 491084 532087 541936 544729 512275 524322 518818 540851 521578 512153 526323 519063 547241 514229 540380 518257 478017 526679 473280 547079 545618 485476 531251 519025 520325 529477 526539 494666 577921 507877 522188 489869 521235
486797 478465 493317 489121 496457 479453 475338 486284 492616 461008 508128 492046 505559 474823 503364 490211 495764 507931 533617 509254 484927 499339 430829 502514 491519 475482 466136 476350 459732 517118 501762 431532 473364 519268 458078 477432 472756 484604 464177 522398 453719 460175 465098 510102 486605 488352 491944 534969 541269 518238 487259 446919 426716 483545 495996 523090 481051 472733 487295 507315 483974 488493 456184 513016 488057 502951 468312 488296 464626 503325 488121 483144 481295 465994 439410 463500 468509 495373 504487 483980 502774 491369 478926 454709 466950 460157 453558 519178 475795 466264 473307 528032 460374 470387 443015 507061 469464 475517 494606 523708 527248 504245 530773 465784 467845 478636 498220 471938 529957 480102 470739 471913 464886 465159 464147 477233 499888 445865 489518 521421 473179 477481 436857 515760 431517 466481 462893 460303 529127 477945 482893 482430 529078 501768 495236 482268 504101 438029 521705 471325 473027 506379 432485 473880 485643 460116 500501 469485 480986 458364 499267 510446 495259 542364 492498 457239 432806 492015 467187 479088 481122 455550 491167 488309 506609 505388 487341 469482 471866 509310 474246 485530 494363 475377 514319 480825 497346 497315 449974 512172 461647 488593 473012 485285 487307 471522 504936 513642 448578 506148 462089 500076 458665 496371 495676 553104 486643 490034 454449 485910
459644 467135 467468 478414 476862 463120 466823 481671 496502 433657 473248 469156 510284 456578 473824 464659 480860 497710 533449 485743 511718 505834 431448 499566 444194 495902 458551 461552 472454 550446 503939 462343 500293 510484 473047 463562 482566 491937 463993 501554 442049 496815 481458 519168 457921 493396 456986 527779 507992 476669 482805 451842 448938 465236 498608 489890 455894 460061 504760 472023 476531 507115 475048 485023 478356 481574 465371 508201 475291 510609 466695 473074 447434 478462 445137 437060 467609 474420 492984 463680 495983 518887 473069 461840 471413 477754 457907 482250 448179 478096 467107 514743 454112 469619 478024 514601 471675 483951 499375 505733 490963 478212 517135 494560 453139 483495 501044 488008 512947 496351 443576 460532 464808 466392 487832 457042 497197 451941 499398 478471 469001 447706 462492 515985 446811 470810 450813 475896 506161 453974 474055 464280 502732 465084 506536 510401 501152 445033 494313 468432 453159 499366 440399 458651 458913 487321 494908 457574 481566 460791 502093 500598 500883 504050 472627 475061 427556 465556 491047 449556 481876 451251 484980 491307 483449 459010 503064 428537 468635 483461 481133 483627 473867 465097 472612 489773 472618 482796 464651 516888 494722 495824 510201 451377 457440 451460 497882 497866 456986 501457 481828 467484 463376 481833 485310 512723 465738 509742 468597 478939
464845 480417 453811 454916 440207 456558 467166 445258 492319 434577 457360 433956 450848 456911 459315 451464 451425 483971 474684 470762 462474 464293 421738 472797 442124 445086 463643 438731 468734 482140 466935 396347 467491 471126 455087 436889 483511 481015 454582 479242 426665 444771 432178 477676 448372 457517 446208 500559 491166 488681 480129 425031 419122 453302 485084 468682 469601 461125 472222 453711 450174 475277 433328 464021 471733 462582 420732 478823 460263 511458 483767 460786 436067 431666 426766 437271 456938 461062 466000 468805 474233 508374 439611 452695 438430 481872 456339 446653 432765 462874 454990 473545 420147 433377 456843 476819 438675 458528 460826 478139 485080 456505 493888 471979 470443 469521 464684 461105 498316 463380 428560 454724 416625 451429 454771 444762 470349 431371 468861 469943 455241 438828 426902 477925 421676 433471 451429 422572 500857 435085 471802 442235 485771 466681 465759 496093 483153 422648 478162 417609 449968 488643 415548 466606 469433 455125 482292 442363 443905 421963 488906 485739 474154 489136 444748 459267 411902 451657 432502 452960 442214 440153 459986 459493 470452 482186 479377 443124 456573 471189 443945 481917 459675 454623 472202 468565 448748 474243 433686 474796 454268 486845 464404 468107 432801 414917 487998 471609 450888 477356 455183 442026 434822 465174 453091 504995 462899 482671 438809 437854
475731 482628 495358 487155 464264 467479 483054 481142 492428 441788 491047 454072 489750 452941 475154 458610 463995 492135 522760 490996 499801 482496 422506 498060 469281 489185 465185 457581 464723 514678 504409 417905 470095 491109 479018 464686 486433 512163 445138 496049 445245 454511 453905 531340 437116 477776 455361 529224 515220 500082 504137 422478 449852 474448 492680 487554 477685 463720 514316 465042 447096 511082 446424 493236 481263 493713 455040 503150 452940 507604 487251 483363 455511 446213 459987 435647 488461 475769 482244 471104 474495 496152 443832 449272 451653 463788 470058 452773 473226 459838 483962 496221 459007 464360 466731 518352 490958 491747 463403 521592 495832 458780 514362 480831 469856 506735 476334 461385 532170 467364 453184 450195 461897 437228 464608 478429 504200 434006 479967 480336 475683 449287 450641 489654 453925 442414 448451 466835 507855 455534 465450 445038 507363 479214 506609 504271 484389 444314 473706 453190 450594 494576 465404 476588 482379 483642 501276 448454 485347 436943 493345 484843 489665 505767 463965 469006 431600 469286 462079 471832 457275 464193 470170 501672 520543 490225 499796 442951 451873 498800 463516 486054 480108 473298 480166 480602 480120 469553 455370 518667 481679 507836 475801 472348 476636 453421 509341 485924 450111 499374 453575 456420 443286 478087 448767 532875 478845 477061 464621 480333
474820 434597 447265 452951 443565 453771 437784 447426 470114 424056 479874 468633 460952 446320 449022 438613 464487 468622 484520 461453 483479 445995 413988 460330 465052 464658 433367 436206 465734 494817 500811 430674 487238 488527 448316 440022 450243 472503 446481 489798 428776 457293 465051 480311 434603 453164 465183 501441 487211 480282 477155 405633 421691 455397 468762 481755 494024 463281 484816 464972 460013 435293 420953 493053 489658 488380 475995 480620 440098 490586 471540 459090 452651 436340 437603 437609 466083 482451 469718 448647 472349 470235 426178 446918 445072 444731 456834 478075 457652 454185 474768 495934 436813 446734 454792 465332 453352 457742 435720 494378 486893 457121 489588 463488 471309 435399 457068 461979 486651 465089 446824 424649 446429 425520 417818 464461 458225 423669 473322 481054 443054 441332 435989 507959 425110 446506 424181 437558 488385 454601 474383 431381 505308 459896 477980 473504 470864 435902 470451 448216 447765 489331 444675 482078 475648 466062 496103 456379 458168 436468 481992 483576 466646 495601 457727 442505 408251 437571 478536 471418 445821 428768 474245 472939 484944 464283 483583 447273 471707 487259 457815 451006 458131 449544 471942 466112 488519 449564 444008 482800 459697 474021 451813 454789 461489 439176 499053 474208 438480 468807 450648 463257 446118 450531 471525 538568 469339 450923 439452 469575
497636 496511 489205 496523 490540 471471 500184 495537 531334 464126 481723 471354 529299 502986 526705 475831 511562 516165 537449 519171 495391 526353 461159 520030 474437 518656 485012 480782 521027 542047 532133 467010 496021 513668 486214 489819 506825 507382 472036 516097 469307 484663 469208 553538 463376 493048 481687 542746 556792 492652 517645 438317 463165 481474 503200 520911 510395 493290 516411 491292 508838 502180 453166 524397 522125 529865 489841 519367 481142 564062 479459 499604 482337 465632 467413 441366 505062 501663 498136 487095 509035 529283 477283 455891 479180 497521 505045 517951 487118 507831 496494 535749 458470 497982 473969 523305 496641 478851 483778 532217 532497 493645 532165 496626 506211 504241 506753 500075 535339 499811 458508 478834 482828 498207 503638 491094 517167 445351 510763 517814 489624 482254 463746 531740 469421 472334 471947 474947 517195 468090 487020 481427 536227 495356 505030 517866 498744 464368 510302 488524 457610 526510 463427 504059 504251 497308 533092 476010 523259 500877 532463 528872 494711 521272 502214 477754 449424 487119 489163 506366 488916 475474 514366 517857 519086 514255 535300 478254 491620 535588 494772 496440 512536 488706 506508 491151 487734 503066 474004 544487 492647 512580 487637 486844 516655 461052 515150 523981 481753 509931 472033 456976 484823 509169 492798 556695 478109 506943 442580 471285
471205 476833 484954 491132 471432 456702 444946 464572 512770 431835 472961 450606 492040 447583 464037 463630 491892 505193 487925 487287 490638 474658 436676 500510 455822 485987 470151 468408 482621 512539 498861 444378 458779 485130 480093 445719 478756 494974 448376 507240 425477 475349 479806 512557 464624 464945 474622 514793 524880 454761 484920 420758 445277 454842 474825 479963 479471 459864 488653 474533 478836 485296 460849 497309 471244 483533 475007 466035 462728 502744 468507 460737 438234 448983 459598 447308 458617 502270 476960 467254 476856 494789 465615 448508 445331 472103 461055 460979 466804 469679 461667 513308 453665 441226 460436 502969 443455 469465 478979 529250 499414 473630 528176 469721 467351 483240 486808 462284 517636 467449 450770 468262 449395 453013 478287 496112 484752 436770 495703 474991 432922 464791 445091 518743 450237 464104 454683 481890 486624 450637 491700 455791 508661 480397 491055 504149 487845 437365 462944 471359 422085 496242 444760 467590 493034 476631 492419 440735 453686 461781 499448 480152 482038 476008 436247 459475 445225 476280 462367 493431 434229 477052 480233 464892 489511 460335 511952 444015 468688 490530 458940 468042 455425 464709 478721 446517 485827 473067 459369 512514 476212 493933 489414 465999 465495 442302 482413 499554 436065 480960 434890 455648 456357 476395 472187 501024 465725 484651 458754 488376
479133 464619 469555 476758 453200 477048 474506 460859 478194 432805 477644 452900 509667 466352 456250 463226 445182 498880 492243 495001 501023 493208 414962 479383 436047 481047 455347 466957 481987 489554 514611 433191 466497 497707 450328 461501 479971 480896 447905 501586 427719 470850 479156 511049 437858 482077 458560 515555 530411 498192 458661 418706 441297 458734 492179 490727 508201 458911 494300 478938 454124 498256 432570 469621 487370 493478 475657 482331 471425 490551 471943 448280 443053 471242 441127 437522 467434 478857 473047 487030 507014 488054 457132 466734 441500 466257 461858 474084 448248 454257 479853 477949 444328 447266 464257 493901 494013 502281 451723 506498 489469 472056 518146 460739 462813 484255 493756 482198 515103 461357 455224 452817 437802 461399 482481 450455 487213 420831 461986 487043 439541 428749 442686 493146 437943 453107 456308 461740 501191 453980 484731 448044 518580 483505 485604 512093 482428 440716 478100 465941 414794 494746 448902 469525 487719 461189 524533 436129 477369 452616 473244 494648 466080 489153 478061 451486 442135 473778 456782 481429 457722 485773 466375 468951 464469 488018 507861 468317 465190 485257 477319 471278 455654 485733 481102 458565 448701 466445 437158 501133 482993 481273 469351 468327 454521 451841 501248 482033 468971 500184 473792 468463 459402 458342 448990 543581 462478 496276 459075 454849
457339 467899 467907 480304 446263 435859 452366 473100 490168 439033 461337 450287 481388 468780 453731 441278 462968 476913 497407 482448 466140 461758 421246 487237 433025 468675 438036 457280 478531 511367 480733 405670 449377 485123 450926 424328 454088 475085 469600 499843 423047 442220 458645 509010 435401 467919 463537 498734 504651 487774 461535 423677 428394 433040 462358 485206 453556 464841 476781 460799 478739 470419 434762 477834 458194 490545 434864 478542 460697 483948 484492 449730 428025 425407 436632 444511 452087 474985 467648 457627 474913 482750 463641 449102 445924 448596 463200 441543 456385 461659 458527 486895 417853 451530 436401 484594 466375 458374 441045 495235 459242 451084 475545 459049 474318 458457 476574 475164 503499 444176 454322 478992 435369 443745 448092 461439 486085 427814 500544 456830 444604 454802 422087 478007 434386 441092 434323 450828 502426 427593 459871 443099 512614 452986 484354 478165 481494 443886 467895 438171 438809 490640 445869 469848 486649 483289 478094 430269 491321 455345 498149 470589 472333 464830 452324 456952 426328 442838 434865 484450 437889 437412 477500 472043 483221 462217 503919 442455 471449 470736 470734 467422 434259 452207 462982 456364 451826 477249 464569 505013 451610 468180 466978 447848 458744 419296 472222 476246 446446 483633 445415 443946 472634 463444 462569 517054 455121 466463 428656 451057
514907 498231 500062 505231 494543 491172 488687 503643 519987 482440 512109 507329 520415 472667 512479 488863 498718 540545 536972 513611 514017 508741 445066 520706 503523 535561 484959 493470 523856 555521 532253 462267 500297 543004 497047 482670 507732 510383 470359 531023 457612 487740 497051 537978 481608 511428 506024 545251 540993 520735 487298 468211 473492 496891 515133 506630 485905 511493 501752 501057 499897 539035 475766 531165 485825 510333 513651 538743 490113 533698 511055 489706 472502 487463 466588 483558 495532 508155 531636 479890 529770 511474 488346 503476 465872 513083 481464 513654 495816 502142 497468 551665 485382 482084 486030 544457 491845 492986 526028 535568 541895 495706 536240 513282 493334 493792 513871 503863 576717 481537 464891 461129 482697 485591 490860 517553 514158 482814 527254 524645 498843 473295 467552 559281 463046 492580 491739 494125 532668 485944 521048 485472 547261 521551 509510 562324 536652 470221 500371 498420 487935 519217 447549 508466 531928 495761 516718 480593 505335 492732 536232 513590 504817 522328 484972 477165 452230 514886 502581 527366 474769 485570 518084 505236 525691 490135 542550 483955 506404 490144 488435 501314 488687 490427 541428 498001 526557 516832 486557 530245 510449 518355 510579 509002 506471 486088 529421 538614 478441 527446 498018 497732 485924 514998 477103 587887 488575 525315 506628 496939
531984 535154 509122 503683 509195 511071 489299 517526 544348 493251 522521 511114 547061 505473 541356 509936 507273 528140 550837 536337 533237 530023 461228 513010 530150 537571 499198 510682 531725 592508 553052 460172 529164 516440 519614 501421 516837 547305 512123 557377 487598 505506 528070 545270 525021 535957 514303 580234 550850 529763 542833 468990 485911 530179 554946 530703 514014 501620 561846 539400 504795 537255 492209 518742 540640 515047 511996 558248 501844 558566 537989 523426 481212 484078 483345 487386 513928 494577 518749 500517 550621 550350 501687 501746 487538 509961 498105 510769 513303 501514 500533 563012 456512 516275 512236 545226 496391 539149 542057 551981 560210 505009 553970 518906 525351 521274 517762 520177 563201 539466 473288 488824 487668 500192 530757 513731 513684 473466 555556 515448 500088 479145 501266 578397 485828 519778 503764 536687 555056 508408 521022 496365 566447 547025 565246 542307 517665 471204 543227 501417 471848 541657 478639 503424 547987 529368 538088 511968 518555 503919 531017 525602 536984 549693 503847 510602 474514 530808 516623 500922 515715 474873 512580 541028 535576 528553 549338 488675 502841 528679 522037 526547 534020 511501 531476 532039 526638 536678 495341 542004 507260 525114 517995 512305 517869 493082 552431 579601 508901 524594 504384 534005 461454 540682 526214 584670 524380 521093 505526 514753
458200 464609 496714 509663 466461 434554 469462 458066 488363 427039 460726 457044 490483 473201 476027 445288 451827 495770 511540 485048 478837 478137 434680 478921 452855 482910 472331 450095 479981 501090 499504 420937 505136 490689 465230 451457 465650 461831 461806 488949 437735 484123 453732 493860 456612 477050 469432 526009 513283 470312 487514 422210 418502 442512 497353 461830 494622 465613 501411 471050 472920 472627 448862 492701 484779 481570 458023 483846 478085 487988 456002 432513 438748 458506 445399 442988 466421 461955 487582 462590 501619 481804 465083 458620 447554 476628 466816 463952 458509 465010 484287 494864 441402 453381 446043 501618 453387 483399 459740 495695 486672 474130 498422 480585 473432 468541 493853 463887 516156 469821 431162 450712 448384 429047 467648 475887 489313 421099 484371 510872 469534 456522 461338 504693 425772 445555 447271 442057 511348 440556 449981 449631 488395 472300 487600 515205 473861 433498 473682 459083 438717 475399 452185 471504 478713 473040 488505 468077 436607 459679 479035 487460 478633 499624 478917 449827 432645 432547 460249 468061 439461 459768 475867 457904 465372 476660 499793 448794 458948 481187 451626 469801 508246 442819 467640 484599 464091 466308 446352 506397 473673 482275 471148 446012 461007 438422 507961 475647 439066 481975 462195 471335 460984 461447 462462 539344 436649 480448 457244 483778
492001 493219 477672 493241 497156 461350 475653 489607 515290 462847 498808 470501 513042 468433 503589 474530 476064 496363 517028 523552 507868 509087 452579 496328 469365 492029 488167 485045 474611 536399 509811 458732 486409 519069 474938 478473 512031 524374 454223 498268 481086 471555 504535 508100 485588 502314 500595 527497 531616 522847 511103 440607 434937 480448 513268 507990 498256 493670 484590 509896 504793 504519 474440 514864 489987 501449 476645 498606 482345 513773 510830 465169 456470 474875 459360 471222 481285 504983 503286 470698 513922 498079 488838 480148 481119 488546 474848 489089 493749 482669 498960 541064 461739 463155 478903 509511 488399 489700 496060 521860 529771 502108 525229 496191 484749 492297 519831 497456 531715 497090 471710 472793 472264 477717 492940 505191 523794 460106 513948 513362 479168 471683 443323 519328 450235 486504 477958 493926 515625 495709 501372 488515 544148 496998 506743 495908 508416 465691 514713 477924 479575 505257 442312 466476 501679 495190 522628 480324 486271 472658 517595 512303 495592 517993 493089 482023 426830 477509 496684 491510 484123 494843 517585 500221 516878 503759 497030 466898 505599 505230 480161 501446 508638 468863 496172 490012 479193 491229 472224 504836 478277 506780 499240 501626 500282 483332 512179 506782 472305 501065 468630 495671 480624 495237 478122 554555 475106 518209 475412 487533
511352 516238 508096 510294 505684 472974 500822 512593 522638 487083 500344 478688 519806 498640 505500 474078 474911 552747 536458 524467 509251 530266 474792 523822 489415 516733 485221 469787 520543 561367 526152 474646 508191 518793 501135 475706 515689 512500 476362 520696 475638 487196 496210 545225 470873 518636 488869 548218 552212 518321 507759 458895 470548 474890 512984 526819 519554 492641 531154 515396 507907 525214 466034 522225 491229 513927 481018 516934 494104 526336 505243 484336 469075 493786 478353 453838 511806 507773 510240 478438 547845 504859 512612 486188 474376 516586 497457 499101 489130 496021 523428 552471 471162 507781 519787 528445 489947 493980 486222 546128 515781 486577 512197 493782 509254 520119 511164 520830 550930 514886 471672 470393 500486 492553 501389 523302 529876 458209 520578 498966 502985 464540 463710 546542 465764 482377 477579 479045 522459 482110 514942 483920 540927 509773 532437 546913 512349 473757 503283 496302 484896 548176 460769 491485 516142 518319 531367 487034 524377 486247 519906 506236 509051 521970 507524 487237 468879 506267 494562 500395 498620 487633 519347 502773 511874 496104 550595 465858 489640 513735 505319 482228 479943 507802 507796 504688 482261 509952 487605 545822 518732 533353 505630 474477 516003 467838 527882 533169 480334 530497 491246 507984 492523 516225 499738 572698 487828 520569 489937 513158
463651 479804 473296 473660 472757 445601 477529 473678 501489 435502 460094 487947 498772 462020 464868 464855 466742 510519 511095 489689 490422 497387 432853 491165 477825 503955 464864 467320 481852 538926 498052 438120 506983 506430 468650 457137 503224 504602 464234 476704 446187 471989 483475 514682 456508 485254 488157 511459 511553 500974 466900 423873 448075 461877 501541 477745 500028 490848 494749 471217 466673 487760 444416 503973 496249 510655 457069 503259 466313 522197 481637 456660 452313 474275 460532 456408 475481 463534 509436 445732 496384 500007 484478 472581 455173 486439 477225 498161 477754 478686 504883 515036 453370 487766 478492 494935 475250 473112 487605 506617 530309 487129 513263 492855 486052 473495 504584 507651 560192 472018 439745 487879 476832 459548 486662 487130 484905 434585 501809 495980 462940 475779 460115 549562 427479 470917 452514 453606 500932 455490 471728 460440 501377 489938 481939 525503 490797 452434 485037 482348 466625 489292 448074 482324 511544 473070 515525 470643 497664 484195 502743 503533 505879 489859 469580 475654 435227 479406 469743 490504 448345 457808 480188 493409 489450 503755 509139 473104 466602 500931 496794 488997 484931 466611 511713 469252 478789 491983 470275 498751 457578 495742 497498 466043 467473 461498 492657 489413 452761 473330 475016 483501 461156 498181 487073 536427 455258 488570 455737 465850
501220 509838 505295 491145 485169 463881 473337 500217 520495 466600 494747 471027 534947 494235 481629 481241 475967 512448 516167 506052 516573 524285 449427 499732 498392 525172 498514 470612 492120 555142 511817 449190 502828 529398 503684 491299 510955 522364 469419 512704 476189 494078 506252 539374 471201 499434 478173 536480 549199 500010 502189 446564 443477 505598 505436 494138 488237 492936 502474 497069 465736 497907 470142 499461 481906 518875 477219 490663 488658 525060 502172 470347 479074 466925 435596 478315 485883 492761 514042 473482 512767 514472 483331 479911 492292 478354 500331 487705 481615 483826 498933 532725 462135 481150 477593 526422 496403 502325 492904 512045 509986 465949 532243 486716 491963 482446 508030 487588 552218 492622 465930 459737 480449 494246 497280 501308 507978 460860 512903 498444 481863 472344 479393 546431 453191 477532 483553 457649 521192 487178 487876 479143 545064 504310 522174 503294 499252 456960 491390 488263 467484 514585 452310 499119 501439 501237 502717 482597 495122 475906 508769 511254 490595 524342 491207 488412 443713 494370 498798 492164 466845 485543 504052 506104 484373 500497 508398 454778 485574 514708 492353 509890 498149 478436 528096 494781 481682 503668 490793 523290 478333 505237 507574 489800 509270 475942 518247 510242 471998 509304 486210 474417 469145 518463 490022 556906 477798 514560 478492 474686
472391 460928 484849 477871 454491 449710 460400 458054 506376 430750 465893 472223 502711 470433 466031 468224 483985 495665 495423 492041 479168 484569 438269 493092 464862 504139 448739 440164 484698 525387 483051 455339 490050 504014 458123 450693 474777 490101 440043 512937 444391 466153 468949 518874 467517 465691 469235 510425 504954 495008 486515 421348 409891 449073 483961 495990 492570 452800 503527 477745 479089 452951 437910 473982 477801 495637 488292 484392 472577 498241 467497 482890 449422 454839 439379 466498 452683 510305 501264 449608 479976 505383 468032 451506 449950 474473 461536 473571 451484 456009 492975 497319 435000 464287 474576 478509 454566 466672 487131 502311 494329 469214 521573 489265 468659 454619 475982 458405 512286 447666 454853 453228 452913 451053 471175 472311 479245 441688 474552 499464 462186 447772 454883 520858 453272 455479 447350 449325 519509 474190 480088 465033 516519 478467 487105 498930 463281 453714 486700 463738 451050 471241 437818 476819 504121 467491 503184 450759 480371 444163 481371 494513 474642 489539 460812 468490 428334 464111 482467 464810 450685 447487 478570 472137 486477 490577 506172 451190 471766 476483 463293 471544 459901 458678 456849 500331 483057 468201 464222 457229 481576 487116 465480 450243 477097 419873 483383 497368 436366 501521 464927 472358 463824 476796 474269 504509 473919 496938 448845 484365
524071 521099 515554 517369 497612 495327 505766 500875 541450 468613 509498 505746 547350 503388 507916 498942 511465 524603 561057 543678 511005 519671 452626 524649 510862 525913 487032 503888 507617 538317 544349 445972 513609 538687 517961 506862 530415 546994 503203 522447 489920 513058 516263 553841 478793 523008 508472 557752 557784 531163 500688 451242 472312 492316 532635 521669 525540 513592 527742 535856 508278 534919 487423 529770 511292 533765 487132 540239 506869 535690 532499 499612 473245 480654 489733 500763 502748 520482 517574 496280 527927 529705 506707 505921 495951 498721 514283 510859 488810 502585 509559 549201 468779 492562 489792 559190 524938 512865 503753 559191 544560 477798 555164 479868 499561 516957 516520 554586 581045 506010 485300 489943 503008 525292 499082 500713 530877 464434 527669 538252 503569 465280 500432 537770 472140 483363 501660 499949 578685 489681 490324 514011 551846 504038 522628 540250 522572 465542 530154 505738 505832 512270 473827 493540 537069 510705 531244 492893 500129 484464 537072 527776 513198 535577 520261 538944 458231 509072 495447 506527 513079 498662 484783 518278 521006 517875 553053 523121 499027 532821 524300 507210 517614 517490 532168 504937 511711 526808 489311 541081 505146 538864 497186 495355 512587 503580 530450 551233 460271 538535 492884 518771 470896 525710 512307 580905 494583 530884 494296 508561
531903 528163 502975 506622 500952 495775 500916 513015 538317 483577 504504 458482 529228 514852 500563 494053 487212 513771 532381 539230 519349 518704 474075 531189 490944 517477 496535 510123 508477 548805 502722 477675 506477 539182 496567 494009 518258 520271 485995 545400 482057 514257 514913 540963 474034 499862 496778 564096 556321 530302 509067 451916 465040 510818 500931 536425 520759 513816 524887 512625 483064 516516 469535 540417 514862 514146 514989 530296 494470 537103 535478 515182 458911 467237 495243 468178 506039 497835 529684 491800 501483 518883 476380 491016 495251 520588 494248 511285 477112 499799 518495 534995 478805 489743 533320 551599 519263 512959 512626 548841 536176 491618 542312 497507 489391 480439 520398 496809 570091 502126 472763 493001 472799 471810 503042 492613 497110 468545 523675 500060 480209 482289 461660 558561 472991 490343 486935 484169 528793 489714 500673 469199 541301 509108 516403 547469 531858 486607 519635 488132 483125 523593 463260 503956 512311 504070 539685 490321 507371 474775 540412 509740 521874 534170 501387 485185 456009 498417 502048 494967 503271 493186 515504 505484 520497 497553 526526 497357 489505 522257 508861 531983 498255 489212 509821 506952 497853 513805 502078 565528 513337 515841 533997 496920 503181 500171 527975 559137 460614 520441 490779 489280 497325 524860 511317 574457 503206 514014 508900 487849
