  36   29    0   12   19   10   94    0   38   97   11   65   25   32   44   57   76   61    2   18   62   28    5   54   31   83   88   12   77   85   64   60   46   48    7   14   68   54   17   35   64   18   21   87   45   46    7    7   64   30   27   18   75   93   26   24   77   50   79   74   79   15   53   43   86   65   74   88   69   65   52    8   72   32   12   35   34   38   28   94   88    3   49   30   84   49   63    8   71   48   87   10   30   83   23   27   30   52    5   61   80   30   17   35   64   51   60   80   94   45   76   49   13   59   95   42   54   72   82    0    5   48   11   92   70   61   58   48    4   77   47   39   43   46   94   19   17   12   62    2   79   73   70   46   41   93   83   17   25   24   47   63   22    5   38   50   67   12   68   16   29   51   10   56    3   21   56   27   43   28   50   14   15   96   33   69    0   11   78   35   30   17   26   23   79   93    3   13   62   87   31   84    0   74   94   49   58   25   78   83   83   83    7   52   50    4   80   19   42    5   78   17   51   50    9   85    0   65   17   60   22   74   56   63   98   44   75   81   32   31   70   92    1   11   16   63   42   50   31   42   77   42   39    4   37   75   13   35   28   47   82   84   38   57   81   85   60   13   37   28   68   22    3   88   11   78   95   83   48   56   71   22   42   37   27   55   42    1    9   63   55   85    7   32   38   67   43   48   92    0   89   28    4   52   21   72   75   40   78   18   33    6   64   71   76   36   83   64   57   22   84   75   87   34   55    5   59   51   81   73   99   93   16   97    3   45   93   61   99   55   68   53   92   11   38   67   49   96   58   12   61   31   46    7   86   40   80   48   94   35   10   47    3   80   91   21    5   75   68   79   56   58   27   31   63   93   30   36   58    4   65   13   68   89   91   14   59   44   49   69   99   57   55   65   50   34   82   66   56    0   27   26   64   12   38   45   74   14   60   54
  73   18   59   41   25    7   38   43    5   80   69   31    4   70    2   42   20   23   75   30   24   30   14   74   49   20   30   97   57   68   85   40   34   99   56   21   85   76   40   27   65   54   23    5   81   84   90   36   70   58   26   92   33    3   16   96    6   52   48   78   82   47   63   81   80   88   70   38   55   72   29   99   44   75   50   95   66   73   77   32   34   82   46   66   51    3   47   17    8   26   29   74   25   79   21   82   52    6   11    7   41   29    4   68   85   84   15   86   42   20   13   76   25   64   55   92   71   77   49   52   14   78   75   30   13   78   77   78    2   85   35   24   52   84   81   16   97   77   93   92   52    3    7   62    9   65   10   81   26   10   34   90   55   99   25   67   18   42   37   63   67    5   69   75   38    6   42   32   79   13   29   72   94   59    0   69    3    6   66   37    2   40   37   60   94   10   66   64   97   39   16   90    5   44   65   10   29   10   84   25   60   23   69   79    4   72   66    7   26   85   44    9   64   78   43   11   13   37   48   75   68   25   68   11   18   78   90   69   45   89   35   64   68    7   95   63   24   82   38    8   67   13   59   67   15   79   45   35   10   73   16   16   26   44   87   74   73   19   64   34   47   62   16   34   39   87   96   95   52   64   71   78   67   90   38   70   61   77   92    8   85   82   87   27   57    7    6   58   97   22   79    7    6   60   27    9   91   88    1   96    1   73   78   28   13   56   88    3   85   62   98   26   64   45   63   17   49   98   84   20    5   41   22   25   18   54    9   90    3   16   56   14   50    7   86   58   30   60   54   82   72   83   86   10   76   91   19   82   61   64   71   34   89   74   43   62   95   35   89    1   79   59   71   57   47   15   24   90   40   15   12   28   73   37   43   68   60    8   39   70   70   41   21   18    9   11   96   41   32   44   51   13   90   48   56   50   93   98   12   71
  16    1   55   47   49    2   64   51    5   33   13   90   74   49    8   84   35   58   72   39   97   22   34   18   34   79   47   88   89   32   79   49   42   28    6   45   66   86   41   13   46   29   91   69   90   31   44    8   13   37   39   67   21   98   78   89   30   56   51   77   84   57   97   49   27   17   37   29   20   45   26   98   30   60   75   94   68   25   55    6   27   97    0   32    5   53   75    7   12   86   27    0    9   90   92   16   28   18   49   82   75   38   69   25   90   59   91   25   95   28   68    4   23   53   50   12    0   83   24   75   17   28    1   53   51   57   74   66   20   41    7   65   39   16   87   47    5    9   29   94    9   40   39   61   59   48   80    2   39    6   30   26   88   67   23   64   83   18   56   48   91   36   67   56   32   33   86   89   26   47   14   42   86   70   48   78   55   43    1   10   53    8    1   32   55   73   96   65   97   28   65    0   13   64   31   56   94   77   35   68   92   24   55   73   65   48   43   57   49   35   87   79   64   19   51   20   16   23   15   78   51   72   97   26   19   14    1    2   59   68   29   53   20   70   71   70   51   84    8   41    6   82    7   43   18   70   40   55   96   92   42   37   29   68   99   59   56   99   19    7    9   59   89   23   72   88   91   79   36   66   55   48   70   68   80   55   65   28   47   81   77   51   56   25   38   66   11    1   59   72   98   47   12   63   30   15   62   71    5   72   57   74   62   46   33   64   19   54   75   23    8    2   55   41   65   81   97   32   11   74    1   63   27   35   12    0   19   43   29   39   11   13   74   81   73   95   73   12   73   23   77   63   84   95   68   93   54   93    8   44   76   98   86   36   62    8   11   70   31   55   20   79    8   62   67   82   25   34   55   28   73   75   75   49   62   17   19   37   20   80   25   92   41   76    7   71   45   81   18   20   86   57   56   59   35   94   55    1   28   97
  48   72    1    2   20   51   60    6   91   60   35   45   50   77    9   57   52   78   36   36   80   85   82   86   10   65   68   26   45   99   13   81   31   85   53    1   10   82   79   21   64   50    5   70   15   41    0   24   93   50   72   29    4   61   24   10   49   40   11   59   44   99    8   49   79   42   20   98   32   92   84   67   77   54   66   27    5   62   80   83   76   98   59   17   20   27   97   88   72   86   34   71   16   10   64   70   59   46   60   37   29   25   36   31   15   53   41   16   90   50   14    4    8   41   24   96   46   73   24    6   33   68   76   19   29   47   34   29   98   93   35    5   35   88   89   70   67   36   44   87   21   40   87   69   10   78    6   28   91    7   18   86   66   23   34   93   60   31   14   41   31   43    4   46   24   96   27   24   30   60   73   29   69   13   19   28   69   55   46   60   19   26   70   98    0   36   88   83   26    3   56   69   25   30   67   53   28   83   90   72   94   35   11   73   56   41   26    6   17   66   22   93   47    8   65   68   17   83   73   59   12   48   97   23   93   19   60   39    6   64   47   31   23   48   10   59    9   20   50   74   39   62   93   59   75   47   25   36   35   54   15   76   15   70   47   73   17   20   25   77   26   33   13   23   85   12   91   83   94   62   68   84   70   56   42   86   31   55    6   64   13    5   29   66   82   59   65   24   10   11    7   34   74    6   34   60    5   54   39   91   49   51   85   72   54   66   40   69   30   31   82   41   53   11   34   65   53   30    2   54   34   92    4   68   38   26   71   51    7   60   17   85   24   79   32   31    0   91   55   14    3   27   49    3   36   31   87   41   10   24   82    1   13    1    4   92   99   73    9   69   77   78   74   69   44    6   82   92   50   42   91   45   37   88   92   20   27   31   15   85   97   51   71   42   99   95   74   88   13   88   42   21   93   84   13   65   88   69   48    4
  49   55   84   21   20   92   83   56   44   61   15   24   54   42   17   52   65   81   62   61   55   11   38   45   52   29   74   53   30   46   70    2   34   20   32   66   21   54   37    5   88   59   29   50   98   15   85    0   86   33   29   77   16   13   46   94   33   54   39   75   89   97   26   26   92   58   32   34   17    8   34   79   65    1    4   86   79   79   86   63   33   59   64   84   53    5   62   73   94   18   86    2   73   31   11   32   55   19   55   71   87   55   60   92    3   76   97   82   92   90   58   80   36   11    8   18   72   40   81   33   79   88   32   52   53   87   37   38   77   90    2    7   93   44   55   90   39   44   84   73   69   36   70   82   91   63   87   81   73   53   43   63   88   52   69   56   64   68    5   12    3   76   89   35    7    1   44   64   33   61   15   72   33   99   76   46   94   97   19   57   65   35   99   67   76   19   90   96   90   44   93    1   20   65   77   12   29    8   10    2   99   88   60    3   73   53   77   48    0   91   87   91   66   92    7   40   32   47    4   82   29   12   19   11   68   92    8    2   88   38   12   19   67    8   40   97   43   16   75   43   39   25   75   49   48   76   36   65   17   57   42   51   36   13   92   40   74   90   44   82   43    6   88   84   56   82   66   80    5   81   21   98   96    5   65   38   25   96   40   55   31   68   25   36   70   21   78   97   70   36   18   56   43   24   36   96   16   25   34   91   35   29   29   94   35   36   36   87   71   59   21   11    8   29   79   76   78   66   51   35   72   19    6   82   47   62   95   68   76   47   31   35   90   38   93    3   29   94   57   36   17   48   95   35   48   35   86   68   61   67   41   81   61    7   37   87   25   95   81   98   79   12   19   48   35   93   84   75   94    6   70   87   97   83   80   78   12   41   87   63   26   71    2   39   75   78   50   27   49   18   93   85   72   33   14    5   38   83   36   79
  17   80    7   34   15   60   18    1   32    0   37   25   93   52   43   60   13   13   15   86   74   95   81   11   16   82   54   61   23   50   90   48   68   74   92   20   91   60   83   26   11    8   38   55   28   26   81   74   63   65   84   22   93   86   34   34   18   70   30   26   67   19   11   86    3   91   68   35   56   31   40   70   90   22   53   86    1    0   61   14   99   12   73   31   92   86   79   64   21   10   26    7   78   28   44   61   70   59   73   11   27   76   71   63   93   98    8   55   90   32    5   11   72   91   70    3   41   34   91   53   23   56   74   58   41   71   30   12   86   71   73   88   71    3   84    3   69   99   40   31   92   45   92   31   18   55   37   71   29   75   35   35   70   26   28   54   33   38   33   62   33   61   23   89   95    0   10   10   18   78   24   58   25    6    8   94   55   65   18   48   65   77   65   59   62   37   69   29   71   45   57   47   56   71   28   47   40    1   85   68    4    6   92   84   72   70   84   59    0   45   33   17   85   65   90   10   97   60   56   18   62   59   70   15   63    9    7   47   11   70   48   23   27   49   59   79   57   54   60   59   34   22   52   12   24   14   49   97   87    8   82   15   91   20   12   78   83   39   54   79   85   41   78   79   79   89   83   44   31   98   44   93   99    1   14   56    8   65    1   84   42   67   46   68   68   28   80   82   32    6   44   65   77   20   48   76   52   79   67   17   21   79   70   83   29    5   23   43   12   19   14   12   38   80   37   29   54   64   34    0   29    7   14   61   17   37   39   87   15    8   53   62   50   70   86   61   53   68   21   24   37   76   85   55   61   78   24   12   74   12   15   39   78   38   11   12   25    8   32    8   84    5   19    3   29   80   57   93   61   42   95   18   11   32   92   81   53   92   64   23    0    3   84   30   42   38    8    0   72   68   22   12   51    8   29   71   17   77   88   18
  66   76   51   29   98   30   24   12   90   22   13    3   29   67   68   85   66    4   84   25   95   34    1   39   45   82   55    4    4   61    8   53   89   83   63   30   51   10   73   13    5   63   57   54   47   59   44   13   56    4    6   56   70    8   37   92   78   80   65   17   38   59   66   13   97   93    3   58   14   31   88   68   35    0   83   28   60   23   78   34   73    8   61   96   47   46   68   85   81    5   29   84   97   65    0   67   94   80   72   52   90   63   51   89    0   12   84    5   89   98   26   88   54   51   92   78   88   88   72   46   18    9   25   48   13   35   79    2   30   95   32   71   60   78   72   59   97   26   27   58   71   68   95   59   76   12    3   81   44   29   75   39    2   55   12   97   32   31   84    4   67   97    2   95   61   19   85   82   98   91   61    1   74   75   77   17   73   82    7    2    8   69   30   81   95    3   73   75    7   11   80    7   19   92   72   92   27   74   60   89   22    1   39   51   57   87   68   89   72   36   81   32   81   69   22    6   88   78    5   24   48   52   37   19   66   73   64   95   39   54   31   95   41   40   74   28   36   83    2    3   86   28   78   69   19   18   98   89   25   48   86   24   66   37   88   28   43   70   67   10    8   85   76   14   64   28   40   62   63   35   83   51   81   56   35   25    1   53   55   93   25    0   89   59    4   32   97   86   55    9   65    6   39   40   77   67   47    0    1   81   65   33   75   92    1   90   24   76   59   73   11   60   96   79   79   17   27   81   40   56   16   78   44   49   95   63   44   34   60   42   22   36   28   74   50   20   14   93   88   82   73   86   64   91   91   43   24   89   82   44   90   10   82    4   10    6    7   18   36   35   42   97   51   24   13   91   27   81   78   86   14   78   78   97   70   11   45   47   47   34   80   28   44   44   64   48   97   98   46   26   76   91   88   16    5   66   30   30    2   96
   0   63   92    6   61   92   41   29   70   92   55    1   68   21   98   27   63   68   44   79   89   63   75    6   24   43   13   49    7   35    6   41   40   48   99   55   14   63   97   21    8   90   17   82   42   78   71   80   76   52   24   95   18   36   28   41   24   81   43   86    3   44   58   84   73   63   84   38   95   90   90   50    9   84   41   81    5    9   34   87    3   16   49   81   15   75   48   73   71   92    5   60   45   33   74   59   44   69   57   36   33   25   29   48   18   89   58   63   57   89   81   47   34   94   59   79   13   35   26   44   50   99   10   95   81   41   28   83   13   90   94   25   56   51   76   75   99    7   81   80   74   21   74   47   27   37   41   74   20   23   37   46   94   26   90    5   51   84   31   22   60   23    1    4   47   50    2   26   75   56   61   72   90    4   48   20   66   39   15   87   51   10   22   74   47   95    5    7   68   33   87   76    2   93   95   24   61   64    3   73   96   40   98   66   73   54   69   93   59   53   16   51   86   66   71   15   84   53   45    5   89   62   31   53   90   83   29   79    0   43   54   65    0   30   25   38   69    7   74   10   50   81   87   97   43   48   90   12   90    8    9    4   23   87   20   44   80   88   43   36   46   58   32   67   80    5   82   68    5   79   49    2    8    5   40   52   24   97    3   97   15   10   49   76   66   79   45   87   76    4   50   97   72   82   71   60   33    6   30   24   72   34   35   85   19   76   35   94   95   42   78   91   60   89   68    1   60   23   59   79   19   66   54   22   75   78    0   31    7   60   88   93   39   23   31    5   34   66    1   72   84   31   76   46   98   50   59   81   27   69   85   27   80   27   60   32   62   14   80   13   33   81    9   83   40   26   83   85   86   57   19   71   70   88   73   30   44   66   77   30   25   90   99   29    6   62    1   19   52   36    4   35   67   75   75   28   66   32   65    0
  40   31   66   27   29   54   65   40   89   98   60   54   52    7   41   80   69    5   13   83   73   40   94    6   76   97   43   49   21   85   72   42   23   46   45   36   83   36   11   79   73    3   69   48   67   26   17   55    5   21    4   34   90   53   73   74   12   94   15   24   65   48   21   34   40   60   79   36   39    9   95   61   25    3   94    4   18   88   33   87   55   56   93    1   34   34   73   34   88   72   90   81   74   35   72   42   34   22   89   72    4   34   58   70   30   70   27   15    8   88   65   82   53   58   29    8   71   16   87    9   97   46   28   26   67   83   47   43   87   45   33   92   80   57    1   38   97   98   67   46   85   57    5   38   32   66   21   77   24   62   30   24   70   94   79   51   91   82   91    0   81   51   69   93   51   68   98   11   74   70   19    1   63   36   31   23   54   25    7    4   25   61   52   74   59   29   91   58   61   49   42   99   38   81    8   94   75   82   31   65   75    7   64   85   84   76   89   28   68   26   86   52   82   28   30   97   90   19   38   15   63    4    2   55   89   74   69   58   18   20   61   92    4   37   18   14   35   19   24   43   74   54   54   60   22    7    2   86   87   33   78   25   30   68   92   61   95   99    2   41   47   18   21   97   17   48   48   66   54    4   45   33   12   98   54   96   91   98   23   82    4   50   86   57   20    7   45   79   91   74   44   70   78   38   26   26   74   80   19   97    1   42   48    5   72   90   23   68   95   67   45   94   40   67   77   61   31   71   30   48   54   28   76   25   16   72   88   24   51   93   36   40   69   63   12    4   36   44   61   39   13   75   43    5   59   40   53   85   19   66   11   77   36   76    4   66   25   39   23   39   79    5   60   19   39   55    9   89   68   61   93   38   14   83   63   44    8   25   58    8   54   82   44   61   21   58   18   72   53   60   32   35   65   61   69   14   18   29   38   53
  52    6    3   82   57    4   85   37   66   45   19   68   36   15   22   82   52   42   78   25   15    9   10   92   90   40   47   38   54   18   65   50   91   31   76   16    9   75   88   89    5   35   47   28   29   37    2   92   30   58   78   16   20   63   99   40   91    1   73   96   74   11    1   41   55   65   92   58   26    0   93   60   67   72   80   84   86   18   29    3   12   94   42   68   56   45   16   72   75   15   32   95   85   65   95   87   61   55   64   80   96   32   30   13    1   35   24   89   48   69   20   45   80   23   39   59   20   59   61   53   16   73   83   24   10   51   17   30   65   20   36   33   71   80   87   11   76   27   89   53   92   40   32   82   35   77    5   67   90   28   98    2   12   31   31   60   86   10   74   82   58   98    9   73   41   41   60   79   48   27   26   95   41   36   56   68    3    1   57   63   49   29   78   10   63   43   36   10   66   18   54   89   74    6   98   62   83    6   91   71   88   97   84   42   83   96   90   64   95   59   44   17   46   95   11   86   64   13   22    2   74   35   18   15   50   33   90   95   20   86    6   44   57   27   64   57   93   93   81   79   33   86   36   76   48   50   80   14   85   81   47   65   26   77   11   73   67   24   81   28   54   85    5   40   62   17   51   64   87   29   83   64   50   59   98   66   43   99   69   27   61   97   69   76   66   85    8   80   90    2   78   50   38   10   31   67   51    5   30    3   36   90   75   91   16   62   30   45   96   82   69   96   49    5   91   10   26   90   88    9   85   71   10   55   26   52   18    9   65   72   19   60   49   92   56   48    0   91   66   18    0   20   50   94   62    9   19   23    7   14    9   70   68   78   18   90   37   14   15   32    8   31   66   97    0   58   23   33   64   29   43   31   36   71   29   54   79   62   75   47   46    2   70   68   51   72   65   18   22   64    9   87   34   60   52   66   35   70   17   32
   3   15    5   47    7   23   48   68    2   71   51    0    9   95   44   92   51   13   72   47   37   20   44   96   21   56    3   70   89   97   81   67   58   87    0   24    4   22   22   44   69   88   59    3    9   44   61   82   37   17   14   61   99    6    0    1   54   31   82   80   50    4   57   36   83   72   95   36   32   47   82   50   33   90   39   87   63    6   49   69   91   54    1   35   96   49   38   87   41   77    2   56    2   17   54   61   11   49   40   44   81   94    7   99    5   95   61   73   24   59   59   31   50   94   10   45   33   20   47   11   12   83   31   32   66   76   86   62   26   28   70   85   91   84   62   17   41   12   43   60   67   23   69   33   69   93   28   17   96   47   23   29   46   34   90   37   47   25   70   76   56   81   27   53   72   89   32   13   78   50    5   82   49   62   35   98   43   59   53   96   61    9   85    4   52   35   48   84   10    5   90   25   44   98   72   64    0   39   51    7   64   75   36   92   93   74   31   11   69   53   71   40   15   90   96   76    2   80   99   41   50    2   60   75   20   63   26   14    2   75   21   14   96   73   25   71   49    0   27   77   71   40   98   50    1   96    2   91    7   38    5   70   30   51   18   82   46   31    2   47   72   11   50   92   86   90   89   27   15   58   71   37   23   15   50    4   68   82   82   28    9   51   74   90   12    1   14   54   16   95   34   80   32   21    8   20   75   76   66    7   32   59   93   23   18   83   46   37   38   41   48   79   68    8   13   60   83   96   89   65   23    8   73   90   40   12   73   36   63   18   35   72   85   26   79   26   73   41   70   28    8   78    0   52    5   55   10   16   98   91   44   34   69   37   15   24   61   96   65   60   78    6   62   19   42   48   72   18   95   60   34   30   10   34   11   78   79   52   96   11   87   37   75   89   12   84   99   75   14   84   27    9   64   12   56    1   74   12   67   82
   9    3   87   46   50   24   47   83   84   80   28   76   44   37   32   92   17   89   91   65    2   61   11   33    7   73   48   93   68   31   77   28   26   26   71   98   85   54    1   96   38   61   42   29   30   58   42   15   37   44   62   44   19   57   83   38   63   45   29   87   96   18   62   92   53   53   95   62   84   10   58   14   20   73   86   90   76   51   43   16   78   79   12   91   32   67   12   18   60   41    2   93   88   19   64   17   71   70   74   54    2   20   99   61   34   93   43   85   80    0   93   87   99   62   69   26   15    9   17   97   27    2   68   18   51   67   57   75    1   26   40   73   54   76   74   80   60   75   67    3   28   89    9   56   76   43   17    2   66   59   69   16   46   54   83   18   69   68   59    8   11   60   62   64   77   39   29   91   69   52   55   75   31   44    4   79   50   89   29   41    5   96   34   15   61   84   11   52   47   13   27   62   98   13   63   88   75   81   91   65    3   23   41   96   20   85   63   71   10   36   46   48   87   33   86   84   64   30    9   23   60   21   90   40   28   62   15   83   54   92   85    8   89    4   79   36   34   81   27   90    4   16   35   28   87   90   42   57   33   40   33   24   69   11   29   10   45   67   51   72   57   36   91   60    3   15   67    2   17    9   80   10   20   98   12   23   81   13   22   79    0   36   25   20   39   22   77   13   39    7   10   68   45   43   27   14   87   79   46    1   89   43   18   12   99    2   37   55   29   15   64    6   97   47   73   84   78   48    7    7   35   30   88   44   99   28   96   33   99   50    1   94   20   80   81   20   56   78   94   39   41   81   49   61   11   67   33   36   90   71   55   56   85   61   20   54   62    5   13   47   57    5   45   16   66   47    9   40   93    4   40   13   90   46   62   96    5   48    6   77   58   44   29   19   91    2   12   37   39   91   31   32   23   36   26   69   79   73   80   60
  68   33   99   94    5   35   69   29   51   84   88   93   64   95   64   53   20   86   25   18   76   88   97   75   96   39   10   24   15   75   42   43   92   97   14   85   63   79   94   33   80   71   65   75   76   40   92    9   18   73   46   29   50   13    0    4   89   32   90   50   30    3   10   56   61   89   19   59    8   52   17   23   41   43   11   60   40   86   60   88    1   45   84   18   22   70    1   95   94   95   77   99   97   25   15   83   45    5   44    1   57   67    4   11   90   38    5    1   39    8   13   20   70   55   77   33    7   56   96   64   24    0    8   84   29    5   33   87   42   97   50   90   20   54   47   76   13   17   22   93   89    2   42   55   89   46   77   79   51   74    7   33   85   16   51   79   51   97   85    9   52   73   74   51   40   31   35    1   85   72   28   13   52   85   99   26   43   59   59   28   81   70   83   11   67   34   76   50   51   58   22   57   88    7   16    3   48   23   59    3   10   22   65    5   52   52   31   10   71   41   59   76    1   77    8   56    9    3   41   53   31   25   18   56   40   90   43   59   95   94   49   20   39   26   48   14   40    7   97    1   88   92   95   45   77   93   83   86   48   74   21   91   47   26   29   85   19   67   27   59   53   61   22   90   88   92   49   17   55    8   70   27   19   81   65    9   87   66   26   39   45   91   55   82    3   50    8   38   55   83   27   24   85   54   72   93    4   60    7   93   44   44   19   62   54   94    0   73   95   90   62   83    4    7   69   25   70   74   66   89   21   80   80   31   20   62   88   66   11   43   39   58   58   98   84   54   14   19   17   50   15   17   15   68   28   90   49   67   52   87   12   72   57   43   69   53   62   53   12   39   97    9   23   70   14    4   76   20   22   45   84   98   26   30   51   79    6   41   10   22   62    2   86    8   82   41   56   40   36   62   31    6    1   28   21    2    9   87   49   39
  91   58   12   71   70   26   67   13   99   58   28   90   50   89    9   30   43   26   51   35   88   24   18   96   71    3   84   19   68    2   25   85    2   47   39   22   11   39   36   10   71   10   38   94   37   69   46   63   78   47   65   48   31   77   39    5   27   66   66   55   44   30    4   21   99   86    7   93   77    9   41   16   71   66   21   77   29   49   11   92   18   87   84   12   11   14   83    8   61   87   29   55    8   94   60   72   25   73   62   12   56   10   67   93   86   48   88   99   45   32   18   62   38   57   94    6   29   51   72   92   87   45   55   47   10   70   82   78   36   82   21   45   25   44   92   47   75   96   15   92   11   62   45   28   63   90    6   17   50   10   31   41   43   68   46    5   64   31    0   78   42   65   65    8   83   20   74   72   12   11   84    0   21   99   11   61   36   42   12   59   33   67   79   49    1   65   49   70   78   17   11   42   90   30   43   79   80   76   93   81   15   43   77   57   14   70   17   32   97   97    2   37   31   53   83   82   13   74    3   50   56   40   87   63   97   43   40   59   24   79   30   12   47   69   53    5    1   73   99   20   96   49   14   26   96   32   83   62   80   43   11   48   94   99   40   12   21   38   97   53   49   81   17   28   74   39   59   82   74   53    6   85    8    6   21   28   79   55   92   12   97   48   59    1   72   50   74   92   21   94   48   31   70    0   68   91   20   56   78   58   92   81   27   39   67   42   39   85   11   49   37   73   98   90   35   39   12   88   30   32   37   92   99   30   64   23   45   72   50   92   50   76   46   74   82   97   33   55   70   88   10    3    8   13   27   27   10   94   81   19   39   38   84    3   85    7   52   58   20    9   42   89   56   88   34   62   87   39   98   88   59   48   16   19   88   34   92   36   25   57   30   40   46   81   83   62   94   25   65   40   42   72   33   24   47    9   56   71   15   40
  27   12   13   47   54   56    6    2   12   79   64   49    3    2   39   86   11   58   57   96   29   28   60   41   17   66   96   91   10   79   70   64   46   79   57    9   12   72   40   57   80   27   89   23   44   28   69   12   33   27   72    7   64   67   72   51   64   12   55   69   24   17   29   49    4   92   65   76   84   58   77   58   77    6   82   42   47   30   40   47   37   95   51   78   95   60   33   70    1   73    0   45   27   86   64   61   65   73   15    1   93   53   66   36   84    5   44   64   46   92    0   73   88    7   64    5   62   34   83   23   37    2   73    4   67   34   94   13   63   19    4   86   88   99   18   80   49   23   39   17   61   57   17   78   56   65   13   80   36   48   15   98   51   78   61    5   69   36   59   55   78   22   96   40   71   62   56   55   61   86   27   26   98   92   39   32   74   92   94   24   21   50   17   93   35   27   97   84   94   50   79   41    7   66    7   19   29   65   77   17   73   71   59   61   40   13   13   10   47   60   14   12   69   62   93   99   98   12   36   47   73   92   83   93    1    2   41   80   32   23   23   74   78   35    5   22   28   47   38   17   98   42   22   39   74   96   44   54   30   69   68   17   54   99   23   49   67    7   52   60   54   31   80   29   51   31   85   45   38   28   53   77   62   17    1   14   89   10   17   41   18   11   18    2   51   29   28   98   91    1   90    6   58   58   61   49   66   10   44   89   56   67    6   49    9   54   34   79   78    9   37   93    1   11   93   45   61   24   41   66   31   83   92   61   26   22    2   77   89   94   97   16   69   25   17   52   67   73   49   12    6    5   76   56   34   79   35   29   80   58   67   80   31    2   66   33   97   30   79   72   70   66    7   82   26   54   25   22   38   43   90   39   94   66   63   95   99   45   39   63   20   17   31   57   99   72   30   76   51   97   61   98   77   51   78   86   20   73   99   52
  45    3   73   97   61   96   13   51   77   34   83   11   86    5    9   80   96   40   22   56   28   30    0   61   15   75   20   89   68   49   42   30    6    7   56   85   69   85   73   35   93   20   27   67    3   75   30   72   73    7   32   98   93   54   42   60   73    4   31    1   50   12   89   39   88   94   27   72    4   99   75   67   58    9   26   69   21   64   83   88    6   54   13   24   88   73   67   75   11   51   22    9   91   41   20   83   70   30   81   73   26   25   17   32   28   33   20   13   71   35   10   72   22   40   84   29   18   70    7   51   81   43   15   79   72   38   15   54   77    3   48   33   36   23   65   88    9    2   39   70    7   75   72   33   33   25   71   16   33   27   37   91    2    4   40   45   99   26   55   69   69   33   85   34   43    5   99   91   24   52   83    6   67   75   64   78   22   46   63   97    5   22   32   84   76   84   64   52   40   54   10   11    7   13   32   42   98   91   77   21   52   47   62    6    6   29    8   37   38   96   67   19   58   10   97    5   22   52   68   51   93   19   99   24   73   31   68    0   71   81   34   77   53   32   58   57   34   32   44    2   57   58   53   72   49   33   80   24    0   26   71   34   16   46   19   75   10   19   78   70   24   96    6   18   22   50   51   36   23   60   40   88    7   88   81   44   69   75   88   51    8   77   15   88   82   71   34    6   43   24   97   78   18    1   92   51   72   61   31   81   21   80   96    7   78   67   76   79   93   10   30   48   88   64   60   34   12   37   47   10   16   77   24   23   10   43    4   51    7    8   97   43   29   15   44   23   22   35   13   48   40   43   78    7   26   35   38    3   25   25   91    8   49   16   97   50   32   92   64   19   71   73   50    4   73   33   10   40   49   10   21   63   67   14   24   80    8   59   41   74    3   16   82   31   37   70   46   45    5   63   13   41   35   67   67   64   61   29   34   88
  71   73   86    6    0    3   49   71   95   63   73   92   17   67   66   20   46    4   48   53   37   49   63   93   39   70   43   90   56   75   29   66   25   56   19   58   17   50   48   83   10   23   71   91   80   55   26   43   85   21   98   27   48   58   29   15   31    0   63   25   44   30   20   94   34   58   33   40   24   98   60   36   55   95   62   94   66   68   37   52   60   82   74   32   42   36   98   20   58   25   13   13    2   85   83    0   26   42   15   36   92   38   50   84    0   82   45   66   95   68   30   80   23   38   64   45   85   24   64   23   59   93   97   76   63   45   31    3   50   74   83   94   18   92   27   71   74   64   41   12   50    8   62   26   19   56   24   91    9   87   77   30   56   36   23   31   34   53   57   80   57   78   92   88   40   52   80   65   13   95   76   67   98   16   88   32   81    7   55   11   94   49   85   73   48   18   46   32   25   33   22   84   90   18   21    3   41   62   26   52   33    0   23   76   88   42   58   54   30   67   40    5   38   17   47   46   46   17   94   11   29   32   45   42   98   84    5   59   51   92   34   45   92   47   60   31   78    8   97   17   57    6    9   70   78   34    5    3   93   75   38   25   70   89   65   82   85   30   73   23   22   99   32   81   34   92   27    1   46   59   38   26   82   37   70    9   87   74   16   52   74   79   42   11    5   99   10   34   85   95   47   67   51   10   49   78   62   56   83   18   56   18    6   95   77   99   45   57    6   18    8   34   40   21   77   60   43   40   56   37   77   80   18   96   45   19   85   41   14   53   40   24   72   40   52    5   36    4   28   78   92   33   69   70   78    8   29   67   29   65   89   82   48   20   31   55   74   90   84   21   11   12   21   34    4   96   34   15   53   11   85   99   91   39   63   14    4   55   74    1   99   42   61    3   88   56   47   62   83    0    4   51   78   94    9   39   78   95   25   96
  80   24   81   57   84   83   20   70   45   76   13   26   22   91   36   23   73   64   63   88   90   35   96   55   88   69    8   92   57   44   34   60   92   14   22    6   19    2   21   47   82   54   22    8   88   18   76   26   63   89   91    9   51   48   87   78   14   87   36   69   17   26    7   12   93   15   62   77    7   29   48   33   88   17   72   43   38   33   67   35   62    3   27   46   21   11   22   53   95   66   90   54    3   14   75   61   84   41   93   35   84   14   45   99   79   39   89   45   94    9   82   67   17   28   81   74   19    6   31   29   62   74   27   39   18    3   91   78   78   96    4   37   74   62   78   37    9   55   73   73   17   63   63   31   26   19   10   54   31   65   58   57   96   12    3   35    2   74   37   14    8   88   37   46   16   79   73   34   85   35   90   96   46   56   83   10   47   95   20   37   85   71   48   12   18   85   50   95   10   38    9   14    1   55   23   16   88   44   54   62   43   13   48   94   68   70   56   36   46   41   58   84    1   47   26   98   14    6   70   27   21   51   92   13   53   35   18   51   96   26   21   16   61   26   59    8   70   19    8    6   79   95   41   16   82    0   31   95   39   75   36   26   31   87   44   87   99   74   29   59   37   58   70   96   78   46   86   80   28   11   41   70   24   98   97    0   39   25   86   78   67   73   79   73   66   98   54    9   42   67   87   64   28   20   83   21    2   65   52   65   46   60   35   46   16   68   59   32   57   23   73   59   65   61   84   81   27   41   54   76    3   91   31   42   26   54   27   91   31   30    1   72   91   57   90   41   69   86   73   15   97    3   11   20   72   87   53   34   45   68   21   23   29   49   73   52    9   24    4   38   50   26    4   10   69   43   96   56   30    9   73   35   59   46    8   93   11   61   14   94   28   52    7   80   22    9   28   56   32   35    7   72   34   87   40   71   31    8   63   62
  97   74   63    2   82   16   73   68   80   31   49    6   35   88   20   95    5   37   37   99   54   85   84   55   72   74   50   93   43   72   35   33   36   19   80   43   67   18   68    2   64   45   12   32    4    9   81   87   82   12   58   63   34   56   27   97   24   25   76   23   90   62   90   55   96   81   80   17   80   30   83    0    6   72    6   32   46   23   73   60   65   25    2    5   25   23   61   84   28   59   91   47   20   49    6   99   91    3   26   16   87   86   34   53   64   99   82   68   45   72   64   57   21    1   51   90   99   52   96    0   82   20   35   35   22   28   54    2   21   28    8   89   43   58   58   32   26    8   82   75   65   71   80    0   67   99   82   26   58   26   12   30   34   96   46   84   95   63   49   49   78   32   45   33   25   32    9   86   86   68   75   40   52   99    5   17   82    7   77   36   70   98   57    2   52    8   94   34   95   98   32   34   86   67   50   86   25   67   34    8   35   14   99   25   93   79   36   80    5   17   80   37   15   13   80   47   44   36    9   99   21   38   82    5   58   52   72   90    9   36   36   81   45   41   27   56   62   50   61   87   86   56   94   37    2   76   76    5   32   27   52   28   74   56   86   83   29   55   61   45   96    6   91   97   36   29    4   12   23   83   77   89   31   29   81   54    5   78    9    2   92   98   70   32   16   47   51    5   66    4   49   11    4   32   58   92    5   51   76   32   80   45    0   26   41   62   15   50   78   37   19   68   63   39   82   80   10   59   62   20   18   16   32   25   70   91   45   82   50   97   38   74   84   91   39   35    1   61   55   39   21   86   99   99   45   74   82   78   35   88   65    9   16   48   94   73   64   60   91   54   40   38   52   22   95   92   38   73   77   61   11    8   71   11   82   43   80   12   39   14   48    8   27   29   50    1   31   73   40   59   85   50   87   98   52   48   31   86   78   18
  65   26   98   32    8   99   60   90   89   44   44   84   37   23   56   59   82   16   48   57   96   22   62   58   95   42   18   55   85   16   71   50   79   31   85   14   52   50   27   13   94   42   92   32   64   54   40   48   25   13   66   27   53   55   99   83   18    5   96    9   71   79   86   33   34   25   16   22   20   97   48   51   62   16   98   40   50   26   29   16   50   97    1   44   39   69   74   89   25   20   47   12   48   26   31   71   14   38   67   48   85    2   40    0    6   40   25   15   95   79   43   95    8   92   87   46   71   28   96   48   21   10   69   94   69   67   78   28   33   75   64   24    5   75   86   40   83   86   70   98   97   32   89   55   38   23   69   80   20   49   89   98   43   88   85   27   45   11    0   61    0   31   17   25   24   54   77   53   75   53   68   29   32   15   52   18   62   72   88   46   99   46   71   97   52   91   57    6   49   79   64   24   28   72   79   17   45   14   29   93    2   55   45   34   89   89    2   28   23    6   50   39   39   70   97   66   61   47   40   51   26   52   37   37   86    8   81   15   37   72   91   81   72   39   36   32   83   60    6    2   12   56   98   46   24   44   70    0   65   94   93   17   98   11   47   38   66   77   60   76   98   51   57   54   26   45   55    2   39   27   66   38   13   55   46   65   74   98   61   50   28   67   41   96   68   27   93   45   62   72   65   56   73   89   16   56   60   92   57   14   76   80   83   21   15    4   42   11   76   58   31   29   44   14   41   62   46   48   82   38   12   53   17   86   15   72   45   49   88   82   17   86   32   37   82   14   41   11   56   63   58   93   71    3   20   49   45   19   52   53   45   85   38   78   69   97   63   48    0   66   52   89   59   69   91   96   22   24   78   13   81   14   36   85   13    5   75   80   75   46   76   69   37   74   19   42   82   14   42   61   59   95   66    2   99   22   59   87   60    6
  35    1   42   87   25   76    4   25   57   96   61   71   77   11   95   46   30   86   49   66   36   58   15   41   45   24   91   61   87   15   42   80   16   20   92   12   45    7   33   81   36   46   91   39   60   52   71   58   83   88   98   34   17   18   78   86   24   48    1   57   70   15   92   86   95   93    8   44   42    2   93    2   69   30   59   49   22   43   70   56   22   25   69   20   59   97   57   28   66   94   64   57   61    6    2   59   47   98   47   83   65   30   86    9   69   46   72    9   20   29   56   91   90   65   11   78   84   54    6   16   80   15   33   76   15   42   68   49   87   17   57   36   55   13   68   20   80   88   34   71   54   85   92   87   25   58    9   30   36   49   83    1   49   81   23   80    7   50   98   37   64   17   42    7   11   32   98   93    5    6   68   94   50   52   60   44   74   12    5    7   22   54   26   59    1   43   14   28   64    1   77   26   86   71   90   60   40   15    7   79   64   14    9   79    5   51   32   71    5    8   13   74   71   72   57   17   22   13   12   74   45   41   14   64   83    0   93   18   91   74   89   19   56    8   44   17    7   83   75   34   41   53   60   57   30   37   98    9   40   25   24   15    9   90   87   74   92   82   12   81   80    0   87   74   99   48   74   77   66   95   14   35    9   60    2   30   73   89   22   25    2   35   70   88   42   10   32   49   60   58   80   57   40   12   93    3   32   41   89   45   41   94   36   75    3   59   72   21   75   90    5   19   14   94   29   94   37   97   56   28   50   13   19   62   75   42   85   38   37   55   39   68   90   33   48   33   59   61   45    7   92   69   72   79    2   87    8   75   95   50   71   87   56   49   80   78    8    6   71   70   81    8   15    2   28   50   36   11   55   32   28   77   31   55    6   73   54   78   30   48   42   98   10   20   96    8   27   31   78   76   86    9   21   46   73   57   52   80   19   84
  65   23   43   27   30   68   30   85    9   16   91   72   43   23   25   18   89   33   93   79   35   74   47   47   76   71   21   40   93   21   71   84   60    5   85   90   64   78    4   72   80   56   52   81   66    2   18   59   60   26   13   63   30   67   66   21   76   15   39   58   88   94   69   66   50   48   55   93   65   81   55   73   85   43   64   49   51   26   83   81   92   28   99   70   34   87   55   55   75   15   46    2   42   67   98   22   87    3    1   34   28   58   19   55   98   16   43   60   42   41    3   47   92   87   79    7   12   52   29   17   18   18    9   61   41   66   21   60   18   92   17   79   68   19    9   63    4   62   67   64   97   42   50   94   86   46   42   78   56   48   81   78   41   39   66    0   78   49   87   54   38   11    0   66   19   85   49   86   46   37   14   41   82   85   47   99    3    5    6    6    0    5   79   46   78   78   69    9   12   68   95   17   63    3   19   59   65   59   45   28   79   32   71   35   51   92   39   86    6   52   51   96   26   58   58   10   99   48   43   89    6   66    1   95   81   53   39   91   24   76   41   82   74   99   60   30   88   62   70   25   53   85   36   58   20   17   77   42   20   18   12   45   31    7   48   96   97   59   57   99   75   17   52   38   14   93   58   69   79    7   31   88   20   18   61   26   83   73   76   71   14   66   17    0   97   24   69   34   70   40   44    7   46   67   71   89   58   98   62   79   14   20   58   51   49   91   47    6   52   22    3   26    0   60   46   95    6   48   91   56   36   63   27   85   66   28    7   62   89   92   66   93   81   38   84   11   88   92   56   92   13    9   34    8   23   18   45   64   19   30   73   24   33   79   39   24   80   96   90   43    2   42   76   94    6   12   28   11   17   43   25   58   94   50   50   95   60   99   92    4   93   16   26   55   77   95   46   27   38   36   29   23   70   96   59   15   66   56   40    2
  77   60   23   39   52   56   65    8   53    9   16    9   62   83   96   72   78   12    0   31   36   43   66    9   10   83   57   36   83   67   83   64   50   91   99   74   62    3   86   15    3   44    7    9   46   39   12   97   20   20   80   70   35   25   91    3   64    9    0   10   56   29   69   96    3   62   91   12   41    7   10   97   25   17   89   27   27   84   75   55   84   22   79   66   57   37   12   58   80    9   16   88   86   59   45    0   91   55    7   36   83   90   63   13   16   33   76   76   74   22   31   31   72   77    2   71   38   35   50   46   97   55   82   88   98   66   94   59   36   81   88   30   96   44   23   68   24   40   53   47   11   16    7   61   99   64   55   85    2    8   99   89   55    8   18   74   23   58   75   40   47   92   98   45   20    2   18   52   97   53   98   74    8   35   58    7    1   34   89   60   52   54   54   84   31   27   28   56   26   97   68   31   26   43   85   99   53   14    4   57   62   37   88    4   30   76   24   19   73   89   18   41   97   14   13   24   47   83   43   37   84   25   36   24   11   58   96   25    7   93   10    4   73   15   99   42   67   20   21   77   50   91   92   60   78   85   58   80    2   15   47    7   46   62   36   98   87   83   71   61   66   11   93   77   28   68   41   93   53   70   18   10   90   60   66   40   63   42   63   63   22   89   94   75    2    2   80   14   97   36   17   68   68   63   76   50   31   43   62   78   43    9   40   59   77   80   78   27    2   20   11   67   27   17   53   48   70   92    8    6   81   90   33   19   29   48    1   13    3   70   44   99   44   30   30   92   18   72   87   96    8   67   81   68   84   94   88   72   19   84   68   28   64   16   83   64   64   25   15   42   34   85   98   63   79   94   73   35   23   28   31   21   67   97   25   42   94   92    2   34   34   28   94   77    6   61   57   52   72   44   71   46   94   83    5   15   39    5    6    0
  89   49   78   81   16   67   61   99   87   60   67   50   58   58   88   88   22    1   26   46   22   41   43   95   43   18   40    2    2   63   25   62    3   31   57   53   59   59   32   35   40   42   78   14   56   77   34   38   67   64   55   42    4   16   48   70   20   41   24   18   89   93   98   89   40   72   28   57   25   62   42   36    8   26   44   59   83   74   54   49   46   89   83   38   56   37   56   42   85   70   17    2   96   35   15   74   47   55   63   30   56   65   61   90   39   50   75   73   99   19   92   47   21   29   35   99   10   21   71   94    7   40   40   49   76   52   13   24   73   23   49   37   43   74   24   70   76   99   45    8   66   75    3   19   34   51   51   19   19   93   71   50   33   46   96   30   33   44   18   11   89   68   33   57   49    9   75   10   56   29   43   47   43   22    8   13   72    9   50   30   69   62   18   67   65   28   84   44    3   62   45   36   45   97   38   69   85   57   89   49   22   49   12   29   20    7   15   83   85   90    2   97   34   40   18   94   99   70    7   42   27   91   65   96   83   53   28   77   69   77   93   60   66   42   49   13   19   99   17    7   79   13   46   37   41   39    3   26   64    7   26   89   65   51   54   96    4   87   47   49   22   38   54   25   34   99   81   60   29   84   85   98   66   22   37   92   10   79   50   45   16   94   20   58   55   39   14   15   63   72   24   77   68   20   38   37   55    5   95   55   68   60   39   84   32    2   56   11   82    3   20   94   26   51   87   24   30    1   80    9   97   72   31   48   51   73   37   26   13   43   48   62   83   21   22   28   16   14   79   71   82   58   81   44   88   56    3   16   51   81   14   75   88   18   55   88   30   39   44   46   33   53   27   79   68   16   85   26   52   93   68   93   60   80   46   16   17   59   14   44   46    8   84    7   31   85    3    9   84   27   91   15   16   57   95   76   60   26    6   78
  11   17   44   35   86   24   65   45   23   98   79   73   45   20   64   96   26   68   85   45    7   91   10   76   47   72   70   20    9   12   20   86    8   68   38   81   59   76   82   90   80   37   91   35   58   23   81   10   96   48   84   49   14   11   88   60   14   36   57   45    7   51   17   31   66   68    7   50   25   44   80   40   58    2   49   77   64   96   78   13    6   28   81   84   72   70   66   31   68   64    8   91   75   21   28   67   24   81   47    9   69   93   33   95   72   73   36   51   22   60   85   64   87   15   60   29   56   10   38   37   52   74   57   88   28   37   47   61   84   59   95   47   52   69   14   15   33    7   41   34   61   96   56   95   60   63   83   57   96   63   33   42   64   28   73    0   72    1   16   97   82   74   92   69   10   84   23   60   89   66    3   79   80   12   94   18    5   55   67    9   15   65    8   83   27   83   74   32   79   20   48   95   88   91   14   31    7   89   78   88   11   33   71   36   29   93   53   74   77   61   73   95   49   86    6    7   39   49   32   89    2   11   62    7   19   85   81   77   34   16   31   18   23   83   24   20   25   14   86   90   20   80   27   40   99   62   80   43   62   27   73   98   15   54   26   63   45   40   38   50   20   28    7   42   61   62   21   81   41   80   82    1    4   53   83   37   61   60   76   88   56   77   60   33   57   73   89   10   33   12   17   22   90   39   91   51    1   39   72   62   36   12   75   52   79   27   15   36   23   50   50   13   46   38   51   76   45   27   90   76   96   23   61   75   89   19   25   95   56   15   19   99   89   22   55   71   44   30   70    8   20    2   89   14   86   40   10   58   31   47   97   63    1    9   77   67   48   78   22   23   40   79   98   25   61   44   88   80   17   68    1   50   26   36   33   56   84   51   86   97   22   82   21   11   20   41   17   58   59   70   91   17   98   83    5   62   25    6   68    5
  17   68    8   75    2   31   25   16   53   21   15   39   49   63    8   18    5   79   55   24   53   80   76   92   23   16   76   91   17   70   57   88   19   34   62   86   82   47   37   18   40   99   22   94   27   12   71   45   73   98   14   54   26   49   25   19   51   41   76   49   60   71    5   45   52   63    3   10   84   76   42    0   25   64   68   82   55   76   23   14   33   84   88    7   19    6   76   82   92   18   51   44   97   93   83   20   33   78   60   58    7   40   97   45   88   41   84   82   62   81    4   37    8   69   29   53   84   74   66    5   61   33   98   33   74   59   33   20   25   53   88   97   31    4   22   50   40   13   17   58   26   24   37   90   84   31   76   95   28    0   23   83   10   26   95   20   47   88   84   30   24   58   32   73   67   41   40   10   69   92   87   64   72   89   21   76   10   77   21   58    0    0   64   88   11   83   75   72   27   87   60   18   88   28   49   15   38   64   89   43   61   10   23   57    4   33    5   49   26   26   46   16   75   45   90   22    6   40   10   38   77   94   45   18   38   28   12   79   73   29   48   48   43   76   69    0   22   95   41   46   76   75   56   92   58   87   45   22   11   55   89   41   72   53   80   77   69   35   41   47   82   60   17   27   31   60   76   14   72   62   20   14   14   77   23   19   41   64   44   58   36   42   58   64   73   84   32   12    9   67   43   41   73   67   91   87   74   65   89   15   95   41   24   54   89   12   17   64   66   71   89   76   81   11   35   70   81   36   58   21   86   52    9   57   26   45   34   84   84   15   32   40   85   26   70    4   95   33   26   71   61   52   93   41   53   47   17   31   60   12   73   59   64   81   48   78   74   23   27   43    9   55   91   80   72   19   80   13   41   93   76   14   52   98   44   59   38   49   51   18   94   86   10   17   64   40   67    4   75    2   19   72   34   20   88   60   28   72   13   49
  18   65   27   24   25   81   86   20   15   59   64   83   82   79    4    5   18   36   73   85   71   85   37   63   13   10   82   40   72   96   57   10   65   80   27   41   62   74   18    5   63    1   45   30   43   87   93   67   37   61   13   99   87   34    2   85    3   10    0   17   91   47   16   95   41   70   54   11   71   95   97   76   67   73   96   55   90   39   31   10   46   61   40   12   44   58   11   53   38   59    0   82   39   41   11   43   39    5   57   28   35    8   64   14   59   42   74   40   65   93   25   11   60   14   21   75   68    2   58   65   32   74   72   62   25   28   54   10   41   99   64   85   32   73   73   18   22   43   63   70   97   10   64   95   16   95   84   15   21   19    9   36   44   45   83   44   19   68   64   47   64   18   77   26    4   41   24   51   46   92   41    9   51   80   26   31   18   72   16   25    8   38   86   44   11   75   35   16    1   34   15   52   43   65   27    7   11    9   26   71   54   36   23   16   14   26   49   59   94   95   26   73   13   79   92   60   53   37   88   96   70    8   87   80   35   25   76   60   75   98   36   84   46   85   24   82   70   45   91   39   74   51   14   28   80   47   85   12   76   89   99   73   47    6   20   65   88   75   60   86   30   32    8   63   18   27    9   84   20   87   23    7   97   28   72   10   18   39   75    0   63   78   10   43   94   53   75   74   41   71   94   31    4   78   31   64   15   21   75    2   49   75   46   16   63   11   58   42   54   92   88   71   49   79   10   26   46   83   38   41   95   97    3   56   69   60   96   91   25   94   42    1   36   23   92   61   30    0   36   31   44   19   53   52   72   59   72   18   13   53   99   39   72   99    9    6   66   84   66   99    3   54   70   68    3   12   99   35   18   18   17   58   50   94   47    2   52   49   32   72   94   43   72   53   72   45   25   59   39    6   74   54   60   51   88   18    8   53   87   46
  41   59   34   56   96   40   48   78   67   35   52   47   39   42    1   48   31   80   63   70   26    4   38   49   43   12   20   72   90   98   50   61   60   37   32    7    3   33   36   52   97   88   19   51   55   98   40   36   76    0    9   62   33   21   82   24    2    1   90   53    1   24   32   99   53   83   44   72    3   35   46    7   26   66   68    2   26   44   27    5    3   55   36   55   70   53   55   71   18   22   72   24   87   41    8   70   42   11   21   88   45   25   54   12   39   59   95   27   82   40   89    6   13   46   78   30   11   16   28   38   57   77   12   76   98   36   20   97   91   12   84   85   30   97   19   57   70    6   91   92   37   43   36   17   88   89   57   42   67   49   75   57   17   90   42   50   66   88   41   17   10   61   41   52   84   32   64   21   69    6   20   26   18   68   39   27   26   72   54   87   50   69   91   80   75   57   87   94   11   76    1   32   81   72   61   67   15   75   10   31    8   50   86   88    1   97   20   35   28   48    0   33   30   71   85    3   41   95   92   54   75   27   80    3   51   56   17   58   93   69   14   52   70   51   15   30   45   19   42   25   13   37    1   77    4   11   30   64   44    3   33    4   42   27   89   35   58   18   48   88    2   30   35   46   41   99   14   25   47   61    8   74   52   27   38    5   66   79   99   28   27   32   13   41   12    3   33   85   97   86   95   87   65   18   81   97   49   66   38   59    2   72   52   75   37   41   14   58   92   58   89    0   73    0   43   47   46   55   76   70    5   75   39   58   91   28   60   61   50   25   74   81   94   42   13   89   60   12   77   70   83   42   47   12   42   55   86   21    4   29   20   45   70   36   34   38   97   39   71    1   11   36   53   39   26   59   26   48   11   17   90   58   30    3   78   33   45   62    7   62   99   18   93   33    0   45   20   41   17   68   36   74   21    4   32   74   98   87    0   91
  39    5   23   88   59   16   79   33   11   38   76   29   16   29   79   16   46   65    6   58   78   61   18   52   90   22   16   58   41   65   60    5   72   98   13   57   37   63   58   56   13   69   67   65   19   79   21   16   32   16   33   21    7   96   67   35   38   31   74   22    9   48   22   90   35   67   39   18   31   83    7   94    2   71   69   59    6   67    6   73   77   85   38   65   18   53   72   18   83   37   92    8   22   72   19   99   94    9   84   44   84   70   31    2   31   43   53   79   81   29   19   65   74   60   61   70   40   24   78   16    5    1   39   48   54   18   42   65   29   54   27   83   44   80   33   36   75   29   71    8   84   75   56   49   37   33   31   70   20   27   39   47   26   43   80   27   17   79   27   70   95   51   54   69   12    8   18   42   83   60   85   39   80   71   10   52   63   38   77   41   70   71   22    6   87   83   95    5   69   13   48   81   25   37   49   45    2   37   84    9   34   60   38   68   26   18   92   75   29    9   43   77   61   70   52   91   11   81   96   84   28   95   96   84   31   79   85   19   25   75   80   63   54   96   34   72   95   25    7   16   66   28   71   48   86   65   59   21   32   23    6   30   94   80   23   36   72    7   72   54   71    0   93   67   17   84    2   16   79   84    9   67   80    9    7   22   22   22   79   20   53   33   31   90   31   22   22   92   83   54   55   51   58   67    5   80   75   95   42    0   37   39   61   17    7   15   68   14   63   70   56    5   11   83   62   75   94   40   89   42   90   67   22    1   91   38   86   18   45   18   11   55   44   24   33   37   22   71   29   62   73   33    6    4   58    2   12   48   28   42   70   79   38    8   19   84    1   21   96   35    3   85   73   83   67   51   70    8   10   59   46   76   93   26   33   18   80   49   34   74   46   50   83   23   65   86   87   87   21   65   57    7   53   23   51   61   69   78   58   47
  97   30   29   88   96   38   86   91   85   53   75   61    3   12   94   26   17   97   33   71   78   47   63   52   45    8   10   78   85    7   30   38    4   41   95   60   91   41   75   96   53   79   19   95   98   51   10   30   30   98    5    8   83   92   25    9   94   80   72   77   94   65   10   78    8    8   48   37   56   33   84   98   96   47   52    4   87   25   24   84   98   89    2   92   42   14   15   68   80   40   60   73   42   82   29   26   47   50   31   32   30   45   69   29   68   33   19   27   81   29   64   57   69   60   99   92   32   39   36   65   48   96   71   46   31   77   82   96   54   78   88    8   14   19   22   29    0   68   60   67   78   13   32   44   26   42   46   68   22   26   28   23   82   59   80    8   70   66   78   43   74   53   80   80   84   18   71   20   47   90   12   74   30   26    5   72   82   45   19   61   97   78   75    4   89   61   64   33   88   51   24   36   22   94   80   59   76   84   34   25   91   36    4   78   22   23   70   99    8   66   33   89   89   10    4   41    6   33   17   97   70   14   62   74   80   63   58   85   25   97   21   80   96   25   65   83   29   52   80   65   80   28   50   81   22   44   52   80   75   42   95   61   61   10   22    9    1   95   28   72   52   17   81   59   75   78   81   59   16   44   73   83   52    5   99   63   55   47   43   64   62   29   39   16   31   97   25   86   44   90   57   76   38    6   35   62   23   38    4   33    9   24   38   18    8   13   65   12    3   71   46   93   38   38    4   10   83   22    7   74   99   34   38   66   10   20   87   75   14   65   95   22   21   93   96   52   47   21    5   56   15   41   93   91   46   30   97   88   60   74   43   67   55   18    6    8   79   86   51   57   91   96   71   51   44   59   74   99   66   71    2   36   27   82   25   29   65   52   40   23   89   99    6   93   82   87   44   40   61   72   93   26   96   38   66   80   65    5   87    4
  53   66   25   77   59   38   15   67   10   90   11    9   20   83   84   58   79   42   99    5   61   38   35   79   76   54   87   17    7   23    9   84   51   43   49    9   64   97   14   25   77   79   28    1   71   25   80   33   97   85    6   74   71   30   91   78   26   81   71   51   89   50   27   50   48   16   57   81   87   71   48   84   93   81   79   78   48   78   38   94   88   60   71   82   57   80   73   27   15   56    0   72   68   10   30   53   72    0   55   24   39   48   19   30   41   77   28   63   36   26   11    1   34   25   75   51    5   76   39   60   12    5   10   46   88   95   80   90   76   74   42   28   62    2   17   45   63   37   77   67   26    7   27   92   22   73   68   97   92   86   30   43   48   66   14   84   64   20    4    0   36   30   15   43    2   62   44   26   45   44   84   64   23   82   33   22   72   79    0   93   63   40   75   55   95    0   53   71    3   87   34    1   38   84   95   14   39   84    2   54   54   37   31   94   35   61   75    3   82   76   19   18   56   92   89   16   60   48   68   52   57   56    1   53   14   43   54   71   84   15   58   78   32    3   92   84   70   74   30   79   99   29   47   84   22   69    2   96    7    2   41   79   20   62   33   98   47   44    1   27    1   87   47   32   24   70   64   33   28   94    5   52   96   31    5   82   90    6   37    9   89   83   81   32   71   17   14   58   96   25   46   98   42   82   68   88   33   83   82   88   90   33   82   67    9   90   72   68    6   99   96   86   33    7   74   50   25   27   67   87   57   93   56   56   36    5   25   34   62   18   50   52   51   98   18   34   36   73   66   83   53   83    2   14   60   23   29   22   13   29   91    4   99   53   77   74    6   26   87   63   37   54   43    9   93   23   86   24   60   48   88   62   59   30   86   12   50   26   45    4   69   74   69   69    3   67   32   61   64   29   13   11   44   59    0   73   24   81   69   72
  20   65   67   82   56   76   46   94   70    0   78   14    6   57   49   40   41   34   91   74   79   53   74   52   90    4   79   46   32   60   91   28   47   23   81   55   29   91   22   11   25   30   25    5   98   32   95   69   80   31   65   39   36   93   85   34    0   53   95   93   47   50   86   17   27   14   58   89   31   88   51   25   95   62   54   16   55   23   42   92   99   40   32   20   20   52   96   85   28   83   47   66   25   81   46   77   24   96   42   65   53   59   25   90   20   36   43   49   22   85   61   97   35   42   57   58   17   83   99   51   37   40    6    6   37   21   29   33   17   40    3   77   69   16   16    7   18   58    7    0   57   93   46   25   83   83   83   37    4   99   89   50   78   96    5   46   86   71   11    6   32   44   12   27   51   79   56   53   74   64   22   25   11   11   82   68   64   44    9   41   15   96   40   11   28   64   45    6   36   68   53   55   66   72   42   75   90   13   72   27   10   25   92   60   45   25   53   51   40   44   72   58    2   35    6   92   32   96   24   35   41   91    9   79   65   22   84   56   50   37   41   80   96   89   33   62   99   63    0   72   57   49    3   47   79   56   26   81   44   64    1   14   20   14   42   41    8   65   48   39   24   38   16   89   51   86   85   47   39   71   38   45   40   60    5   27   68   49   69   64   33   44    6   75   44   26   53    1   41   91   38   36   44   25   22   47   66   24   21   73   50   30   84   99   84   27   97   36    7   53   95    0    0    0   84   23   49    8   94   76   56   87   20   41   97   51   30   61   93    9   99   46    8   95   57   20   18    8   52   28   31   54   95   86   10   35   22   34   90   34   64   84   27   46   81   33   66   17   91   12   68   97   14   48   94    7   30   90   13   95   74   23   20   31   52   96   79    1   58   32   53   43   58   77   23   36    4   33   98   72   67   84   56    9   65   14   19   65   92   31
  30   66   31   17   23   80   61   32   99   33   68   17   93   21   43   59   52   58   77   82   33   63   56   42   50   80   67    1    6   70   53   54   84   22   25   63   78   98   92   34   17   63   18   43   30   39   88   30   85   22   29   23   74   77    3   32   93   52   17   21   46   21   43   58   46   58    5   50    5   69   52   63   33   20   67    5   48   26   35   43   45   20   12   48   28    3   85   47    8   35   11   95   48   87   34   95   93   65   41   97   57   18    7   53   24   74   54   48   28   21   20   65   78   97   67   52   68   24   87    4   90   10   94   77   41   48   29   20   31   86   25   43   68   79   30   81   17   71   10   97    9   89   76   12   77   34   98   95   92   65   89   44    5   86    4   63   54   37   73   27   93   85   91   84   82   91   91   78   79   18   17   38   36   32   29   25   56   79   81   12   54   47   79   86   33   78   59   26   56    3    5   41   95   59   67   85   44   52   27   26   91   69   13   40   77   82   65    2   37   41   18   42   36   58   31   35   86   40   19   73   26   17   76   23    0   10   74   25   39   50   27   18    7    7   91   99   64   45   81   83   44   73    9   16   84   51   81   56   11   15   53   11   84   26   69   26   77   27   51   25   87   54   52   29   18   77    5    5   65   62   32   77    5   43   90   31   78   30   23   32   29   11   90   58   96   62   89   38   18   95   82   91   92   29   54   73   87   11   93   75   47   73   28   35   19   38   30   58   43   28   38   57   79   88   26   44   71   20   73   55   13   65   16   52   31    2   67   66   27    3   88   41   85   41   74   84   68   86    6   77   71   81   63   21   60   71   99   74   84   77   10   79   70   16   18   25   58   78   88   14   98   12   58   97   41   96   63   33   87    0   76   39   71    2   90   14   60   22   92   83   83   37   18    0   20   63   34    7   99   89   43   24   44   23    7   39   16   10   98    2
  82   91   43   86   50   91   82   67   57    1   28   97   92   70   49   41   41   73   26   56   62   67   16   82   43   93   44   79   11   89    2   56   74   33   95   66   90   55   70    5    6   57   37   41   61   36   99   72   60   88    2   19   82   79   58   16   29   57    8   84   33   90   53   30    4   81   66   87   21   17   23   38   37   77   95    1   53   62   23   41   73   51    6   41   32   19   10   34   86   86   15   61   73   47    3   70   16   18   28    8   93   54   81    1   18   14    7   71   16   90   74   28   26   38   53   68   44   80   76   26   39   82   72   97    9    8   50   22   74   72   44    3   35   28   39   84   73   68    1   64   52   61   40   50   33   76   40   86   92   79   52   48   52   77   86   75   71   45   25   33   99   41   48   49   35   14   21   21   19   10   93    7   11   56   91   69   13   61   59   72   29   40   96   79   25   74   85   71   62   76   53   23   48   56   76   77   13    9   15   24   27   49   71   41   45   91   75   75   75    4   73   46   63   76    5   66   88   53   65    8   75   91   35   41   51   14    9    8   15   78   62   61    7   25   93   53    8   94   56   49   59   39   68   30   35   18   19   91   20   17   47    5   41   14   25   18   86   42    0   90   99   13    9   14   27   43   79   90   85   92    5   95   65   12   99   70   75   64   78    3   55   67   86   69   24   65   24   21   61   33   33   55   19   13   43   15   73   69   94   16   74    1   61   18   72    7    4   28   35   76   19   78   49    7   95   57   85    8   45   18   51   78   84   97   26   27   76   77   32   34   19   78   11   57   38   54   92   80   90   69   42   97   56   36   85   95   47   82   49   49   52   50   89   90   79   58   11   33   14    4   63   29    7   21    6   12   49   67   78   39   74    9   12   32   63   14    0   59   40   42   42   93   11   60   76   76    8   33   96   75   92   73    6   99   83   66    0   91   89   86
  29   91    0   57   76   22   96   58   16   92   12   97   97   94   32   44   75   80   20   48   38   69   77   43   89   30   75   44   10   30   83   42   78   67   41   20   72   67   31    7   38    0   77   23   39   20   91   83   93   75   12   66   45   70   69   66   62   82   87   53    0    1    3   86   45   47   28   92   23   89   67   39   66   93    6    5   17   66   52   68   40   84   46   47   48   24   97    4    2   46   68   45   79   35   23   63   24   53   63   11   22    4   21   89    1   74   17   46    0   49   93   11   31   26   70   82   27   12   88   10   85   55   78   84   69   37   32   64   51   90   76   89   39   46   88   29   82   57   41   92   26   68   35   95   54   57   31    2   99   44   66   90   35    3   78   61   64   37   90   40    3   56   77   41   45   92   58   30   36   75   74    9   77   33   13   15   88   21   51   56   49   34    2    4   48   86   84   67   28   95   38   80   13   55   21   46   78   94    6   42    7   54   99   33   38   28   84   84   80   24   21   14   18   72   54   84   65   92    5   66   11   34   45   51   21   18   14   21   69   89   34   84   81   27   19   38   11   95   81   39   50   32    0   20    4   40   41   36   68   73   55   34   34   45   73   32   71   31   54   25    8   49   70   42   77    5    4   93   56   34   64   75   88   90   35    1   40   12   51   19   67   88   20   54   95   31   79    4   63    3    7   57   87   70   41   38   47   28    1   80   52   86   58   38    6   74   60   86   24   38   24   16   89   36    0    6   33    3   88   82   90   85    4   64   85   85   45   93   16   68   26   91   89   91    6   27   39   94   66   98   86   27   18   62   78   22   67   39   78   62   69    3   84   64   20   48   27   12   47   68   78   94   62    0   39   43   98   12   88   20   66   49   97   29   47   64   18   26   75   77   67   18   21   90   90   40   55    5   65    9    8   53   84   91   42   51   54   45   72   77
  46   22   83   67   40   21   40   84   33   88   24   19    6   14   26   72   52   65    9   62   64   50   63   12   49   71   13   16   74   54   22   34   88   33   35   83   20   45   31   49   26   89   13   55   63   80    9   86   24   69    5   14   53   11   44   43   47    6   73   30   71   20   20    3   85   39   13   24   13   10    7   73   58   91   97   62   53   92   94   16   59   76   87   40   63   48   62   66   58   78    7    5   83   38   38   76   54   53   93   34   26    4   94    0   41   42   92   48    0   22   51   79    5   72   17   18   14   18   61   86    6   91   22   98   80   68   49   92   47   14   33   15   26    4   46   53   50   22   26   56   32    0   71   52   19   88   25   72    4   36   24    6   43   24   25   50   87   25   15   77   41   93   70   17   76    0   45    8   77   80   93    5   84   74   85   40   65   42   67   73   29   32   98   81    5    9   79   71   21   90    1   16   55   55   21   64   83   13   78   54   90   25   68   75   35   56   73   41   66   74   23   73   59   21   84    2   60   24   70   88   66   39   63   20    8   36   61   38   11   45   87   45   45   29   47   29   95   79   70   66   32   67   96   19   86   99    6    8   48   68   52   74   82   26   52    7   11   73   89   56   72   96    7   72   62   92   30   63   84   49   27   94   15   81   83    3   35   58   10   14   33   94   42   67   60   45    8   95   53   33   44   44   97   39   98   13   20   14   94   59   49    6   16   93   96   32   71   32   96   13    9   35   17   69   91   95   98   19    5   17   75   13   68   57   79   11   43    8    2   74   55   79    7   31   13   58   56   74    8    4   85   63   11   28   40   40   73   35   59   71   10   46   25   76   13   31   62   54    3   90    7   43    6   57   35   67   62   91    4   63   34   61   96   83   97   99   77   89   68   12   89   67   86   32   58   41    1   64   30   14   21   69   71   29   34   81   47   37   85    4
  67   59   39   74   27   61   25   77   41   80   58    4   61    0   73   22   98   22   45   56   14   22   97   36   77   45   21   60   13   99   67   68    2   26   38   35   11    4   59   41   23   58   99   94   87   26   17   24   31    1   31   57   24   99   84   37   41   49   33    5   38   57   25   21   52    1   73   68   96   14   79   10   76   22   82   13   81   62    4   26   47   67   73   54   69   35   32   19   66   67   91   52   61   72   87   50   74   80   58   54   66   81   55   54   21   96    5   85   38   25   22   72   28   13   46   91   86   34   64   47   39    2   15   86   96   94   95   47    6   18   79   69   98   29   39   96   91   31   95   57   99    4   57   98   96   57    4   97   15   30   87   52   25    1   18   77   71   16   90   42   69   67   11    8   61   78   93   80   58   53   40   60   95    9   47   44   30   84   54    8   69   98   18   48   24    1   43   33   90   50   63   95   52   70   52   58   20   96   30   29   33   37   35   76   72   59   29   21   68   75   40   26   45   55    5   85   71   27   83   76   50   86   20   31   99   19   85   86   37   46   93   31   37    1   35   19   20   51   77   82   37   50    7   27   31   92   84   36   17   16   51   94   59   39   82   48   21   82   91   28   98   52   24   86   14   25   36   89   94   19    1   85   53   39    0   54   13   55   15   20   12   17   70   71   45   82   96   13   23   75   58   32   58   59   59   53    3   74   18   54   53    9   28   27   20   39   29   57    6   16   51   33   41    6   25   32    2   51    5   93    3   17   52    2   62   37    1   60    7   60   66   34   60    3   87   91   16   50   41   77   21   39   37   83   51   78    7    9   94    5   66   14   51   82   47   26   16   39   94   57   46   65   53   42   16   44   27   32   30    9   52   14   40   88   84   97   14   82   81   30   36   17   96   50   28    9   50   91   38   76   33   97   63   85   60   40    4   31   22   83
  56   58   97   87   67   32   10   54   98   46   98   18    6   54   37    8   94   37   25   53   84   14   36   75   66   19    2   72   20    2   87   68   45   40   87   79   52   56   53   38   50   66   64   38   82   35   73   42   94   71   71   61   17   91   70    0   29   16   13   49   79   66   93    8   62   29    1   98   12   32   51   38   15   23   68    1    6   28   97   16   65   38   51   23   92   40    4   26   32   91    2   29   17   18   98   76   94   81   85   56   52   34    7   83   38   66   95   38   13   39   95    0   25    5   76   13   26   24    4   92   38   82   52    4   18    1   24   58   12   37    2   80   35   97   32   49   49   17   73   89   85   42   76   41   14   70   40   36    7   23   41   74   39   18   39    3   46   49   70    3   63   79   80   97   67   94   34   14    0   93   11   11   73   35   51    8   42   82   57   22   15   66   70   76   12   38    6   78   25   32   56   14   77   45   55   71   66    3    9   80   87   25    2   68   98   11    9   38   61   46   46   46   98   27    9   52   47   27   96   16   13   13   94   89   95   13    2   39   47   25   61   61   67   34    3   28   17   96   84   99   75   13   45   69    6   88   84   97   29   29   62   78   27   32   34   62   10   51   24   70   74   91   36   11   23   22    0   58   65   35   28   55   15   78   23   69   67   76   53   16    4    3   13   87   10   45   48   63   12    7   84   70   60   10   70   78   84    6   56    8   33   34   13   21   93   98   51   45   97   46   43    4   14   49   31    6   73   62    6   98   25   32   17   80   95   96    9   96    5   74   65   86   53   35   66   58   18   66   68   21   63   31   52   36   66    6   19   45   67   78   18   64   98   62    5   60   37    2   41    0   11   16   22   91   24   85   16   57   33   38   52   96   69    6   93    9   47   62   54   54   70   98   21   80    0   93   39   72   25   92   52   68   22   52   76   58   17   90   24   10
  63   56   46   39    1   66   21   60   89   39   56   68   58   53   45   18   67   63   41    2    1   82   11   90    5    7   21   25   31   12   11   77   92    7   61   54   68   38   22   75   64   63   14   54   92   50   89   77   38   47   30   41   18    2   73   26   89   36   64   57   25   67   44   96   38   27    2   54   50   75   17   31   23   54   27   41   92   39   97    6   45    2   55   29   18   91   65   19   70    6   51   62   13   95    8    5   49   74   54   10    8   13   98   93    8   70   81   55   15   16   69   55   17    6   43   39   98   70   42   56   51   67   58   11   52   75   90   95   66   90    1    8   19    9   65   51   54   52   48   85   20   36    9   51   34   20   54   94   76   12   35   90   20   89   89    5   98   77   49   33   46   22   77   40   44   92    4   39   60   24   17   52   18   40    8    1   73   18    2    1   56   52   58   64   65   71   85   20    9   80    6   41   61    4   97   92   83   69   79   56   75    4   20    1   12   56   76   87   15   64   74    0   32   63   13   34   45   12    6   81    8   57   41   72   89   16   94   11   87   51    4   52   87   58    9   74   84   66   40   67   33   17   85   41   76   59   88   51   30   30   52   94   18   14   25   97   61   78   56   59   62   12   62   56   82    8   50   93   81   28   72   39   79   63   48    1   76   54   53   71   91   20   90   15   64   48   75   53   58   43   65   29   29   40   20   31    8   24   41   47   63   39   61   43   43    0   78   69    5    4   73   20   89   80   41   98   53   99    5   59   81   25   83   83   78   65    9   98   88   54   39   52   98    4   48   19   81   66   91   99   11   47   93    2   87   39   53   12   34   95   92   14   56   11   98   45   25   54   20   71   34   36   75   89   20   59   30    4   25    3   78   46   54   43   27   45   15    5   15    5   55    6   38   73   57   60   28   13   15   43   89   94   13    6   46   18   13   38   96   23
   8   15   62   97   96   76   52   72    6   93   78   18   29   88   54   98   39   58    0   90   83   81   75   31    3   33   67   67   86   55   34   38   98    4   65    2   46    9   22   40   32    2   78   14   71   96   24   45   64   93   37   18   11   35   83   67   22   98   64   69    0   90    7    4   69   30   93   88   54   52   16   16    1   16   44   75    7   15   37   49   42   18   75   20   11   39   98   11   12   65   62   16   65   75   63   52   45   34    6   61   79   40   73    8    9   30   34   52    3   10   72   73   76   35   67   20   86    0   61    8   82   23    2   36   89   15   27   54   87   19   36   95   69   56   36   79   94   42   95   20   84   44   21   41   40   62   79   91   13   23   83    9   29   71   53    0   14   79   34   72   67   82   57    9   12   20   18   55   46   32   56   84   37   45   88   42    8   18   26   56   40   34   83   45   47   27   46   60   91   83    0    2   83   23    2   67   97   70   13   29   28   28   62   74   29   55   48   38   18    5   94   65   84   29   21   57   69   72   54   46   56   25   16   21   33   70   86   89   39   97   98   80    6   60   28   86   22   38   25   88   57   43   81   59   60   16   37   49   41   34   98   36   59   59   21   88   15   82   59   34   26   73   44   54   36   34   26   90   88   16   13   80   35   21   21   89   26   72   45   46   33    7    8   18   28   16   27   76    1   62   52   21   28   36   27   30   42   65   64   33   29   76   76   69   68   24   66   32   53   54   79   90   41   11    1   35   43   59   35   32   73   28    4   43   61   19    1   60   18   87   33   91    8   47   41   29   36   38    5   22   27   59   29   13   68   31    2   17   55   20   92   67   29   99   71   67    7   24   60   40   85   62    7   86   93   71   76   14   73   60   12   19   54   37   57   96   62   89    2   25   89   72   35   32   74    0    8   85   75   82   47   29   39   77   23    3   49   53   41   98
  60   78   23   57   35   36   10   73   45   97   58   19   71    4   74   37    3   51   48   24   10   61   45   30   56   98   86   26   36   80   13   96   41   49   97   19   16   89   72   40   10   54   76    4   21   34   28   55   98   69   51   95   81   58    5   27   92   55   92    7   18   14    9   35   99    2   93    7    1    0   77   18   11   82   64   35   76   90   53   88   34   86   64   21   62   34    7   46    6   43   89    7   67   23   59   62   75   67   24   36   57   29   84   58   68   66   35   71   64   81   33   58   89   37   83   34   12    3   49   41   25   86   83   62   76   59   64   22    1   59   11   18   51   34   39   58   84    4   27   31   24    8   26   16   87   35   34   69   59   26   29    2   21   39   42   22   86   77   43   82   31   67   78   61   31   73   10   37   84   65   35   41   40   42   23   78    9   79   55   40   79   93   42   54   44   48   35   50    2   77    9   96   39   69    3   34   94   51   45   30   68   65   52   99   55   86   47   47   58   34   78   45   26   31   32   99   31   20   68   80   42   41   60   65   10   92   37   59    5   61   10    3   95   12   74   54   24   37   14   60   83   38   93   17   94   79    6   84    6   96   67   20   91   31   11   28   86   93   92   59   18   92   52   89    9   24   22   42   85   41   60   48   95   99   86   17   85   77   35   22   98   73   25   20   59   52   82   66   81   43   96   96   94   70   37   15   55   37   16   31   80   29    9   21   17   18   42   87   37   98   86   16   60   79   71   22   71   52   23   19   37   27   54   41   11   70    6   47    5   81   32    9   24   57   78   10   31   11   24   30   58   10   60   77   94   50   48   64   99    5   18   22   18   52    4    8   66   16   33    2   76   91   68   43   39    4   25   46    5   88   62   18   88   23   65   98   36   85   92   54   65   18   84   21   29   86   20   67   36   35   91    2   74   13   80   72   61   64    1   35
  72   59   19   75   29   64   63   23    4   95   75    2   19   55   88   22   52   70   87   56   41   19   54   50   88   51   77   42   49    4   49   20   32   96   67   18   55   45   75   29   64   75   72   57    1   71   96   63   58   50    8   96   37   70   54   68    8   69   55   46   74   64   75   60   78   88   81   97   53   48    6   60   68   29    4   84   12   71   97   92   21   60   94   70   28    9   51   60   18   37   41   50    5   32   84   28   80   82   86   55   36   25   53   76   82    7   92   29   25   33   36   17   32   84    2   67   87   67   47   59   53   37   84   65    5   73   24   53   17   47   14   22   86    8   30    4   18   71   55   34    8   70   25   50   12   44   87   62   47   18   26   97   93   33   64   76   41   24   33   46   36   49   15   30   17   34   28   43   99   83   61   50   33    8   61   21    3   98   20    8   59   64   27   21   13   43   40   35   92   97   87   55   96   24   74   60   61    7   14   92   26   34   68   88   39   80   61   18   55   96   98   99    7   80   47   45   42   67   50    8   39   92   13   22   11   71   81   80    7   96   89   82   86   81    3   70   91   57   91    4   59   97   56   44   28   79   94   37   49   45   63   46   72   99   30   21   55   50   42   15   11   49   72   54   77   13   94   69   66   82   94   81   48   72   42   14   98   62   78   69   33   75   32   70   81   62   47   72    7   85   50   56   20   14   36   81    1   66   99   68   29   29   33   14   59   78   51    4   86   40   51   50   63    1   24   59   38   11   91   24   22   99   22   56   51   96   95   49    4   80   64    3   14   29   84   28   88    6   51   95   64   50   38   59   25   52    5   24   73   92   42   66   45   12   96   46   11    0   20   67   32   52   16   90   97   94   62    9   11    8   49   89   79   51   74   46   62   57   60   46   74   61   27   94   49   60   53   32    8   21   95   96   16   57   25   56   65    3   95   91
  95   46   71   99   19   16   80   32   18   21   68   37   30   97   97   41   23   82   75   75   21   29    8   57    4   85   31   61   16   26   27   86   97   55   10   98   28   65   22   44    3   43   67   88   95   98   96   41   26   16   16    3   70   32   50   34   53   42   58   14   90   49   69   94    8   23   54   68   47    3   69   64    1   93   88   28   61   81   44    8   40   35   81    0   94   35   38   30    2   69   74   29   12   82   69   29   66   22   63   49   19   65   18   88   10   81   28   52   85   97   49   29   74   99   29   38   82   26   56   38   50   58   51   47   38    5   78   35    7   49   82   66   59   95   67   95   89   51    7   56   94   69   22   83   83   74   15   72   86   44   68   86   73   66   41   15   27   59   73   31   38   20   35   64    0   64    6   95   73   97   36   40   48   17   71   14   84   97   25   39    3   34   21   62   78    5   17   64   45   87   78   72   97   41   65   11    9   24   29   26   67   38   70   13   35   57   99   36   56   49    1   28   28   45   18   71   47    8   35   51   21   61   76   66   67   92   52   78   34   73   58   86    7   91   23   83   37   61   33   84   72   32   13   95   97   17   31   22   22   15   72   77   60   43   97   73    5   51   17   40   39   89   82   43   77   61   55   85   62   21   39   40   84   14   47   54   95   78   26    5   12    6   40   74   65   70   53   40   82   36   58   28   36    6   60   51   31   61   13   86    3   54   26   15   17   30   63   78   93   61   49   77   81   41   41    6    1   89   86   34   94    8   95   58   52   74   22   47   22   61   41   41   74   81   85   78   17   71   70    1   19   51   30   78   76   24    1   25   90   90   50   84   56   98   15   49   18   12   15    0   94   70   49   81   56   42   48   42   40   84   97   18   73    6   79   96   72   54   94   77   78   95   54   81   89   46   72   64   98   63   72   92    1   14   32   69   43   86    7   35
  14   70   27   24   60    8   92    2   34   52    0    5   98   59    3   37   33    0   57   22   64   73   41   37   63   72   39   81   28   79   37   67   99   74   31   56   20   46   61    6   39   97   99   84   71   67   53   64   23   57   55    9   28   31   68   33   21   79   50   60   33   39   57   32   95   85   96   78    8   81   24   39   41   47   80   57   53   19   79   36   66   49   65   67   55   44   71   15   97   42   98   53   12   65   51   85   83   23   76   55   45   41   67   68   87   87   24   47   98   84   44    0   23   91   70   78   77   13   58   67    9   51   26   97   25   30   88   60   94   52   18   22   16   81    2   74   44   54   82   94   28   92   91   81   12   15    3   89   95   30   52   57   39   97   94   23   54   19    8   85   86    1   54   17   56   32   53   73    8   48   34   39   93   91   65   75   38   63   47   34   79   85   35   25   40   94   77   26   62   82   35   91   93   22   60   22   67    7   64   34   51   50   99    8   58   14   64   42   16   18   12   77   91   32   38    4   16   15   94   30   78   14   17   21   19   20   28   41   18   52   36   62   58   90   62   68   83   19   87   44   66   72   21   55   28   16   88   78   18   19    8   34   24   73   40   96   56   89    9   96   32   39   59   43   31   16   41   47   12   78   17    6   32   31   29   92   59   18   51   29   95   93   58   34   13   83    2   28   54   25   72   18   85    6   33   41   98   71   98   50   93   40    2   20   37   68   21   25   65    3   88   96   80   94   16   21   86   23   70   58   29   42   44   88   53   42   67   13   32   54   61   11   30   44    0   57   84   94   64   29   70   64    3    0   99   87   40   31    9   24    9   10   85   78   79    5   36   61   55   31   40   71   84   96   70   27   90   61   76   37   55   50   73    8   54   20   16   79   54   34   66    0   91   32   11   66   84   97   75   85   31   75    0   92   80   65   93   51   32   53
   5   94   50    0   60   51   98   76   27    3   43   82   72   84   83   52   80   82   10   14   23   94   85    4   92    3   76   52   64   73   87   70   54   55   96   78   62   60   29   85   71   11   79   98   72   88   78   89   58   36   46   94   69   14   38    7   89   39    7   93   84   96   35   49   50   75   82   53   54   11   18   65   45   14   10   65   89   24   54   26   81   67   34   46   53   83   48   68   47   29   61   77   97    6   97   73   27   38   67   30   33   52   69   90   85   25   19   99   93   58   69   25   61   69   29   73   37   53    4   13   62   81   56   81   80   76   82   75   82   38   39   49   53   66   54   16   39   60    2   11   93   84   58   11   25   77   73   22    6   92   72   65   87   43   10    4   97   60   74   37   10   79   79   79   51   68   31   26    3   17   43   49   44   45   21   67   44   53   58   49   55   48   37   50   68   87    9   17   12    1   82   22   29   31   86   61   10   84   98   71   48   99    4    0   77   19    5    8   44   66   44   42   14   31   94   31   34   89    6    7   89   31   23   49    3   41    1   68   85   60   18   80   66   84   91   39   97   86   58   63   45   86    5   46   10    2   94   65   45   96    9   93   48   15   29   48   80   87   12   41   40   51   55   99   26   48   27   19   39    3   78   46   44   51   51   91   58   79   82    6   80   81   63    6    0    1   70   54   36   52   45   31   76   46   54   92   90   67   90   34   37   93   88   16    0   17   75   23   98   23   16    7   94   30   82   54   15   22    8   10   80   65   15   41   22   65   13   24   67   75   96   97   71   26   82   63   96   76   80   54   80   29    8   21   56   64   49   47   19   83   23    8   15    3   99   37   79   47   91   63   24   11   17   58    2   81   28   90   12   89   87   51   47   89   81   53   33    7   92   97   87    0   42   28   43    4   54   54   24   56   54   63   23   14   32    1   69   26   31    5
  52    3   47   26   62   99   56   80   19   36   81   37   92   92   74   66   34   83   98   86   34   16   91    1   79   26   76   59   11   90   93   30   15   85   43   66   82   65   47   71    8   51   60   67   22   79   32   58   70    3   95   51    0   59   25   87   16    0   72    4   19   36   87   80   60   48   67   30   88   69   58   50   63   57   68   42   29   72   30    1    7    0   52   68   28    2   64   33   79   36   64   61   28   77   81   82   31   28   28   16   87   98   82    4   94   81    6    2   25   48   35   64   69   47   37   56   10    2   79   15   98   55   52   82   20   54   46   49   92   98   40   38   26   38   43    7   23   78   71    6   89   13   16    5   15   19   89   43   19    4   24   41   44   48   20   11   48    5   89   31   65   65    3   60   63   12   58    9   46   18   32   87   89   93   95   52   86   90   27   13   39   65   11   64   32   44   38   73   32   47   63   85   45   13   55    1   66   37   64   12   49   17   55    4   52   43   12   73   83   55   52   35   27    1   47   50    3   32   56   23   59   45   92   17    3   32   80   92   62   61   72   98   94   62   35    9   16   66    7   86   47   91   86   55   42   12   96   64   41   14   85    5   66   21   63    9   80   44   43   94   18   66   56   69   65   80   35   23   67   57   91   71   23   30   69   38   92   70   37   80   69   36   42   62   24   66   33   92   57   78   55   19   67   62   14   95    8   37   12   76   42   53   89   43   49   57   92   42   24   31   54   76   85   53   47   93   67    0   65   76   77   15   50   76   93   87   78   78   35   59    3   12   25   96   24   32   80    2   17    0   59   73   93   83   72   80   91   55   12   63   31   90   53   66   51   35   91   95   89   96    1   62   42   56   45   93   81   77   65   11   17   95    4   72   58   73   98   40   59    0   35   27   82   33   30   45   58   70   97   45   60   37   58   24   23   76   66   78   72   36
  78   21    0   22   68   66   73   77   21   78   47   87    2   75   68   48   87   26   36   37   48   28   67    9    3   14   44    1   63   19   75   83   85   53   53   38   13   23   24   58    1   97   11   34   33   84   62   93   91   78   14   59   59   30    3    3   38   73   16   95   28   68    4    3   50   13   63   39   23   98   39    8   14   31   49   55   44   11   25   11   51    6   77   50   28   28    3    3   65   50   12   73   96   66   88   68   92   55   81   78   33    6   42   19   87   70   89   33   54   23   47    2   35   86   61   83   76    6   47   30   11   21    0   20   67   25   72   29    5   70   16   96   42    4   23   32   49   66   31   30   92   19   73   16   26   59    9   15   85    9   14   74   47   34   82   89   11   49   92   13   41   19   14   88   64   12   33   31   92   30   11   98    6   97   32   69   54   23   54   17   50    6   23    6   62   94    4   60   50   19   69   78   92    7   17   52   77   19   35   44   65   22   29   13   21   92   74   91   93   49   16   78   98   20   76   39   92   22   65    8   92   42   49   74   23   74   11   44   33   44   57   60   20   93   66   15   15   40   97   90   24   54   32   79   74   46   34   92   41   89    2   44   54    0    6   56   74   20   89   24    5   42   11   44    3   86   64    3   92   29   50   63   40   62   15   31   67   17   31   27   12   89   98   26   85   49   23   94   12   11   41   87   29   74   87   48   12   94   80    7   58   85   56   19   93   35    0   12   45   49   62   16    9   25    5    5   63   30   15   16   79   68    4   63   61   66   78   67   71   10   91   21   75   73   48   48   89   63   25    5   13   38   66   43   76   69   70   91    8   57   34   76   80   64   73   90   55   81   10   24   90   22    0   91   35   59   77   44    2   70   65   28   65   80   98   52    6   87   43   64   88   26    0   96   16   40   79   76   16   25   68   41   50   73   86   69   17   93   56   79
  61   32   65   86   82   92    5   95   32   90   52   69   78   79   31   64   56   31    3   81   42   22   33   43   99   34   13   17   91   79    0   47   26   52   60   50   48   68   71   17   68   50   40   26   55   97   46    6   24   92   80    5   80   10   30   90   64   64   21   32    9   58   48   16   29    6    6    4   32   27   18   17   94   40   51   87   99   37   76   39   26   12   34   98   16   14   25   33   38   94   93   45   88   33   39   71   86    3   58   32   39   58   51   99   44   96   67   62   53   34   58   55   10   93   88   66   66   14   59   97   12   90   35   21   90   65   80   87    1   22   23   92   52   18   69   35   57   94   26   94   74    2   39   86   85   69   69   87   14   46   35   98   76   74    9   75   83   42   86   39   65   20   51    5   11   90   70   59   40   55   70   33   32   73   54   40   44   80   51    7   82   24    7   28   11    2   69   66   30   70    3   41   57   79   27   95   37   73   17   67   56   44   25   55   41   28   52   24   65    2   24   48   12   22   42   46   34   81   51   36   51   32    5   44   36   49   51   27   45   59   24    2   18   48   69   64   77   46   87   97    1   15   39   45   20   29    4   90   78   17   40   52   44   42   55   91   52   55   25   46   67   58   48   71   21    3   31   24   91   23   91   41   71   57    0   91   47   56   26   18    3   52   31   42   98   64   73   63   17   66   88   99    4    2   97   76    1   85   94   24   21   75   30   10   69   54   27   32   46   22    5   64   29   40   30   16   54   60   50   50   71    4   77   82   15   98   45   34   29   98   54   99   71   46    2   92   22   78   12   83    2   12   29   78   99   23   57   74   89   23   11   78    3   89   40   50   49   43    1   14   35   23   81   99   20   73   50   76   76   81   96   58   92   44    4   34   69    2   82   80   23   86   77   34   92   51   44   57   98   65   51   64   73   19   53   68   19   75    1    1
  39   61   11   41   18   88   73   94   37   58   35   39   54   93   87   26   30   49   75   35    6   15   39   89   69   25   59   79   27   75   64   66   13   10   45   40   30   92   24   36    4    2   32   72   59   68   75   58   44   36    3   32   49   22   14   59   48   99   81   78   49   65   88   56   25   70   11   50   85   84   77   58   34   24   49   56   31   24   76   53   48   80   96   72   78   27   86   72   56   12   52   64   19   31   78   61   23   86   84   13    6   69    7   68   53   75    3   96    9   48   81   13   74   69   87   54   30   81   15   79   16   73    4   39   88   47    2   91   59   43   88   58   59   68   17   11   60   76   96    1    7   98   17   56   47   16   76   78   28   84   60   20   26    4   56   52   18   64   30   16   18   56   92   52   62   86   65   81   53   13   65   70   44   50    9   46   92   16   64   74   71   86   19   20   33    2    0   60   29   98   85   67   82   25   70   87   15   53   99   50   81    5   34    6   71   57   19   80   54   75   71   94   22   50   16   62   36   62    7   38   46    0   13   83   48    6   14   95   17   84   24   10   83   12   81   73   98   54   92   64    1   28    1   88   40   54   80   56   92   99   20   77   18   68   53   86   17   99   50   81   81   80   24   19    9   87   60   88   33   59    5   65   90   62   85   54   43   18   24   65   39   37   55   53   80   90   12   10   82   95   53   56   72   94   35   20   81    5   10   62   31   52   49   73   17   60   74   51   30   90   13   32   54   27   65   80   52   35   60   56   81   61    0   29   36   35   85    4   74   27   55   32    6    1   39   82   34   88   91   17   83   60   55   44   95   12    0    2   88   66   51    7   13   89   87   78   87   72   75   84   45   10   11   62   19   20   88   51   47   35   26   12   93   73   86   30   10   12   97   87   92   13   41   20   58    2   39   51   27   82    7   85    1   74   66   47    4   88   91   76
  95   88   82   23   83   60    7    2   25   52   96   87   97   73   12   77   38   31   53   39   63   98   32   26   97    8   84   38   96   76   14   52   26    4   61   66   81   73   60   60   61   17   63   19   57   40   84   35    0   10   20   85   75   92   73   14    4   56   53   42   59   40   23   58   39   45   82   45   93   14   65   71    9   57   71    5   82   37   64   21   14   38   15   11   57   61   92   58   54   59   99   36   68   72   17   84   42   41   22   43   58   89   31   60   87   50   19   73   57   31   86    3   97   70   68   64   98   42   98    4   92   94   27   73   38   38   52   20   23   55   99    2   46   45   74   98   55   73   13   98   95   39   71    8   58   96   15   86   97   56   78   22   44   73   42    1   82   91   58   69   15   17   91   16   93    5   47   77    9   12   73   52   80   35   74   54    6   69   91   20   79   20   92   33   64   93   55   44   48   25    4   51   78   18   92   76   65   31   71   98   28   62   42   61   25   29   87   17   83    7   89   85   93   97   95   21   88   99   54   61   88   78   79   98   83   97   92   56   58   52   31   67   60   21   85   38   46   82   61   10   31   45   73   31   46   58   53   18   50   92   65   79   72    8   45   32   50    4   22   12    5   42   78   32   77   52   67   29   42   33   42   95   11   87   92    1   40   60   29   14   39   78   47   83   36   66   77   67   44   85   16   10    3   70   35   11   19    4   41   63   25   27   97    4   84    6   78   97   30   22   23   40   26   26   16   93   29    7   31   54   11   47   98   69   34   89   33    0   23    1   49   37    6   40   19   89   60   27   75   84   76    8   50    7   62   74    2   76   24    9   28   99   28    8    7   88   65   19   62    2   68   85   78   18   35   52    7   82   60   15   75   74   16   53   31   25   80    4   42   26   32   42   57   36   54   71   17   40   53   38   55   81   61   46   66   98    1   57    0   93
  73   88   57   41    0   61   90   14   24   52   53   42   14   48   50   18   60   86    8    7   56   78   10   94   47   10   44   43   39   58   24   99   28   86   81   41   19   96   57   33   15   33   65   50    6   77   32   19   69   74   82    0   38   26   58   97   11   65   44   46   94   73    9   43   74   10   50   49    7   95   37   27    8    5   19   74   26   45   66   33   40   48   90   92   28   25   40   20   56   53   46   46   85   14   76   58   79   57   77   60   71   41   89   29   71   32   79   83   18   62   52   39   27   61   82   34   33   86   75   72   59   10   15    5   31    3   47    2   99   49    1   18   18   67   76   48   72    9   31    0   40    3   79   53   75   58    3   35    1    7   94   93   11   40   28   42   60   38   81    5   58   71   55   66   61   16   78   26   17   54   63   37    6   99   81   49   34   88   35   20   25   55   74   32   19   93    9   55   17   65   37    7   16   48   14   57   80   29   93   73    8   46   55   56   46   36   56   67   84   10   13   50   42   89   57   23   85   86    4   88   36   23   11    8    5   76   90   95   51   25   88   91   40   20   83   35   53   88   16   30   21   75   11   14   33   37   74   94   59   22   66   70    8   91   51   78    5   94   97   94   52   11   45   60   44   42   34   68   57   74    8   24   87   79   67   40   42   65   77   42   89   34   32   69   79   54   95   85   20   78   81   86   52   76   72   91   29   15   76   64   97    8    3   49   60   86   66   72   38   58   14   69   14   17   16   93   17   21   99   16   54   14   44   93   32   46   87   53   94   37   23    2   39    6   57    1   10   53   60   19   74   40   18   46   92   53   85   89   22    4   67   49   35   13   14   92   14   91   26   13   51   11   27   10    1    9   96   15   22   15    7   16   10   14   45   37   17   25   46   41   12   89   38   35   57   28   62   91   84   32    9   12   21   61   49   28   19   51   96   76
  25   56   50   80   34   34   44   16   86   39   86   41   67   71   79   68   68   30    6   92   84   27    2   99    8    3   98   67   60   62   74   58   74   77   21   59   33   60   17   87   26   18   12   53   35   71   41   30   31   21   69   12   91   26    0   66   71   61   36   17   87   49   47   21   78   93   64   72   70   17   46   28   40   85   83   55   11   35   72   59   55   38   96   91   64   87   17   16   71   67   24   83   74   21   61   87   76   41   81   30   97   98   30   68   96   29   71   52   44   64   47   71   95   20   17   61   96   84   40   80   91   29   10   97   15    1   31   77   74   31   68   94    0   86   60   88    4   25   38   79   67   33   24   44   16   90   83   72   47   64   25   12   23   53   95   12   30    7   44   94    5   59   15    0   53   46   90   28   63   15   57   81   38   15   50   16   64   23   66   71   99   19   93   32   15   90   57   56   30   17    6   85    2   51   26   83   70    7   12   16   71    9   23   48   18   38   30   41    2   36   53   42   94   38   30   15   61   56    5   86   97   99   77   11   89   41   86   24   68   56   45   36    5   87   72   93   51   32   61   35   93   53   67   63   38   75   49   10   40    5   73   67   89   47   99   67   38   30   94   17    1   11   68   78   50   40   18    8   74   24   98   86   77   48   35   85    4   94   82    6   21   94   66   37   83   69   92   40   58   61    4   66   71   13   81   43   42   20   85   11   97   59   23   68   71   25   87    0   12   97   76   47   31   65   69    7   43   62   58   76   91    4   53   52   20   14   90   14   44   61   47   61    2   55   80   51   99   46   30   48   30   33   45   25    3   26    3   90   86   26   89   37   37   50   91   74   63   77   87   72   46   30   46   16   60   81    2   87   63   91   70   85   75   36   53   15   83   67   58   64   69   24   61   62   68   99   33   16   99   37   28   39   78   21    2   78   51   70   26   21
  46   85   73   42   16   55    5   68   43   87   96   22   11   59    4   67   87   88   76   77   25   91   75    7   59   42   15   30   93   49   15   81   24   49   12    3   98   67   60    1   60    9   15   72   51   83   35   31   82   56   91   54   18    5   21   54   65    1   26   81   39   74   37   28   69   26   66   19   75   95   90   84    0   83   62   46   80   81   93   59   70   29   67   43   64   40   17   35   33   24   10   39   50   59   61   19   14   14   68   69   51   52   63   35   74   90   23   46   31   33   38   21   34   32   81   27    9   86   90   89   18   41   29   26   91   13   60   71    6   87   22   41   54   87   98   24   40   60   41    8   78   56   12   63   90   64   47   77   27    9   49   27   49   69   84   59   60   94   90   78   90   47   76   53   61   65    7    1   95   36    5   12    3   23   72   82    6   54   66   86   90   88   71   80   74   76   90   16    8   26   95   70   47   30   19   37   95   93   97   70   58   10   59   72   42   79   58   91   10   68   34    9   30   76   18   65   20   45   14   76   87   52   39   93   94   93   78   22   16   44   56   19   14   33   35   22   46   51    9    0    3   79   80   15   94   27   89   17   81   35   78    7   57   85   12   41   89   92   50    4   94   17   41   83   11   46   62    5   48    4   64   89   20   26   12   41    0   89    9   66   32   77    5   47    9   69   19   58   40   17   19   57   21   92   76   34   39   49   80   41   41   68   25   62   38   47   77    4   65   26    0   31   77   73   25   39   86   37   25   44   78   43   51   71   86   67   40   76   77   20   69   74   30   29   67    0   29   63   45    1   12    9   53    4   76   60   50   20   18   80   61   35   20   33   30   51   26   77    5   69    0   20   93   76   98   50   13   98   76   51   76   28   78   76   13    2   84   72   29   54    2   17    8    2   13    4   94    8   13   48   60   70    9   13    1   15   19   81   59   22
  11   82   71    9   55   83   27   73   38   14   28   33    3   33   96   13    1   37   96   67   51   73    0   20   84   72   46   26   22    4   88   19   81   34   90    3   51    9    0   35   63   92   15   63   80   93   27    3   95   86   25   13   53   23   56   10   92   41   14   20   66   73   10   75   93   29   61   79   94   16   88    4   55   16   11   24   15    5   30   10   38   30   52   85   14   85   53   99   40    9   21    0   86   56   88   60   93   23   33   79   82   95   88   33   67   94   26   10   50   47   69   19   44   58   58    7   10   50   37   17   80   41   57   68   72   33    2   54   23   97   89   87   78   99   95   17   61   49    3   78   10   92   69   24    3   98   80   44   80   77   61   51    4   29   31   10   70   16   25   64   51   55   85   43   61   62   12   50   54   14   12   26   42   43   22   39   29   90   65   94   64   53   49   26   17   79   38   18   41   49   67   99   97   87   82   92   71    9   23   46   78   76   87   15   59   76   39   34   66   88   45   41    7   25    7   91   84   71   21   46    1   96    5   60   49   58    8   36   82   83   40   58   80   62   41   93   99   26    4   79   10   81   77    6   54   72    8   83   10   53    2   11   73    7   89    2   62   36   60   62   64   57   95   50   85   41   61   68   38   88   27   82   18   71   83   29   25   94   63   86   94   94   81   61   94   33   54   45   34   32   97   35   10   42   37   93   77   49   82   40   22   63   62   28   17    0   38   72   80   33   66   23   18   53   31   16   24   27   31   51   87   97   57   24   19   46   67   52   13   71   31   52   85   73   52   86   20   28   26   83   83   26   19   80   45   63   19   56   68   46   82   54   53   23   66   49   64   60   36   38   31   38   84   34   12   81   21   38   20   58   26   97   42    3   55   21   35   92   17   71   68   37   44    8   47   51   59   78   92   42   88   84   30   29   53   49   37    9   79   52
  17   86   92   15   52   60   23   31   38   35   67    0   65   53   75   98   43   14   43   23   50   22    1   56   32   18    0   95   83   69   37   62   53    0   91   47   46   80   71   50   85   73   57   68   16   92   88   36    3   82   50   26   99   55   20   61   76   44   68   10   27   43   11   19   53   48   36    2   39   48   98   37   51    1   17   62   48   31   39   58   43   88   21   86   92   50   17   47   90   53   62   39   58   29   26   15   69   91   35    6   40   34   62   16   78    6   38   17   87   45   91   55   75   89   82   68   79   80   66   55   50   20   57   84   85   47   48   77   98    0   70   44   23   33   99   29   50   67   26   82    7   86   69   80    9   81   28   83   35   69   99   75    8   22   12   95   32   50   57   26   36   45    1   82   90   69   43   15   32   43   19   75   45   69   51   18   65   74   42   67   98   24   88   30    4   41   81   67   33   95   98   99   55   68   53   41   52    6   16   59   41   48   91   67    7   96   86   16   85   37   37   57   90   35   57   17    8   59   23    3    0   37   24   97   47   47   15   10   29   83   62   17    3   25   27   96   17   77   38   32   20   64   69   48   94   89   78   56   52   66   58   14   65   24   73    2    4   58   78   56   16   30   44   23   96   45   89   10   46   85   28   83   75   59    4   90   47   61   68   49   15   59   59    8   19   21   36   55   61   11   85   80    9   17   84   41   44   48   99   15   94   24   89   48   75   10   36   18   57    2   38   50   47   82   60   81   50   35   29   68   92   98   23   42   62   91   30   77   84   17   31   44   84   93   16   16   38    5   51   26   38    0   23   12   22   42   23   76   45   21   62   84   49   98   35   46   42   99   72   57   36    6   90   11   72   51   69   92   19    9   37   57    6   81   60   98   28   90   38   10   83    7   71   20   67   27    8   86   35   64    3   94   62   41   90   41   32   27   65   43
  56   79   65   69   60   78   72   83   63    0   90   23   71   65   66   44   45   11   24    6   90   94   10   84   68   31   15   63    2   14   10   13    0   33   80   28   24   97   48    2   58   54   42   85   68    2   37   55   66   37   44   21   60   23   48   81   91   46   20    4   84   40   18   81   48   68    6   95   31   77   29   17   41    6   50   46    7   44   57   54    7   67   33   25   85   98   11   49   26   71   60   40   74   68   92   98   41   15   92   43   88   69   52   85   75   63   51   23   21   64   38   62   71    4    8   60   97   53   67   28   21   23   94   76   35    6   85   28   23   70   12   20   50   11   91   98   83   56   54   26   14   15   14    0   74   74   72   35   10   19   82   90    5   69   89   81   24   65   81   91   68   34   66   15    8    0   54    3   13   85   40   61   44    4   59   10   67   69   71   38   47   77   43   93   65   75   66   18   46   64   51   59   90   84   21   20   14   71   49   59   86   47   62   29   82    2   57   80   71   10   85   37   51   49   34   32   91   66   99   32   29   51   61    9   36   43    8   58   12   86   51   18   52   33   43   25   42   15   29   38   77   90   87   37   36   27   51   95   24   71   25   36   52   74   84   63   60   85   62   11    5   53    0   70   77   99    2   60   93   14   77   97    6   45    7   48   85   25   79   81    1   52   25   97   69   51   65   18   50   77   94   14   90   28   86   93   79   97   55   77   90   20   71   74   49   59   65   44   59   44   47   45   46   32   10   53   42    3   52   84   25   89   54   39   87   94   92   77   62   84   85   89   83   34   96   81   86   14    1   97   61   59   70   69    4   30   54    3   88   16   42   14    6   44   77   29   45   94   37   84   98   53   61   85   67   58   88   92   30   74   26   73    8   27   79   79   46   77   48    8   81    5   80   88    0   97   61   60   32   17    2   42   79    2   22   82   43   10   98   33
  17   56    8   69   64   90   29   42   66   19   36   10   70   65    9   12   40   65   78   45   80   41   59   26   64   90   28   71   45   52   57   42   66   36   16   39   44   85   64   42   85    0   68   92   69   59   53   16   15   12   93   37   96   61   75   93   51    5   82   35   15   25   99   42   57   79   57   15    8   93   20   25    4   75   50   63   18   54   55   84   71   60   67   78   22   58   94   72   83    4   83   64   18   88   87   65   96   81   42   99   47   15   11   68   14   89   92    2   16   17   70   24   67   88   65   97   48   91   77   47   28   66   77   10   31   97   13   94   13   59   31   14   22   94   27   89   63   99   46   50    8   34   59   37   17   49   97   91   36   12    1   64   68   91   57   27    2   52   28   79   64   51   74   52   64   76    7   16   47   71   41   91   97   10   66    6   78    8   10   73   39   39   43   46   67   72   95   52   84   60    6   85   43   45   83   87   99   52   44   40   33   26   31   73   29   62   24   80   42   54   97   86   33   28   54   73   96   39   57   11   73   52   64   23   42    6   35   36   45   97   61   89   20   97   60    2   86   15   80   23   67   73   11   97   88   40   24   58   79    8   15   62   28   90   54   65   34   65   25   48    2   44   76   36    5   82   28   64   71   29   29   51   46   11    8    4   31   13   75   86   79   25   33   96   13   33   44   40   94   81   98   22    6   90   13   65   89    6   62   95   96   28   25   23   59   89   91   32   51   72   67    3   88   92   63   40   79   17   22   98   34   74   40   79   80   50   38   68   20   29    4   51   64   38   74   42   20    0   85   81   44   21   59   47   35   65   22    3   16   34   82   26   96   13   99   81    6   54   68   45   98   13   53   51   60   26   48   12   12   52   73   68   95    5   43    5   36   73   59   20    6   15   42   96   39   17   26   68   27   81    3   32   25   46   39   55   32   20   64   29
  87   96   23   27   95   81   44   53   24   64   93   45   43   58   82   54   44   48    1   80   35   88   37   25   88   13   77   81   22   21   33   86   34   10   40    9   53   18   27    1    2   74   92   39    1   94   40   36   79   70   73   68    1   32   67   89   63   39   89   55   13   39   84   43   55    5   65   31    9   94   40   83   70   88   43   71   93   65   66   89   35   53   73   91   79   41   78   59   45   47   75    1   94   19   69   92   20   59   53    4   64   96   89   92   48   71   23   28   93   29   72   86   62    6   95   23   99   16   34   71    5   38   90   91   54   80   79   98   43   29   87   47   59   65   80   97   36   34   87   32   64   62   43   66   72   18   18   45   86   37   46   42   79   14   60   64   20   18   70    2   21   49    0    3   63   66   95   59   11   56    2    9   21   12   97   66   58    3   13   11   62   76   61   16   26   49   44    9   42   23   19   87   12   75    5   18   88   21    5   47   24   63   55   58    4   28    3   94    9   83   87   65   80   90   89   29   76   29   12   30   94   16   58   13   47   90   95   85   83   54    3   66   44   23   70    2   15   44   18   66   79   67   12   60   93   92   16   20   17   26   90    7   55   93   82   45   53   40   66   98   58   42   90   33    6   20   65   43   89   68   57   91   74   19   70   69   93    0   16   80   96   28   95    3   70   39   64   89   57   23   95   28   50   16   87   98   38   43   46   94   61    9   75   44    6   47    6   25   73   49   43   35   87   24   94   36   39   63   76   46   63   40   77   85   86   64   27   63   62   22   85   75   44    3   72   21   74   41   71   88    9    2   67   44   69   11   86   23   13   40   81    9   50   82   51    8   20   58   64   16   39   10   57   46   65   34   98    4   24    6   85   29    3   78   89   85   20    6   29   17   76   33   44   65   44   28   21   22   12   58   22   68   36   48   84   66   29    0   72   32
   7   60   80   65   82   19   85   33   52   22   61   89   97   29   40   88   31   88   53   52   93   87   91    7   11   12   53   40   21   69   22   97   35   46    5    0   16   18    9   43   70   68   80   58   13   87   84   26   86   53   38   14   93   64   43   76   77   51   21   44   60   18   12   93   58   60   44   81   36    2   76   25   76   48   35   53   43   40   27   33   33   45   97   36   62    4    0   69   66   77   55   31    9   96   18   98   27   56    9   79   40   54   13   26   40    7   73   34   73   18    3   92   22   97   69   53   63   56   37   93    6   74   61   16   66   95   29   57   37    2    5   19   63   79    7   12   86   85   53   78   21    3   90   33   35   50   60    7   58   57   74   98   71   60   88   49    5   86   96   96   91   90   68    3   74    9   14   61   92   22   16   52   35   83   19   93   26   33   67   84   48   50   64   65   78   12   95    6   23   78   28   59   15   82   30   11   11   17   73    6   59   65   32   61   29   42    2   13   10    2   33   25   25    0   78   94   73   17   78   26   30   79   21   99   85   62   50   25   65   45   64    5   36   10   41   70   11   82   82   27   19   73   76   64   14   50   25   28   57   98   19   24   24   20   94   10   19   65   35   90   59   13   48   10   42   90   47   66   38   96   59   71   79   77   94   46   16   23   24   56    8   35   72   46   33   51   12    2   71   60   68   35   22   81   73    5   96   55   29   36   54    9    8   41   95   40   85   75   84   15   99   83   85    4   26   51   63   64   97    1   25    6   53   27   61   38   25   34   63   97   17   16   96   89   89   94   21   17   65   75   83   99   89   24   29   50   29   75   82   73    0   83   28   34   55   12   73   67   44   33   28   64   98   47   97   45    0   88   35   64   46   62   76   97   95   26    2   68   20   35   75   59   59   81   63   92   19   42   44   83   83   33   91   66   23   87   17   68   93   70
  50   83   18   25   64   74   27   63   78   54   16   97   35   41   57   23    7   83   75   18   51   74   98   92    6   82   14   63   59   92   58   48   60    7    3   73   49   71   48   86   31   40   26   14   11   10    9   34   44   79   82   52   59   17   26   24   49   34   21   48   11   83   75   99   26   59   81   38   93   18   17   51   35   61   85   32   74   32    4   82   52   65   37   45   81   55   14   50   13   17   98   87   86    9   99   21   17   56   38   46   86   59   29   91   70   28    5   15   20   12   92    5   94   79    7   45    0   25   27   67   19   77   70   93   55   39   71   68   21   27   63   86   52   90   54   63   36   65    7   65   40   59   98   43   67   74   16   97   55   74   12   30   93   50    2   59   85    8   19   49   40   10   19   51   59    8   71   36   99   95   61    0   12   27   44   37   77   59   29   96   89   63   21   89   73   16   17   28   62   88   13    0   68   45    7   45    3   94   86   44   82   90    3   58   22   29   63   14   91   49   86    1   79   33   70   52   57   55   48   44   97   96   58   14    5   99   18   69   71   82   30   63   45   21   72   75   51   84   62   75   75   87   63    6   96   96   72   93   20   89   12   63   51   84   53   60   31   49   36   93   54   20    4   85   62   44   28   29   62   50   53   63   92   18   62   75   48   39   52   70   34   15    8    5   90   16   66   18   52   76   14   49   42   76   56   74   58   24   56   91   40   76   66    8    8   57   19   41   44   45   72   36   10   49   86   35   76   46   19   54   48   73   68   15    5   13   66   49   37   47    0   56   16   61   15   27   94   64   88   49   72   49   62   59    0   61   13   61   11   83   58   49   93   94   27   94   42   33   94   88   85   42   58   97    4   92   93   43    3   34   10   68   35   36   56   66   13   42    9   50   33   37   18   79   28   60   64   68    0   82   65   79   73   50   74   25   34   36   38   55
  73   23   32   78   78   22   10   33   11   63   72   69   33   39   48   75   95   90   33   16    5   91   94   53    6   44   72   79   78   78    9   68   99   40   51   26   80   36   98   57   34   56    3   92   45   45   40   66   78   66   12   73   64   99   26   80   87    3   91   81   80   99   20    3   61   59   85   59   11   52   38   87   70   81   73   17   85   10   26   16    8   88   13    9    9   64   22   68   26   21   16   22   23   83   53   42   90   49   87   39   98   18   51   43   88   26   34   30   62   20   47   62   21   28   14   16   92   80   19   57   10   85   76   78   31   37   87   56   58   98   82   35    5   23   75   16   30   93   43   24   54   92   21   59   79   59   88   40   79   39    6   32   14   72   40   73   74   53   92   44   69   63   71   49   42   82   90    6   97   90   58   52   45   50   17   39   94   53   36   22   77   49   57   39    3   29   59   21   50   86   18   85   13   48   64   23   23   45    2   92   25   77   28   80   18   70   72   72    5   14   87   34   80   83   69   17   33    7    0   84   47   78   15   15   56   52   41    4   26   14   16   25   66   70   80   30   54   81   48    2   49    0   38   29   91   73   65   95   94   31   55   55    2    4   33    0   68    1   22    9   49   87    5   64   54   89   59   83   69   76   48   35   51   13   71   10   93    2   11   17   18    1   98   68   30   38   22   52   39   47   39   28   50   11   55   54   11   86   95   74   94   93   73   35   20   84   48   72   89   94   68   28    8   80    2   50   29   43   87   46   14   43   10   87    3   94   22   66   88   19   93   42   50   35   98   67   35    7   89   65   12   46   26   26   47    6   24    5   93   89   16   57   22   55   45    1   79   77    5   21   11   38   44   64   63   13   47   79   88   83   29   51   14   36   28   25   87   72   85   34   39   80    4   73   67   35   94   22   33   35   36   34   47   95   48   62   66   65   33   28
  36   36   82   46   93   97   67   66   12   15   71   99   80   26   67   62    5   87   34   61   33   92   46   84   93    3   42   68   84   72   65   37   16   90    4   80    3   36   85   22   26   21   68   22   69   58   89   64   40   14   44   54   93   25   38   91   91   85   17   11   37   25   31   94   53   29   72   81   43    5   46   38   18   61   73   39   38   79   17   97   41   51   59   46    4   70   89   75   68    5   78   43   30   49   22   30   81   75   55   88   15   84   47   63   83   79   99   23   16    2   67   51   66   40   34   88   18   78   10   38    4    1    3   27   94   36   61   67   87   90    3   22   76   78   98   72   53   35   47    1   68    3   64   61   98   84   72   63   29   77   55   50   62   26   26    3   38   81    8   47   85   87   93   37   33   27   41   66   67   60   46   70   34    9   96    8   85   57   98   54    5    9    8   43   75   63   81   54   12   18   16   92   80    3   21   27   71    6   97   28   85   68   38    2   55    3   71   20   95    2   34   39   76   23   77   32    8   83   19   43   60    1   64   54   77   10   87    5   93   32    7   27   49   11   29   29   16   48    2   25   14    3   48   89   34   65   14   70   68   40   27   57   60   70   19   35   82   83   81   77    8   28   28   33   48   18   78   50    8   81   31   56   41   35   33   41    6   69   64   51   88   55   38   60   79   73   57   62   98   68   70   66   95   92   34   73   65   54   51   89   91   90   30   35    8   80   68   98   73   20   29   39   75   41   96   61   36   96   54   30   39   75    8   77   10   69   72   58   18   57   82   28   91   13   89   33   70   22   62   65   49   85   90   15   81   65   52   12   60   38    3   17    8   29   17   85   28   41   74   10   35   19   51   84   54   41    8   93   46   56   50   50   10   45   42   77   42   83   65   12   88   40   70   28   75   89    2   73   74   29   39   40   44   41   90   93   94   47   69    1
   1   73   66    9   66   63   74   51   76   76   59   55   79   17   98   89   53   90   72   42   43   60   25   55   41   53   40    9   71   49   19   22   51   79   25   84   79    1   13   73   55   11   99    0   40    1   90   46   62   81   26   31   62   92   18   42   26   18   19   45   11   62   18   50   23   44   14   18   32   69   42   35   57   97   80   40   50   22   72   85   86   20   74   16    0   71   42   29   50   41   24   45    3   78   93   57   62   74   48   98   28   71   28   27   43   76   40   84   38   43   52   65   43   49    6   12   14   72   36   44   53   34   12   46   34   58   62   75   51   90   99   68   93   99   83   15   67   15   29   79   54   63   39   86   34   67   77    1   84   67   19   21    6   44    5   69    7   65   73   38   34   71   90   94   62   23   35   11    2   13   77   45   56   29    6   46   43    8   66   24   50   34    9   93   62   29   22    4   77   31   21   93   99   42   59   81   60   26   76   13   54   49   59   70    5   84   30   24   53   98   83   48   58   50   68   85   14   40   56   75    9   56   77   13   17    3   85   93   46   86   59   98   10   67   72   64   49   20   16   64   57   48    3   37   86   68   75    8   45   50   77   75    9   82    4   49   24   35   42   57    3   12   68    9   24   81   21   12   47   41   12   41   84   98    6   70   68   76   76   66   87   27   12   36   19   18    4   54   82    7   66   90   47   19   67   21   12   48    1   31   78   16   51   98   21   27   70   73   48   72   63   24   82   27   67   53   53   86   90   73   59   30   72    4   10   60   27   47   94   34   42   64   73   95   31   90   22   66    7   95   78   39   90   10   36   45   65   66    5   80   14   93   40   51   39   37   45   28   90   60   45   69    5   63   16   19   65   44   17    7   60   52   23   21   74   88   93   80   23   73   38   11   16   44   28   18   77    4   95   40   32   31   67   91   26   92   90   93   61    1
  31   51   79    1   58   60    4   50   41   43   74    5   75   10   70   31   52   24   98   17   41   85   37    2   20   21    8   91   82   87   55   35   85   80   72   15   84   64   69   88   26   47   33   16   50   57   26   74   30   86   73   37   73   28   59   68   20   24   12   24   69   18   88   36   30   43   63   72   67   10   87   42   86   65    7   54   83   78   72   89   56   21    0   90   64   88   79   36   16   81   85   51   24   81   83   74   52   96   94   22   31   73   15    1   51   92   87   19   22   37   92   84   90   47    7   66   90   36   24   55   24   84   40   89   60   45   45   72   24   46   86   93    4   72   84   43   23   49   90   18   31   94   66   25   67   18   72   45   88   72   12   68   65   25   51   26   73   23   40   60    4   95    4   88   65   50   48   37   71   39   52   80   65   65   56    4    6    7   27   48   23   53   87   96   65   14   74   80   78   89    0   37   59   16   39   24   21   66   66    6   68   88    4   75   70   79   96   74   35   12   90   73   44   59   53    5   25   28   61   42   42   54   89   18   11   52   85   95   33   35   83   15   36   46   29   45   98   91   38   46   92   24   57   22   63    3   21   74   69   26   20   78   98   55   72   71   90   20   56   15   33   41   93   35    2   50   42   74    0   90   74   59   85   22   40   29   27   90   90   20   24    9   15   92   19    2   87   74   71   14    1   66   55   18   45   89   90    4    3   30   74   78   52   56   47   42   12   43   98   50   59   99    2   67   25   48    1   32   54   50   39   92   21   21   57   34   28    6   52   62   56   76   66   63   31   81   89   77   10   97   55   45   22    8   83   53   91   77   80   40   37   44    0   73   89    1   89   65   55   70    2   97   87   72   33   13   30   49   98   40   72   40    6   78   33   58   33   73   81   74   89   68   52   75   68   21   29    9   76   16    8   80    5   95   22   93   65    1   78   99
  92   88   24   19   31   55   77   98   48   47   84   95   42   54   26   34   76   16   28   10   25   70   85   32   89   40   26   93   51   19   22   37   10   90   61   94   23   80   67   38   34   12   79   78   56   83   62   71   99   33   65   65   90   70   26   88   81   13   73   26   27   40   31   81   19   89    5   27   45   50   88   60   52   16    4   79   57   47   50   89   45   54   51   83   22    4   95   43   57   41   29   19   67   56   62   75   29   49   60   83    9   29   19   29   93   16   75   78   74   14    8   14   83    0   72   38   94   43   46   45   80   76   95   41   84    0   61   60    5   17   97    2   50   77   98   24   62   75   90   64   23   88   94   35   49   65   83   56   74   78   20   32   84   59   20   54   21    4   45    3   95   90   21   64   38   61   52   74   75    1   84   23   63   65   63   71   13   62   37   41   14   58   32   69   47   40   50   56   67    7   80   16   23   77    0   38   66   77   89   67   23   36    2   77    0   12   97   16   28   40   13   65   31   29   57   32   21   86   58   89   35   91   88    2   12   79   29   76   43   25   21   22   66    3   18   82   31   60   29    1   44   22   73   83   88   60    8   85   84   14   40   95   80   20   62   30   86   92   78   31   39   59   94   34   55   73   37   31   39   44    9    8   69   92   80   90   83   80    5   87   44   60   88    8   25    7   41   78   49   51   23   27   55    3   44   98   57    9   41   36   69   68   97   62   23   12   15   62   59   33   73   17   71   61   17   90   86   75   66   16   96   17   80   46   66    2   31    2   72   25   31   10   13   54   34    4   83   24    4    5   40   53   12   35   34    8   65   35   70    0    3   82   32   36   41   66   71   70   87   55   25   58   29   42    2   40   59   30   10    7   11   34   99   46   90   13   97   90    8    0   64   22   64   67    6   82   86   47   93   58   73   27   63   95   77   64   40   13   34   73
  52   12   23   40    4   49   91   72   93   99    5   37   20   67    3   67   38   18   20   64   47   87   97   55   68   47   39   64    1   80   68   22    0   16   70   65   66    3    1   82   45   30    7   11   74   76   28   22   30   40   84   41   77   82   59   26   98   63   69   99   61   59   82   14   96   28   96   53   88   32   75   51   64   54   98   73   25   62   36   69   47   21   22   42   48   82   63   75   14   18    3    6   14   65   45   44   73   41    0    2   17   38   88   17   73    3   10   39   63   82   74   89   43   23   42   27   35    9   76   90    9    6   80   93    1   64   41   78   51   21   29   60   25   10   53   65   79   60   40   82   45   64   90   97   44   49   86   55   75    7   82   10   38   17   92   11   54   13    1   26    7   27   16   69   17   48    0   92   44   34   32    6   25   84   38   84   17   36   63    7   35   88   49   93   14   99   87   39   56   12   15   37   32   58   90    4   83   27   65   94   73    4   59   15   25   58   58   95   28   94   43   25   62   61   89   96   66   62   28   22   59   69   36   51   57   49    4   48   21   11   46   78   79   34   56   18   28   44   38   64   74   55    2   81   45   84   27   62   24   55   83   56   99   39   12   46   83   52   61   80   26   74   95   19   18   97   97   96   85   27   56   99   70   52   60   22   35   72   96    4   41   68   46   83   64   35   76   33   41   27   99   40   95   57   12   76   19   88   96   54   39   47   77   37    5   59   73   14   35   46   61   50   75   62   71    6   91   42   42   76   41   78   82   54   56   87   74   75   69   79   76   79   40   72   51   85   49    9   81   50    4   82    5   10   71   15   26   40   97   56   97   72   28   56   33   21   53   84   78   26   25   85   63   49   82    4   75   47   48   65   22   87    8   58   47   99   65   38   42   24    5   44    2   65   90    9   97    9   47   62   64   38    4   78   46   26   45   43   59   51
  59   94   92    0   64   21    6    9   63   99   78   13   21   82   60   52   18   78   83   30   99   47    3   97   19    9   45   62   62   95   46   12   45   84    1   27   67   20   48   16   12   73   77    3   53   42   36   69   63   13   97   22   54   15   60    2   26   45    9   49   58   94   37   72   26   97   96   75   21   97   39   24   40   16   35   39   99   49   74   82   94   54   58   95   68   28   59   57   58   65   43   15   36   78   99   63   77   19   78   41   70   64   76   73   64   41   81   72   13   26   26   30   70    1   26   48   17   18   43   60   33   96   41   99   56   37   11   73   53   96   96   52   24   33    7   15   41   17   85   85   17   25   82   27   26   74   40   83   52   20   15   68   44   44   68   27   99   52   86   77   60    9   73    7   73   91   53   96   62   52   53   14    6    7   89   15   63   28   38   68   87   11   52   13   20   71    2   25   55   21   38   58   90    7   50   62   47    1   76   23    9   45   19   63   53   20   91   87   31   91   32   48   56   27   60   11   60   93   32   13   57   29   74   32    6   26   82    0   88   20   27   74   93   20   91   76    2   41   25    8   92   82   87   63   72   61    4   15   88   62   32   79   52   99   49   67   98   43   92   81    3    5    9   41   81   73   73   35    4    5   13   11   94   16   31   83   20   72   46   76   30   90   73   30   66   74   98   36   97   78   43   69   56   98    6   75   83    0   50   69   84   10   27   54   64   15   82   49   40   79   51   28   43   15   84   31   34   17   37   18    4   69   37   70   22   52   20   25   96   52    0   94   82   38   24   42   77   49   17   17   99   24   57   69   15   16   31   60   84   38   28   30   77   54   61   22   64   30   88   52   15   65    2   83   40   82   93   49   11    7   31   18   71    0   71   18   12    3   80   71   89   54   59    3    2   61   51   81   55    2   64   12   88   47   44    4   30    2   10   58
  48   56   80   80   88    7    7   89   87    1    2   30   54    4   44   24   92   81   52   12   26   20   85   61   34    2   83   60   24   89   75    6    0    0   27   40   92   84   99   93    0   80   92   64   96   42   78   78   22   75   47   18   10   71   81   79   97   90   18   72   22   73   43   90   12   19   62   55   85   89   26   63   75   93   35    5   35   21    4   22   19    7   76   62   15   40   83   24   23   72   39   67   19    3   53   43   84   72   33   10   54   79   30   61    3   71   83   25   66   74   23   17   38   86   36   20   28   26   53   67   27   33   48   30   45    6   38   82   43   45   60   39   42   24   75   55    1   55   36    0   50    8   19   61   51   28   86   98    9   24    0   15   36    4   91   68    8   29   71   27   47   11   86    5    9   23   36   39   69   66    0   10   31   36   77   99   25   68   27   99   62    7    9   40   44   23    8   94   68   90   28   56   63   30   64   54   85   87   92   57    5   76   41   68   66    9   19   75   55   20   85   87   22   30   19   56   76   28    1    0   26   78   36   71   90   92   31   57   72   18   69   17   56   38   38   33   48   40   26   22   48   98   65    8    7   73   54   56   37   55   58   61   94   90   83   67   68   27   86   26   12   82   41   47   63   70    7   37   78   73   62   42   35   49   18   92   18   49   75   22   98   53   15    0   31   27    4   60   51    7   82   45   58   59   83   22    4   21   68   66   31   97   69   30   98   20    3   98   43   83   85   93   75    4   54   93   76   83   78   29   77   62   58   17   10   41   24   60   31   11    3   96   10   92   56   86   91   12   54   66   63   89   16   13   83   64   91   20    5   68   75   64    4   87   25   48    2   75   81   19    7   64   55   87   29   72   84   87    8   62   34   55   67   91   46   32   19   74   34   69   26   81   66   49   98   49   54    3   64   93   58   38   64   55   21   19   89   61   88   34
  95   58   86   73   92   60   77    3   53   80   81   56   94   23   79   32   25   81   80   93   42   81   76   88   31   48   70   41   99   81    2   39   53   70   53   61   58   15   35   30   37   21   95   12   33   42   62   19   70    7    5   20   22   61   80   80   18   46   17   60   25   65   77   65    0   98   45   60   68   54   95   86   65   62   34   45    0   74   13   22   57   67    3   76   13   63   77   18   39   51   55   80   95   40   59   92   60    4   30   66   98   23   21   64   11   94   91   57   33   43   55   85   72   46   63   56   11   30   20   54   97   71   66   50   35   21   90    1   91   21   80   85   91   95   50   56    3   82   58    4   34   85   38   28   27   17   54   27   58   49   65   58    5    0   30   34   45   70   97   75   36   23   35   24   56   67   26   60   36   49   23   54    9   49   44   40   90   78   57   88   65   63   48   26   29   97   67    8   23   95   20   55   35   71   86   42    1   35    2   22   38   11    3   31    2   25   11   53   79   85   62    8    7   74   74   26   99   64   43   62    1   73   22    1   62    0    2   16   95   98   42   34   42   62   57   30   25   48   28   43    2   18   96   35   43   19   87   27   29   41   80   79   18   19   25   19   50   24    7   78   34   24   14   81   60   32   82   30   24   37    3   44   75   41   58   39   82   99   54   69   60   88   90   89    6   42   50   77   56   47   53   59   60   73   40   58   12   50   37    1   20   96   54    3   88   12   62    4   83   62   85   30   89   89   47   59   37   78   64   14   41   41   43   62   27   18   45   38   90   75   24   68   60   90   74   55   25   20   37   87   89   96   98   48   60    8   15   25   16   75   84    0   68   29   49   36   15   78   30   43   59   52   18   67   15   78   64   33   35   17   44   18   50   16   88   11   71   44   33   18   63   78   64    0   83   95   70    1   50   32   65   75   88   87   96    8   11   80   71   75
  23   45   64   62   85   36   83   31   76    3   20    0   21   52   87    1   58   12   17    9   58   63   27   66   40   75   52   97   66   97   91   20   34   35   61   56   47    4   44   19   94   85   18   40   63   48   17   73   90   80   35   86   88   89   82   29   50   64   81   11    6   96   69   26   99   39   63   93   85   63   55   28   17    8    1   48   34   59   51   66   19   16   12   70   91   36   14   94   22   65   88   91   22    3   42   90   47   87   83   51   86   97   67   74   44   99   35   75   94   91   88   19   98   19   23   50   14   72   92   26   32   41    8   17   94   92   50   74    4    3   88    2   70   99   79   39   53   60   44   94    4   95   85    9   56   63   98   99   47   17   80   66   51   77    8    7   48   38   15   20   48    5   71    9   66   34   15   57   63   95   43   93   47   87   28   77   21    4   13   40   13   77    8   96   35   46   74   70   83   99   30   62   67   77   28   96   23   71   88   13   53   97   14   80   83   26   70   98   38    7   25   93   91   84   58   27   61   86   82    6   71   95   12   60   62   52   75   99   65    2   51   51   27   73   57   11   77    1   86   61   99   33   22   48   80   62   44   38   78   21    3   23   20   18   30   71   24   13   39   97   93    0    1   30   14   80   14    9   22   58   16   29   50   96   86   21   29    7   29   61   51   37    1   90   39   91   73   79   42   12   22   65   58    9   86    2   47   19   17   49   32   45   94   77   32   52   37   26   45   13   23   56   73   67   98   21   12   63   56   86   12   24   41   81   19   95   11   93   67   14   98    4   38   72   34   38   28   17   58   44   81   54   51   16   25    3   97   78   27   45   56   24   12   95   35   75   63   40   61   27   25   72   77   72   69   88   30    1   27   62   59   28   77   97   12    2   69   48   66   71    4   75   17   63   98   47   34   90   41   57   20   52    7   85   60   44   74   60   41   32
   6   21   40   46   99   33   48    3    9   48   34   65   84    5   16   56    9   31   70    4   61    9   75   71    5   53   47   95    3   68   54   96   73   28   10   58   84   55   58   52   37   89   16   52   86   26   42   70   12   26   72    8   37   58   85   13   53   71   39   43   45   86   61   40    0   39   81   42   39   71   97   15   94   34   58   26    2   38   88   91   37   63   77   50   81   12   93   57   15   79   92   36   46   90   53   35   64   16   34   82    9   56   68   51   38   92   80   82    9   99   50   69   37   57   71   53   57   35   99   18   37   82   47    0   10   88   99   26   21   23   91    0    9   35   97    8   33   18   32   68   19   41   16    1   49   31   74    0    4   91   43   86   10   35   69   24   22   10   34   70   29   12   62   66   40   25   73   72   59   39   50   13    0   27   51   69   23   68   30   59   10   32   19   63   70    4   39   60   73   78   77   13   63   81   55   90   81   95   94    3   39   89    8    6   28   37   62   54   73   22   48   34   90   90   82   17    9   53   70   82   79   24   34   93   70   98   21   26   65   47   97    1   62   96   53   13    6   42   76   67   10   65   90   65   25    1   56   73   87   74   46   54   19   73   65    0   30   16   97    7   51   31   92   20   94   18    4   41   49   62   52   54   30   83   54   39    7   40   44    1   80   76   23   60   13   12   67   19   92   17   65   40    7    3   13   77   99   31   26   91   40   27   55   36   30   92   73   16   59   84   48   15   48   49   20   87    3   15   10    3   28   23   81   26   24   40    8   74   81    4   63   57   97   72   90   80   61   96   61   82   44   10   66   17   50   72   87   21   89   24   78   84   65   46   58   39   10   46    2   25   99    8    5   97   72   29   11   51   94    5   99   14   97   10   26    5   44   65   13    1   13   45   51   66   94   36   58   15   34   22   18   15    4   29    5   35    6   39   81   22
   8   23   42   63   62    2   92   44   31   92   18   76   98   33   43   54   82   98   56   71   85   58   78   55   54   89   36   19   72   57   56   35   71   46   65    3   93   79   49   18   98   56   46   92   90   25   67   32    3   40   24   54   44   23   45   73   61   62   12    9   63   50   62   35   10   35   64   98   57   40   36    2   19   35   61   59   33   52   22    7   29   16   53   76   16    0    5   23   16   98   23   65   69   24   14   19   87   41    0   64   42   17   16   74   31    4   76   19   99   59   54   70   22   67   17   26   57   38   90    3    9    0   90   41   87   54   86   82    9   96   51   59   24   81    8   13   22   81   81   25   54   40   54    2   43   46    1   65   38   25   78   80   25   92    1   57   71   24   36   70   36   29   64   16   55   28   31   43   73   22   67   33   89   39   41   75    4   85   33   82   36   19   10   80    2   64   60   23   75   37   79   34   77   43   45   84    9   41    4    5   13   73   78   78   99   57   19   47   55   77   47    2   83   58   10   95   45   79   72   27   89   91   94   20   13   54   24   62   67    3   76   12   57   54    1   18   53   41   47   70   68   62   73   87   21   92   46   92   63   39    4   12   62   66   13   91   32   76   77   69   91   80   16   40   57   50   52   19   97   67   80   34   66   26   59   25   93   51   49   53   22   82   28   91   83   30   55   33   13   28   86   30   92   72   44   62   88    7   80   57   97   84   89    6   45   90   27   25   66   32   58   39   45   14   83    9   16   24   27    0   95   57   48   13   63    9   27   56   98   59   47   65   73   50   33   88   30   12   29   78    7   41    4   90   33   23   69   94    5   86   39   17    7   43   24   24   18   14   78   38   80   53    7   40    8   33   82   32   23   16   13   22   90   52   78   15   60   82   77   73   75   98   38   31    9   18   40    7   75   34   32   92    5   59   59   95   40   91   67   37
  52   43   60   29   32   74   98   56   32    6   93   91   20   78   67   93   50   24   34   75   20   63   82   12   52   25   49   19   31   15   39   64   30   86   60   98   67   21   56   67   47    7   18   23   41   84    2   94   52   97   68   46   11   73   60   36   81   70   28   15   65   12   52   98   74   31   96   89   49    2   89   83   97   93   49    1   39   38   30   80   80    0   91   30   17   25    6   13   29    8   17   24   76   19   91   97   33    2   28   12    3   80   10   76   66   46   31   38   31   34   26   97   91   86   83   26   86   46   16   74   96   82    1   12   13   95   53   81   13   50   37   50   66   50    7   81   90   54   18   81   59   86   61   70   78    4   24   44   70   25   44    4   63   64   54   51   99    6   70   62   45   19   93   93   34   69   10    0   96   87    0    6   15    1   37   39   66   15   87   81   70   94   19   78   43   36   68   29    1   34   77    8   85   90   47   24   81   25   20   71   31   61   22   95   22   98   75   41   68   92   62   95   91   85   91   93    2   59   66   11   66   85   74   30   49   92   27   51   83   48   10   83   34   38   84   10   74   78   89   29    2   84   15   91   71   39   37   67   85    1    2   79   40   45    0   26   60   87   12   40   73   82   48   42   83   94   76   67   69   66   51   12   89   74   34   52    7   71   41   86   22   70   33   49   32   85   20   73    2   76   47   91   40   13   67   49    4   12   49   74   98   43   95   72   53   12   84   62   78   11   94   35   40   53    3   69   26   50   52   73   80   17   80   64   91   38   55   15   35   85   78   97   85   23   32   15   50   76   82   99   34   41   57   79   96   14   34   22   24   14   59   66   43   58   69   66   94   16   95    8    2   53   48   52   99   42   84   68    6   41   13   85   36   77    7   33   80   89    2   49   87   46   29   72   79   95   91    3   81   17   83   80   23   44   77   85   87   35    7   97
  86   21   58   94   32   78   48   97   40   16   95   35   27   19   41   82   34   26   44   52   82   19   32   70   42   74   44   11   86   68   13   16   33   95   29   87   48   20   11   34   22   59   97   80   31   94   96   41   48   48   41   15   89   34    8   99   12   93   13   41   52   22   57   57   86   42   87   75   80   62   18   66   71   37   63   61   64   68   67   64   31   69   14   89   79   26    7   15   68    3    9   70   49   33   27   50   29    7   45   92   51   58   33   12   74   40    7   31    3   86   98   87   81   79   47   38    7   94    1   27   43   66   99   52   81   43   98   18   40   23   26   82   71   66    8   93   94   68   40    6   44   11   65   72    7   25   64   24   85   40   67   74   60   63   57   19   29   89   35   97   57   79   23   19   38   79   68   52   18    2   12   66   95   97   76   43   71    6   35   23   97   55   93   79   73   18    7   21   82   92   69   88    7   91   10   17   82   93   15   33   82   51   40   45   29   97   52   26   89   95    6   95   96   91   14   35   86   37   43   20   41   47   40   24    8   62    6   86    7   94   55   43   84   43   13   51   48   91   51    7   33   30   22   19    7   77   39   37   43   96   70   97   59   88   92   50   49   93   72   37   31   39   25   47   67   69    4    6   62   53    5   96   97    6    0    8   65   94   40   83   21    0   48   45   99   30   43   16   40    5   34   24   37   65   78   30   87   30    7   26   24    9   65   59   30   73   22   98   34   22   74   16   95   70   20   32   96   50   54   70   25   41   41   37   31   43   78   45    8    0    2   18   76   60   34    1   32   27   49   44   17   44   12    4   92   87   99    9   67   87   40   99   96   17   86    7   15   12   98   85   27   97   12   59   86   94   22   76   68   56   80   91   14   46   21   41   37   71   61   74   70   35   64   47   53   21   27   11   15   35   18   49   71   15   20   16   81   12   92   87
  38   69   18   14   66   66   30   48   52   56   28   82   60   47   51   28   34   78   13   15   16   92   80   94   31   34   28   77   75   92   28   91   95   11   34   16   97   49    1   55   17   34   57    7   91   42   64   28   76   44   51   27   18   43   31   58   58   36   13   21   27   39   75   26   73    6   65   63   79   63   31   31   80   95   50   78   98   90    3   46   60   52   58   69   22   58   66   66   58   43   35   13   75   81   98   38   21   60   60   36   34   48   42   63   72   57   68   14   31   23   79   17   86   57   17   39    5   24   60    4   52   76   24    5   62   38   40   45   58   45   30   13   98   70   66   22    1   62   90   37   11   52   98   45   33   95   23   34   24   15   88   36   79   49   72    6   56   91   98   19   76   93   73   40   13   55    2   68   41    6   70   41   50   28   43   16   18   66   83   16   16   58   55   39   98   97   63   90   45    0   10   81   12   16   68   47   24   81   71   28   20   73   23   24   88   87   97   43   72   19   99    5   85   60   93   68   19   68   74   49   58   40   26   61   50    3   75   23    4   25   89   77   42   44   42    4   35   89   62   38   98    7   86   41   50   94   93   80   52   59   90   75   30   51   81   80   29   84   56   33   49   44    7   22   13   68   41   13   59   47   67   96   98   46    3    6   13    1   64   95   75   70   31   70   51   36    5   50   42   55   46   76   90   50   34   30   88   53   97   68   58    5   73   47   10   34   45   89   63   38   98   62   97   45   85   81   71   92   55    8   37    1   26   70   12   63   63   55   69   43   65   74   58   70   76   41   91   32    5   96   84   40   21   20   57   96   31   70   36   55   63   76   73   22   11   55   40   27   19   86    8   13   34   21    6   24   36   43   52   13   97   54   40   73   93    0   50   88   23   85   59    5   87    6   71   57   79   31   11   49   74   56    8   63   40   73   93   85   99   60
  72   10   17   13   73   61   91   70   87   75   62   51   13   60   52   97   90   34   18   21   48   96   86   91   23    0   67   40   46   73   98   17   60    3   50    3   81   56   25   23   65   25   38    1   34   72    5   84   26   73   13   13   86   95   26   96   81   25   80   98   30   44   28    4   93   57   18   52   78   85   77   35   92   76   44   78   99    3   60   67   87   47   34   20   41   41   83   85   50   68   73   62   75    8   46   66   51   75   31   94   12   79   72    7   24   94   68   79   84    0   85   71   24   30   39   60   26   28   54   73   43   18   11   83   48    7   37    2   20   13   92   38   17   65   99   48   18   47   62   86   14   55    4   50    1   41   49   97   19   24   57   15    5   49   23   67    9    2   22   85   55   28   59   64   44   17   36   87   70   35   89   18   16    1    9   30    5   37    6    3   58   55   79   45   86   49   27   13   49   38   51   96    5   35   13   79   53   12   79   12   77   99   51   64    2   66   15   42   51   76   78   92   75    8   68   17   94   86   30    7   90   35   85    8   25   40   12   44   92   18   41    8   65   41   50   51   65   73   96   72   84    6   12   43   13   84   85   59   48   85   56   95   80   33   64   13    4    8   98   12   20   68   17   11   69   95   12   65   53   95   95   56   88   20   59   16    2   76   56    0   80   87   39    2   29   60    5   38   21   61   20   78   30   11   27   94   79   59   20   38   46   97   32   81   28   16   77    8   76   92   14   58   16   46   46    7   18   54   83   27   83   19    2   39    0    3   30   59   96   62   67   69   52    2   34   17   56   77   42   57   63    0   74   73   96   41   97   26   40   75   49   36   57   45    9   86   76   14   21   56   45   10   35   97   28   31   81   91   18   36   84   84   40   76   30   23   94   64   78   23    1    1   69   30   51   71   76   17   57   62   56   76   35   31   31   10    4   59   99   13
  25    0   24   13   99   26   93   67   30   33    9   91   80   74    2   98   24   66   57    2   39   14   17   26    0   70   74   64   45   20   61   69   21   27   85   66   49   31   21   21   88   49   56   98   69   64   22   35    6   51   27   43   42    3   50   67   80   20   39   53   82    7   49   79    4    1    8   32   11   38   29   77   37   97   15   19   80   13   37   62   89   21   27    2   40   23   29   23   99   55   50   45   58   33   15   28   32   26   14   86   43   46   89   85   24   99   42   49   93   92   93   17    7   30   28   65   16   23   79   59   79   89   93   97   67   53   64   73   87   60   58   41   81   35   34   61   63   34    1   74    8   12   10   71   75   51    9    8   56   83   70   54   50   73   21   12   35   15   26   87   48   46   74   29   70   51   57   37   93   97   12   19   74   53   77   33   64   16   96   68   64   13   89   27   12   48   96   42    0   91   65   65   55    6   69   14   20   58   51   22    6   19    4   98    7   70   37   30    0    2   99   79   28   57   89   31   96   52   45   89   45    6   14   73   63   86   19   52   37   96   79   23   74   72   39   42   23   37   10   63   50   60   96   36   12   37   35   47   84   99   63   79   28   36   87   36   37   89   80   77   72   65   55   71    3    5   86    9   64   31   74   47   30   71   98   78   22   88   99   27   64   74   62   99   25   20   88    6    3   89   84   13   82   71   90   38   32   35   65   94   94   35    6   40   44    1   97   18   57   36   71   66   91    6   27   34   89   36   51   79   91   27   66   89   26   94   39   22   79   37   41   73   22   26   71   82   18   97    4   63   41   16   78    0   28   40   69   22    5   77    8   46   66   63   10   60    1    3   23   70   21   82   13   47   48   58   38   14   72   65   65   93   88   71   43    1   21   30   29   95    6   66   48   32   73   60   84   16   27   92   87   38   40   19    7    7    0    3   37   64
  64   68   64   65   38   31   42   79   54   83   33   60   64   61   10   19   62   85   48    8   86   80   81   41   64    9    2    6   42   98    5   56   75   44    5   92   89   46   84   84   65   85   69   75   11    9   15   95   41   62   57   40   70   76   95    7   35   17   54   67   17   62    5   52   97   67   78   94   52   13   58   34   95   29   52   93   74   18   87   36   70   90   97   67   73    3   95   96   21    6   94   52   17   24   66   63   61   28   76   81    4   56   69   31   69   86   89   77   70   49    9   49   78   46   92   54    0   85   44    7   68   38   78   75   94   96   75   15   81    4   45   80   90   97   12   71    8   55   34   23   74   95   34   72   76   69   33   88   70   87   24    8   68    1   19   22   19   91   87   53   67   64   87   34   70   42   50   30   75   94   98   41    8   83    2   15   89   31   54   18   26   29   21   66   67   14   97   53   72    0   38   98   85    3   67   75   13   86   17   99    0   65   23   60   76   55   74   76   33   87    8   52   75   72   31   96   98   11    9   58   18    6   81   43   86   72   66   38   74   10   31   82   67   24   85   50   73   14   13   98   91   38   92   82   27   38   52   34   28   24   63   40   96   87    9   66   63    5   78   54   83   49   42   68   76   75   48   56   99   87   39   64   16   33   53   37   93   85    2   25   15   14   54   75   72   42   40   22   86   82   36   18   46   73   27   34   14   71   88   77   80   15   86   82   31   61    7   85    0    3   61   75   81   98    1   70   31   91   29   41   29   70   90   56   34   33   68   62   24   36   94   94   38   79    7   87   31   63   61   84   95   36   54   66   58   33   38   59   93    7   22   79   59   42   35   98   88   85   28   61   95   26   20   62   19   75   86   47   99   59   41   87   62   13   86   49   34   86   77   39   98   88   17   55   63   40   53   99   56   16   85   34   16   21   83   98   18   15   97   11
  55   26   19   60   17   26   64   32   98   53   11   63   60   57   96   61   75   67   25   87   67   67    7   72    9   39   56   94   18   80   53   58   91   44   13    1   35   98   21   14    3   50   36   34   59   32    5   41   73   57   93    1    6   15    3   61   62   73   20   67   17   99   25    4   18   51   71   41   31   19   12   89   74   14   15   50   35   19   44   43   58   79   27   70   72   70   92   21   73    2   33   72   93   10   73   39   53   84   85   40   87   46   23   95   35   90   91    9   71   86   20   49   98   79   34   35   10   95   88   79   40   44   37   36    6   21   61   27   15   44   80   35   75   64   32   63   50   19   42   26   54    4    7   38   51   47    8   10   10    8   83   26   79   49   99   98   60   91   40   39   12   55   66   55   23   34   25   85   13   29   32   42   30   90   50   34   33   51   36   87   12   32   43   96   29   20   39   68   98    6   64   53   33   15   65   62   13   61   51   41   53   92   43   89    2   73   74   71   36    6    5   32   12   20    1   38   90   10   36   31   43   57   91   16   30   10    4   70   29   24   44   47   43   83   68   37   19    9   70   78   69   73   63   61   96   53   90   75   44   35   16   32   52   62   84   16   16   63    1   86   21   51    7    8   89   66   94   86   98   19   73   61   21   19   38   81   46   25   58   62   61   58   38   37   37   90   43   90   31   34   35   34   32   65   96   28   30   30   24    2    0    9   14   65   12   32   46    8   47   93    0   29    8   20   84   52   34   83   91   87   51   30   50   74   43   52   77   59   75   44   80   17   69   82   41   54   61   40   48   67   74   42   88   84   72   13   38    2   92   56   33   25   68   11   36    3   74   77   74   95   48   61   86   77   46   83   77   80   48   32   77    0   87   62   82   94   73   88   63    0   37   90   22    1   41   53   49   85   17   41   59   68   84   23   88   97   99    4   36   63
  29    3   26    4   73   27   66    1   79   20   23   15    8   91   93    4   27   61   56   67   90   82   31   36   33   18   56   12   11   14   74   52   30   59   71   78   46   80   32   84   19   15   75   74   87    7   90   88   55   52   15   64   76   61   22   55   16   52   88   92   71   34   34   77    1   36   55    4   80   37   83   15    3   44   96    8   12   78   11   59    4    3   38   64   59   95    5    6   77   35   21   89   31    3    1   91   15   98   19   38    6   46   96   98   37    5   69   31   86    6    9   74   65   65   54   86   67   19   80   54   18   71   67   28   18   88   85   19   68   11   91   28   17   79   96   71   89   89   29   61   68   91   54   54   81   91    6   87   39   47   43    0   57   98   71   49    2   74   66   45   36   36   21   35   16   35   93   57   58   80   87   56   36   52   86   30   98   46   72   17   98   74   89   78   43   23   80   56   24   28   18   97   70   29   21   86   72   70    6   96   43   71   18   60    9   46   23   47   86    0   46   99   97   56   66   58   45   18   80   43   87   21   19   21   65   54   65   24   35   66   50   37   32   37   27   70   16   67    7   40   49   93   66   32   36   71   86   79   90   21   49   47   41    2   22   33   41   26   35   77   32   22   46    2   22    2    6   76    2   14   17   64   33   20   73   22   93   80   88   68   27   65   75   92    5   87   81   84   20   13   66   16   18   98   90   57   64   54   74   50   61   73   79   59   74   14    5   10   74   30   78   87   70   40   10   87   33   57   72   92   51   88   72   37   34   55   71   70   73    4   42   15    3   73   98   91   87   30   15   39   44   87   32   26   98   92   71   14   56   25   15    3   31    9    9   25   47   65   86   20   78   93   76   34   31   51   82   66   45   13   66   68   50   12   44   82   95   48   84    8    6   70   97    7   14   97   95   45    4   38   67   31   33   44   45   78   49   52   40   64
  69    5    4   85    4   52   83   52    8   25   15    7   35   33   65   81   57   54   80   26   47   59   80   35   50   22   31   73   84   16   99   58   98   73   12    6   91   69   86    1   15   81   84   27   98   15   30   13   56   43   60   28   52   46   28   84   86   10   29   26   27   11   38   63   37   62    7   84   51   72   48   69   56   16   22   81   34    0   52   71   85   81   94   22   71   31   87   24   71   81   59   42   46   36   11   50   60   73    5   66   28   70   49   94   10   25   72   20   25   64   51   14   32   64    6   95   39   45   65   21   56   99   95   38   99   11   89   41   31    8   61    8   72    4   52   45   98   45   31   73   86   54   75   86   45   87   80   17   43    4   76   70    3    0   60   39    4    5   86   45   75   44   92   84   90   64    1   40    9   50   48   54   93   22   87   77   44   46   39   63   77    3   99   11   15   58   10   74   21   32   59   94   19   84   65   52   87   63   80   59   47   30   26    6   28   80   29   46   38   84   57   37   93    1   13   12    9   15   68   73    8    3   90   81   78   69   41   32   33   52    4   93   97    6   52   36   37   39   52   96   73   97   27   84   41   38    5   88   11   48   97   64   12   92   59   24   26   86   59   39   29   87   35   54    7   24   78   76   98   11   51   14   74   14   12   84   12   87   74   57   14   27   20   39   20   18   32    0   90   83   26   19   87    7   76   13    7   92   54   36    4   64   56    3   71   52   85   74   59    6   20   29   94   32   52   88    3   66   88   86   50   37   18   59   89   51   66   27   74   42   36   24   65    1   92   96   95   95   84   82   42   17    0    2   70   19   15   87   15   15   47   23    7   69   51   47   23   65   56   56   93   57   92   87   10   21   68   13   72   40   30   53   29   49   76   53   98   48   81   51   84   93   87    4   15   94   78   58   64    4   50    5   62   57   64   68   99   52   81   44
  74   27   43   60   96   89   26   42    7   69    6    1   74   44   18   76   77   84   81   53   94   56   69   13   54   29   80   66   70   76   62    8   23   96   69   95    6   18   66    4    6   34   67   95   97   44   73   31   70   89   63   13   27   94   78   80    5   38   51   78   10   75   61   57   86   78   71   50   97   84   29   79   56   90   37   79   26   92   17   17   98   27   51   45   78   24   33   89   91   17   48   45   51   52    4   87   24   25   81   96   90   29   74   16   40   25   22   88   88   15   36    3   82   29   59   54   19   35   11   16   84   36   45   69   87   43   87   57    5   94   26   74   87   80   60   28   64   51   66   34   68   48   97   11   72   51   57   52   13   57   41   23   92   22   42   36   45   53   63   33   34   70   69   58   51   11   56   22    7   60   52   53   73   33   33   17    7   92   28   44   90   21   17   72   35   25   77   26    0   82   97   90   11   46   88   63   29   36   31   63   65   72   27   72   43    4   78    9    0   70    8   53   33   94   30   10   13   98   96   13   33    3   82   89   70   50   36   28   71   57   46   37   73   98   12   77   45   65   79   32   20    2   96   79   71    4   92   11   29   58    1   75   92   40   12   58   77   97   27   28    8    4   73   22   30   44    7   77   56   41   23   58   71   56   75   48   12   15   79    6   45   20   75   27   76   18   60   19   46   60   15   45   71   25    5   23   39   14   80   69   50   47   79   66   68   37    0    8   73   82    9    4   23   36   18   58   89   66   33   48   94   79   15   47    8   83   69   24   74   47   79    3   42   57   10   40   73   68   10   74   72   43   81   60   99   73   99   83   33   10   63   54   98   92    0   28   51   62   39   28   45   80   94   74   16   94   53   69   67   48   52   54   13   77   31   73    2   11   26   29   10   68    6   10   61   65   65   86   78   36   64   21   82   85   55   48   62   83   91    7
  60   21    6    0    9   44   85   88   78   64   61    1   82    2   78   72   26    9   88   22   53   69   46   24   49   49   44   39    5   34   36   25   10   40   92   18   69   95   96   31   13   72   30   29   72   26   51   48   84   73   36    0   24   17   78   77    4   35   14   85   72   13   69   81    6   62   52   16   91    1   49   88   31   28   72   24   50   18    6   35   14   52   49   47   96   85   43   19   20   74   84   90   92    3   83   75   16   27   96   44   69    6   64   29   77   11   99   23   40    3    9   93   70   89   84   65   64   32   70   94   23   97   52   79   35   68   55   32    2   88   69   49   54   63    2   17   98    2   10   98   78   62   91   68    8    5   87   42   35   28   79   83   62   48   59   38   36   14   46   38   28   36   70   78   80   84   98   37   89   41   82   97   78   37   37   62   99   13   25   42   80   24   45   24   70   23    9   47    0   29   96   81   62   44   80    5   43   43    1    9   43   14   98   13    2   79   40   42   26    0   71   51   39   20   13   71    6   94   53   17   88   27   29   71   12   63   27   82   46   64   46   19   32   83   50   16    6    8   81   93   50   58   51   33   76   25   73    8   57   55   13   87   18   67   47   76   43   59   73    0   21   44   35    3   63    8   76   17   60   88   36   21   22   45   29   87   84   67   34   13   23   46   81   77   97   44   55   21   68   64    6   40   93   51   43   12   79   90   90   92   94   30   75   29   36   17    4   58    7   19   19   61   49   94   65   18   25   22   45    9   42   31   10   88   34    1   73   63   35   38   19   31   16   17   38   83   17   82   82    4   27   57   16   41   70    0   63   30   78   18   70   76   43   44   40   79   40   96   15   40   54   55   45   97   48   16   38    5   29   46    7   48   22   92   13   45   18   44   48   49   47   44   28   89   64   61   40   79   68   15   43   87   87   97   75   95   25   98   94   69
  67   67   11    6   23   28    5   78    3   36   10   62   95   58   55   58   27   37   31   88   36   24   50   77   37    2   40   83   86   75   52   97   10   12   71   80   20   30   23   24    1   20   68   71   87   94   21   65   39   26   68   39   60   24   42    6    3   76   88   10   67   64   27   42   29    7   82   30   52    7    4   62   41   66   88   89    7   28   20   17   45   47   96   81    5   56   21   94   25    8   94   71   69   66   72   24   66   20   90   38   93   32   18   33   55   72    2    9   27   74   28   49   99   17   19   66   77   37   19   13   97   58   37   31   15   28   78   47   90   51   60   70   17   49   86   53   25   57   66   92   76   10   58   66   74    3   28   25   19   79   45   36   54    2   23   51   20   43   32   92   87   94   37   27   51   82   80   51   56   54   46   11   33   83   86   60   97   95   50   78   20   46   41   85   41   31   38   86   62   11    2   33   82   86   15    2   26   86   42    4   50   65    9   63   80    5    5   83   46    8   13   85   85   98   69   67   89   93    2   62   75   98    5   79   55   67   99   98   18   48   41   48   41   85   88   67   64   14   34   30   11   58   64    1   46   51   45   23    2   23   98   89   69   28    1   89   42   53   96   92   55   72   55   41   23    3   94   89   39   70   10   13   86   93   60   48   64    2   32   29   52   85    8   41   76   80   85   40   94   13   81   19   67   88   68   18   87   93   48   28   64   97   96    9   13   54   86    3   68   25   29   85   28   18   96   89   92   58   26   72   76   35   58   98   57   82    2   91   96   14   43   26   55   84   18   66   12   38   54   46   12   43   33   55   33   48   95   45   73   32   67   44   62   17   83   19   16   68   29   96   68   21   97   91   29   62   44   95   96   39   90   69    9   54   39   97   19    6   14    5   49   86   49    5   86   90   76    9   22   11   66   33    5   72   74   57   17   90   39   62
   1   59   89   57   28   40   26   63   53   97    2   97   27   11   26   45   74   59   22   71    3   30   96   98   31   41   35   28   18   78   65   58   77   90   85   10   76    5   71   94   93   44   97   21   92   74   79   99   76   99   43   96   81   15   37   85   61   12   59   35   11   17   20   35   89   24   17   89   49   98   30   17   86   12   73   16   85   56   14   88   27   74   18   42   25   95   11   53   26   78   55   49   80   66   65   37   23    5   55   61   24   28    5   55   94   65    7   45   91   15   26   80   67   17    0   12   55   31   17    5    8   35   22   75   75   79   71   45   18   18   62   97   73   82   83    0   91   60   86   94   12   92   54   39   96   61   64   61   63   72   35   94   67   46   53    6    8   72   37   94   42   87   71    2   33   88   79   14   23   97   46   74   48   12   56   10   92   27   83   22    7    0   10   89    9   12   21   98   81   26   43   57   27   69   26   30   91   45   92   77   31    6   14   36   75   78   40   33   71    5   40   18   67   67   85   96   21   22   40   51   72   24   56   92    7   90   17   39   15    3   28   60   37   62   73   61   67   29   81    2   84    3   63   77   90   53   80   27   28   91   54   88   51   81   17   62   20   61   32   53   90   18   72   72   31   52   90   54   13   68   11   37   83   70   67   24    1   86   23   98   31   59   71   38   79   28   44   89   31   32    8   81    6   40   28   87   47   43   52   57   21   12   17   97    4   56   74   61   81   12   39   69    5   42   79   42   79   47   10   53   41   80   83   34   90   88   48   11   71   53   65   67   76   97   32   39   17   67   70   78   15   83   60   91    0   34   95   84   64   95   63   46   27   69   52   32   15   25   51   27   58    5   34   57   72   86   13   28   64    3   54   28   52   77   17   44   74   76   30   21   41   64   70   73   29   80   78   68   73   91   82   12   76   55   42   44   16   99    5   54
  92   68   95   91    2   14   11   33   39   32   15   11   50   56   30   30   49   16   15    2   36    2   36   39   25   61   14   21   95   91   11   21   57   27   16   30   98   15   61   99   82   71   30   30   60   97   34   63   97   76   95   34   67   21    4   44   79   41   27   98   40   14   18   13   97   62    1   56   41   54   85   41   30   36   70    8   62   79   99   44   46   89   80   49   37   90   41   92   43   55   52   79   78   10   83   11   81   70   58    5   85   71   58   23   77   23   43   36   41   92   77   71   68   75   73   78    4   83   31   17   19   94   82   39   91   56   84   81   24   85   96   50   32   54   84   40    4    4   75   64   21   67   31   47   20    4   90   56   96   10   39   45    3   79   98   22   87   91   41   70   44   25   28   22   98    7   44   87   50    6   37   62   11   75   66   25   79   38   38   29   37   80    1   99   76   97   66    6   75   67   46   58   33   93   88   57   95   45   20   44   91   85    2   67   80    7   56   93   37   67   38   15   39   46   42   25   94   59   63   55   34   97   41    5   44   45   38   18   47    2   35   77   71   75   15   93   18   58   96   25    9   36    1   60   77   62   24    4   31   91   36   92   96   79   23   24   13   34   48   70    5   30   35   38   58   66   94    3   16   13   28    3   38   26   52   48   65   84   10   17   71   35   90    0   10   46   50    2   49   32   63   83   58   93   55   36   10   28   35   75   46   69   14   37   79   90   36   45   27   93   10   88   67   94   14   10   18   26   22   37   27   74   27   29   84   20   34   34   45   31   58   81   46   98   64   30   26    5    0   72   75   48   15   43   56   35   49   47   12   13    4   61   88   92   64   91   37   73   51   38   68   92   46   65   22   50   66   28   78   75   85   79   61   55   94   28    5   38   42   62   13   22   91   47   45    4    2   80   63   38   39   44   80   88   43   39   40   47   30   29
  45   80   28   43   26   48   11   49   70   67   62   54   60   43   94   65   29   63   32   71   35   46   57   98   54   57   91   79    3   46   70   33   24   52   17   57   66   30   64   75   28   42   58   66   61   28   13   48   30   35   79   41   91   67   16   15   66   24   93   35    3   27   84   17   45   81   86   16   78   64   19   45   12   16   89   29   34   10   35    9   79   35   97   75   82   39   94   56   13   12   92   88   61   33   67   18   86   35   39   96   86   62    9   12   52   16   26   76   31   84   70    8    3   29    6    4   49   12   98   13   90   43   56    1   79   71   51   40   52   40   86   96   45   33   76    4   54   40   57   46   75   47   22   46   79   33   44   54   53   87   97   35   65   53   68   84   84   39   96   13   70   43   44   50   67   86   28   85   86   76   70   38   25   27   39   44   21   31   23   97   51    8   48   50   44   38   53   77   73   59   73    6    5   67   40   49   81   61   56    9   95   50   36   52   95   14   11   61   82   90   84    2   57   25   13   32   95   54   20   74   99   66   42   46   33   95   27   34    9   78   41   82   14   10   43    4   68   98   95   35   24   66   14    2   47   76   84   35    7   58   78    4   42   10   48   82   55   55   17   77   80   16   71   32   97   85   79   58   38   66   60   20   53   55   92   73   84   17   62   29   23    0   56   96   62   89   67    9   72   83   80   54   52   96   99   50   75   20   65   85   90   93   16   53   56   40    0   77   76    8   36   84   27   86    3   29   87    1   53    0   16   97   46   78   87   35   66   88   43   89    7   90   39   50   20   82   27    3   10   15   61   63   18   10   23    4   32   10   20   45   30   48   21   92    6   42   17   51   47   81   71   81   42   32   64   72   17   88   48   82    6   32   37   73   24   73   83   24   98   66   50    8   50   27   41    2   79   13   51   10   31   94   18   16   92    7   96   75   37   64
  59   63   18   89   46   66   71   66   49   45   57   56   81   76   65   35   49    3   27   42   60   37    5   18   17   70   90   80   49   15   91   48   75   32   32   56   70    9   40   93   60    6   64   82   85   19   17   77   88   28   16   78   76   91   70   93   82   86   77   42   10   42   26   95   35   89   35   48   69   39   69    9   59   36   17   47   11   83   90   32   33   30   84    2   13    3   62   80   67   16   39   96   82    6   15   80   65   11   24   63   79   75    8   22   55   56   97   78   28   17    4   52   15   53   63   76   53   36   85   64   66   95   95   70   15    1   58   15   91   39   25   40   70   33   13   44   47   94    6   80   29   13   12   44   63   68   76   16   60    5   43   95   61   78    5   88   37   78   36   67   53   76   93   52    3   25   33    9   48   59   50   21   37   82   13   53   79   99   51   38   63   41   79   26   30   28   78   47   73    6   76   83   12    9   55   90   84   39   93   45   66   96   17   73   42   27   41   30   60   14   59   63   80   66   69   88   59   28   75    6   39   21   81   96   33   98   95   35   21   48   86   84   73   47   42   95   55   83   82   74   88   62   44   20    5   18   97   86   47   24   10   24   23   84   72    4    0   71   13   61   44    3   65   18   22   29   93   22   25   16   89   85   95   92   50   17   42   57   79   43    3   37   55   95   60    4   52   97   39   31    1   56   28   93   25   64   63   76   38    9   17   56   29   31   11   41   56   23   74   61   37   53   79   12   31   72   72   28   61   58   58   86   23   39   43   63   69   86   15   62   17   98    0    8   89   36   34   70   13   48   32   25   19   33   49   72   19   78   18   63   37   88   69   52    6   82   99   10   54   98   61   87   80   89   29   88   16   84   56    8   69   91   87   16   84   86   96   55   91   28   51   31   35   26   65   72   81   73   12   42   62   42   16   21   53   39   70   66   25   62
  57   12   83   73   88   98   28   81   95    0   64   82   12    2   30   13   19   24   24   49   93   84   10   81   75   37   41   47   89   17   50   95   66   27   82   20   23   98   77   21   78   18   30   98   36    7   99    3   98   45   27   29   12   87   96   73   22   54   70    1   63   26   73   89   35   24   40    2   25   23    2   75   46   85   29   28   43   23   76   83   67   19   77   36   98   38   60   39   87    7   98   84    3   21   32   36   58   63   17   80    0   58   74   36   41    0   14   49   12   56   90   35   70   62   73   78   70    3   80   81   39   59   82   32   16   69   32   70   40   75   17   41   54   57   83   47   99   36   83   12   47   91   93   12   33   64    4   39   92   82   48   47   35   18   69   15   74   39   79   53   96   62   92   84   73   37    6   78   60   22    6   87   55    9   86   80   45   26   20   65   24   54    1   57   37   98   67   59   44   21   72   41   15    9   56   33    4   29   99   64   12   91   98   28   47   84   48   87   54   63   81   69    3   79    8   37    2   98   62   38   84    8   23   73   91   33   68    2   23   17   49   36    9   21    8   13   66   16    6   62   74   12   36   78   15   84   61   72   83   24   23   57   78    6   60   94   61    0   16   22   37    8   79   99   37    4   65    0   35   10   63   88   37   40   51   94   67   95   30   72   94   16   42   97   52   43   61   46   49   63   18   71   81   96   75   97   51   41   69   14   42   91    1   11   65   55   76   16   42   35   94   52   12   70   61   97   40   91   31   52   32   31   58   53   90   36   60   45   87   91   29   51   36    4   87   68   94   28   33   21   35   76   84   16    4   60   14   81   10   30   32   47   85   57   28   64   51   97   95   88   16   20   18   54   81   15   97    6   51   36   91   31   18   57    5   64   14   38   58   86   69   84   81   72   33   35   86   24   86   11   82   25   72   95   91   41   14   41   60   47
  76   64    3   92   27   11   24   82   79   44   51   27   98   54   11   54    6   13   21    9   85   62   50   73   61   61   56   35    0   55   77   90   23   92    5   23   84    9   47   65    4   17   38   80   76   28   39   15   44   81    9   20   29    0   90   82   32    9   50   41   14   39   91   14   87    3   44    8   69   42   60   95   87   72   34   71   54   66   69   76   73   52   19   98    7   60   22   63   45    2   93   75   33   35   55   77   98   84    7    2   18   38    4   90   65   12   85   74   30   32   69   50   95   90   93   63   77   43   75   69   50   22   96    1   11   61   38   86    4   69   23   51   43   14   41    8   85   27   10   96   61   46   48   80   40    1   67   47   12   24   37   95   81   19   21    4   20   16   52    6   54   31   67   99   95   93   56   57   58   83   26   39   34   89   21   21   36   40   70   12   21   93   64   33   97   24   63   22   68   47   14   50   44   67   89   80   33   70   55   49   21   53   33   97   45   44    7   32   98   64   73   67   47   93   31   35   72   50   38   62   82   70   42    4   80   90   74   17   86   22   87   69   50   19   42   13   70   94   83   64   97   94   99    6   97    3   39   27   85    3   95   43    8   96    5   35   26   73   23   64    8    3    7   23   49   63   61    9   36   45   39   67   49   33   21   31   82   72   43   41   29   53   87   19   58   78    6   59   58   97   38   75    8   59   25   61   60   33   84   44   25   67   52   51   13   95   36   55   15    1   71   12   69    4   32   90   55   31   11   83   57   44   78   92   67   48   62   86   28   67   52   26   22   57   17   26   37   19   31   31    4   29   66   49   37   63   19   96    6   46   78   76   46   49   88   43    4   41    4   87   22   14   62   29   73   72   51   29   28    0   88   21   46    2   50   29   50   32   76   95   64   80   46   12   36   12    4   99   48   67   43   62   29   58   52   14   54   26   55   43
  32   44    7   97   58    4   14    1   25   91   72   87   47   28   37   32   87   59   83   20   90   87   59   26   59    5   19   53   96   73   23   95   48   62   80   10   19   66   43    9   13   19   49   29   90    5   43   36   12   76   76    5   54   49    5   22   36   56   46   49   72   16    6   85   23   50    6   98   71   98   95   25   41   88   52   71   46   43   40   81   49   42   50   49   21   37   62   84   40   90   98   15   20   58   27   11   78   88   23   22   82    3    1   74   18   66   40   41   94   61   25   77   14   17   39   30   97   48   40   63   44   61   41   49   91   66    8    2   44   32   54   57   86   30   67   94   20   96   94   37   78   23    3   22   11   44   25   95   50   23   29   33    9   55    2   56   72   66    0   72   49   79   42   49   43    7   44   67   82   59   37   21   80   85   27   74   83   42   57   96   62   67   90   92   78   72   21   71   36   21   98   41   63   63   61   82   81   91   88    8   40   71   84   26   82   70   51   31   58   57   28   52   55   87   17   65    7   24   83   62   22   64   96   36   74   26   37   90   12   15    5   14   78   58   12   30   80   50   70   26   92   36   95   40   74   56   61    7   79   43   25   68   76   70   92   27   18   54   33   38   64    3   43   43    2   67   83   94   94   11   24   42   58   94   26   46   68   89   69   68   97   86   86   75   33    7   78   76   62   12   96   74   65   41    5   68   37    6    5   11   26   10   12   37    3   16   39    0   21   87   40   75   44   56   12   72   27   30   25   70   65   52   33    8   83   66   57   99    8   25   90    0   31   75   56   27   34   40   25    0   61    6   71   70   94   96   94   59    9   84   90   20   36    6   32   34   86   20   14   61   71   95   78   23   69   90   83   53   29   10   34   53   96   46   71   74   46   74   86   64   70   66   99   60   12   23   28   92    0   21   69   59    1   77    3    8   82   45   55    2
  16   22   35   63   38   91   21   30    8   83   60   52   81   76   40   81   26   63   44   42   63   58   93   69   41   86   96   54   25   87   64   38   41   75   64   60   79    7   34   50   26   76   26   67   44   56    0   79   25   90   96   14    4   25   30   98    8   24   18   82   69   53   83   38   25   72   89   75    1   27   99    1   47   77   86   68   88   12   28    3   80   66   90   60   61   76   42   87   99   66   35   63   93   52   75   56   44   97   36    4   79   54    2   24   76   72   50   74   99   26   20   75   38   64   52   94    8   81   93   77   98   14   96   98   93   79   35   84    1   75   18   85   20   60   12    1    3   46   84   24   20   31   17   27   36   63   61   78   36   86   73   87   72    2   22   75   16   93   27   77   28   11   25   95   51   50   57   57   74   28    1   84   34   87   61   81   74   20   19   12   24   97    2   87   41   85   86   77   32   10   51   51   25   11   46   42   19   16   48   47   50   67   62   84   90    8   35   89   92   18   22   94   14   48   85    5   87   79   88    4   18   62   33   79    1   46   19   68   60   57   58    7   25   69   26   95    7   34   36   12   99   25   90   63   55   98    2   81   85   78   58   36   15   61   44   40   96    5   21   49   96   54   47   84   74   76   63   45   58   49   46   79   58   28   64   35   81   90   60   76   14   94   67   87   76   76   10   26   35   52   41   41   53   39   57   77   62   38   95   14    0   34   53   80   59   50   30    1   39   62   81   17   26   10   70   30   88   77   94    5   86   20   58   20   63   82   45   25   48   57   74   12    4   79   10   26   89   46    9   33   86   65   76   25   82    0   17   52   87   97   39   83   25   99   11   44    0   56   44   79   63   33   94   11    6   16   56   96   15   79   75   28   15   78   79   70   76   46   37    2   51   72   18   29   56   27   88   52   41   26   90   71   57   29   11   80    4   43   57   51
  69    3   22    2   25   21   86   34   56   17   77   50   89   60   79   80    7   51   36   36   39   92   97   43   99   28   73    7   15   18   57   69    3   19   88   36   71    2   43   37   79   64    7   21   55    0   11   83    2   72   54   99   58   13   61   67   29   25   40   50   25   74   85   16   74   46   13   26   92   15    4   72   54   25   74   52   23   69   84   44   78   13    6    1   33   38   88   99   63   97   97   44   26   41    1   64   87   83   25   57   88   72    5    2   91   87   75   53   97   49   60   21   33   13   53   36   70   92   84   55   79   41   62   13    9    6   29   60   47   95    6   44   39   23   54   37   21   51   21   75   36   45   17   92   17   64   64   12   14   11   93   55   14   80   93   53   55   80   42    8   73   32   66    4   34   35   31   56   43   92   72   46   27   37   31   67   93   71   93   17    8   70   98   53   45   50   15   98    5   77   41   81   73   82   73   64   53    2   82   36   38   76    7   17   92   95   92    0   38   55   31    8    3   76   80   61   10   40   46   10   18   45   26   34   22   18   98   18   58   84   29   32   57    9   64   15   75   66   39   36   17    5   97    5   17    5   47   73   25   85   60   84   38   54   22   39   90   31   40   74   27   80   27   93   68   98   56   70   68   19    2   96   59   12   60   27   34   83   54   51   55   24   78   52   39   77   58   27   76   50   10   28   71   39   70   21   95   70   24   31   32   50   34   80   19   14    5   66   89   33   81   48   28   71    0   92   98   86   88   90   44    4   55   42   79   80   82   81   84   41   64   28   61   54    4   74   67   69   23   25    3    0   72   88   39   44   38   83   84   87    8   93    1   35   29   65   26   59   89   16   87   43   59   43   19   19    4   37    9   43   47   79   73   85    2   71   27   80   90    9   51   55   27   25   14   41   70   70   77   94   63   35   27   57   44   10   39   68   17   23
  28   46   81   32   12    5   61   74    8   61   90   81   93   94   78   41   69   75   76   30   44   43   80   83   95   89   11   37   40   80    2   76   89   18   34   62   59   49   29    6   24   54   23   97   19   77   33   20   20   22   96   31   31    1   32    7   18   71   63   54   22   69   15   71   70    7   60   94   61   96   83    3   90    6   20   81   48   60   29   99    8   24   84   79   28   52    3   55   85   20   93   60    4   41   17   22    8   83   66   21    8   30   28    8   12   67   75   28   39   95   34   74   83   90   96   19   95   63   23   87   39   96   46   65   47   94   47   14   87    4   75   46   69   31   22   92   18    1   40   31   59   34   35   71   76    0   16   84   89   93   35   48   14   10   59    5   16   25    4   13    1   50   58   41   38   19   86   83   42   60   95   62   51   68   80   86   17   67   89   13   97   38   89   52   47   18   79   94   94   25   65   77   95   95   62   27   18   45   64   24   62   82   55   79   32   89   98    6   27   74   75   57   56   42   56   88    4   86    8   69   34   17    0   25    0   15   39   25   44   77    1   33   37   28   53   24   21    5   70   34   81    9   22   56   85   18   30   27    3   47   67   38   68   32   54   95   15    5   12   88   59   92   38   96   38   86   54   80   79   23   77   18   50   60    5   53   21   72   47   11   99   28   54   67   81   61   65   34   32   14   98   85   22   83   67   14   24   74   97   14   94   45   91   46   28   40   50   34   27   46   30   71   28   33   79   58   82   35   78   97    0   68   92   85   39   43   30   25   80    7   43   81   70   69   47   82   37   67    3    3   27   42   30   33    9   43    9   66   79   56   32   63   85   21   20   49   42   23   31   51   92   29   15   21   59   94   91   26   30   62   23   62   88   57   73   71   17   60   24   84   72    2   28    7   38   55   94   39   45   21   58   35   71   64   11   85   30   18   64   29
  50   14   80   99   35    1   72   15   48   38   12   19   86   68   30    2   16   51   73   19   69   63    6   11   16   19    1   83   85   90   88   36   38   58   93   67   60   76   86   53   76   57   74   78   71   54   88   53   34   28   32   83   95   44   30   55   37   63    5   54   21   44   61   48   95    9   39   82   33    8   60   98   91   96   40   88    0    7   75    2   59   61   19   16   16   94   20   65   85   85   27   99   36   93   27   10   57   98   71    7   81   77   95   74   41   21   95   38   54   63   98   49   87   70   19   13   63   40    3   71   93    0   93   65   95   54   36   92   58   96   25   68   59   53   83   53   81   44   16   77   64   33    0   24   42   44   73   33    7   81   34   27   75   40   49   27   88   53   31   30   43   62   24   80   34   74   91   30   50   56   74   38   73   65   33   87    3   84   35   88   24   40   10   81   70   37   60   10   63   58   86   59   31   76   75   84   65   89   61   70   92   62   59    1   23   11   29   14   62   25   23   89   43   72    5   63   88   12   17   65   62   73   25   30    7   24   64   68   56   12   86   58    3   97   58    2   40   18    0   53    2    7   49   70   35    8   71   19   24   54   19   81   79   36   73    5   82   34   95    7   20   18   62   46    3   88   34   89   35   70   96   84   68   53   81   95   49   83    0   65   95   23   80   76   15   87   60   47   27   36   49   36   44   75   20   95   34   40   42   10   53    4   81   83   31   31   25   82   97   11   13    3   43   30   39   31   55   99   97   23   84   74   90   92   10   78   75   97   75   16   33   68   32   52   60   86   14   74   92   77    0   38   53   67   79   88   81   19   66    3   13   31   63   86   73   46    8   25   65   91   11    4   51   80   21   79   99   51   70   26   70   43   80   35   57   14   66   59   36   19   95   99   49   57   63   11   24   61   62   38   50   18   72   29   99   25    4   58   15   27
  52    4   22   81   26   28   43   30   94   43   21   79    2   61   48    8   24   45    2   75   80    4   38    4   16   70   31   50   26   16   85   67   86    8   21   44   99   81   51   17   95   58   78   37   76   89   42   64   78   35   65   48   56   52   22   98   31   74   77   71   20   98   62   15   60   46   69   96   25   85   84   20   29   42   28   18   73   70   74   61   18   58   53   90   87   10   54   94   70   48   67    2   49   91   44   93   79   94   14   83   21   27   13   28   64   32    2   22   13   90   75   53   85   26   90   77   25   62   95   37   21   91   31   55    9   62   99    3   28   62   59   41   31   74   48    4   14   38   64    6   99   93    6   41   37   13   51   74   53   88   64   77   84   85   57   84   37   98   65   36    5   34   48   11   56   85   31   93   40   28   83   61   62   24   59   86   19    0   76   69   20   54   12   28   18   92   35   47   24   52   55    8   78   41   46   15    6   55    2   57   76   24   28   94   45   30   88   65   59   97   60   80   70   74   68    5   18   52   70   75   80   66    4   56   71   92   61   55   15   83   40   88   17   78   29   14   91   77   86   78   58   67    5   37   32   28   35   65   62   72   42   91   51   34   89   28   82   74   95   97   13   29   49   27   15   89    0   26   86   41   26   99   66   80   35   24   43   95   59   84   94   97   93   40   94   66   90   38    0   44   29   67   61   41   66   41   73   54   28   10   10   98   78   82   63   48   82   75   25   99   11   51   11   72   38    8   80   95   35   16   30   80   85   48   54   64   36   59    5   41   72   95   89   31   20   23   21   89    3   29   64   10   38   15   28   35   66   87   98   66   73   12   63   53   97   62   79   80   11   56   89   34   78   99   97   25   32   96   39   20   61   51    0   11   62   89   65   48   99   88   37   82   90   19   62    5   55   91   89   56   58   85    0   68   31   76   11   48   75   73
  73   91   36   70   81   93   22   24   43   80   87   52   72    6   75   64   32   62   94   99   64   64   65   13   34   99    6   31   90   69   39   59   75   35   92   40   88   65    4   87   11   94    1   99   47   11   20   18   53   20   79   97   29    9    5   69   75   95   13   57   19    0   42    6   15   70   21   39   95   50   13    4   40   89    3   90   47   60   54   47   31   39   72   19   79   93   50   48   80   10   77   79   34   97   49   28   25   68   92   99   90   11   72   81   21   49    5   66   59   18   17   21   63   55   51   25   79   59   30    8   85   78   30   27   97   73   14   16   53   79    5    1   60   17   55   33   84   77   13    3   42   74   48   23    4   99   88   28   49   14   39   68   62   27   35   54   52   77   48   79   26   22   95   20   82   27   10   39    9   74   99   54   97   87   95   69   33   61   25   52   76   41   48   34    7   17   16   27    6   90   78   82   54    0   16   22   73   80   68   58   36    7   23   80   61   75   91   28   60   74   76   88   92   64   84   74   30    4   90   56   54   75   13   46   73   40   68   56   36   67   45   81    6   81   76   70   26   98   65   53   23   44   44   33   31   12   72   22   47   30   97   50   28   99   82   77   14   88   17   18   35    2    2    0   31   50   10   11   51   18   48   17   72   71   93   95   73   12   54   10   67   32   48   63   40   36   44   27   22   11    6   45   64    3   48   62   85   82   54   96   88   32   44   82   71   50   49   26   51    9   80   44   39   86   99   94   85   46   75   77   65   21   24   74    1    2   68   41   91   76   25   36   25   10   29   97   99   29   52    4   17   40   44   69   34   38   76   90   65   21   44   57   27   10   84   11   11   19    0   21   10   65   89   84   57   86   40   62   32   40   11   26    9   29   69   45   86   62   98   55   66   76   18   12   46   11   96   99   18   31   22   97   81   28   74    6   15   50   31   19
  51   89   51   43   11   44   85   38   85   11   62   62   28   15   69   63   39   40   91   85   38   52   41   88   47    2   10   72    3   55   55   16   66   10   92   73   16   37   89    7   28   69   50   29   16   30   45    8   60   42   25   91   84   86   93   33   35   30   23   86   33   73   96   20   31   89   40   91   58   34   45   89    4   66   85   87   54   38   98   39   39   50   48   26   39   53   12   50   72   18   23   89   90   10    4   88   97   53   85   48   30   85   49   45   58   30   27   15    9   68   45   83   58   51   97   28   84   94   57   64   85   54   44   79   88   33   46   73   67   35   72   25   13   23   97   88   13   80   36   20   27    7   20   15   16   30   90   60   18   66   93   11   24   45   14   52   61   25   25   72   55   59    6   73   56   69   32   89    1   67    5   80   82   50   55   23    1    9   23   48   18   79   70   58   66    2   25   23    2   44   38   40   67   69   32   17   37   36    8   53   38   98   13   92   34   38   25   33    4   94   33   86   76   71   38   62   35   72   82   70   40   83    0   72   83   65   47   93    3   94   27   41   27   99   38   39   60   24   33   20   72   11   66   36   10   96   34   32    8   91   90   10   28   14   70   16   39   54   95   99   42   20   57   33   44   85   42   53   55   34   89   42   59   73   82   36    3   66   10   80   99    5    2   74   70   94   12    8   36    8   90   61   67   67   51   46   21   93   55   12   16   11   89    1   92   82   13    9   92   60   91   92    1    5   79   11   82   87   48   27   99   42   24   58   33   71   98   18   24   87   83   77   14    9   29   10   47   70   72   47   36   45   70   21    0   71   63   11   60   37   90   72   48   98   70   21   62   63   80    6   90   26   51    9   16   83   74   41    7   89   17    4   23   69   29   51   11   69   96   96   90   97   84   83   75   21   18   75   28   95   67   34   52   34   22   47   59   69   34   24
  15   15   57   28   61   64   83    4   89   92   45   55   91   10   96   72   70   28   99   76   94   88   66   50   38   18    4   47   59   57   47   35   40   76   93   27   64   84   40   43   55   58   91    5   82   21   36   43   50   73   16   97   83    7   56   93    3   30   45   98   55    4   63   50   59   77    9   35   13   97   92   92   26   33   46    0   86   17   68    3   13   67    5   14   20   47   21   18   18   86   81   29   64   69   24   58    5   37   59   75   37   11   70   71   10   17   27    8   78   96   84   17   26   26   46    1   22   67   65   75   42    2   97   51   91   84   12   78   64   80   70    6   10   28   20   52   99   51   33   75   48   91   43   71    8   48   43   59   76    0   30   45   64   11   70   73   53   78   51   99    5   46   72    8   66   13   60   90   24   19   61   36   79   13   78   81   74   30   72   37   42   74   92   59   97   59   83    5   19   21   31   27   69   99   17   22   92   37   69   19   89   47   87    0   54   80   14   88   78   49   91   84   18    0   24   43   68   17   29   39   52   42   42   67   66   80   95   94   85   29   67   68   67   83   77   40   22   56   59   68    5    7   72   62   72   54   82   30   52   99   97    8   12   95   57   63    1    5   69   18   77   78   95   19   37    4   53   54   10   99   57   37   79   44   72   77   82   59   29   27   98   54   55   46   56    1   61   10   55   60   94   14   87   76   76   49   84    8   48   95   59   83   56   63   71   74   43   66   34    1   10   62   59   24   44   94   81   40   54   70   71   14   28   47   90   10   72   40   40   56   19   63   49   39   14   15   20   65   39    1   87   80   70   67   65   77   92   97   28   32   16   53   41   63   61   58    1   63   14   94    3   48   39   86    0   63   82   78   29   32   21   32   42   93   89   83   40   50   50   46   19   25   58   20    7   22   91   94    5   26   80   44   21   68   65   64   38   77   24   37
  90   33   12   50   67   63   25   99   73   58   74   76   57   92   28    0   58   25   82    0   78   90   92   38   81   58    2   48   71   75   37   36   64    1   85   35   58   47   39   40   77   27   95    9   41    2   39   91   56    6   68   39   12    7   43   11   65   64   88   92   93   34   25   74   42   78   82   64   47   86   50   18   11    7   10   45   58   53   36   37   52   92   72   12   27   93   86   42   25   83   83   37    9   50   61   68   90   47   91   87    4   53   14    1    3   79   86   49   98   67    4   32   66   69   71   72   62   99   59   36   18   21   43   48    9   69   39   48   68   86   56   96   70   97   41   12   24   24   33   29   50   92   11   78   56   12   79   43   66   92   14   20   18   55   97   68   58    6   33   43   48   91   35    1   42   63   38   87   79   42   90   25   92   72   16   36   66   33   80   26   91   96   10   74   66   13   65   29   81   89    0   82   98   35   98   70   56   10   49   14   28   90   11   54   97   13   18   49   49   46   22   99   10    1   24   73   12   75   39   77   21   77    0   70    2   42   70    4   92   96   69   24   71   30   66   15   61   33   58   32   27   35   87   40   69   66   60   97    4   52   97   99   44    5   35   37   36    3   92   59   38   97   84   21   18   71   87   76   82   10   16   43   59   13    6   35   70   80   81   29   29   93   15   77    0   26   19   42   10   61   44   60   72   56   52   37   65   94   14    8   79   63   57    3   43   55   75   18   59    8   80    5   56   95   35   12   64   35   66   47   34    2   36   92   98    1   19   91   83    3   42   41   98   78   77    2   69   80   41   47   25   47   33   18   99   23   18   79   15    1   58   31   69   32    9   27   39   31   59   12   65   16   60   55   16   56   96   92   75   53   77   43   30    9   48   73   85   44   69   75   24   19   56   61    4   72   48   36   46   47   72    6   84   27   86   16   35   37   17    8
   0   82   11   73    1   86   24   94   47   56   47   74   21   49   24   78   85   53   62   73   40   27   94   68    2   57   44   24   78   68   46   37   22   62   85   65    1   67   43   68   37   41   45   62   84   90   17    6   83   78   27   12   12   46   28   16   81   78   52    3   13   70   37   40   81   26   97   96   59   29   98   21   86   43   85   30   71   72   37    3   29   69   79   42   89   78   10   33   52    1   27   76   85   13   59   47   85   83   95   92   73   24   24   83   69   77   28   92   17   81   33    8   82   94   97    2   45   34   33   38    1   48    7   23   71   12   67   83   97   64   88   47   90   77   91   91   68   22    4   32   29   93    3   54   98   28   57   15   42   98   67   53   96   86   27   63   64   44   18   85   16   35   24   76    9   45   84   89   20   50   48   32   80   72    8   86   36   85   76   47   67   44   77   14   60    3   72   93   76   72   81   57   61   58   47    2    8   45   27   92   98   46   69   58   24   37   38   10    1   32   90    8   52   57   66   98   39   36   50   85   58    4   44   50   88   65   67   31   72    9   19   21   46    7   51   88   39    0   27    6   63   79   28   29   32   36   69   30   38   89   76   92   35   92   29   30   95   20   81   82   92   84   82   35   55   57   29   39   85    1    7   41   77   89   68   85   14   10   50   30   87    7   36   29   59   29   94    5    7   89   52   83   45   92   47   74   99   76   26   78   38   67   65   17   28   17    6   50   20   69   23    2   14   54   12   88   74   12   85   31   89   98   25   32   14    2   51   68   55   98   11   23   89   21   36   43   21   53   79   81   45   99   31   81   87   29    5   78    8   63   49   49   73   63   60   43   69   63   57   73   12    1    3   61   75   15    5   33   78   44   66   97   51   32    3   81   74   33   62   22   66   43   20    8    2   81    7   49   12   68   38   79    9   40   40   45   28   25   95   71
  45   83    7   57   68    3   70   71   52   66   94   34   21   40   95   49   92   79   11   68   87   51   30   80    5   85    8    5   51    6   72   47   73   78   78   10   84   86   50   13   73   69   13   80   68    4   61   84   95   84   85   14    2   20   88   86    8   96   21   48   60   12   38   27   35   33   45   63   11   72   11   60   19   89   32    1   10   38   95   29   49   75   23   68   41   89   68   31   45   85   37   53   85   15   84   82   54   23   14   76   37   53    8   51    6   53   84   97   84   58   74    4   68   95   15   28   99   47   72   82   95    8   35   23   81   87   86   11   67   51   72   18   12   35   35   79   19   95    1   57   53   36   11    8   27   40   19   81   97   75   82   35   86   16   60   54   47   83   33   56   46   54   34   70   59   12   44   61    9    7   54   15   57    5   85   61   63   96   62   14   89   47   67   89   47   85   95   42    2   74   80    4   95   75   19   72   68   58   56   11   93   29   28   17   20    5   82   89    5   18   44   20   19   70   87   32   51   40   37    5   70   92   75   99   82   36   82   21   39   70   28   75   18   15   75   48   93   19   71   23   47   49   84   39   36   47   97   38   54    7   60    7    1   26   19   52   20   21   88   62    1   76   72   89   53   94   94   36    7   94   65   87    7   31    0   36   75   16   37   86   30   52   43   20   92   80   39   85   49   63   29   39   92   22   41   76   32   77   39   51   99   74   91   19   83   52   76   32   73   99   49   42   52   20   56   19   69   99   76   99   43   79   56   48   63   66    4   70   52   13   17   14   82   39   43   37   72   46   99   30   95   61   63   75   87   87   89   40   77   29   49   15   43   56   83    3   59   85   77   47   40   60   70   40   54    0   31   78   41   47   93   40   43   75   84   34   17   64   10   72   48   98   30   76    0    2   44   62   16   61   66   12   86   75   33   37   27   62   68   26
  54   17   41   39   37   20    2   98   40   72   86    3   39   38   63   91   67   59   22   48   74   53   60   30   46   38   49   19   64   71   75   23   41   42   88   92   47   40    2   33    7   42   38   24   97   73   64   67   34   25   85   42   71   53    2   86    1   33   75   57   82   93   71   26    0   72   31   65   51   14   36   98   32   78   69   42   75   55   62   36   94   26   53   89   71   58    8   36   44   85   85   44   35   18   47   15   16   94   53   38   42   39   84   53   64   57   56   43   76   93   34   33   76   11   45   99   69   21   40   94   52   84   81   77   64   13   29    3   43   17   60   40   94   79   22   39   41    3   72    7   81   46   45    2   62   75   41   24   99   48   66   79   58   55   68   88   68   84   28   17   10    2   44   86    6   65   80   91   81    8   15   98    9   98   94   26   80    5   12   37   22   43   27   26   35    5   69   86   40   21   90   87   46   25   74   84    3   28   86   10   24   82   81   27   86   30   20   40   59   60   26   63    1    7   24   95   70    5    6   83   50   71   31   28   15   59   57   54   93   66   93   73   13   51   97   71   11   19    7   69   43   42   97   94    9   85   93    0   91   76   28   60    4   71   34   25   79   79   35   14   74   89   87   43   51   10   32   70   76   38   92   25   70   66   59   33   71   21   82   60   41   35   12    5   31   22   68   45   15   57   63   48   65   91   59   34   62   86   64   47   11   68   78   54   63   10   96   42   88   67   72   27   26   33   26   70   15   73   14   53   29   73   28   84   87   50    2   69   68    1   56    2   24   60   46   63   41   29    6   61   54   10   11   76   82   35   97   57   54   97   61   51   12   52   32   10   53    4   92   92   72   86   82   81   12   99   23    9   87   76   59   11   31   63   70   71   24   69   11   26    1   88   36   56    1   91   39   44   35   34   30   89    7   81   25    8   87   43   90    7
   7   87   25   47   16   26   57    7   77   29   90   36   72   97   65   99   71   46   98   91   93   79    9   76   22   26   77   74    7   99   68   83   90   54   33    0   72   37   41   65   41   13   87   40   71   71   24   89   98   70   85   61   30   22   94   67   48   83   56   43    5   88    7   33   60   63   64   84   51   88   58   46   38   46   47   94   16   46   12    0   45   48   29   60    1   74   41    7   92   57   47   61   55   67   72   27   64   76   13   78   34   13   71   77   55   61   45   43   32   77   48   12   24   35   74   89   16   14   52   92   28   62   72    0   36   15   98    5   13   77   15   25   55   56   99   85   83   90   55   84   70   50   93   14   38   34   54   33   42   99   75   80   35   32   51   41   65   27   14   40   82    8    8   83   38   53   76   60   97   19   82   45   12   46   50    9   48    3   66   61   12   57   26   64   23   89   51   99    7   83    5    2   16   30   89   77    7   90   23   91   20   67   62   84   62   16   99   39   94    8   90   29   96   77   97   18   73   74   90   76    9   87   27   96   77   74   64   67   56   78   92   18   83   73   58   90   93   45    6    2   61   33   22    9   26   62   79   83   66    9   70   42   12   67   95   90   78   22   49   52   41    1   57   39   34   34   74   17   54   14   93   36   91    6   72   90   15   95   94   86   72    0   11   34   78   43    4   32   83   80   82   67   18   19   98    8   78   59    4   84   90   63   98   24   95   55   66   53   88   78   81   42   93   72   34   25   79    2   89   76   57   98   26   98   13   75   20   66   35   37   25   92   56   48   26   72   24   56   36   89   30   68   18   30   51   91   40   17   89   21   22   35   81   36   95   82   83   43   83   87   39   33   10   38   47   76   55   24   29   12   21   13   77   23    5   60   55    4   68   66   96   76   79   74   64   63   62   43    9   98   97    9   78   75   24   38   76   82   39   62
  45   13   16   83    1    7   29   81   70   56   62   15   15   59   35   55   64   31   85   81   10   12   20   13   54   24   64   86   13   16   17   80   97   77   68   60   20   46   91   35    2   21   50   69   43   46   69   27   79   32   11   13   36    4   18   43   94   97   76   94   61   13   66   55   85   34   82   64   73    2   96   54   64   46   13   56   69   15   36   61   28   29   11   50   12   86   17    9   92   39   19   54   10   41   65   47   92   72   64   66   68   47   10   25   31   25   28   76   94   45   48   32   63   68    5   50   42   44   50   13   79   90   10   83   56   83   18   18    0   50   41   94   55   92   26    3   83    0   84   51   58   21   26   21   73   46   10    4   71   66   31   35   80    7   96   84   13   52   56   91   59    0   28   58   37   46   94   93   26   17   95   54   59   17   64   85   13   33   41   45   22   68   22   27   55   12   84   44   96   36    1   35   62    0   48   77   89   73   24   70   78   41   65   49   41   66   97   95    1   28   83   74   73   61   42   63   82    9    1   76    6   41   12   32   18   43    1   87   70   65   77    0   54   23   86   69    7   87   59   53   12   59   37   28   21   14   83   43   26   53   33   56    3   19   65    7   97   33   57   80   48   27   86   68   71   25    8   23   73   21   78   42   30   26    6   36   93   57   78   83   70   76   43   43   41   30    4   65   64   43   66   75   90   85   34   28   47   38   67    2   26   42    9   43   15   91   10   40   25   42   73   32   72   10   98   60   91   21   69   52   28   76   49   73    1   10   79   42   19   79   15    0   55   14   70   41   90   50   19   52   64   89   12   74   60   95   58   96   56    5   11   10   53   80   56   93   50   68   20    0   71    9   95   96   21    8   88   90   53   37   45   93   55   19   68   97    5   52   53   76   55   21   60   13   53   23   99   74   74    0   42   68   48   10   52   66   72   30   58   90
  95   31   68   91    7   56   75   21   29   85   16   30   83   61   64   54   38   78   29   25   45   12   62   91   71   31    9   62   52   87   48    8   90   29   77    8   96   92    6   94   79   90   23   36   50   47   72   91   87   88   32    1   17   17   77   40   37   75    7   38   40   20   32   82   68   34   87   11   88   63   21   86   14   57   59   99   21   87   14   24    3   32   72   19    7   55    0   65   75   74    9   52   32   12   16   25   75   46    8   26   17    5   87   88    5   52   86   59   34   10    9   91   64   86   97   39   70   19   67   79   53   57   45   83   50   48   38   89    8   71   42   35   43   75   35   32   99   42   80   39   97   41   36   72   81   24   93   32   89   51   57   27   16   13   11   70   61   59   92   94   48   74    7   57   43   26   37   19   51   52   11   46   31   40   89   44   65   21   96   42   31    3   84   56   14   55   26   66   17   71   17   67   29   80   53   13   86   88   32   38    1   66   45   12   65   22   23   93   74   13   57   46   14    9   86    9   59   99   38   63   44   63   27   27   56   15   56   61   98   24   10   27   80   42   16   22   80   93   15   57   98    6   16   48    6   56   68   35   91   87   72   52   10   23   96   54   43   72   23   30   38   87   46    5   46   29   47   92   32   26   47    7   20    4   90   75   16   33   11   76   13   65   57   75   85   91   33   81   17   15   88   90   67   33   41   80   22   52   39   17   57   68   23   66   91   90   91   41   68   73   97   51   84   55   82   34    7   36   33   80   69   63   18   68   68   93   26   68    7   73   81   77   45   42    3   46   71   97   10   55   24   37   78    5    5   21   25   77   27   92   97   78   47   79   16   87   33   44   89   13   10   61   98   90   98   44   61   81   18   87   84    7   48   42   79   45   93   43   48   26   84   48   49   72   76   67   16   92   82   73   55   75   70   28   46    3    0   51   75   77
  82   39   54   81    3   62   39   33   57   34   59   68   51   57   39    6   33   55   36    4   51   54   87   92   58    9   78   48   59   77   63   42   84   35   64   57   81   85   23   86   58   27   61   96   61   16   49   21   26   70   11   86   90   18   31   32    5    7   74   46   22   51   24   59   17   18   83   27   28   75   40   10   76    0   44   38   66   57   58   89   59    3    5   33    1   85   76   71   68   63   34    0   12   46   25   97   82   67   40   81   40   51   71   36   50   32   16   79   97   46    4   32   88   65   26   99   12   43   49   16   18   64    4   40   70   58   38   99   48   45   64   30   38   98   22   66   78   30   31   31   43   60   75   36   49   77    1   19   11   19   85   23   96   87   37    9   23   60   46   86   35   17   67   91   55   71   58   22   55   98   99   83   51    5   43   82   94   57    2   88   83   58   40   79   30   83   33   79   68    5    3   66   45   89   77   93   19   76   44   31   37   85   53    2   47   77   75   48   79   87    5   50   87   42   99   84   19   32   39   48   69   84   55    1   85   34   35   83   81   87   91   16   17   44   98   34   34   97   96   56   59   39   82   87   26   70   52   71   42   61   63   41   21    9   97   63   44   41   40   45   44   92   45   72   48   78    1   76   21   43   63   55    5   54   13   24   46   63   52   37    8    5   44   97   81   41   20   34   48   62   55   45   63   97   41    5   85   81   58    2   89   18   96   17    0   34   49   87    4   24   65   51   85   47   62   23   39   46   60   84   33   69   20   39    8   26   79   51   90   22   43   15   28    4   21    1   67   97    4   36   88    3   71   58   82   47    8   57   96   54    5   10   48   74   21   37   96   99   89   59   89   49   99   36   91   53   93   47   88   52   81   97    7   40    0   28    4   42   34    5   38   45    2   92   31   20    5    8   69    1    9   64   34   76   69   67    6   64   90   81
  93   85   91   33   25   57   18   65   99   34   34   63   60   65   40    0   23    8   16   73   10    7   20   50    3    4   89   82   21   55   76   20   54   86    5   11   83   90   66   97   74   65    2   83   32   82    0   45   62   12   36    8   46   10   24   51   45    3   81   48   29   28   10   87   76    9   87   68   68    8   28   52   67   33   80   54   84    7   28   50   78   50   29   84    3    5   35   12   30   98   42   48   39   71   38   29    1   63   79   42   31   83   94   43   20   67   62   33   80   20    4   21   74   56   68   49   11   70   66   84   12    3   30   79   10   86   94   71   95   67    8   93   79   88   11   36   19   64   61   53   16   10   98   23   95   50    1   45   87   57   94   79   88   80   69   27   62   26   63   61   79   37   29   95   33   63   88   25   38   10   17   72   11   32   13   19   80   25   49   69   92   65   40   10   44   66    1   61    1   80   96    8   93   27    7   80   31   43   98   90   53   69   27    5   70   45   92   29   22   76   53   14   64   88   62   72   16   58   69   56   93   95   54   86    7   92   14   82   44   35   84   16   57   29   26   96   16   96    2   20   37   22   25   65    6   55   40   56   34   90   33   55   43   58   39   66   20   51   85   58   20   74   31   91   82   93   83   66   66   26   37   86   61   69   21   36   25   62   51   42   76   83   92   33   48   43   93   79   92   20   54   56   42   44   84   36   44   10   63    1   74   61   95   56   72   93   22   30   52    4   23   46   24    4   74   25    1   66   22   45   76   32   58   79   73   33   39   16   15   27   94   95   85   25   59   36   27   17   95   64   70   27   97   20   18   58   93   76   95   59   24   49   49   97   29   28   41   47   58   19   80   50   46   48   91   77   56   45   22   14   94   94   27   26   85   24   68   90   92   66   11   88   19   28   17    5   19   43    1   24   15   73   68   21   86    7   15   47   90   28
  96   25   63   31   59   30   24   44   33   57   49   53   14   59   72   12   20    5   22   93    9   22   13   83   58    6   23   67   75   60   56   46   83   37   96   86   92   70   34   64   46   92   90    6   75   74   61   96    7   97    0   17   64   80   90    5   82   69   40   64   39   45   20   34   66   23   79   34   92    9   35   30   57   50    6   51   53   57   53   72   72   11   63   85   46   36   52   19   45   17   35   80   92   47   93   25   25   93   62   58   36   63   94   24   76   39   35   30   86   24   42   89   48   12   97    8   89   38   65   65   26   31   13   20    5    5   41   83   39   73   32   64   52   73   67   84   55   26    8   79   20   10   42   93   32   56   46   76   81   48   43   40   70   70   26   32   71   59   73    0   88   83   89   16   56   61   28   85    5   68   57   47   77   50    6   43   93    3    5   77   10   95   54   72   69   89   99   87   67   35   32   36   97   45    4    9   55    4   68    0   66   52   66   53   39    7   59   17   88   74   94   53   92   77   83   20   77   57   78   23   25   96   40   92   22   32   41   15   42   14   14   17   35   63   37   17   95   18   63   40    5   79   10   13    4   15   31    7   18    6   22   16   28   79   11   98   51   20   16   18   76   16   55    4   44   84   80   51   25   33   32   20   66   17   96   11   62   66   65   65   44   12   61   21   20   81   13   53   36   17   95   65   48   84   34   32    3   76   96   84    1   34   95   92   21   40   55   10   39   75   75   17   52   20   74   65   69   50   37    7   75   80   42    2   55   19   92   62   98   76   88   45   94   45   39   93   35   30   51   54   54   64   45   92   89   76   35   11    0   76   15   62   44   77   85    9   48   92   38   79   74   84    7   88    1    9   18   79   14   70   29   68   69   38   96   26    8   60    5   28   51   91   70   60   53   35   82    2   15   16   62   29    6   16   65   54   53   72   51   88
  56   64   31   57   18   23   95   87   40   31   61   70    3   74    3    4   47   65   34   93   41   69   51   47   29   40   37   14   74   22    0   88   69   39   73   16   36   39   47   43   42   33   39    1    1   36   67   89   90   27   54   36    6   71    4   15   86   84   59   54   73   53   74   12   98    6   73   84    3   22   27   43   16   50   95    2   88   70   43   54   15   90    4   13   70   16    7   25   56   30   84   94   41   56   59   27   48   21   96   52   42   20   14    8   30   62   93   66   16    7   51   50    7   57   10   63   98    0   27   79   73   52   93   41   66   43   96   45   11   85   40   68   40   28   24    1    9   37   77   18   69   60   68   64   85   32   66   86   66   98   82   46   77   47   90    7   99   87   29   14   57   62   37   64   53   34   47    9   54   65   96   34    8   15   87   91   78   48   98   70   22   30   94   14   71    3   69   34    1    5   18   99   97   23   30   12   50   82   53   79   97   99   33   24   48    4   45   72   19   80   85   35   30   93   81   77   33   40   69   71   24    0    5   33   46   16    3   30   87   20   66   71   62   82   28   18   16   41   52   59   88   14   61   36   69   19    1   56   30   90   73   46   38   67   46   72   73   99   31   62   49   18   23    1   29   13   18   12    0   52   93   43   50   61   58    7   44   82   21   10   64   68   72   69   29   56   85   17   69   61   27   92   16   80   56   12   44   33   41   78   64   19   74   71    9   91    0   28   29    9   66   46   81   31   85   50    0   30   36   50   70   15   80   17   99   38   93    8   20   98   16   32   56   19   34   70   47   42   67   95   84    5   62   47   43   23   26   70   97   54   20   23   18   52   70   77   64   97   89   22   91    5   74   56    2   30   86   74   56   76   19   18   61   44   22    2   43   72   38   54   19   97   80   33   48   65   14   57   23   55   49   42   63   37   77   23    4   69   59   70
  38   66    4   97   88   32   30   16   96    5   82   13   96   26   43    5   29   94   59   32   89   93   41   37   83   54   28   59   36   39   66   35   52   66   90   90   88   74   45   44    6   78   93   63   93   51   11   88   40   50   61   43   43   66   31   43   14   28   72   51   36   93   20   50    6   98   84   82   26   48   45   33    2   64    1   95   14   41   30   21   98   13   80   51   67   44    0   51    2   48   57   57   70   31   98   47   69   42   36   52   83   44    6   65   34   71   83   40   92   73   67   91   87   76   98   77   85   73   45   39   80   95   58   19   81   29   73   20   85   48   37   74   70   25    6   96   97   66   11   93   46   60   67   58   23   96   52   94   13   69   18   11   87   11    4    3   36   14    7   54   20   44   10   69   41   89   80   37   33   86   36   89    9   67   44   83    8   92   99   45   65   50   61   51   66   46   98   94   79    9   23   36   12   90   27   77   90   28   72   66   63    0   54   53    0   91   75   61   36   90   42    7   99   53   58   68   16    3   45   86   99   25   98   86   81   27   73   98   58   88   27   85   17   68   36   40   73   45   84   58   51   26   64   25   74   48   53   52    4   79   99   74   18   62   16   65   44   87   58    5   87   57   88    6   23   11   29   47   65   39   47   73   41   81   11   79   80   57   29    0   98    2    8   19   19   26   21   46   89   38   14   15   84    9   95    2    4    6   92    0   88    3   71   44   24   67   71   41   10   26    1   61   35   63   53   71   45   28   62   95   69   17   25   96   71   63   72   27   92   19   94   23   31   64   49   95   85   86   56   98   72   32   59   38   27   74   40   25   85   33   74   28   38   40   48   77   35    0   15    2   91    0   92   63    0   36   77   47   80   46   36   20   66   79   68   18   35   68   21   73   92   25   36   70   74   21   48   52   83   71   14   14   90   67   86   13   52    7   47   34
  31   21   12   14   53   25   30   76   40   86   62   93   70   95   72   62   37   69   40   30    2   89   29   34   79   73   66   78   97   97   47    3   12   25   53   47   61   79   71   72   84    7   39   85   12   41   78   85   82   88    5   91   49   78   26   75   13   51    3   55   99   51    4   51   20   21   58   32   38   17   63   71   89   42    2   24   98   79   53   89   25    0   65   87   13    2   73   70    4   87   97   23   84   94   44   72   47   98    9   19   23   12    7   66   59   51   74   81   26   42   65    0   50   48   27   66   33   31   72   50   19   60   32   71   48   23    8   26   65   68   82   35   91   75   33   26   57   75   47   15   76   45    2   19   57   51   16   70   63   52    7   16   18   92   22    0   28   73   21   72    2   89   54   86   71   15   66   94   47   15   55   56   78   15   65   37   24   79   54   93   23   32   91   43   39   80   10   59   35   89   12   32   18   18   25   54   49   46   87   88   21    8   67    4   60   17   17   67   77   32   35    9   89   88   15   76   92   88   42   11   51   31   34   62   57    7   62   99   19   99   10   51    9   99   79   93    4   60   82    8   93   12   11   29   91   82   43   53    3   83    5   71   37   81    2   26   65   70    0    7   36   68   63   48   58   33   57   69   21    0   28   77   83   53   85   43   72   52    0   27   67   61   73   22   18   92   36   77    5   88   86   71   29    8   20   52   95   70   47   61   73   68   10   53   89   63   37   56   71    7   18   58    9   46   76   50   80    7   46   90   60   83   40    5   30   89   22   84   63   77   94   93   50   65   11   12   92   15    5    7    1   41    8   16   88    3   11   51   20   30   46   19   72   70    1   57   33   55   65   35   60   75   80   15   55   44   90   38   23   79   39   18   53   98   29   15   47   44   29   60    2   42   13   87   55   64   60   68   68   88   61   12   37   44   90   40   86   75   39   84
  47   44   13   11   55   76   84   78   45   27   40   17   52   14   75   10   40   29   62   71   39   28   91   83   84   33    4   70   20   21   79   11   83   24   33   62   69   66   50   62   37   42   12   55   34   94   96    7   63    8   35   49   28   80    0   87   98   73   99   22   61   75   34   21   38    1   52   15   31   96    6   71   24   14   54   31   68   88   71   71   63   24   45   97   52   58   62   54   11   58   15   73   89   26   29    2   32   65   17   47   80   81    3   92   84   61   80   59   41   63   88    7   73   36   85   65    9   52   83   78   68   11   99   63   81   83   99   66   54    7   13   66   92   85   85   14   44   61   61   48   93   22   83   44   64   42   35   57   53   74    7    9   38   20   71   64   14   12   84   65   89   65   40   33   83   98   43   47   39   96   12   17   82   93   27   57   28   98    6   59   59   93   56   34   49   63   84    3   71   58   19   37   55   82   84   49   69   52   68   98    8   89   18   93   41   16    4   88   72   42   93   85   17   50   64   66   50   25   23   19   48   55   94   14   47   62   43    3   67   19   73   27   67   16   61   11   29   76   26   41   43   25   57   30   52   79   75   22   68   76   56   72   41    6   57   90   48   56   67   83   49   31   63   68   67   60   99   27   31   85   18   81   24   67   85   86   60   21   33   71   63   28   57   93    5   56   55   84   25   17   44   31   88   76   39   35    1    8   55   65   79   11   16   55    8   83   44   58   78   50    7   22   34   16   51    1   14   80   12    3   44   85   24   39   76   91   29   15   24   81   33   86   49   41   72   98   74   21   32   11   59   97   31   25   92    2   21   39   93   99   89   84    2    9   89   35   16   53   92   79   41   19   76    9   11   73   18    2   99   51   78   70   82   66   71   51   16   78   48   59   30   82   75   58   18   43   25   59    6   42   98   20   49   47   86   94   83   58   42   72
   5   65   31   46   64   40   29   19   40    1   86   86   67   27   76   59   26   46    8   10   37    3   86   94   32   36   76   31   78    8   53    0   72   72   46   88   66   25   59   44   69   62   77   16    2   37    7   48   35   64   67   98    1   49   79   25   86   65   49   11   56    0   31   37    8    6   88   47    9   32   59   89   44   17   48   69   12   63   34   99   43   56   70   80    5   35    1    7   47   40   72   67   92   25   54   13   42   10   91   52    7   33   77   76   74   63   98   93   40   98   68    0   74   23   85   24   47   87   78   13   97   41   53    5    2   47   35    3    8   72   58   51   56   99   46   98   29   78   62   29   11   11   65   15   62   69   73   13   12   28   48    9   49    5   14   38   57   41   70   19    9   92   43   60   71   29    6   83   68   55   86   44    4   75   80   36   19   80    5    0   83   24   78   53   93   83   48   74   16   93   91   26   52   92   32   11   98   19   15   46   46   21   88    3   92   63   26   40    8   92   70   98    4   92   83   51   61   30   50   95   81   37   55   37   34   63   41   63   97   10   40   19    6    0   37    9   71   34   21   94   62   79   76   22   62   11   53   99   21   72    5   52   12   97   44   95   90   11   50   63   43   68   44   86   63   49   85   67   27   35    9   40   56   56   79   21   39   79   73   49   78   85   42   78   22   56   24   68   36   84   91   33    3   72   91   92   23    3    7   49   27   14   19   38    5   82   95   19   57    3    8   28   84   77   71   10   21   58   36   74   55   57   57   93   55   75   48    8   54   85   76   54   95   96   94   98   33   16   44   24   16   65   11    5   18   40   65   98   62   52   29   33   61   18    7   75   98   93   67   92   75    6   39    7   25   99   82   95   48   21   37   19   96   58    4   31   49   71   89   20   70   80   78   28   33   13   58   34   41    1   94   64   23    6   39   14   18   79    5   50
  77   59   13   28   17   97   67   98   13   36   35   78    7   80   46   91   32   86   89   43   89   36   66   93   17   40    5   52   27    9   90   29   73   16   26    8   70   37   90   51   19   77   86   60   69   82   10   23   77   79   18    5   54   27   16   44   26   95   81    9   96   26   16   15   37   42   90   32   68    9   82   48   57   48   74   63   36   84   10   97   62   10   49   33    5   97   87   56   12   39   71   43   54   84   18   86   97   29   92   30   70   69   93    6   59   84    9    0    6   46   56   79   42   91   11   62   46   53   50   69   71   84   36    1   15   60   16   76    0   92   99   39   85   90   81   63   20   33   35   98   64    5   16   86   48   52   91   58   41   83   33   92    7   89   12   46   21   71   46   75   56   34   73   30   22   82   99   53   95   22    0   88   83   49   85   87   36   16   61   89   57   40   23   29   76   36   50   60   30   30   72   64   77   50    1   65    1   33   73   25   87   67   90   52   45   14   89   65   81   27   20   36   47   85   26   20   11   43   10    8   35   45   41   92   91   55   93   86    4   54   34    5   65   50   61   23   84   43   23   23   27   11   86   21   74   40   12   82   80   76   36    3   78   77   87    3   84    7    2   76   74   39   73   32   11   37   89   52   73   60   65   67   10    9   12   16   68   43   36   86   47   76   62   18   36   28   71   37   56   85   36   97   20    7   19   48    2   36   31   32   19   49   27   71   58   59   76   42   16   72   94   41   71   65    4   16   68   33   26   56   55   91   98    1   45   72   34   48   69   74   94   11   44   59   89   42    5   31   93    3   94   52   20   34   35   92   81   75    1    8   87   30   19   25   65   68   27   57   82   35   13   22   98   44   71   25   86   18   11   81   61   96   53   75   52    6   37   93   94   45   86   26   30   77    6    0   24    3   55   75   64   16   84   47   30   52   15   99   46   32
  69   30   76   47   87   48   64   54   97   87   45   70   21   86   61   38   88   77   16   96   28    7   34   43    7   59   43   58   49   51   15   82   62   21   11   96   52   80   48   29   29    3   54   72   11    2   16   48   51   58   84   97   89   31   45   71   26   95   12   46   75   12   98   12   25   38   64   32   57   31   34   48   29   53   41   26   40   44   48   65   29   55   43   75   62   27   21   37   35   55   24   90   83   61   66   28   55    3   13   51    9   95   73   66   89   42   86    7   80   11   12   74   70   31   15   29   46   23   93   89   40   30   19   17    8   36   89   71    5   41   32   76   52   68    6   35   35   87   76    7   16   73   36   50   38   32   12   40   79   58   17   27   71   60   99   53   95   76   87   17   39   35   10   51    5   72   26   33   24   30   45   89   13   10   31   72   75   80   67   26   65   43   68   51   93   77   98   87   49   39   27   34   19   35   87   19   87    5   16   88   52   31   19    1   20   14   68   94   25    6   99   69   39   78   69   74   16   33   52   63   55   28   37   41    7   83   64   60   76   46   58   68   64   74    6   93   52   76    4   47   45   21   89   47   89   43   59   59   63   62   80   21   71   80   81   41   42   78   51    1   75   76   51   54   52   42   69   14   28   88   80    5   17   11   95   84   57   68   61   84   92   97   34   34   11   80   41    3   82   91   85   63   87   90   54   56   32   63   99   92   84   30   75   34    1   85   30   96   54   66   57   43   90   11   16   60   96   82   70   10    5   29   71   10   35   33   15   57   23   13   43   47   20    1    7   82   82   67   26   64   92   84   70   13   44   96   77    4   88   44   15    0   40   92   60   47   51   27    1   44   18   95   25   23   45   34   60    1   97   21   66   88    4   47   59    9   66   83   12   84   46   97   28    6   65   43   63   88   86   11    6   36   13   90   54    9   55   72   77   94
  61   60    5   87   77   79   97   80   43   62   88    7   14   39   65   83   30   20   18   30    6   51   86   42   48   81    1   97   20   10   59    1   44   77   68    7   72   23   18   34   44   29   53   64    7   27   30   60   25   69   72    2   63   36   29    5   48   76   15    5   13   86   20   84   18   51   44   94   27   36   44   30   16   11   59   72   16   42   70   97   13   87   38   51    6   45   28   23   87   15   23   24   77   55   45   14   39   88   49   96    4   26   15   64   10   41    3   52   18   77   46   60   18   66    3   14   81   23   73   86   13   96   81   55   31   20   22   51   15   47   50   66    0   32   13   88   83   97   90   91   32   98    0   13   29   25   79   76   16   46    9   96   70   14   76   30   23   64   22   40   88   36   15   55   14   80   73   43   53    3   64   78   90   72   28   50   32   60   87   36   79   10   71   79   78   39   74   98    6   97   36   31   10   19   51   75   72   76   72    3   45   53    4   28   28    4   44   43   54   13   97   28   61   56    0   24   69   36   33   70   79   80   43   45   67   58   37   33   96   88   30    8   95    9   23    3   77   10   31   62    5   99   78   60   56   25   58   81   50   35   29   59   89   44   66   51   48   10   33   93   88   30   58   60   88    0   30   45   51   76   34   61   84   31   50   65   80   79   40   15   11    6   48   46   24   43   69    4   25   67   24   58   77   31   10   27   64   28   91   11   45   92   73    6   28    4   95   78   24   45   44   81   10   50   72   89   34   34   64   58   90   21   38   44   51   13   15   49    8   45   16    2   41    9   64   56   14   71   29   66   94   72   30   47   30   34   88   68   54   27   52   62   70    9   86   53   35   71   54   31   91   91   90    7   91   26   34   67   47   82   66   11   14    9   32   46   88   34    9   54   41   84    3   28   69    1   56   67    3   56   93   51   17   78    5   84   95   14   27   83
  74   54   67   87   71   56   38   89   57   83   85   32   74   64   22   56   95   53   68   10   38    2   36   34   18   49   50   55   39   51   57   14   48   81   70   71   29   86   48   88   15   83   29   66    1   44   77   63   31   24   23   92   30   63    1   59   64   58   83   68   21   68   23    4   92   42   43   97   60   75   87   19   15   42    7   46   54   97   16   95   24    7   84   26   29    7   53   19   60   44   27   60   15   81   69    8   99   28   96   60   92   45   77   30   69   17   14   70    3   23   48   68   57   91   72   21   70   72   85   80   62   63   45   32   95   23   84   78   61   32   71   80   59   84   51   87   40   81    6   90   66   92   92   49   65   29   97   18   18   39   43   25   96   84   20   84   31   44   98   80   35   64   80   57   24   81   35   80   53   79   82   54   32   32    3   40   20   68   66   91   16   72   23   79   80   29   97   43   63   74   60   87    6   51   79    1   47   88   32    9   38   52    8   47   65   96   66   12   93   66   84   31    3   43   35   41   94   34   26   88   89   72   12   89    4   80   74   41   19    6    3   29   47   34   60   10   70   15   44    2   92   43   37   16   23   27    9   48   14   16    9    6   82   76   67   88   45   33   42   46   10   28   46   46   38    8   28   45   21   46   32   30   93   86   70   42   80   14   18   75   90   14   49    8   97   36   81   79   16   95   96   65   95   89   56   56   99   19   47   56    9   73   63    7   84   41   11    8   27   39   40   56   65   71   44   35   74   12   90   49   62   12    8    9   39   73   95   60   42   53   16   16   85   92   83   86   72   84    4    6   89    7   25   47   52   28   88   33   78   70    4   93   20   60   60    2   97    4   43   23   20    0   12   13   66    5   54   27    3    4   83   91   61   52   23   86   49   67   78   46   32   46   89   72   69   32   32   53    2   11   55   78   38   32   70   17    9   74   49    9
  63   95   35   68   70   74   47    8   12   56   51    2   23   32   81   72   85   21   87   69    4   55   26   91   44   49   93   30   62   87   56   47   30   28   83   41   33   44    6   22   90   79   89   82    3   44   13    1   24   10   90   50   93   26   50   33   51   53    4   66   20   18   99   68    9   10    7   56   67   66    0   29   18   83   14   78   24   88   31   34   53   93   44   48   38   31   98   62   96   88   43   88   12   24   46   15    1   44    6   93   53   96   64   27   66    6   50   70   44   23   92   21   27   73   25   20   14   78   12   92   14   15   96   54   71   70   28   53   47   90   84    6   64   99   45   56   76   21   28   63   96   66   77    0    9   83   77    7   39   21   60   59    2   77   17   63   83   62   98   49   27   51   73   43    9   27   52   36   91   87   64   38   17   76   95   61    1   22   55   15   57   12   44   49   64   20   59   25   43   83    6   48   94   33   42   18   16   43   57   26   56    3   52   86   71   56   96   83    5   74   72    1   40   65   66   14   24    7   51    2   62   84   77   57   67   77   77   63   98   13   48   60   83   11   30    5   30   34   32    9   58   70   20   60   37   68   46   90   74   36   48   55   12   37   27   14   24   84   80   57   61   62   69   25   56   82    3   50   10    6   61   32   50   45   55   33   51   11   24   32   53    0   89   21   83   63   30   53   27   37   81   95   47    4   43   64   50   62   14   52   41   26   95   50   35   47   64   14   98   23   10   43   96   37   57   13   49   23    0   59   52   70   99   75   85   53   94    5   78   23   96   72   19   28    6   67   20   64    6   51   21   30   42    7   37   72   34   24   48   28   89   12   48   72   38   95   99   48   71   36   95   51   61   39   42   30   25   97   33   93    0   62   81    1    6   37   31   19   50   58   86   39   79   41   75   92   40   90   56   27   85   62   55   86   65   95    0   74   48    9
  35   68    6   49   67   28   87   89   64   63   27   91   49    6   34   78   57   58   69   30   26   87   48   79   63   56   50   97   57   79   22   46   53    5   99   60   10   43   98   57   22    4   40   82   26   80   55   75   90   78   69   18   73   51   20   75   91   62   87   51   89   35    2   66   34    3   53    2   51   43   27   54   40   32    8   68    7   92   84   12   35   47   57   94    2   95   64   49   32   77    3   19   86   80   45   97   39   33   13   23   24   11   97   44   99   32   89   49   24   51   21   86   31   88   74   43   46   75    3   55   70   72   89   70   44   82   17   16    0   79   31   22   18   68   47   95   68   58   17   88   30   81    0   70   77    7   70    2   53   90   39   69   19   54   46    0   83   12    6   68   82   23   67   35   76   82   57   32   36   51   18    7   67   49   50   71   47   22    0   57   59   58    8   81   90   36    3   89   64   47   18    3   22    7   16   91   68    7   79   79   18   98   12   83   30   40   44   23   84   16   61   36   96   49   88   47   70   61   36   79   32   16   67   33   71   74   72   89   77   83   94   96    4   79   86   97   20   93   99   65   38   70   12   30   55   89   45   69   56   89   88   21   46   36   66    8   24   93   79   81   64   76   47   43   42    1   31   96   77   38   14   24   60   85   33   20   40   17   45   47   30   45   59   88   77   99   57   25    7   20   36   46   57   44   32   82   60    9   52   16   78   20   52    8   94    6   63   51    6   88   40   82   46   19   28   14   40   61   54   32   35   50   28   71   32   89   24   18   94    6    1   22   17   55   86    8   51   32   77   30   30   10    0   97   42   85   97   59   54   88   74   28   99   84    2   67    3   23   63   67   22   51    9   49   25   92   79   38   42   91   86   82   54   42   61   77   10   11   44   50   18    6   50   19   14   35   91    9   46   89    0   87   78    0   41    9   38   93   83    0
  82   95   64   57   66   55   23    3    4   36   73   83   22   32    1   90   16   51    5   83   88   78   17   46   95   83   15   86   48   96   42    7   48   80   83   66   86   70   57   92   27    3   93   75   77   37   51   60   64   23   38   29   44   61   25   36   36   29   81    3   59   15   49   60   46   40   59    2   90   35    4   36   35   22   61   16   34    0   23   62   27   76   50   23   26   32   54   89   24   96   65   56   31   39   76   98   50    5   56   29   76   52   14   24   91   92   37   52   33   89   84   33   24   16   77   91   52   47   36   79    4   31   60   10   35   63   34   26   72   91   21   29   21   28   91   75   80   37   11   14   93   23   10   66   32   12   33   69   33   94   43   13   89   27   35   34   48   58   56   64   27   96   46   98    7   32   82   20   63   24   82   61   49   26   92   81   45   46   76    1   78   78   74   42   46   99   69   76   46   55   37   12   80   52   52   61   68   85   73   81   70   93   12   70   11   47    4   41   37   47   84   30   11   14   80   25   37   69   88    7   76   39   51   17   12   68   62   33   36   52   43   83   21   52   65   29   19   59   39   97   20   56   42   34   57   77   29   61   83   96   62   15   84   98   94   69   11   61   18   76    4   15   69   25    8   11   30   49   71   51   42   90   77   44   99   71   36   40    7   79   60   11   15   10   15   32   75   99   42   53   53   65   68    9   57   38   80   93   35   56   25    5   14   85   32   10   23   61   42   15   47   87   46   97   36   25   58   84   80   90    5   75    3   77   26   70   38    6   69   35   15   30   18   20   43   45   33   26   82   52   23   48   99    0   92   13   25   58   21   97   73   57   39   93   35   99   98   68   69   58   95   57   94   20   42   16    0   29   93   33   82   27   68   19   48   75   88   37   58   58   44   39   93   43   73   42   53   57   19   23   68   98   67   60   99   69   88   34   81   86
  82   36   74   83   59   22   18   83   18   95   59   20   20    3   59   82   73   58   58   24   82   53   83   98   87   94   75   30   28   68   24   51   69   28   10   14   69   12   78    2   76   63   26   27   52   58   83   75   51    0   92   44   84   27   36   61   72   14   79   57   81   58   54   63   50   10   33   97   25   43   21   45   77   71   10   92   63   68   76   66   87   69   98   67   83   54   33   51   15   47   72   76   39   46   57   13   62   48   74   63   17   56   33   61   62   38   61   17   37   72   51    3   45   25   89   93    6   36   58   33   72   12   84   25   23   33   93   27   25   24   14   93   65   56   13    4   30   93   53   80   30   10   22   23   60   19   97   69   40   60   71   76    1   50   39   30   64   24   25   66    6   37   75   40   29   21   49   78    8   60   78   22   68   41    1   70   71   69    8   45   17   65   44   62   87    8   24   58   92    4   83   79   19   82   58    5    5   33   53   78    9   66   66   38   26   26   45   29   56   12   70   99   22   67   72   54   30   98   62   37   26   87   72   89   74   12   78   99    2   74   78   34   86   40   42    7   37   78   54   30   72   34   38   51    9   50   72   20   55    1   82   71   72   43   59   71   36   38   32   37   68   90   22   26    4   38   79   35    0   19   21   20   82   94   45    9   95   71   82   11   14   15   99   73   83   62   35   35    9   24   64   41   54   87   12   72   97   89   19   28   61   46   64   66   15   87   11   60   92    4   42   44   41   86    6   78    1   95   97   74   83   16   15   20   34   34   16   11   81   69   81   35   85   19   76   23   51   94    8   76   55   32   97   78   83   92   85   76   17   39   39   17   29   78   58    5   67   28    5    7    8   24   64   31   88   36    5   14   23   61   53   96   13   11   53   71   40   18   42   64   47   16    5   88   33    2   41   21   20   65   66   67   88   45   73   24   65   62   36   99
  93   63   19   17   64   91   16   71   57   59   14   17   44   29   63   47   63   59   96   35   37   64   56   16   25   82    8   17   72   95   85   72   28   77   37   32   27   31   63   81   66   83   26   58   68   38   78   55   26   70    5   78   19   45   75   79   35   64    8   84   24   80   50   41   33   76   30   60    2   66   12   22   72   77   10   11   11   19   25   35   51   76    8   41    3   61   90   91    6   71   79   83    4   13   37    6   34   24   85   89   29   72    2   38   91   91   38   65    5   80   24    8   53   83   62   48   27    8    3    3   34   56    0   58   73   18   44   30   78   39   79    1   90   97   68   82   71   25   14   84    0   60    2   17   32   78    9    9   23   42   29   75   48   89   88   28   74   60   63   84   18   86   57    0   39    9   33   18   65    1    8   89   40    6   78   91   32   30   56    7   99   37   25   72   39   13   47   95   49   17   22   89   76    1   21   73   30   48   87   76   67   65   24   19   81    4   64   40    2   57   13   84   24   23   67   30   36   33   50   72   77   12   46   52   95   59   82   52   51   54    9   43   94   98   17   45   81   83   64   55   87   61   79   81   26   98   37   14   23   58   91   18   67    4   50   89   64   99   95   69    1   40   11   75   16   98   63   91   80   86    4   51   90   21   36   13   51    7    9   34   79    4   83   67   94   82   74   79   71    8   65   20   17   96   90   99    0   97    0   92   13   14    4   78   80   21   80   25   86   49   57   80   47   44   58   22   45   90   64   28   91   77   97   76    1    9    0   44   46   13    9   72   71   74   61   30   56   68   74   41   19   56   87   68   70   83   66   49   66   70   44   27   38   46   66    8   67   48   10   37   75   92   80   26   56   99   49   21   51   59   22   32   97   90   87   48   84   26   31   16   69   74   63   89   20   76   97   51   50   92   13   51   51   22   10   23   78   64   79   81
  82   69    7   12   13   46   10    6   64   92   28   10   15   91   98   35   48   58   49   70   57   83   49   71   25   50   67   26   58   20   84   68   40   39   77   72   97   78   38   25   70    2    3   49   91   32   71   10   63   43   10   38   97   22   90   32   30    4    6   96   40   71    3   18   54   56   73   65   43   53   84   60   89   86   97   89   51    2   54   51   92   45   76    4   19   90    9   99   58   70   85   27   40    6   59   28   67   60   34   28   39   74    0   98   45   21   21   99   56   49   51   41   23   19   12    7   65   74   41   67   36   76   82   21   63   74   60   62   19   39    4   17   58   66   38   90   46   80   41   98   88   15   94   64   77   35    8   34   20   33   43   66   22   78   14   55   85   69   46   35   63   49   86   16   77    5   94   45    0   97   20   92   72   89   62   36   47   74   46   93   54    6    7   44    3   37   26   84   87   57   80   99   94    5   43   31   25   55    5   21   20   96   91   69   43   60   65   13   20   79   91   97   25   80   67   56   15   68   10   53   34    3   37   87   77   23   74   31   41   91   51   74   98   55   48   25   60   82   95   53   25   54   99   18   60   43   74   35   47   29   95   47   90   84   50   31   56   24   49   88   67   77   54   56   59   68   28    8   21   73   95   89   94   47   29   84   40   56   93    3   78    1   59   12   76   96   54   95   69    4   36   36   94   94   77   55    6   79   41   20   84   10   62   33   82   69   17   92    6   78   51   40   48   37   78   87   84   51   93   45   46   28   80   68   57   15   36   38   57   75   17   67   57   13   21   35   56   39   73   23   42   20   22   50   20   33   66   60   71   64   94   95   41   59    9   82   58   91   12   42   51   17   29   27   65   68   64   32   13   13   79   13   84   33   61   14   82   91   94    0   91   23   58   92   64   80   23   92   63   87    1   42   81    9   22   83   95   37   15   11
  82   77   66    2   35   21   55   65   87   24   56    6   18   68   55   30   47   91   32    6   10   34   54   89   55    7   19   87   13   83   78   13   55   55   10   11   19   92    6   98   60   34   30   96   42   27   92   60   74   24   98    2   95   35    0   44   40   19   85   51    2   93   47   81   10   41   69   41    1   86   61   57   18   41   87   27   16   93   36   48    1   32   92   89   99   68   74   88    8   30    9   97   59   87   60   63   68   97   87   43   62   50   17   59   37   78   87   70   17   91   33   47   63   56   77   41   65   78   51   71   85   95   52   96   45   55   14    3   45   58   48   64   28    6   71   18   31   86    1   43   63   92   34   32   20   98   21   67   86   74   51   59   33   54   75   72   16   20   71   48   44   95   16   89   54   93   49   80   22   78   20   92   57   76   91    9   33   57    1    3   66   17   49   67   77   92    2    1    4   75    8   45    1   82   81   63   97   58   68   42   98   34   24   50   17   67   58   37    1   48   53   59    4    0   78   21   89   18   36   87   12   89    1   17   29   69   58   41   56   54   79   41   92   46   84   68   40   28   50    2   33   50   36    9   59   95   43   34   70    2   89   48   75   32   20   68   29   70   69   69   78   39   98   85   46    4    4   47    2   94   42   41   52   98   59   71   55   40    8   68   49   94   13   84   67   19   51   81   70   22   69    9   13   40    6   59   18   31   59   84   14   32   43   12   19   49   38   63   87   27   17   89   34    6   91   59   97   84   62   81   13   65   16    4   82    8    1   48   37   94   68    7   15   85   79   81   27   95   48   15   87   10   12   37   82   51   15   85   51   92   60   32   12   82   10   83   75   41   57   45    4   88   75   87   58   96    6   61   91   48   46   82   35    8   27   87   30   21   43   46   94   68   78    2   85   39    9   29   65    6   75   16   84   15   88   75   19   40    8    4
  35   22   77   72   29   22   88   43   65   65   68   96   70    6   40   22   24   22   84   88   20   55   45   75   86   45   41   47   49   97   12   16   39   39   48   98   58   26   26   11    1   29   70   83   69   99   24   62   77   98   28   17   97   62   78   59   14   13   31   61   95   53   52   75   68   83   30   22   67   11   77   92   65   74   53   36   22   53   90   82   37   16   98    0   18   54   83    9   24   96    6   20    3   73   32   71    1   16   11    2    1   23   85   54   75   12   89   94   59   78   41   22   87   11   38    6   30   81   74   88   81   52   96   56   64   42   29   79   91   87   73   31   82   90   45   24   65   22   97   85   65   52   17    5    1   10   42   28   34   17   72   99    0   71   89   43   57   80   63   29   31    2   80   36   87   35   51   14    7   63   72   38   63   29   69   60   84   72   87   99   36   88   45    1   95   15   11   54   69   46   61   87   57   81   60   52   50   94   34   35   78   65   14   69    3   50   32   21   62   15   35   16   12   38   62   67   92   31   35   86   18   59   74   45   85   32   10   11   53   55   52   37   46   96   47   74   85   13   24   55   74   87   72   93   99   93   61   81   95   27   55   63   36   70   71   83   22   88   96   53   44   32   74   52   63   92   70   52   16   14   72   43    1   76   73   97   26   42   61   79   20   27   64   36   96   29    3   67   75   91   26   81   96   59   25   53   66   85   47   93   30   77   72   65   65   79    9   48   94   42   12   96   75   55   94   57   85   11   44   51   53   37    2   27   80   96    7   92   97   97   25   34   19   65   15   30   55   44   39   26   22   58   17   28    7   29   28   42   27    2   36   89   57   22   94   63   67    6   26   38   68    4   22   99   29   86   17   85   39   20   65   56   13   86   75   37   90    3   97   42   80   89   83   11   40    8   24   59   69   22    5   38   58   39   95   69   63    2   92   65
  98   49   67   51   86   70   39   64   10   67   46   29   85   85    5   61    4   46   95   50   13   24    3   78   89   27   27   57   79   93   96   55   64    3    6   96   24   56   28   18   81   49   11   36   42   41   76   48   61   82   92   24   63   66   67   71   10   98   73   31   40   20   61   93   41   95   73   77    6   38   48   97   80   58   85   21   15   82   79   48   31    5   14   77   61   81    5   85   55   16   95   33   35   79   46   76   57   88   25   54   19   31   99   41   70   29    3   64   21   49   76   56    5   67   40   23   68   89   22    4   84   24   30   12    7   41   60   94   47   82   92   49   55   40   76    3   94   49   12   25   54    0   77   84   58   72    8   93   40   46   27   49    2   56   27   88   18   20   64    6   65   66   52   50   77   59   80   88   28   90   56   37   82   68   71   49    5   55   77   81    7   27   72    9   87   68   78   30   60   29   12   12   16   95    9   83   52   73   66   54   92    2   51   97   60   19   24   71   62   54    4   28   44   45   59   57   46   70   66   74   31    3   99   87   25   71   31   78   16   34   54   69   28   61   41   33   82   16   72   58   67   76   80   34   40   86   52   86   98   76   82   12   74   51   53   98   25   25   19    3   16   51   36   26   99   74   19   94   63   43   36   79   43   71   47   67   75    3   12   72   29   77   37    7   43   90   98   46   65   77   41   69   87   79   55    2   70   64   47   31   46   37   14   13   32   57    1   72    2   24   91   15   24   95    7   24   55   32   58   88   45   41   30   33   57    6   14   78   44   73   85   27   37   60   69    5   56   23   45   81   15   94   34   77   18   72   84   66   93    7   91   55   24   67   48   76   73   71   84   32   23   57   23   80   91   49   79   41   87    9   98   54   95   70   72   35   66   75   73   99    5   20   43   62   58   33   13   24   77   55    1   38   39   61   81   66   99   41   82    1
  30   91    5   96   51   27    2   86   17   91   99   22   69   48   57    8   44   44   55   30   43   16   32   55   62   12   61   35   24   86   77   67   42   80   41   23   47   56   62   29   54   45   23   60   30   38   96   52   54   58   13   12   42    2   29    8   63   88    3   98   48   14   31   35   34   33   96   59   17   30   34   95   87   18   70   48   22   22   65   40    1   20    0    8   17   90   33   58   91   67   95   40    3   15   93   96   60   33   15   73   37   90   69   56   83   41   63   25   98    5   23    7   94   67   25   92   73   75   53   30   93   11   23   20   76   85   84   25   53   54   96   99   31   99   89   21   73   95   25   30   88   83   81   23   25    3   72   80   81   45    8   98   86   35   72   36   85   56   99   79   64    2   43   63   50   24   59   22   95    8   26    0   21   30   94   64   14   42   15   11   58   49   17   82   97   83   88   58   23   55   18   36   39   48   81   77   67   43    3   84   19   61   14   40   16   92   40   88   44   39   37   74   77   92    5   58   24   93   25    7   36   93   59   68   59   15   90   12   30   73   92   24   96    3   50   20   87   10   57   17   10   52   27   53   29   44   21   74   90    1   42   88   94   98    7   94    7   26   46   87   43   74   56   48   11   98    9   22   85   58   31   21   14   25   80   83   67   63   28   71   94   35   55   92   14   45   71   32    8   18   88   26   87   78   62   33   41   32   37   38   39   32   39   52   52   97   16   94   84   93   80   60   42   98   82   36   28   19   68   90   88   81   84   38   80   24   56   36   25   43   75   83   59   38   63   48   34   18   45   73   57   62   75   14   83   28   27   31   77   61    5    2   68   58   34   25   74   90   87   82    3   55   28   29   87   26   67    5   72   38   11   14   36   62   82   86   81    7   79   89   61   40   83    2    0    8   70    0    9   59   58   26   84   46   61   72   69   41   56   19
  66   83   67   20   97   72   94   68   66   80   85   44   64   92   77   12   90   53   17   70   97   86   16   64   16   66   47   96    2   41   77   53   48   67   29   26   35   38   24   68   35   39   18   90   13   56   93   69   97   16   48   97    6   99   10   66   81   20   83   54   63    9    6    5   34   30   62   22   44   95   96   74   57   71   72   76   37   35   56   99   69   58   96   20   77   67   26   55   53   60   94   26   40   58    8    7   41   81   36   60   76   66   59   57   52   98   39    8   87   46   98   67   58   60   35   72   30   98   59   48   25   79   46   49   15   74    6   49   78   45   15   96    3   68    0   68   96   51    0    6   23   35   88    4   51   74   66   79   68    3   88   49   49   90   76   10   30   35   95   11   47   49   18   53   23   39   78   83    3   40    1   10    2   79   52   21   47   72   28   43   14   21   21    9   81   82   52   21    4   98   44   52   50   72   43   56   76   99   70   23   19   39   81   88   45   19   65   62   13   89   94   99   53   80    3    7    0   56   44   68   21   30   34   67   32   91   24   64   24   49   59   75   93   29   77   66   76   50   23   61   39   49   17   41   61    5   35   62   47   97   92   35   97   62   32   72   11   60   91   90   10   93   38   87   53   42   45   14   70   40   30   52   31    4   77   83   86   88    5   63   19   58   96   38   50   97   63   43   96   20   44   96   70   83   26   32   45   55   58   58   20   87   82   54   12   41   35   59   37   97   61    5   25   64   16    8   51   26    2   69   72   71    9   83    8   54   95   80   94   50   42   20   99   44   60   17   30   54   83   51   19   26   59   48   21   60   66   43   89   22   37   95    7   80   16   21   16   47   21   37   18   99   63   72    5   64   76   14   93   19   92   93   26   44   14    1   46   49   16   61   91   29   76   42   44   27   98   44   92   98   18   45    7   80   35   12   22   78    9   50
  95   36   19   57   63   35   72   80   64   78   34   22   89   43   10   13   97    0   86   29   99   56   75   75   44   94   72   42   35    0   22   64   68   20   45   57   19   45   80   27   76   29    9   34   41   17   72   70   55   39    5   71   33   58   31   22   58   32   42   92   25   42   33   11   42   64   32   34   67   46   58   20   45    1   56   58   17   43   68   40   96   92   14   26   31   58   59   82   35   45   48   75   45   55    9   35   45   90   11   37   64   45   30   64    3   59   87   51   79   69   62   69   97   52   27   50   47   16   95   71   36   99   31   29   20   20   60   93   54   41   82   69   14   47   63   56    1   33   98   77   74   50   55   48   24   56   84   93   35   81   31    5   29   35   99   15   43   91   22   24   61   76   26   61   63   76   57   66   35   28   41   49   55   17   81   23   25   12   26   87   87   28   24   13   33   24    7   26   23   12   33   69   99   66   74   58   62   86   89    5   50   60   98   58   26   71   97   32   30   42   61   33   68   39   49   64   23   25   27   86   60   99   28   42   42   99   65   48   56    1   35   90   27   33   40    6   49   18   70   72   42   23   75   73   32   83   53   91   68   90   28   18   77   55   77   88   36   24   18   99   55   73   95   93   99   31   67   20   46   94   28   28   56   90   63   17   96   35   45   62   68   91   22   46   32   59   27   32   66   19   44   74   46   73   45   86   84   15   88    5   91   62   14   48   95   62   52   23   36   82   85   44   55   67   97   19    6    4   54   35   10   42   61   42   68   23   98   46   49   50   93   28   49   33   59   55   92    4   74    4   56   43    8    6   79   74   59   58    9    2   81   32   78    8   66   90   37   31   74   38   32   78   68   21   44   20   48   80   64   53   30   25   62   15   88   79   76   20   34   49   82   19   83   37   88    8   74    1   33   57   75   56   35   18   35   19    3   77   98   44
  33   60    0   27   45   58   29   41   23   27   33   55   91    6   19   12   17   44   94   30   70   80   19   19   70   13   82    6   58   81   94   86   64   90   51   88   98   87   67   97   99   39   29   65   48    4   30   86   89   14   69   68   78   32   76   58   17   79   96   50   11   95   15   30   28   56   24   85   32   55   15   53   23   38   50   77   82   35   34   24   89   12    9   42   39   28   44   98   26   61   72   99   85   69   82   84   78   11   33   69   88   11   99   14   19    7   64   62   87   65    8   29   34   89   71   92   82   80   43   62   76   59   41   39   90   45   39   14   58   95   77   58   33   38   45   20   74   40   81   16    4   79    7   72   31   74   76   68   40   89   47   18   62   52    1   61    9   98   10   36   38   27   43    5   95   97   10   25   46   11   29   89   58   93   25   54   98   27   75   49   31   11   95   13   12   47    9   84   74   14   90   64   69   33   83    5   97   25   15    6    8   18   53   30   53   17   81   40   56    0   33    2   34   76   45   77    7   38    0   98   96   27   74   74   37   44   99   34   43   28   41   22    3   66   29    2   10   90   45   25   32   48   30   39   41   94   33   16   47   36   63   66   45   28   70   54   31    2    2   90   63   83   41   12   98   72   66    6    6   92   84   11   55   35   63   85   63   20   39   92    6   66   49   47    2   12   44   65   16   58   89   42   71   40    7   58    7   41   29   68    3   43   10   97   69   55   88   14   65   96   47   98   85   99   15   30   78   34   71    0   62   88   26   70    9   28   17   18   48   88   10   35    4   56   63   15   23   17    6   38   30   25   84   22   26   40   86   20   59   94   83   58   73    4   69   22   28   44   80   43   20   68   59   77   50   57    7   35    3   18   81    3   28    6   43   41   74    0   13   33    5    0   58   86    7   21   88   66   29   89   55   88   45   82   36   63   23   22   10   42
  18   40   46   59   10   38   90    9   92    4   96   40   69   87   76   70    7   30   86   93   29   65   45   83   87   82   76   62   99   93   39   44   38   78   88   20   49   94   21   73   81   27   21   58   81    2   97   52   11   76   51   36   33   73   42   72   81   93   90   96   66   20    2   32   49   22   77   38   93    3   11   48   28   88   50   72   69   56   65   24   40   24   88    8   85    8   44   76   46   94   86   84   71   93   34    8   52   35    7   23    5    9   79   23   53   64   30   48   46   90   95   13   71   68   94   58   43   74   68   46   71    3   94   39   30   21   12   30    1   22   70   63   49   92   76   14   55   38   47   28   98   11   10   39   86   79   35   27   32   26   58   92   60   64   33   28   10    3   44   99   76   97   29   66   60   12    2   72   25   45   80    4   16   13   60    4   68   11   54   55   77   73   44   97   24   98   98   81   53    4   45   45   39    4   91   63    5   15   81   65   17   25   12   65    6   73   38   28   39   99   42   23   97    9   27   58   56   41   34   83    5   51   68   25   78   52   42   86   10   23   81   12    2   87    0   86   80   85    5   27   18   79   26   25   58   62   49   12   41   41   52   90   35    1   10   15   86   63   29   79   97   43   78   76   26   97   93   69   97   44   70   63   59   30   35    9   49   14   50   43   13   28   88    4   21   37   73   85   77    8   37   90   73   15   40   45   21   89   74    7   22   58   72   75   94   57   18    4    6   54   63   14   39   40   34   22   30   75   68   80   89   20   37   64   55   80   93   43   63   91   53   21   80   12   68   15   26   91   21   62   49   11   60   38   95   30   59   87   47   35   38    8   75    1   78   57    0   15    9   99    7   90    2   51   56   69   45   19   26    2   83    2   61   56   29   16   59   71   47   70   61   96   27   77   38   56   48   34   68   95   43   18   44   19   51   63   47   98   24    8
  69   98    5   39   56   63   87   68   90   55   21   91   38   32   68   73   69   54   69   76   21   86   54   39   35    1   47   78   93   13   70   28   10   57    3   18   25   85   15   28   97   32   28   72    4   11   38   65    1    2    4   68   72   39   12   76   71    5   73   90   66   34   22   38   33   17   94   12   28    5   58   10   75   55   50   72   91   10   67   12    9    9   26   48   20   22   95   14    8   42   68   59   64   17   40   77   34   59   13   76   97   32    8   39   85   98   53   60   65   15   19   71   44   74   39   96   76   54   81   58   23   30   18   55   64    3   44   82   76   69   29   68   23   68   81   21   73    4   64   52   95   54    3   85   26   67   77   32    4   51   40   53   90   70   22   75   28   61   25   85   48   31   98   81   18    3   85   83   25   30   67   69   45   71   30   37   48   22   80   75   51   30   50   32   23   64   19   69   67    0   18   50    2   82   56   40   41   35   66   62    5   19   82   92   84   23   84   69   21   67   77   71   95   83   70   52   61   90   40   61   35   96   89    9   15   84   61   62   16   88   76   35   88   65   86   51   40   76    6   65   94   89   30   42   22   58   66   85   84   55   28   42   37   46   27   77   67   93    6   20    0   24   11   19   56   18   57    6   67   79   82   33   32   42   88   86   51   91   28   54   18    9   69   45   57   91   49   90   57   32    8   97   79   32   70   81    2   93   13   12   44   29   38   56   41   36   53   97   69   40   69   83    4   19   99   98   70   73   90    1   52   17   95   10   12   59   32   83   29   78   39   57   97   61   18   94   93   45   38   75   55    9   32    8   29   17   98   95    2   75   81   91   88   33   48   16   86    5   50   43   33   97   47    4   84   92   34   27   70    5   65   17   21    9   63   67   46   95    7   98   80    7   42   54   60   43   30   27   59   53   38   24   50   23   42   95   74   74    5   76
  63   51   27   42   36   38   81   13   63   97   17   67   10   50   32   62   75   99    9   25   70   87   38   10    9    0    8   91   99    8   99   68   54   47   25   41   97   98   65   32   35    9   25   24   96   96   61   93   57   29   52   54   29   59   89   97   93   62   62   84   31   14    1   49   14   76   20    4   38   43   53   94   50   78   74   13   23   48   31   45   20   12   39   30   57   18   63   98   44   50    7   15    3   46   49    9   42   84   86   63   75   52   32   72   84   30   40   40   71    9   74   24   45    3   80   10   23   65   33   22   55    0   36   19   55   30   66   14    7   21   86   97    6    2   16   56   92   78   24   98   26   35   81   30   74   42   83   62   92   44   36   32   54   91   16   41   24   18   68   99   99   56    0   85   70   32   87   23   59   19   50   75   71   96   75   94   88   70   35   72    4   26   47   37   28    6   90   56   43   95   76   66   40   43   41   30   93   49   47   34   38   92   78   70   65   26   13   43   63    1    0    2    1   44   50   43    9    1   62   36   12   27   25   27   15   33   16   59   40   72   77   39   88   98   44   58   44   69   10   45   49   93   83   53   57   74    6   52   48   86   72   76    7   82   67    6   64   57   13   52   83   38   26   27   71   81   78   28   43   56   70   49   66   51    4   93   28   89   47   58   88   20   10   18   83   10   63   46    8   18   81   44   59   34   51    3   99   78   60   95   96   40   97   31   85    4   35    1   82   63    5   53   22   78   19   54   66   19    5   86   11   88   24   78   61   95   42   87   48   46   85   84    3   73   87   49   61   41   89   69   79    7   14   67    9   41   91   38    4   47   14   93   73   97   43   97   77   64   37   80   97   16   78   52   37   31   21   17   22   70   29    0   19   86   39   99   30   32   48   13   15   79   25   80   28   78   21   70   22   78   28   86   51    3   71   99   21   76   28   54
  18   39   72   98   27    9   70   76   36   13   24   55   12   46   30   10    4   17   73   36   31   32    0   23   82   48   70   59    2   71   49   32    7   64   56   60   59   70   78   95   96   90   98   83   39   71   56   28    0   14   97   69   87   58   15   56   91   70   29   62   62   23   49   91   56   88   69   12   54   59   65   90   37   66   83   52    4   91   21   77   73   65   77   43   10   77   55   87   31   16   17   69    8   69   23   14   34   84    5   86   91   13   35   73   46   23   53   23    0   12   91   68   81   90   17   57   34   25   35   18   56   16   11   20   62   55   82   99   23   93   28    9   80   20   27   68   80   68   14   21   52   95   16   58   99   52   26   82   17   37   18   71   98   91    7   94   59    3   12    7   46   70   45    0   30   66   48   82   75    8   70    2    4   50   98   98   76   53   74   97   99   70   19   30   34   24   95   60   40   33   81   23   72   39    5   53   10   92   21   95   66   73   11   24    0   46   28    9   31   57   54   64   83   39   88   21   51   98    1    3   54   73   13   68    3   56   20   18   98   85   35   61   98   67   72   70   50   12    2   46   58   78    3   39   36   73   56   37   72   80   62   84   53   83   73   65   48   50   67   85   72   37    4   96   25   83    9   26    2   37    9   89   40   25   30    8   20    7    0   86   68   37   25   21   37   26   80   59    8   41   14   14   63   49   18   65   44   39    2   61   27   70   32   65   62   14    9   43   27   90   12   15   47   87   42   44   91   60   86   31   17   72   25   17   61   76   90   14   88   17   69    0   51   86   16   84    8   39   18    0   27   93   89   17   55   14   90   21   88   25   14   93   13   62   63   34   71   76   61   77   27   24   49   17   11   15    2   35   29    2   67   44   30   20   47   76    3   32   41   65   82   68   61   79   63   47   66   39   89   25   64    0   72   15   58   22    3   65   68   79
  76   45   93   82    5   37   67   65   86   55   41   15   97   46   82   96   67   14   52   40   61   33   14   74   90    3   21   45   71   26   57   29   35   40   37   29   16   56   77   28   30   91   30   44   34   15   37   28   32   79   89   10   17   37   53   94   82    0   70   97   18   35   25   21   39   82    7   46   91   10   77   66   20   77   22   45   89   71   48   10    9    3    6   21   51   98   84   17   86   91   58   29   35   49   23   70   66   16    3   19   38   25   56   47   39   34   72    8   35   26   77   82   84   51   91   94   90   27   36   26   65   42   63    7   13   31   97   36   27   62   99   14   37   88   95   87   35   52   87   42   88   69   18   20   58   56   87   28   72   92   70   48   94   50   42   76   14   78   23   23   11   60   12   86    6   41   42   11   90   86   95   89   11   15   93   21   63   23   73   83   13   95   36   39   98   93   66    2   33   39   90   11   88   98   23   19   98   93   42   77   97   89   32   50    9   51    4   14   39   12   27   66   95   27   63   47   65   12   72   58   58    7   96   17    1   14   68   13   93   62   31    3    9   67   48   67   39   19   88   47   92   17   60   29   29   77    1   50   46   96    4   93   98   21   61   81   98   34   27   38   29   59   93   50   81   93   97   90   36   44   26   82   60   91   89   72   97   69   15   56   72   69   40   14   46   20   78   36   98   94   81   29   34   12    9   46   32   33   72   99    1   38   23   56   18   96   62   89   63   90   34   79   37   36   40   77   79   59   25   36   53   53   46   86    1    6   21   89   16   71   95   32   85   40   49   43   29   43   15    2   31   18   40   43   58    9   71   14   23   92   85   56   23   90   98   64   25   35    1   81   96   57   54   52   27    9   30   20   77    4   86    8   52   89   27   79    9   22   90   24   66   49   17   33   59   55   82   21   47   40   17   91   29   45   64   87   16   53    6   42
  97   51   97   74   28   99   70    2   78   51   97   67   12   40   76   57    3    5   28   28   56   37   28   40   18   68    4   90   76    6   65   44   58   39   29   96   18   70   50   95   47   50   88   62   45   85   84    3   23   92   91   47   36   96    4    0   63    9   19    7   93    5   91   13   89   33   42   13   28   14   20   44   48   62   91    4   27   57   47   58   29   32   71   18    8   63   56   78   65   28   47   50   10    9   96   78   82   66   85   42   16   60    5   95   61   56   70   42   63   45   22   18   14   90   36   55   19   39   47   93   89   55   31   14   95   69   34   96   68   82   26   38   40   80   85   48   60   40   39   55   90    7   28   26   58   57   90   11   71   41    6   82    0   89   26   18   30   94   80   46   34   15   53   75   10    8   77   73   43   69   50   63   19   82   79   82   16   44   29   51   42   41   91   61   96   52   74   29   47   42   76   56   32   80   79   13   39   56   89   93   24   40   14    6   33   84   40   21   24   69   55   46   36   94   14   77   99   80   53   60   85   13   80   16   14    4   10   62    9   69    9   20   36   85   15   35   10   21   53   75   52   62   35   19   65   83   60   10   99   19   54   76   98   54   91   43    7   15   91    8   92   43   95   98    7   62    2   31   94   99   13   99   18   33   52   21    6   19    6   58   64   31   83   77   33   35   39   60   84   24   33   48   25   65    8   99   28   30   27   75   16   60   66   75   53   61   45   10    1   23   71   71   59   74   80   62   47   19   11   10   10   73   68   63   50   55   25    1   83   61   94   77   38   46   38    5   20   28   88   17    4   61   30   12   38    4   44   81   56   92   99   84   76   58    8   35   91    8   77   39   92   18   42   80   41   83   36   46   71   30   80   69   87   62   86   58   46   92   43   27   81   33    2    5   72   21   38   46   38   82   84   18    6   52   84   30   39   78   43   63
  88    5    5   16   52   76   12   67    8   11   92   30   41   27   34   47   20    2   70   53   54   16   71   73   48   54   37   78   91   62   10   90   54   95   72   62   31   62   22   35   64   93   53   81   43   24    9   26   11   74   10   35   87   82   83   91   50   11   22   52   19   88   43   55   11   14   79   79   60   20   46   49   25   96   43   88   52   60   97   15   58   38   19   23   18   67   63   76   80   62   32   60   61   31   88   45   48   98   45   90   35   71   95   86   17   70   21   63   74   75   86   24   14   96   65   43   42    4   98   18   70   66   96   66   92   54   53   50   92   63   91   72   55   20   65   20   73    3   42   60   36   37    5   93    3   33   89   56   48   34    6   35   53   36   47   61   44   36   86   14   53   16   13   52    4   43   28   87   20    4    6   26    1   69    4   68   24    7   38   24   51   22   93   95   34   92   97   98   31   14   64   69   48   52   37   75   83   21   88    2   66   11   19   50   25   97   73    3   31   58   15   19    3    7   95   62   29   37   52   74   29   36   49   10   20   73   82   65   92   90   65   69   33    1   27   82   74   55   55    1   18   80   92   77   21   99   49   48   41   77   70   71    0   49   13   17   73   44   91   15   95   30   64   87   14   25   30   82   92    3   79   48   70   74   66   86   22    2   52   79   21   89   12   15   88    5   97   20   16   23   82   19   62   59   65   25   79   72   64   51   47   45   87   86   24   59   73   26   18    8   15   53   47   74   80   67   44   80   89   77   64   51   29   26   91   82   87   43   75   13   90   89   61   20   78   16    5   19   46   20   68   27   77   56   62   21   60   86   55   42   58   47    0   69   49    5   87   31   77   68   55   38   88    9   18   49    1   21   12   88    4   11   86    7   27   56    7   20   92   85   64   17   95   47   38   75   69    5   62   99   67   76   67   33   20   47   29   15   62   39
  69   31   21   30    0   77   68   80   67   36   88   11   63    4   74   95   61   10    8   65   47    9   61   79   63   36   98   32   99    2    9   96   13   48   66   14   16   12   70   68   73   20   89   49   26   19   40   38   83   76   64    2   46   22   57   92   89   65   20   88   63    2    3   87   11   78    2   12    0   44   80   38   32   86   55   66   73   73   16   91   63   31   64    6   83   43    5   93   43   67   75    3   38   98   55   53   96   39   45   49   87   53   63   92   19   36   61   66   19   11   43   42   31   92   20   76   90   92   87   12   73   46   99   52   17    9   68   52   33   37   77    0   17   10   53   48   77   10   48   39   76   98   19   43   52   56   21   41   72   10   73   80   96   73   25   44   80   19   74   73    7   32   31   48   74   25    5   42   93   91   42   29   37   38   27   50   53   28   70   96   74   10   43   12   34   62   93   60   22   28   51    7   21   13   99   22   49   39   72   56   26   61   82   69   25    4   71   54    6    4   13   65   25   31   99   60    8   47   33   81   55    9   31   53   31   31   98    1   31   53   77   78   22   61   70    4   55   64   17   71   40    7   43   38   74   29   76   74   62   36   11   20   30   53   93   75   87   39    5   89   93   65   48   11   78   97   48   72    9   23   62   30   10   47   72    2   36   89    4    8   92   17   54   53   60   79   64   93   63   11   59    1   38   69   96   27    9   13   40    0   32   96   36   73   15   34   47   59   54   89   96   91   75   53   68   93   66   75   63   54   41   38   38   93   14   19   42   54   13   13   32   13   80    5   83   31   64   79   36   18   76   83   51   99   74   52   78   78   69   66   83   45   53   28   34   67   82   23   98   36   68   15   76   57   61   16   56   80   26   47   55   71   69   45   46   77    1   88   37   46   14   36   47   71   83   96   91   17   46   74   71    0   85   98   97   79   65   94    1   10
  66    5   31   43   81    5   84    5   76    9   79    6   92    9   45   36   40   50   78   10    3   64    2   60   11   29   54   30   50   98   42   30   16   90   96   20   12   17   73   86    2   60   52   76   74   57   42   97   28    2   78   15   78   11   94   67   95   31   41   78   85   12   48   23   34    6   53   99   80   71    0   10   66   64   11   43   95   91   67   13   24    2   13   15   90   93   78   92   56    6   79   52   12   68   25    0   11    1   45    6   56   70   73   94   96    6   34   14   30   46   86   44   24   21   75   20   71   13   98   25   98   84   54   45   28   91   94   84   84   52   52   82   55   16    3   64   92   94   36   61   60   49   60   65   10   13   24   29   67   25   73   11   56   70   77   63   76   87   56   69   20   81   21   13   12    6   82   37   16   13   55   76    7   43   42   93    0    8   24   94    2   72   45   80   22   49   48   36   33   72   15   97   89    2   89   59   92   24   84   40   48   57   77   21    2    1   88    6    6    2   33    4   46   16   27   44   48   45    7    1   76    2   39   25    3    4   10   20   76    3   81    8   17   66   94   13   66   44   79   80   72    5   30   27   72   62   51   17   13   51   99   69   16   94   27   97   80   16    6   87    1    5   48   45   43   46   22    8   39   31   40   77    0   21   91   62   50   96   41    5   95    1   78   26   77    9   30    8   59   41   21   65    0   74    9   10   28   57   84   71   33   61   82   46   74   44   42   77   78   23   11   18   91    5   80   40   86   66   70   52   42    8   31   99   41   37   99    0   63   60   69    0   80   90   65   60   53   32   90   33   78   10   12   42    2   50   57   15   60   67   19   31   81    6   66   24   70    3   82   90   59   46   70   95   66   61   51    4   12   17    6   53   39    0   53   61   20   87   31   31   91   83   38   92   59   25   45   47    3   31   65   28   60    0   22   23   64   79   40   89
  97   29   41    3   35   75   80   70   46   28   50   81   90   75   44    9   74   48    5   16   99   16   41   37   48   15   37   82   10   44   81   87   87   54    3   60   93   56   67   18   72   13   37   29    3   67   11   86   84   15   49    8   19   84   33   35   90   25   20    0   80   20   43    4   51   69   32    6   21   75   87   68   92    3   77   99   88   97   50   94   44   24   85   66   68   44   99   33   61   42   33   69   13   10   64   44   14   93   93   61   37   91   20    2   60   56   27   69   23   33   14   12   10    8   19   54   39   19   12    5   62   82   24   80   71   74   29   54   56   51   74   54   57   77   25   66   68   14   72   34   69   68   26   55   51   93   17   27   40   72   23   71   14   75   76   64   98   88   68   78   65   81   80   44   14    6   28   54   28   47   20   92   42   67   55   79   56   69   83   63   63   91   71    6   80   87   59   80    8   99   86   13   65   84   73   24   23    6   54   25   57   14   41   28   13   91   11   65   44   57   27   87   35   89   37   96   73   87   11   81   71    3    5   55   63   39   92    6   35    9   99   42    2   94   73   45   59   77   25   21   84   23   66   84    5   29    4   64   19    0   81    2   55   47   30   58   60    7    8   78   16    6   18   65   18   67   94   43   97   46   89    0   71   53   85   30   88   22   46   10   18   61   35   85   91   12   80   72   64   48   65    0   23   48   84   84   55   95   93   46    7   44   69   34   90   37   81   47   42    7   28   64   46   35   10   66   60   63    9   88   21   28   21   93   49   65   71   62   73   55   63   20   42    0   51   55   52   91   49   84   53    7    4   31   78   47   36   48   94   18   59   68   82   48   93   85    9   25   24   90   11   82   96   41   14   80   43   63   29   45   39   51    1   54   28   22   92   15   83   78   38    8   66   68   19   87   32   43   93   77   44   86   33   28   68   25   55   53   51   90
  37   69   41   18   36   40   17   57   99   37   55   19   30   81   15   68   95   78   76   16    7   15   82    9   13   65    5   90   68   85   69   25   62   33   94   47   60    1   14   67   93   21   94   81   70   51    0   15   11   74   27   80   74   85   87   10   66   47   76    5   44   95    0   46   30   76   41   25   58   21   51   48   99   60   92   27    4   34   45   41    0    1   55   24   35   77   38   81   49   73   28   13   26   14   47   31   26   21   40    2   37   22   53   48   45   60    5    8   47   37   29   37   24   13   22   94   11   99   67   11   79   27   48    1    1   78   58   41   93   98   96   49   82    6   73   82    0   78   88   20   92   18   94   93   48   99   52   71   45   17   31   19   19   66    6    8   92   19   59    0   74   54    2   61   16   96   50    9   47   91   79   30   51   88   39   67   47   33   14   88   54   59    2   65   20   89   65   45   38   11   70    8   95   32   91   85   46   95   68   56   24   57   61   24   57   88   48   39   60   48   66   96   72   79   21   76    6   45   19   14   96   34   53   43   71   79    4   76   66   92    7    7   23   44   67   83   67   46   13   23   41   79   89    5   91   36   60   68   39   16   20   83   66   39   97   38   74   94   36   14   45   43   54   51   62    9   85   31   78   53   33   92   27   46   29   55   11   67    2   14   98   14   31   47   49   62    9   31   43    8    0   75   89   69   96   90   95   79   19   74   80   52   34   93   65   68   92   11   54   77   40   22   52   80   62   99   54   13   13    8   72   78    1   79   66   67   41   46    0   85   71   66   95   86   20   33   27   34   10   61   13   68   95   13   28   15   79   83   63   57   52   22   60   33   38   81   88   21   64   60   94   50   40   95   94   76   93   71   33   75   99   94   76   25   77    3   62   28   15   91   74   69   61   15   53   33   99   60   85   16   29   59   97    7   11   72   11   30   65   42
  75    1   64   64   26   68   43   87   76   72   52   67   14   42   36    7   80   64   33    2   96   65   80    7   91    5   91   56   86   92   87   72   10   70   52   79   98   46   27   72   24   47   70   94   73   71   51   30   85   36   21   63   91   47   36   15   81   63   18   61   37    1   63   38   20   73   20   18   18   85   42   56   82   40   26   98   60   63   29   92   33   99   62   45   71   36   82   86    9    1    6   46   66   64   25   81    9   68   46    2   86   67   55   65   31    0   37   29   69   46   96   63   67   68   29   54   91   99   31   68    8   16   41   72   18   21   71   16    7   63   50   51   55   94   94   58   65   52   36   13   64   86   70   31   61   41   97   50   46   95   19   25   20   68   68   70   92    2   24   39   21    4   23   14   94    7   21   25   71   69   86   14   85   39   82   57   48   20    3   25   22   55   71   69   82   47   24   36   33   84   65   83   29   27   84   71    4   62    2    7    8    6   46    0   55   14   24   11   25   10   53   40   90   72   40   45    1   55   55   33   30   65   63   33   76   31   42   94   69   43   58   44   17    7   82   92   89   36   41   68   35   67   48   88   86   87   80   15   77   10   71   88   84   27   71   83    4   40   16   34   89   17   67   97   83    6   94   52   99   71   75   41   15   29   50   15    1   19   77   94   82   41   50    3   52   39   37   61   41   61   84    9   90   26   72   73   98   98   20   51   90    8   64   87   45   43   40   73   16   24    8   87   78   26   60   69   20   40   35   36   66   19   24   83   18   44   74   41   46   11   43   14   15   36   63    4   11   59   61   18    5   72   96   64   24   47   87   20    7   77   65   99   49   71   45   72   67   19   83   40   47    8   27    8   93   44   13   25   66   64   60   93   96   42   70   12    8   20   39   45   97   46   47   54    9   90   25   91   74   64   88   15   72   16   99   29   34   72   40   84
  39   65   19   84    2   23   78   68   17   27   28   65   34    2   38   60   39   89   65   26   64   86   96    5   27   65    1   41   59    2   11   64   47   15    2   49   92   24   41   12   37   11   23   62   47   19   13   30   82   20   32   12   61    0   19   48   66   76   74    6   58   17   59   88    2   91   92   96    3   62   26    1    6   12   41   21    7   35   48   35   62   17   32   17   22   95   64    9   16    1   85    2    7   55   46   22   46   48   13   46   80   90   61   16   78   31   15   67   18   52   50   58   35   46   12   82   66   12   82   95   77   18   67   18   79   23   91   74   82   59   10   10   80   87   38   98   28   49   43    2   27   51    2   57   51   19   53    3   64   48   36   87   83   24   54   36   86   90   83   60   98   56   63   32   71   96   55   69   27   10   37    4   99   61   74   26   60   10   92   73   29   86   54   44   51   30   40   13    8   67   62    1   37   68   14   95   32   38   60   72   34    5   51   34   23   45   15   64   67   29   41   64   85   72   89   15   30   84   20   68    7   99   30   77   79   76   26    1   99   42   68   30   98   77   65   65    6   51   27   36   54   10   77   31   45   60    9   29   22   11   69    1   15   90   63   22   75   93   38    2   50   42   23   49   36   39   28    9   34   87   90   91   25   75    1   10   79   25   85   29   63   94   54   79   96   43   48   50   68   79   21    6   42   39   54    5   16   91   57   44   61   17   31   97   21   87   16   50   81   92   19   18   39   76   11   77   51   59   68   39   38   28    5   64   69   32   99   13   85   85    5   79   16   29   67    0   23   23    4   56   66   68   73   40   37   85    3   26   31   94   18   64   33   74   38   53   13   99    9   16   42   45   46   26   22   27   48   81   12   57   40   10   40   92   16   14   96   71   40   67   61   82   37   63   16   38   14   20   76   53    9    3   96   52   36   17   23   64    7   41
  79   75   41   59   68   49   70   65   32   22   25   92   11    7   73   34   79    5   81   58    0   38    2    5    6   66   48   95   68   10   89   22   33   27   39   68   19   38   85   75   29   46   67    2   77   17   39   32   11   63   31   68   32   64   96    6    5   36   78   63   97   63   86   57   19   42   63    0   38   55   43   26   43   35   73   59   91   47   64   43   73   40   77   76   22   49   78   61   64    9   89   61    7    5   24   77   67    1   31   74   24   52   77   70   96   24   51   52   42   84   35   21    1    2    9   75   57   70   23   15   76   34   77   41   13    3    8   38   31    9   22   99   61   98   50   56   49   47   30   96    7   66   88   13   93   21   96   65   45   94   19   33   59   11   16   75   13   20   89    9   62   68    8   54   41   43   32    5   50    1   42   41   60   60   75   87   51   59   51   48   59   17    3   15   17   61   10   35   10   15   64   39   81   73   24    7   96   13   68   58   82   55    0   15   83   60   76   63   98    8    8   72    4   11   72   75   84   24   67   22   99   67   76   66   98   27   76   96   21   38   70   40   70   20    7    5   18   81   67   33   67   49   17   78    3   10   25   61   35   36   53   83   32   38    3   95   84   37   84    3    7   54   55   12   51   13   45   48   20   28   51   54   98   65   75   90   37   28   58   51   64   76   60   58   81   36   18    8   17   19   44    3   77   61   25   50    8   29   48   94   65   50   99   98   53   36   36   62   78   31   84   93   56   25   29   19   26   63    5   32   84   87    7   12   23    6   56    2   24   30   87   80   74   92   98   90   94   93   21   29   47   55   45   35   43   70   74   90   80   16   20   48   86   44   12   90   59   88   36   86    5   74   98   91   46   99   98   13   48   91   87   55   24   26    9   56    2   49   17   54    5   37   34   64   68   67   49    6   90   77   66   54   56   87   31   65   99   99   75   74
  11   44   83   23   34   63   96   49   80   43   65   82   87   91   86   45   10    3   99   87   29    4   58   44   49   33    0   36   40   63   23   85   82   72   37   43   94   77   57   64   97   49   36   33   87   48   37   78   84   68   87   80   67   98   37   97   33   91   69   75   99   99   91   47   47   14   38   80   59   17   30   51   29   90   81   78   81   31   14   23   14   60   23   75   81   76   30   76   18    0   67   70   79   65   49   40   70   99   42   44   24    7   71    5    6   42   65   61   98   99   37   43   31   57   60   84   34   70   12   91   10   63   14   93   85   64   41   12   96   34   11   46    6   80   42   29   25   49    8   22   33   37    1   28   38   93   89   90   18   73    0   12    2   94   30   15   11    5   10    4   59   27   95   16   18   17   34   28   96   88    8   90   98   90   91   78   27   65   24   58    0   99    0   31   10   73   62    6   58    8   66   58    5   85    7   90   70    2   34   28   90   85   37   55   20   16   26   45    1   78   76   77   73   85   12    2   42   30   79   30   45   25   83   43   65   41   72   39   90   43   33   31   79   98   55   57   93   46   84   23   12   25   11   75   14   41   75   32   87   18   72   99   31   36   72   19   63   73   95   90   24   75   78   37   88   73   42   31   12   48    8   10   67   28   57   50   56    7   56   73   80   41   45   53   64   45   64   71   73   63   96   70   95   23   65   62   36   52   40    7   38    5   88   58   59   58   36   77   40   76   47   45   27   42   23   38   35   94   38   68   34   34   36   70   20   54   50   57    9   91   26   60   32   90   97   53   88   76   96   52   63   56   71   43   41   65   89    6   94   68    2   52   91   72   55    1   44   29   82   56   26   46   67   10   49    5   18   40   59   41   92   37   62   93   65   20    1   71   20   18   83    4   31   62   91   84   65   33   22   54   60   63   98   66   16   60   81   89   37   18
  38   74   19   94   82   34   44   77   61   61   17   27   18   40   60   87   97   48   41   29   85   99   40   30   99    4   46   19   59   96    7   31    4   86   12   87   34    2   49   73   22   54   38   62   19   43   90   12   26   13   41    2    2   26   74   65   57   28   92   37   59   58   91   63   44   86   65   36    3   72   78   34   60   71   77   93   59   33   45   49   18   24   20   52   42   51    7   81   88   78   69   41   11   17   32   25   32   50   42   96   10   67   21   26   44   99   95   83    5   44   81   68   36   11   47   98   29   16   81   85   79   47   46   74    7   32    8   50   92   59    4   41   58   46   45   97   20   45   37   16   99   48   49   90   27   25   86   30   43   26   27   37   26   47   81   33   27   18   42   33   39   41   56   48   19   65   56   73   79   82   72   25   11   61   18   18   66   62   17   91    9   87   81   60   33   27   55   13   78   44   53   39   12   67   67   10   33    4   33   72   56   60   59   35   40   74   71   44   74   79   40   83   15   74   55   93   19    7    4   12   53   79   82   72   28   42    4   53   76   20   51   34   89    7   72    3   45   65   45   59   66   70    1   38   50   80   62   37   80   30   83   59   78   54   78   72   52   45   45   94   59   48   33    1   17   57    4   76   35   49   56   30   60   55   32   67   27   62    2   40   42   38   87   81   71   26   39   38   72   66   14   41   59   39    6   12   97   51   14   98   94   85   54   78   98   48   99   82   62   91   40   21   95   49   68   85   15   82   69   88   21   95   12   28   51   58   86   15   93   52   67    7   17   41   54   52   15   69   22   21   10   87   68    2   13   61   64   91   95   86   84   52   94   14   59    9   76   71   98   12   71    5    8   44   95   18   31   80   98   54   33   85   50   38   23   92   44   97   19   55   42   18   98    5    1   91   25   50   10   20   83   37   84   93   97   96   41   20   75   50
  15   80   86   72   47   65   13   82   89   81   44   60    1   49   58   81   89   76   16   19   87   50   80   59    4   96   87   47   27   27   80   19   58   93   52   54   44   25   26   42   45    2   84    0   23   34   93   70   16   73   49    0   41   68   48   75   99   23   58   15   40   70   47   56   47   39   74   57   27   81   74    9   63   51   62   27    8   28   51   77   32   64   68   88   76   36   44   50   32   14   55   85   47   61   63   91   57   63   91   13   15   56   86   94   41   16   70   32   19   64   81   56   33   18   92   16   64   14   49   53   82   91   87   50   51   40   21   20   15   88   72   98   32   71    3   51   40   91   44   52   87   34   91   18   84   13   55   44   11   38   11   20   73   50   67   72   70   61   53   77   87   80   43   13   33   99   68   16   36   73   93   56   87   51   79   90   58   78   19    5   49   62   31   49   43   41   76    3   20   87   89   32   46   99   45   81   11   80   50   59   32   82   29   25   41   59    3   58   27   43   22   56    8   75   24   18    2   97   71   46   31   69   46   90   73   96   86   58    2   95   24   57   76   25   77   55   92   11   27   72   88   23   72   41   86   37   95   23   99   72   21   31    6   94   15    0   58   45   67   46   21   58   85   11   27   86   91   22   80   38   71   56   41    0   36   62   76   20   19   76   24   28   41   60   32   49   96   88   46   35   39   50   39   53   56   11   59   54   92   48   42   17   13   62   40   51   27   14   96   62   55   46    4   90   61   53   97   24   20   74   89   42   16   83   16   45   40   21   95   49   61   10   83   39   11   56   59   61   78   37   32   15   97   32   95   50   94   54   94   84    5    5   15   53   15   18   23   88   30   68   35   27   13   58   55   86   84   14   56   31   61   47   36   24   48   13   47   19   18   33   78   75   93   98   20   21   95   81   64   44   25   11   90   59    4   39   75   30   92   37
  81   51   80   49   66   39   21   10   47   51   65   89   98   39    6   54   89   63   53   42   92   79   84    3   28   11   54    2   84   93   82    9   50   81   41    9   75   43   85   54   36   78   75   15   25   64   92   86   16   94   46   98   23   92   55   34   34   19   99   42   64   21   31   92    4   45   57   30   56   92   35   29   24   49   88   45   67   83   12   48   99   35   28   12   16   53   77   66   55   25   51   66   22   46   58    4   66    4   43    5   26   41   15   81   87   32   56   62   47   84   87   55   68   92   86   30   93   50   93   54   97   17   77   49   13   65   54    9   15   64   96   52   38   37   73   38   53   85   78   96   72   35    8   45   35   48   93   65   15   24   17   35   96   13   71    0   10   18   40    4    4   24   79   36    9    6    6   96   41   13   14   85   81   71   52   76   49   22   42   93   38   23   61    2   51   15    1   35   70    8    8   81   91   56   46   92   25   58    6    6   36   53    0    7   13   93   26   65   91   34   15   60   32   75   96   93   38   62   45   67   27   40   11   22   22   35   15   66   97   87   75   66   31   95   56   67    8   62   19    1   92   60    1    7   79   52   15   58   92   64   84   87   94   47   99   48   33   54   85   33   48   27   35   10   86   83   99    4    6   98   83   28   48   70   38   73   78   39    3   41   96   59   10    6   96    2    0   72   10   51   12   99   19   29   29   37   31   63   42   68   55   38   81   12   85    6   52    0   59   37   12   27   48    2   44   65   21   35   44   54   61   86   71   36   85   21   79   27   39    3   88   22    4   90   96   12   85   33   78   12    2    5   77   37   19   82   39    3   83   68   66    4   16   72   77   96   82   27   51   45   40   54   89   22   55    4   51    6   85   37   22   20   26   51   33    6   19   68   31   15   60    3   62   25   51   68   44   11   71   77   27   62    3   30   83    9   33   90   46   23
  72   63   46   69   78   53   19   58   81   29    5   58   34   82   61   77   49   22   65   78   23   67   97   43   26   48   43   51   67   77   73   61   67   84   23   82   16   91   54   87   95    2   54   36   18   37   61   68    8   56   60   99   21   61   78   56   20   85   13   79   93   16   62   48   72   99   23   70   93    2   80    6   16   73   88   77   18   81   28   29   79   80   79   99   24   57   56   59   98   24   18   21    9    0   31   21   94   15   32   66   64    4   51   96   20   91   85   31   38   91   57   47   48   85   13   68    3    9   14   71   85   63   40   80   27   76   65   73   27   64   18   85    8   77   59   73    6   12   32   97   45   87   31   53   43   90   40   53   29   55   58   84   53   38   60   71   29   80   36   89   36   62   30   28   11   78   47    9   25   64   73   70   94   87   37   39   23   75   72   56   71   62   80   68   57   15   50   73   97    9   24   97   98   14   28   98    7   25   92   40   82   57   28   47   60   70   49   67   13   36   75   76   81   48   57   61    9   70   22   61   86    7   34   75   10   47   73   13   96   19   70   22   40   88   99   60   20    5   69   80   38   69   21   51   10   82   84   76    1   50   47   73   75    2   91   50    8   36   72   23   51   46   35   39   55   18   66   99   75    5   41   83   69   75   64    7   72   34    3   61   62   15   74   74   37   35   87   14   65   69   23   25   52   35    9   43   73   43   74   79   58   64    6   85   15   77   76   93   33   34   24   57   21   84   66   81   48   80   10   43   62   48   74    7   80   17   12   44   79   31   83   24   79   14   69   75   10   81   62   49   90   82   36   91   88   15   63   83   12    2   76   11   32   41   86   67   27   48   47   20   45   63   13   86   68   79   52   29   72   90   16   38   93   89   86   10   12   93   86   34   30   43    0   83   87   68   17   55   41   67    5   52   80    2   95   47    4   60   68   13
  47   22   91   22   12   54   90   22   89   22   92   42   40   78   48   27   37   25   44   50   68   35   26   98   82   80   35   39   67   11   96   21   23   78   27   45   94   19   10   62    3   63   24   32   39   14   90   56   35   56   32   45   14   96   77   32   54   50    6   63   51   69   24   84   73   22   56   86    2   10   82    6   36   87   76   32   58   79   39   77   84   67   68   20   83   42   53   80   31    9    1   50   55   15   60   10   62   44   99   30   78   82   93   48   50   74   50   66   45   95   98   26   13   78   19   18   83   86    5   87   98   81   22   32   63   14   82   84   84   58   93   44   36   41   25   10   47   64   78   52   98   96   15   67   63   96   83   13   20   68   25   81   55   61   85   61   59   15   85   32   27   63   13   47   65   86   22   77   80   53   87   61   27   65   61   65   15   69   85   49   50   12   32   95   91    1   66    1   67   93   58   49   25   81   91   38   68   43   23   70   58   50   80   90   27   69   44   52   31   82    0   54   46   29   33   12   16   35   10   63   56   98   91   74   51   61    8   20   72   70    1   52   31   73   62   36   91   47   31   52   90   36   24   57   27   27   57    7   90   17   69   49   27    6   27   38   11   67   70   51   18   55   77   72   36   12   46   26   77   42   69   26   20   43   74   89   87   11   65   29   21   86    8   56   77   96   46   17   44   75   52   83   68   95   62   15    6   53   95   40    4   60   60    7   63   47   16    2   59   30   21   82   28   46   58   85   90    5   29   70   68    5   28   15   17   80   99    1   87   38   83   93   46   15   17   94   77   19   85   26    7   63   55    0   54   70   36   90   38   35   68   60   93   35   12   69   96   52   58   50   36    5   99   66   79   50   39   32   22   47   12   33   95   27   29   12   89   21   80   12   30    1   64   73   87    9   83   39   10   64   33   70   39    7   83   88   57    8   48   51
  77   82   94   45   74   99   32   70   94   33   14    7   25   82   51   87   66   63    4   33   48   56   73    0   66   41   92   98   11   21   82   68    4   10   24   72   25   43   85   34   54   50   55   81   91   83   56   35   89   63   71   32   95   45   26   65   24   25   34   32   10   16   84   60   21   84    1   91   75   94   47   77   29   47   95   81   50   25   48   51   65   91    8   57   36   61   22   62    6   80   36    8   58   37   91   93   63   96   11   55   78   30   45   85   88   89   72   29   13   73    4   95   21   43   99    8   58   83   15   67   74   75   21   66   55   41   48   96    3   62   56   52   88   55   82   76   81   60    1    7   51   27   24   51   47   16   45   85   14   77   79   75   15   46   92   28   49   83   57   35   11   55   49   29   31   98   61   70    6   96   31   96   94   20   33   73   50   46   40   63   66   46   57    5   38   68   75   48   67   13   61   65   55   15   90   87   94    2    7   42   96   34   31   88    3   74   55   26   66   33   83   63    0   96   75   40   61   83   48   71   81   70   48   23   22    2   45   46   36   60   31   47   77   38    6   28   41   85    6   16   27    0   91   10   63   44   84   56   88   69   82   56    8   63   38   11   43   43   99   70   77   32   43   25   51   27   30   37   94    0   86   90   25   20   25   85   14    5   15   27   68   54   48   14   75   98   38   56   29   80   57   27   31   19   94   84   42   22   19   38    8   74    8   23   39   65   42   95   37   53   47   27   61   94   19   91   82   62   73   75   34   75   43   44   92   26    7    6   40    4   92    5   78   23   72   11   94    4   35   58   63   33    4   99   86   66   33   93   17    6   79   26   75   78   13   61   45   36   46   84   13   50   72   91   55   54   17   58   96   30   49    7   28    1   88   28   93   85   16   33   44   83   96   99   46   43   14   43   18   85   36   56   22   83   74   70   84   37   95   64
   9    2   75   50   93    8   70   55    7   81    6   16   91   39   83   54   47   20   12    3    3    0   95   25   88   30   51   46   83   84   12   41   88    8   81   32   70   30   53   56   23   64    9    0   66   53   59   24    4   76   28   33   87   91   35   39   97   35   56   13   87   17   31   67   86   57   85   55   47   13   36   10   26   43   94   95   57   42   35   90   36   96   45   11   40   92   38   72   99    9   88   72   65   49   68   13   92   23   15   70    7   31   24   95   25   82   58   55   68   62   25   91    3   32   30   80   48   44    1   87   40    6   26   71    2   80   46   61   74   29   53   14   50   73   14   12   10   84   87   50   56   38   51   23   46    1   51   90   70   60   23   70   93   97   94   21   22    6   90   48   57   42   66    6   32   47   15   54   69   11   82   69    7   34   74   56    2   63   29   35    5   73   28   65   43    5   10   13    3    4    2   86   92   34    8   53   71   52   40   47    9   39   10   34   11   25   20   23   15   64   27   70   50   24   19   13   86   77   57    7   57   55   96   48   10   69   45   79   98   92   58   27   55    3   65   56   85   38   75   44   56   84   33   36   44   53    5   13   53   79    6   48   82   32   96   43   69   23   89   56   46   22   77   35   94    8   99   30    0   38   33   77   97   64   61   11   24   60   67   44   83   41   87   10   86   58   95   17   11   27   57   81   78    5   44   77   75   38   40   28   27   50   46   26    4   84   80    4   59   67   55   80   63   21   36   77   99   45   39   98   23   37   82   32   65   89   99   65   10   77   90   41   75   49   98   98   60   54   71   74   17   97   65   72   13   71   20   11   82   21   28   78   39   98   51   43   67   76   57    1   18   12   55    7   85   10   60    5   87    2   68   67   51   43   92   54   15   34   58   40   36   15   23   64   84   13   22   88   36   28   54   26   87   19   60   10   90   25   78   99
  56    2   36   49    9   35   56   77   19   61   69    2   42    8   82   65   57   69   93   63   26   65   79   83   53   38   44   31   21   82   95   33   58   95   37   72   81   70   50   90   34   76   24    4   82   45   67   37   46   42   58   28   20   22   61   54   96   74   25   18   19   27   75   66   28   66   20    8   40    7   80   49   62   83   71   22   38   99   48   99   55   60   59   96   59   39   45   50   21   70   37    7   38   76   76   93   94   57   55   21   93   13   98   21   89   20   73   86   72   13   94   97   65   77   43   73   98   61   27    4   67   71   80   38   73   12   77   83   28   33   82   60   50   15   81   12   43   44   72    4    1   61   36    7   77   52   61   36   21   32   90   76   85   47   88   19   66   38   19   38   67   52   89   64   55   30   80   31   14   79   71   18   98   65   54   98   73   78   57   26    6    3   24   28   31    0   30   58   51   45   89   60   57   79   90   23   87   37   90   46   69   76   39   45   34   21   98   89    8    6   80   63   73   30   58   48    3   96   96   59   12   67   23   65   19   71   45   44   98    1   91   88   94   56    0   91   67   73   25   75   16   65   70   96   87   79   71   43   61   27   77   39   85   18    9   23   44   16   54    5   79   39   82   75   90    6   52   64   21   97   88   45   96   27   96   62    2   68   81   29   64   39   98   93   56   52    8   98   65   50   35   16   22   79   28   85   99    3   80   23   50   45   34   92   21   88   86   65   72   76   68   14   37   56   48   78   94   23   81   12   96   59   96   91    2   97   98   42   45   46   54   62    8    3    6   54   55   62   24   12   27   82   44   53   10   86   17   55   99   30   46   37   29   95   73   45   60   50   95   75   31   81   41   92    2   69   63   29   61   14   16   45   84    9   25   91   44   97   20   52   35    3   89   29    7   38   52   39   31   70   70   98   13    2   85   96   65   91   60   85
  48   43   55   39   38   47   63   65    1   26   25   40   63   95   71    7   67   20   71    4   35   59   20   51   43    6   36   46   56   19   81   64   77   80   76   10   38   75   38   44   40   51    3   44   63   71   60   71    6   58   66   22   39   38    4   81   57   31   95   91    6   28   94   55   40   61   78   16   23   49   18   26   13   23   59   48   58   29   74   59    2   70   65   72   58   20   79   33   22   96   58   91   36   92   97   60   30   55   59   53   31   73   71    4   63   16   95   27   60   64   78   26   82   14    1    9    4   89    8   67   53   42   16    9   49   63   64   62   40    0   80   32   66   76   99   86   87   25   63   44   49   77   94   59   12   35   21   97   96   51   19   62   93   50   22   12   60   54   34   28   76    2   71   16   97   92    8   80   59    2   32   60   14   58   32   47   14   14   93   93   81   52   92   73   54   84   86   96   99   10   97   38   65   52   31   57   58   91   98   48    5   76   88   44   31   38   41   25   34   30   12   63   38    5   62   31   13   67   69    8   75   54   15   45   99    6   48    7   20   60   58   52   58   72   46   62   89   49   11   43   69   31   34    4   93    7   86   57   74   57    8    4   27   43   96   94   15   18   94   76   37   50    3   77   81   27    7   98   48   35    2   62   97   68   96   66   70   52   81   67   59   67   91   73   41   72   89   67   52   91   37   89   54    4    5   98   26   79   64   59   51   60   78   38   64   43   67   37   19   94   96   59   64   15   73   77   11   69   16   63   78   26   86   61   98   81   62   16   95   54   41   20   51   55    4   64    4   81   51   49   40   93   74   91   82   81   83   55   31   18   27   65   42   70   57   49   23   96   53    9   39   85   31   90   25   62   51   88   27   21   23   34   26   18   57   31   15   16   11   16   94    3   95   74   28   30    9   61    7   69   45   67   95   93   19   71   55   61    7   13
  16    2    9   72   32   86   78   59   36   99   63   88   27   93   27   73   99   96   36   60   72   46   50    4    8   92    7   39   76    9   87   71   43   33    9   54   76   99   27   65    2    2   18    5   30   57   16    5   38    0   62   32   77    5   34   85   35   37    3   47   70   75   15   33    7   32   90   26   49   97   94   20   41   68   98   64   76   46   13   76   39   18   50    7   68   63   44   26   47   87   28   57   54   18   53   28   84   59   56   93   37   38   23    5   81   68   67   55   65   75    7   50   84   39   56   43   84   81   79   38   95   46   73   25   18    1   27   21   96   80   98   91   57   74   21   43   82   68   95   12   46    9   16   18   72   60   48   42   83   18   38   54   39   91   39   55   59   51   19   35   99    1   83   24   61   33   15   45   44   92   18   30   84   31    1   32   45   21   16   43    3   74   39   73   49    0   98   76    7   39   65    1   19   99   72   87   89   35   80   68   61   63   19   98   15   18   89   21    6   67   31    7   18   82   15   21   65   76   55   15   29   74   46    8   87   10   68    4   41   65   16   16   65   36   27   88   29   31   79   16   44   66    6   15   91   72   33   44   37   93   74   23    8   48   80   85   10   64   45   20   54    7    5   56   16   56   97   21   72   79   12   23   21   97   58   71   11   60   55   65   44    0   66   36   26   86   17   92   49   19   84   89   94   37   92   69   39   87   51   22   74   13   29   47   59   62   82   56   50   67   51   91   39   11   61   96   20   16   42   93   27   75   26   81   25   87   49   11   94   66    0   34   89   38   95   52   11   59    6   70    8   61   16   22   19   36   60   86   64   71   85   45    9   23   98   83   99   24   14   90   99   43   98   66   84   22   57   15   75   23   85   55   68   68   90   48   39   78   40   15   63   93   63   59   26   33   60   54   94   44   67   80   66   28   82   62   47   73   83   97
  73    9   59   62    7   36    8   39   44   42   76   33   37   52   14   24   63   84   66   83   19    9   81    7   88   41    2   66   99   60   80   20   92   55   76    2   35   16   92   27   55   73   25   75   65   12   25   16   21   19   60   57   48    8   72   78   76   67   58   71   37   29   57   55   15   30   16   43   77    8   61   19   56    8   18   61   95   80   99   97   56   68   43   85   19   34   93   80    7   22   81   55   78   37   78   68   55   58    4   77   61   23   10   89   44   31   87    6   87   39   78    3   75   65   88   18   10   73   66   90   78   58   82   66   15   42   22    8   16   43   56   41   97   38   48   62   22   51   22   90   45   75   44   71   12   90   30   47   75   91   53   41   47   28   38   79   69   80   30   41    9   63   70   86   88    2   17   76   46   34   45   93   95   13   64   64   43   75   18   14   35   87    3   40   61    3   27   65   77    0   67   93   49   51   79   87   29   66   72   93   42   54   37   32   33    8   74   25   58   90   42   98    6    3   33   25   77   20   82   51   23   45   64   98    6   35   45   59   88   79   50    1   24   79   48   69   69   90   27   96   72   56   13   73   95   98   25   84   94   58    6   14   69   37   51   87   60    8   42   88   83   63   47   80   53   40   15   30   79   96   59   58   65   68   61   92   87   47   28    8   59   24   19   62   74   76   38   50   45   64   37   68   20    4   44   47   55   87   31    5   28   67   96   55   27   71   28   89   14   88   59   82   63   43   68   17   31   71    2   75   10   14   10   74    1   74   82   54   10   85   22   90   61   17    9   17   57    9   45   92   97   16   62   53   47    9   38   59   65   42   92   23   54   68   20   46   10   48   65   96    2   31   30   99   86   83   85   16   19   35   67   31   80   73   70   26   52   27   61   73   44   77   29   73   20   49   87   74   48   59   64   85   30   70   93   61   71   61   93   29
  93   59   61   97    6   94   94   12   63   39   22   22    0   77   27   56   41   88   14   12   72   62   56   48   53   58   93   81   91   84   22    0   54   85   41   98   25   76   11   19   90   29   94    9   90   98   99   41   45   90   14   76    9   35   78   25    8   45   65   33   65   55   69    2   18   62   40   88   27   22    3   34    6   91   50   69   60    1   57   41   81   12   43   23   35   76    9    8   78   33    5   15    8   76   79   38   51   48   40   13   12   90   23   86   75   78   22   83   53   99   93   53   52   86   56   87   84   47   98   17   41   56   83   78    8   67   22   71   83   18   35   10   13   30   18   54   23   21   94   19   66   98   93   75   86   35   92   12   39   15   61   39   81   21   27    2   20   80   23   26   11   86   47   94   17   48   70   25   75   64   77   94   79   75   47   15   25   82   10   56   78   45   60   18   82   53   25   73   81   37   71   95   80   16   36    2   82   50   17   17    1   64   31   43   22   41   40   45   39   12   85   27    0   44   30   76   36   88   29   27    9   15   30   36   25   36    6   45    8   61   23   42   48   25   16    8   92   80    4   73   44   85   37   18   76   85    2   90   36   84   60    3   94   34   13   96   34   53   49   76   29   30   94   44   17   38   40   79   11   14   59   46    5   88    1   86   62   81   87   10   60   58   42   32   63   97   98   57   47   90   17   18   24   82   20   41   16   48   42   82    7   19   73   16   39    5   62   53   52   69   32   92   95   76   90   61   92   50   79   45   73   43   33   80   14   35   93   31   56   89   91   87   19   73   76   65   80   36   77   76   84   78   57   50   58   38   97   11   93   57   27   52   11   63   97    1   49   62   60   82   71   58   94   45   23   99   74   61   34   79    8   22   90   19    2   92   34   92    0   12   53   96   45   72    0   29   51   21   19   65   24    9   20   71   59   82    4   50   93   82
  60   67    8   57    9   42   31   65   78   97   96   11    3   16   80   66   60   98   47   49   70   39   17   96   97   27   13   32   38   42   97   51   79    5   16   40    8   58   23   12   11   46   32   30   30   11   11   91   10   35   20   49   74   52   77   16   62   56    1   24   51   60   20   11   14   79    9   86   15   98   63   89   45   66   34   14   73    8   42    7   51   83   17   76   30   22   90   23   57    9   14   97   42   25   87   84   24   76   27   80   29   62   96   21   21   22   48   93   84   55   47   67   83   53   52   34   92   70   62   85   63   23   69   16   16    6   13   90    3   68   89   71   24    5   45   39   75    5   78   68   32   34   69   98   35   72   59   14   82   18    8   12   39   24   45   97    7   98   31   28    8   24   97   25   80   50    3   48    8   44   48    7   60   25   79   45   86   21   65   62    0   15   28   35   88   75   20   59    4   91   68   28   67    1   26   50   63   22   58   12   13    1   76   58   21   38   78   32   26   38   21   76   87   23   92   50   65   99   91    4   11   65   61   68   16   42   48   80   64   67   34   71    8   12   42   54   28   16   50    7   21   42   50    9   80    0   49   97   89   87   70   18   63   14   97   34    4   11    9   33   17   70   69   23   11   77    5   92   28    3   71   54   87    7   41   55   31    3   11   49   54   42   61   95    6   18   50   10   39    7    4   13   11   58   58   97   85   59   91   65   93   61   84   17   97   94    5   99   41   15   72   24   67   57   66   91   70   58   26   37   15   37    1   40    1   93   25   77   14   80    2    4   28   30   80   78   52   11   80   26   66   82   24   55   74   54   39   29   68    9   56   86   22   18   57   52   14   59    7   47    6   81   96    0   64   36   10   70   87    4   14   92    2   37   91   59   19    0   52   53   50   20   95   33   91   93   20   71   47   64   54   98   59   17   84    6   71   76   53    2
  33   77   85   50   46   22   46   64   94   49    7   18   49   80   59   28   94   24    2   69    5   41   15   34   34   56   97   65   14   12   34   89   43   37   26   19   49   12   46   89   13    6   17   70    5    2    8   87    0   91   59   26   90    6   19    3   28   95   55   64   21   95   94   48   45   80   43   94   29   25   19    8   87   28   51   54   12   69   15   97   48   78   54    8   80   92   54   84   31   21   73   89   29   22   22   52   67   76   14    9   71   70   41   51   17   50   31   61   96    7   91   12   16   17    2   15   79   44   43   60   22   13   35   74   15   84    0    9   32   16   43   36   50   65   21    8    5   34   79   99   78   52   51   17   30   61    2   35   65   88   84   95   64   23   22   91   69   77   50   15   59   82   24   17   44    0    9   77   86   34    6   92   91   44   94   61   67   74   25   84   15   17   10   20   77   88   11   29   23   63   85    7   33   66   90   18   50   79   83   74   77   58    2   15   80   26   69    4   59   31   58   38   75   46   78   99   42   72   46   39   69   84   31   36   41   36   19    6   28   73   92   20   40   23   85   34   11   82   15   86   54   55   47   92   18   42    6   60   63   92   65   52   68   46   94    2   35   88   66   18   73   45   61   79   74   51   79   78   53   83   42   85   76    7   45   20   21   90   80   26   61   70   15   52   65   93   46   25   49   80   16   40   10   24    9   49   69   54   11   11   44   19   15   90   36   66   43   70   34   35   86   53   76    3   33   14    3   97   80   20   27   49   29   93   48   65   70   16   53   44   73   46    5   47   84   84   24   55   64   76   31   36   87   69   14   42    2   76   34   73   94   34   98   35   32   82    4   59   16   61   27   95   30   22   75   52   66   19   26   23   75   60   32   11   60   14   96   24   35   50   24   95   59   68   10   65   77   36   76    8   64   79   57    3   47   73    9   36   74   47
  45   52   55   24    9   66   80   27   28   14   24   35   80   83   89   41   15   96    8    3   76    1   55   89   94   19   16   21   45   78   19   18   42   61   30    4   93   87   47   57   34   44   78   36   79   31   22   26   47   97   65   30   12   23   39   45   23   25   17   27   83   26   19   13    5   88   75   18   25    2    3   77   37   45   78   35   97   53   18   55   31   38   66   85   50   84   37   36   83   22   16   48   11   15   63   28   12   38   84   38   31   17   29   50   38   61   44   61   83   80   98    7   25   15   73   43    1   48   54   20   31   29   52   15   47   54   53   47   73   68   48   63    9   27   23   76   41   15   59   63   85   62   92   23   48   19   42   10   36   62   31   36   58   99   19   63   94    0   39   37   96    1   98   62    2   91   78   74   29   26   79   17   45   87   96   11   75   70   85   24   80   30   41    4   67   16   39    3   54   52   66   44   76   53   13    6   18   80   41   12   39   83   80   32   27   44   29   65   67   60   85   56   67   40   23   47   63    6   47   16   25   73   33   67   52   33   47   79   55   80   29   52   30   97   87   26   19   29    6    0    2   14   68   81    5   62   58   19   65   67   95   16    3   40   70   99   61   31   22   67   69    0   91   29   54   30   31   83   50   17   33   32   75   16   39   47   10   27   55   17   57   43   86   47   48   30    5   96   27   14    8   71   38   52   10   38   31   67   71   15   86   93    8   83   80   74   99   95   37   94   16   20   73   88   20   79   78   43   87   53   54   56   59   51   90   42   26   62   47   82   86   95   85   66   46   94   39   96   97   65   97   28    6   51   32   90   66   12   61   74   38   94   73   71   32   94   67   72   80   98   68   96   24   62   45   60   87   89    7   77   95   59   60   71   97    7   80   95    2   42   70    8   19   37   93   51   88   99   61   60   69    4   30    7   15   40   92   86   39   36
  97   98   56    1   39   54   73   97   64   48   50   50   61   31   19   80   73   93   70   42   88   91   65   13   89   67   25   30   11   10   38   61   60   54   59   56   62   73   86   47   62   38   83   74   17   72   12   52   87   61    5   50   80   62   87   39   49   81   62   70   25   71   39   98   43   50    1   95   15   39   35   90   64   56   68   57   40   87   53   95    6   19   46   12   23   77   31   35   11   13   88   23    5   34   38   77   30    7   97   50   37    1   24   69   84   96   64   35   37   92   36   88   85   34   48   20   65   33   21   91   56   42   13   49    5   14   10   22   96   92   51   91   44   29   66   70   40   68   60   42   87   71    9   89   95   77   46   55   14   63   40   83   48   74   58   93   84   83   27    5   52   71   73   13   86   83   93   10   53   28   71   31   97   93   89   98   54   53   47   52   59   54   23   64   33    6   98   29   55   61   18   23   47   60   98   90   98   76   75   53   37   27   72   41   94    8   53   14   41   99   22   91   92   61   94   62   88   28   29   39   90   20   98   95   50   81    7   29   35   36   12    1   39   26   95   26   79   15   97   91    4    2   88   56   67   41    7   40   79   15   34   79   56   32   65   68   69   31   90   90   61   22   36   83   81   74   48   87   33   98   93   57   99   72   27   57   27   89   94   61    0   84   23   26    3    4   92    9   53   65   62   83   82   24   69   59   21   52   70   65   57   23   79   22   43   77   90    4   86   69   16    7   19   10   31   24   11   34   82   98   85   45   65   42   57   77   36   26   87   59   51   69    0   85   83   12   28   65   80    0   16   49   11   36   51   81   22   72   26   69   19   16   77   31   92   28   21   19   36   42   20   42   68   34    0   79    2   69   22   79   50   80   35   22    7   94   86   65   85   79    4   92   96   81   64   55   40   47   23   54   32   87    5    6   85   38   56   28   22   44
  12   60   13   77   39    0   46   43    5   29   28   73   76   27   93   23   52   17   15   50   24    5   98   69   67   88   72   19   89   49   85   88    0   85    7   78   66   18   93   43   37   98   55   24   86   13   60   41   83   15   58   47   49   61   36   39   30   25   94   46   35   79   13   81    0    0   26    4   49   91   16   22   12   40   42   11   94   33   22   76   66    5   94   44   81   61   79   28   21   82   83    0    9   42   31   85   55   11   46   19   71   65   58   31   63   24   28   52   19   63   88   71   19   38   73   58   78   91   71   95   31   63   38   53   55   74   64   90   68   22   51   37   54    2   97   96   52   81   76    7   13   86   17   70   96   86   95   85    0   24   97   29    7   33    9   69   85   65   69   48   71   54   34   45    5   32   61   81   23   57   60   76   22   15   84   24   16   40   30   22    6   61   23   71   30   22   83    1    8   60    5   98   40   32   32   63   33    4    1   56   12   56   97   56   79   48   18   45   63   86   41    1   54   37   83   41   61   82   58   38   36    8   19   12   21   12   68   60   78   53   30   24    9   18   50   90   36   58   26   84    7   26   98   47   77   25   82   15   42   38   91    0   95   88   31   44   74   12   27   46   80   87   50   95   96    0   57   97   26   32   31   70   43   75   36   90   25   40   85   76   37   68   45   32   29   82   80   89   39   56    9   81   17   62   86   78   81   61   95   69   65    3   63    9   38   41   40   78   69    6   37    1   81   21   42   86   74   88   34   29   49   68   88   70   89    0   87   37   15   15   38   34    7   26   49    7   28   98   93   50   45   14   92   23   16    3   89   30   42    6   28   24   99   43   21   67   23   83   92    5   47   24   85   13   41   34   47   17   12   23   68   91   96   64    1   86   91   54   55   81   35   34   74   24   82   54   30   94   14   83   53   24   61   95   17   52   70   42   22   28
  41   62   59   57   36   82   44   91   31   74   55   18    8   13   46   53   67   15   18   61   57   16   58   23   30    8    6   83   95   58    9   34   35   39   18   13   92   84    5   30   13    7   64   35   54   24   72   40   11   86   29   74   68   24   25   32   89   43   74   16    7   28   18   30   28   18   96   27    2   42   76   84   37   67   13    6   74   50    0   23   39    0   30   56    4   19   56   64   66   26   13   24   55   59   94   59   78   84   44   19   20   98   27   36   36   96   12   15   64   95   63   96   50   29   17   20   82   60   85   13   21   29   71   98   66   76   84   79   29   87   92   68   15   71   51   73    4   39   52   10   50   61   58   79   42   23   14   18   35   95   76   13   61   54   22   74    0    9   63   56   59   68   90    4   79   41   26   47   54   55   27    3   66   89   90   86   21   85   65   51   29   78   12   80   90   96   88   81   75   11   33   14   36   50   88   70   81   83   80    1   94   43   25   42   55   69   41   55   41   80   10   70   55   48   38   23   25   64   14   22   43   64   40   15   79   21   94   42   80   51   25   95   31   60   79   42   80   82   26   13    6    1   52   25   41   53   28   63   38   80   16   60   31   11   15   79   86    1   22   70   75   52    3   49   43   74   81    4   93   41   60   94   60    1   22   87   12   64   43   90   96    4   95   80   95   53   96   24   10   47   24   92   60   43    4   13   63    6   71    1   39   21   26   54   39   35   21   87   24   78   96   46   30   23   25   41   61   63   19    2   79   88    8   65   41   96   81   66   34   36   47   43    8    0   68    5   46   10   46   39    8   28    6   40    8   40    8   35   32   51   42   93   89   52    3   82   67   77   90   41   48   23    7    3   71    5   87   21   51   87   19   10   38   82   26   45   64   64   83   14   97   79   97    8   77   52   79   10   49   85   81   58   66   54   85   27   94   51   98    2
  53   48   48   21   37   89   12   27   61   51   99    0   26   74   15   16   25   99   48   29   84   66   27   95   99   75   38   34   28   92    7   21   17   63    9   74   13   35   18   83   64   47   93   86   57   21   11   89   70   53    9   42   95   23   30   10   30   29   77   39   69   59   28   72   85    4   70   95   56   24    9   67   10   80   79   41   61   43   76    4   51   40   45   93   50   36   69   89   80   70   91   88   21   19   45   66   93    9   87   48   64   72   21   16   34   95   72   46   75   44    9   88   82   86   61   91   95   66   76   66   37   22   64   74   76   62   70   34    1   96   17   48   90   72   91   66    0    1   79   45   52   60   55   99    3   15    8   68   51   43   89   47   83   15   33   53   85    4   44   41   77   40   32   17   74   99   76   71   55   95   22   74   27   49   12   61   42   16   77   15   72   48   96   20   53   77   42   29   31    8   87   58   45   55    2   26    8   12   89   62    4   74   68   18   32   74   31   65   43   77   52    6   63   96   78   65   10   25   90   87    4   58   82   16   95   85   55   72    5   28   12   54   80   39   39    0   15   47   45   23   16   15   68    9   37   22   32   75   81   35   82   13   76   16   30   65   31   40   10   62   46    5   24   72   36   96   91   78   90   72   44   19   62   40   96   15   51   76   53   74    2   12    4   74   67   57   42   98   47   98   14    8   81   83   64   16   40   54   80   50   63   27    2   72    6   53   44   62   59   69    8   40   31    4   96   25    7   17   72   75   21   24   49   36   59   44   51   83   65   84   23   21   49   40   83   24   43   97   33   53   46    0   21    9   93   85   25   39   86   90   56   66   98   53   29   81   86   73   80   58   59    8   13   80   95   83   70   89   53   10   27   97   86   43    8   21   78   71   85   77   77    0   26   32   63   46   14   84   36    1   81   75   94   93   39   94   78   22   68   61
  27   47   22   61   48   54   65   90   41   73   49   54   21   99   55   93   65   14   64   63   80   93    3   84   60   89   39   61   17    7    4    1   46   30   30   61   90   92   58   39   41   62   90   53   40   23    9   31   79   37   84   76   78   66    2   47   71   99   75   29   57   73   84   11   92   45   89   77   52   47   27   58   29   47   23   22   90   87   57   66    0   74   96   94    5   69   47    6   78   62   26   50   35   22   42   59    5   67   49   55   14   15   53   63   63    2   47   15   54   79   95   48   49   59    5   33   31   56   15    3   34    2   70   90   68   28   70   80   89   51   40    7   45    6   38    6   37   50   33   33   73   97   26   10    3   39   49    1   49   61   46    9   45   68   49   71   94   98   24   22   18   65   59   30   15   30   15   85   48   89   89   26   11   59   13   74   67   33   50   15   23   81   36   52   81   27   49    2   11   85   81   44   41   55   51   13   16    8   59   35   59   22   36    3   40   17   95   65   53   25   30   96   19   90   88   34   18   79   89   17   91   46   76   42   70   87   20   40   54   16   12   69   82   64   58   32   87   74   48   64   78   15   56   20   36   66   80   60   91    3   21   25   72    9   20   97   39   48   92   50   21   14   31   46   61   96   44   86    1   48   38   88   94   42   94   61   43   38    1   68   37   70   38   10   90   89   31   25   59   76   48   94   50   29   70   97   66   77   99   73   85   10   17   46   77   47   83   89   31   49   75   38    5   42   73   96   21   61   60   49   87   76    5   28    2   85   51   62   21   26   26    9   40   50   73   76   36   32    0   96   18   53   58   85   12   12   99   54   18   97   70   43   20   77   77   70   75   34   82   83    9   44   84   38   34   66    9   21   19   90   23    6   52   89    6   54   97   66   58   95    6   96   18   85   75   76   40   56   53   22   97   44   74   57    6   24   98   60   35   56
  53   71   93   63   15   86   13   41   22   57   94   60    1   34   23   66   38   33   94   77   54   90   70   25   35   58   35   86   40   58    6   42   30   69   88   40    2   47   43   99   16   37    4   90   77   74   61   42   78   90   17   15   63   95   64   70   32   54   14   44   88   92   59   80   45   54   35   81    5   55   30   72   52   63   72   19   77   21   63   72   11   28   20   89   32   53   41   13   18   76   37   74   81   65   17   90   60   74   92   77   47   50    2   76   22   42   49   44   95   60   83   75   66    9   15   48   83    1   83   50   54   43   47    6   44   35   41   28   57   89    8   43   25    8   76   40   52   64   19   91   89   87   27   43   27   63   29   96   24   14   48   88    2   84   81   91   55   96   40   16    1   56    5   16   96   27   16   79   31   87   28   45    3   74   90   20   66   45   86    0   96   77   50   26   27    3    7   35   62   35    8   71   11   36   97   30   35    0    3   78   24    7   90   34   10   24   14   95   79   60   72    2   43   67   75   88   80   66   16   52   52   32   60   61   78    4   21   22   23   92   31   71   88    9   78   67   98   89   29   67   20   59   97   49   95   59   90   87    2   31    7   77   72   64   10   13   84   23   57   88   32   32   18   40   60   33   24   55    5    6   64   44   97   49   33   81    9   21   76   38   45   52   59   80   56   70   78    4   51   34   38   21   73   12   11   27   94   57   41   81    3   88   33   33   88   23   24   57   23   66   59   55   45   82   75   39   19   33   14   56   89   65   80   33   94   25   57   96    1   70   48   61   82   28   97   92   52   52   74   27   34   36    8   37   97    3   83   40   33   26   20   45   25   56   76   33   87    3   13   92   83   11   41   35   10   72   43   87   35   64   90   24   39   66   68   40    7   74   69   39   81    8   54   52    9    4   98   62   84   31   51   88   43   50   86    3   55   63   85   83
  17    4   19   74   22   76   93   68   12   49   27   64   43   48   60   37   94    4   72   49   69   78   86    5   36    3   33   16   65   29   48   50    7   82   46    2   10   78   93   71   29   49   27   19   86    8   43   15   49   33   39   53   32   34   29   55   66   88   99   12   69   89   12   19   14   49   79   73   69   69   83   75   48   71    4    1   45   49   81   37   25   92   69   95   63   25   30   71   15   23   76   74   65   29    7   73   25    2   56   70   41   42   45   73   88    9   18   86   33   66    3   37   59   34   27   29   67   58   29    3   26   71   83   78   99   25   73   13   89   97   49   63   29   69   23   63   46   24   76   80    6   48   65   26   26   59   39   88   69   77   86   71   57   26   26   27    6   83   93   79   29   86   60   94   75   36   56   59   40   56   74   30   22   54   77   98   87   93   32   51   28   24    5   83   39   85   25   56   40   46   64   18   44   32   97    1   86   43   94   12   35   51   31   24    2   88   60   12   83   43   96   13   32   56   69   31   33   10   84   60   90   53   83   21   28   96   17   78   86   61   69   94    0   74   84   48    0   96   67   64   75   13   85    9    7    9   75   35   87    0   24   55   43   43   11   36    1   42   24   42   67   98   51   41    8   92   85   85   63   42    6    4   87   84   73   21    4    5   85   87   60   65   81   17   84   28   17   74   91   12   31   72   73   45   54   83   30   64   29   98    4   85   42   34   22   48   86   93   32   15    7   41   92   57   19   35   45    9   96   20   12   43   56   87   16   57   61   29   22   16   42   61   45   18   29    7   33    3   76   69   61   88   59   53   54   27   48   20   45   27   24   30    9   60   15   92   50   22   96   35   55   59   91   44   80   11   11   15   95   57   47   60   35   58   55   81   58   19   31   45   94   46   45   21    6   70   93   31   22   61   97   42   94   24   97   20    0   49   18   24
  48   67   69   61   29   78   97   13   18   88   14   52   70   65   27   97    9   51   74   87    1   32   94   83    7   93   70   18   22   49   71   89   44   35   71   69   73   10   37   30   98   65   67   44   92   65   62   55   27   92   44   12   17   62   78   45   59   92   15   85   52   31   15   83   56   57   65   29   10    9   70   16   10   62   41   49   11   13   64   89   24   57   19   96   53   27   11   18   81   87   62   75   20   21   12   35   59   31   10   70    7   21    6    7    5   81   18    1   80   60   95   30   95   42   59    6   12   16   73   50   72   38   35   45   37    0   30   92   76   51   42   43   69   86   47    6   65   44   86   57    1   27   27   25   46   16   77   70   35   66   87   40   46   10   55   18    2   40   70   24   14   73   18    7    1   39   39   88   73   33   33   76   16   30   71   64   92   55   25   52   30   14   53    5   21   13   83   75   89   99   88   25   10   26   90   38   71   36   57   63   89   44   94   62   42    9   99   74   97   77   34   95   17   65   40   57    1   58   49    9   30   32   17   89   75   88   11   95   50   67   97   22   85   83   31   57   68    9    4    5   77   62   34   65   63   30   50   93   89   17   25   15   93   36   51   49    4   46    8   69   35   19   19   51   16   50    4   90   15   80   98   87   84   87   51   10   74   50   23   87   42   82   31   91   92    4   98   41    6   11   35   12   79   55   25   98   46   75   36   53   51   83   77   63   15    8    7   62   87    7   60   37   91   36   73   98   35   12   94   84   22   30   54   48   49   88   83   42   71   67   49   88   72   19   34   33   92   60    0   37   67   44   65   71    8   86   68   37   46   26   59   73   53   59   77   74   77   94   69   22   25   75   10   27   83   24   74   72   39   28   34    1   58   42   15   36   12    2   65   34   19   36   80   53   71   49   85   16   97   69   30   91   54   79   39   15   45   55    9   18
  23   39   19   87   69   11   32   94   82   33   26   61   73   49   52   55   60   62   33    8   64   20   62   75   76   75   50   55   76   94   97    4   32   90   64   43   60   91   77   46   72   77   69   98   43   87   17    8   17   78   20   46   36   28   18   71   68   43   68   58   13   78   36   82    3   46   94   44   82   41   69   67   24   94   29   26   17   28   98   64   61   44   23    4   74    7   18   60   48   37   66   62   29   75   97   34   79   58   53   42   63   92   16   96   20   67   59   38   71   94   82   33   40   52   21   94    0   60   26   40   16    3   59   79   10    8   22    9   43   22   49   63   31   89   50    0   43   67   45   52   74   62   14   69   12   65   68   83   98   10   97   22    1   84   90    7   45   98   71   45   77   35   28   44   86   28   59   82    2   61   88   28   15   77   33   70   49   58   36   44    4   84   33   20    4   90   72   59   53   94   71   93   50    8   25   33   90   65   18   12   45   54   42   34   61   99   91   20   76   11    7   45   27   24   62   80   54    1   99   65   43   40   78   93    6   91   43   80    4   42   57   42    6    2   87   92   70   97   90   21   56   47   92   57   12   53   50   47   35   60   39   78   33   41   11    7   40   27   72   11   23   60    3   50   65   14   17   33    5   91   66   87   35   58   44    1   40   78   11    5    2   91   48   58   63   25   56    9   23   73   81   13   25   46   62    2   63   91   86   77   61   15   59   63   22   47   51    8   17   46   85   37   84   23   19   93   46   22   72   66   10   97   11    2   84   13   47   70   73   54   17   81   66   47   61   91   68   21   84   48   93   85   97   13   95   57   81   40   67   58   25   15   80   57   77   58   18   58    0   17   57   39   78   45   67   65    5   94   41    8   66   94   85   85   19   38   52   55    9   26   19   49   24   81   50    0   79   89   30   53   21   61   51   47   18   24   13   37    0   50
  35   42   78   58   95    3    4   71   82   54   36   91   27   49   97    3   80   81   49   94   17   61   87   38   26   54   55   86   34    8   83    5   18   83   73   16   11   70   62   91   48   24    5   93   10   80   62   68   61   53   67   22   95   58   20    4   73   41   79   64   94   88   74   19   69    4   18    0   88   81   34   36   31   11   30   80   10    9   23   55   90   64   31   90   48   43   95   67   56    1   23   51   59   44   45   29    0   91   11   65   65   56   68   13   36   68   58   45   24   70    1   73   80   82   53   44   17   87   71   36   36   66   20   35   61   89   89   42   53   20   16   98    3   30   62   90   74   83    2   53   38   28   56    6   28   25   34   88   62   28   85   23   95    5   90   51   23   54   79   68   98   86   26   10   69   37   56   61    8   19   84   27   37   79   22    3   49   89   53   78   55   32   87   34   25   24   25    0   86   70    6   79   79   18   27   39   61   45   25    8   94   28   78   28   97   85   22   10   73   23   59   45   49   13    8   20   58   95   26   86   57   12   62   27   50   87   84   35   28   44   61   18   89   54   22   14   61   52   23   91   59   47   28   82   86   57   94   36    5   94   69   99   74   32   68   98   44   98   36   31   38   45   93    4   15    1   56   15   96   26   37   89   66   32   93   71    2   94    2   52   10   83   82   41   33   25   92   77   11   64   93   66   32   33   87   49   28   38   26   90    7   93   54   11   57   70   84   26   58   71   79   25    8   44   27   41   81   81   22   35   23   91   91   10   57   23   92   23   30   25   46   59   45   38   89   45   81   98   90   82   14   43   36   74   11   12   57   32   81   93    0   97   60   86   79   64   60   81    6   14   32   40   65   59   89   59   42   27   87   63   49   28   53   75   11   47   81   54    4   94   25   97   20   80   31   43   34   45   79   51    6   76   11   73   83   27   29   45   72   67
  62    7   91   10   65   82   72   92   11   17   19   91   96   85   66   14   42   14   10   49   76   78   62   49   97   82   77   13    6   24   89   72   25   50    0   40   55   83   67   13    5   40   94   90    0   91    2   36    1   42   73    7   98   21   82    1   20   53    7   98   81   14   30   95   75   40   28    5   96   16    7   45   48   20   23   66   53   23   39   77   99   20   19   58   38   52   49   80    4   60   98   51   16   90   15   88   60   88    8   23   82   71   63   64   96   84   23   63   65   19   27   28   72   48   50   55   13   42   36   86    8   85   92   74   95   44   17   76   12   85   57   60   53   60   87   23   48   35   17   68   48   90   22   68   75   34   65   78   26   48   40   35   47   35   99   79   34   85   39   32   62   20   13   53   21   84   36   10   50   48   19    0   18   59   47   25   51   37   35   32   47   49   14   68   33    9   20   65   55   27   52   75   66   10   68   79   23   69   49    9   89   88   82    7   89   13   44   18   52   19   45   91   64   40   29   16   92   54   94   74   10   97   75   59   56   11   58   12   69   92   46   76   53   14   46   79   96    9   60   37   17    2   46   97   98   33   91   12   71   81   47   41   31   62   68   86   49   26   70   53   67   16   42   85    3   32   52   48   56   72   61   90   62   34   62    8   82   52   57    1    4   39    9   40   88   46   72   40   43   73   90   23   99   51   24   32   11   62   10   42    2   20   47   59   69   24   32   39   42   41   13   89   30   73   63   62   98   11   34   30   99    4   30   53    0   11   89    2   18   35   37   74   30   42   51    8   35   53   28   44   54   96   58   13   73   68   33   72   12   84   15   84   31   40   26   74   63   39   76   89   41   70   90    4   28   18   59   90   97   56   92   77   76   85   82    4   58   10   13   93   67   60   94   71   50   39   30   24   36    9    1   21   45   10   32   92   57   87   18   75
  11    2    0   52    0   23   69    7   88    2   82   71   84   37    5   58   95   77   65   44   23   12    5   94   93   64   43   19   96   68    6   42   34   79   73   72   78   26   42   74   25   55   81   67   33   39   63   10   79    3   79   79   64   28   40   58   94   84    5   95   69   96   36   80   11   52   42   26   32    1   66   22    1   23   78   52   22   62   20   98   10   39   53   93    8   80   25   70   12   17   99   61    2   59   71   79   25   57   15   96   22   19   68   16   13   72   14   99   81   23    7    5   55   65   36   74   58   51    0   22   26   49   20   30   16   21   85   50   94    4   45   71   82   76   43   98   24   87   99   29   81   30   87   44   36   72   22    4   90   96    4   70   11   85   23   69   17   92   26   81   84   43   13   70    6   94   37   94    2   90   14   75   38   63   21   54   58   19   70   45   40   13    6   15   60   15    8   47   79    8   57   85   92   90   90   67   75   51   71   95   17   32   52   60   84   79   26   73    2   84   34   23   39   80   95    3   79   55   19    0   38   34   81   57   76   71   27   49   75   94   43   51   31    7   31   18   64   84   57   94   37   66   14   74   34   61   17   63   71   91   14   43   51   66   12   67   13   39   23   44   45   32   80   95   98   13   58   25   93   77   85   34   14   69   59   72   38   55    6   40   65   70   40    1   42   70   11   57   94   84   19   74   29   56   67   78   38   16   87   39   43   53   12   77   91   19   68   70   36   27   45   19   42   39   44   19   95   43   53   54   39   37   19   94   76   67   62   40   65   94   10   31   16   63   30   47    6   87   94   43   57    3   80   30   38   31   53   39   75   73   31   70   80   10   16    5   95   18   87   44   31   57   98   45    6   81   73   50   30   73   90   98   25   65   51   61   10   76   57   50   33   91   82   63   64   90   73   48   39   23   70   84   21   18   49   96   54   91   32   38
  43   86   87   90   48   37   77   88   52   66    1   31   79   46   97   91   89   63   82   64   41   72   44   74   46   33   42   84   43   58   79   97   80   55   30   19   59    6   81   68   59   56   83   86   90   85   73   37   83   99   79   84   63    7   89   33   58   65   82    4    6   28   47   55   14   95   80   86   36    3   71   79    1   14   43   92   11   66   91   14   97   98   47   10   78   19   34    7   33   37   41   17   14   99   84   53   36   77   77   29   35   26    9   49   87   77   50   62   90   47   79   14   64   49    7   64   25    6   34   62   13   96   16   20    8   23   17   44   94   71   96   48    3   14   30   72   17   53   95   76   56   26   33   98   43   16   37   96   36    8   76   26   58   14   45   82    9   69    3   50   90   93   31   17   27   36   35    0   47   42   13    5    9   21   40   19   93   56   76   28   31    8   40   67   18   16   14   22    0   55   20   97   81   82   48   81   52   65   91   29   55   58   93   79   16   17   10   95   62   81   59   57    8   48   72   74   35   95   17   25   69    9   51   63   25   34   42   28   80   43   18   61   57   19    4   46   94   46   32   22   76    0   53   20    4    2   46    3   98   57   46   99   77   32   81   83    0   39   86   65   92   47   13   98   37   63   47   56   95   34   99   81    5   99   62   27   59   13   89   97   98   70   89    5   96   20   96   75   68   91   13    6   14   11    3   13   56   93    1   93   16   62   44   41   35   55   31   64   68   84   54   67   10   68   51   97   70   16   73   75   59   94   53   18    2   37   23   37   46   85   34   59   71   62   72   60   75   43   33   18    1    4    4   27   40   98   47   81   56   20   46   28   66   52   10   66   55    7   70    6   41   64   64   60   66   54   40   31   75   48   66   66   64   23   60    3   65   49   43   70   74   19   51   36   53   32   48   82   22   97   89   50   79   39   92   62   60   97   72   74
  96    7   24   42    0   19   57   15   85   68   42   74   23   48   75   45   56   36   93   94   38   28   30   21   52   94   98   56   59   13   39   79   50   61   63   80   50   60    8   86   52   73   59   68   44   85    3   27   20    7   45    4   36   18   49   46   66    0   16   66   14   95   91   42   73   54   54   95   91   12   31   39   35   98   79   14   61   88   23   40   61   51   75   82   25   98   38    2    9   34   39   29   41   46   21   15    4   31   62   61    1   80   79   96   39   25   45   97   50   30   25   92   32   74   48   41   16   97   30    2   69   78   93   67   16    9    7   28   69   44   23   24   63   93   30   15   19   55   83   54   96   53   32   13    6   49   50   92    3   20   20    7   10   94    2   92   71   55   14   88   81   97   26   17   49   21   11   53    7   70   16   81   74   49   76    2   98    7   75   83   58   56   30    5   63   69   42   63   33   42   31   85   72   29   57   75    9   33   49   55   22   99   19   61   24   56   78   57   39   69   63   80   57   79   58   76    9   33   12   24   29   40   37   51   62   81   67   52    4   36   51   53   88    7   92   53   39   51   76   59   45   86   20   56   64   56   49   67   69   97   86   72    2   19   97   43    2   13    4    3   91   81    8   35   93   26   79   48   57   20   28    4   10   66   98   21   77    2   42   73   34   94    7   11   49   46    3   20   70    4   46   39    3   80   12   30   28    9   67   60   23   84    8   34    6   44   16   16   98   99    6   96   33   80   10    7   53   30   34   19   34   11   35   42   15   41   71   95   16   72   62    7   17    5   26   94   37   80   58    3   15   85   53   49   41   74   20   58   54   68   99   32   93   51   22   19   80   39   61    9   80   66   19    5   53   29   58   10   72   66   96   46   45   36   61   47   80   16   13   89   97   34   65   67   53   94   90   12   46   67   84    0   43   94   47   33    7   29   60   30
  19   98    4   29   56   91   73   89   44   85   31   15   89   65    6   37   18   47   66   15   91   97   66   26   22   85   43    6   40   79   63   79   66   26   56   56   98   29   32   21   38   61   43   72    6   71   90   83   45   71   77   38   37   97   82   95   86   45   39   97   49   98   62   74   71   80   14   11   29   27   49   12   53   15   73   77   97   20    8   37   72   43   20    6   16   86   82   84   51    1   67   59   63   59   24   62   95   25   25   16   63    8   60   72   29   49   24   61   18   55   56   65   90   70   27   21   43   68   39   27   69    2   83   81    8   75   54   75   76   37   81   77   69   28   22   29   31   36   76   72   33   24   73    7   56   25   59   45    7   31   50   71   92    7   69   65    0   31   13   18   33   23   60   19   14   86   52   29   82   81    0   29   53    0   67    0   98   36   53   85   55   59   95   67   40   41   64   27    0   64   66   57   31    3   19   55    3   63   18   36   98   34   40   78    6   37   48   28   98   78    5   98   20   18   74   37    3    0   70   48   47   28   21   82   43   91   58   11   42   86    7   21   50   30   61   88   70   36   81    1   75    5   18   33   13   88   63    8   71   19   74   96    6   41   63   87   65   38    4   51   44   94   50   95   56   16    8   67   18   42   69   14   11    2   31   50   40    9   56   93   22   24    4   43   15   72   57   50    8   37   55   62   97   19   89   49   43   96   28   78   55   33   25   91   78   87   76   27   89   93   77   48   51   93   33   54   90    9   57   13   85   49   55    2    3   76   96   30   60    3   11   64   24   60   71   12   67   18   43   74   46   15   74    0   98   99   86   29    4   89   70   41   23   96   39   42   79   74   39   96   46   28   19    2    7   44   97   76   18   56   39   83   25   26   68    6   28   22   42   22   83   33   35   31   42   23   73   12    8   52   48   71    9   90   58   27   76   66   90   52
  69   88   82   69   37   18    3   26   47   62   19   75   86    7   85   64    7   17   74   94   74   96   36   85   86   86    1   96   52   28   75   52   37   13   80   45   61   10   27   69   29    7   28   85   95   85   37   96   83    2   35   81   18   29   96   19   73   75   26   12   10   87   23   87   50   55   66   42   95   88   66   71   71    3   27   41   13   42   65   85   74   88   67   54   60   11   80   60   72   46   79   42   85   98   17   99   79   40   53   93   51   24   61   19   38   65   58   50   14   74   24   10   27   48    6   68   69   50   46   28   47   50   59   58   25   55   38   56   66   44   34   33   87    7   82    4   63   53   71   85   82   78   59   53   69   63   52   97   30   96   72   99   24    1   37   63   94   74   24   10   55   36   36   16   55   38   15   44    9   17   62   49    9   18    4   92   43   16   34   51    5   34   46   42   98   38   18   97   97   66   81    4   59   83    0   54   15   11   65   47   42   13   32   55   41   37   96    6   41   65   58   23   56   76   51   90   68   24   64   30   25    4   75   48   82   84   27   11   72   16   68   74   70   63   22   19   65   17   47    7   25    1   29   42    9   10   75   29   44   87    5    4   36   79   96   38   29   41   53   97   22   56   88    3   63   79   34   55   83   77   63   15   20   26   69   91   51   42   96   51   68   64   85   52   36   75    5   22   11   92   87    5   24   49   96   99   59   65   32   48   93   95   54    7   32   42   30   90   52   68   79   36   82   97   34   75   56   97   68   58   82    0   88   97   79   82   35   55   15   16   46   88   58   63   96    0    4   49   17   98   31   58    0   71   98   65   46   51   43   69   13   19   56   33   87   88   94   26   30   41   78   10   70   93   88   26   40   58   30   39   35   34   35   16   46   99   25   28   23   39    6   19   28   62   34    8   53   66   63   50   21   64   84    0   72   67   29    4   52   91
  76   79   40   12   55   55   56   95   76   24   77    7   38   42   39   13   27   77    1   91   82   44   19   99   95   19   80   91   83   32   61   90   61   90   18   34   96    2   83   30   14   43   40   98   36   68   31   63   78   64   63   39   72   68   31   27    5   75    1   65   41   74    9   15   77   55   91   19    2   31   19   79   57   41   96    4   79   89    0   10   18   49   41   47   77   39   99    0   17   25   10   15   10   16   40   12   48   82   49   10   52   33   83   57   25    4   43   52    6   46   74   85   72   11   27    5   55   14    8   47   68   10   19   61   54   79    6   55   47   35   65   44   94   24   78   85   93   32   38   85   70   96   33   25   67   85   92   83   97   61    0   83   28   42   72   60   65   40   26   99   68   53   31   23   64   67   78   75   52   86   60    1   11   74   88   53   95   72   80   52   68   32   91    3    2   32   20   65   72    0   21   92   64   39   38    6   43   88   54   18   97    5    1    7   10   52   82   28   66   84   61   54    5   27   90   58   45   94   66   86   12   13   88   87   31   36   24   38    2   50   75   76   51   42   12   66   45   17   49   29    8   94   85   42   90   72   40    7   98    3   92    5   82   70   76    5   91   60   85   25   48   14   68   69   11   54   60   89   10   72   61   32   19   12   10   63   71   34   92   16   14   57   73   66   98   28   37   72   25    6   72   72   20   10    8   69    6   43    1   15   87    2   90   84   65   87   79   37   45   65   81   86   28    8   50   50   87   42   31   21    7   25   37   91   76   69    2   62    7   64   40   41   37   78    3   74   28   43   67   14   15    9   22   79   12   70   51   44   81   13    4   77   12   35   70   77   69   69   37   93   22    6   84   64   52   79   72   29    3   73   71   29   33   63    6   68   16   89   14   95   44   99   78   69   19   57   20   68   37   74   31   81   48   29   99   70   22   19   81   10
  11   79   13   58   90   47   97   39   74   25   36   58   36    8   36   69   46   48   18   63   47    3   66   37    9   39   50   57   56   90   48   71   68   80   89   75   98   19   73   51   30   73   97   53   77   94    2   51   98   54   15   11   30    7   16    5   39   14   16   67   11   17   47   10    1   61   77   85    1    3    7   50   77   19   88   91   83   41   31   64   92   43   48   81   88   49   96   94   61   35   88   72   35    8   60   16   32   52   84   25   80    5   67   24   64   27   45   62    6   16   86   92   53   28   27   96   75   42   45   73   43   67   76   28   75   44   97   22   39   88   56   88   11   35   91   40   30   30   91   29   11    8   97   63   95   76   47   34   22   50    5    2   83   62   72   32   56   14   50    1   53   42   37   66   60   23    0   16   87   61   66   59   81   30   43   85   11   59   83   81   35   92   26   67   20   29   51   67   27   42   38   18   57   17   50   15   55   46   98   59   61   97   29   67   27   23    4   83   50   98    8   41   98   88   76   74   19   31   69    0   95   69   86   96   63   13   14   91   46   20   13   54   56   55   39   22   12    2   19   17   16   39   53   18   55   67   40   48   59   35   34   23   64   66   56   89   20   65   26   40   28    2   50   79   98   52   71    6    2   72   49   23   47   29   24   65   66   18   88   32   62   69   50   31   92    9   35   10   59   54   45   99   77   52   77   97   65   90   50   87   30   44   73   56   35   63   13    0   54    4    2   95   37   43   38   83   41   12   76   25   31    5   88   76    7   25   94   79   36   77   35   10   52   28   98   53   26   80   86   79   98   53   36   69   10   93   81   41   35   13   45   13   14   37   69   11   16   88   90   54   22   76   14   99    6   40   36   80   99   73   17   25    0   11   23    0   24   82   20   97   22   38   63   53   17   19   24   77   68    2   26   13   74   93    4   30   94   54   46   44
  18   17   38   70   72   90   57   56   30   26   68   84   81   29   49   81   24   85   26   85   84   72   23   95   78   89   62   93   15   42    5   24    1   99   16   13    8   58   94   69   82   35   15   27   72   14   49    4   11   97   40   43   29   29   68   18   51   23    4   52   17   24   83   27   64   98   40   59   10   10   74   75   26    7   32   31   34   33   90   69   15    7   94   57   20   52   20   33   36   48   69   46   15   97   29   67   40   29   59   79   47   44   56    9   17   14   34   56   54   16   67   83   80   16   32   37   12   55   90   99   47    4   81   63   81   49   63   45   24   23   77    0   85   80   75   75   84   11   49   54   49   33   87   10   37   45   17    0   82   46    3   14   27   35   28   37   24    7   98   61   19   51   40   66   51   82   14   32   57   50   37   77   38   35   47   55   18   56   25   25   63   53   92   24   50   14   36   79   50   86   65   80   12   61   87    7   13   53   76   95   59   90   47   80   12   69   29   50   87   43    8   59    5   47   18   41   68   59   22   91   16   21   66   13   98   15   38   69   75   87   50   76   67   40   17   56   77    4   57   46   91   74   80   79   35   61   22   83   33   34   79    8   82   51    1   99   86   89   87   87    6   60   53   95   28   55   23   43   17   65   11   55   66   69   14   37   41   97   25   94   24   80   75    3   60   26    3   93   75   81   63   25   63   57   66    2   49   82   42   49   90   49   47   13   43    3   83   94   51   73   59   26   21    2   73   63   18   86    6   47    2   66   48   95   62   48   43   81   83   34   94    1   84   85   37   94   48    5   34   64   49   70   85   86   64   67   19   82   58   73   44   38   72   13   21   89   47   95   53    2   66   70   82    9   55   70    6   21   86   97   21   74   61   70   64   21    1   23   32   55   40   16   99   31   45   91   63   45   12   34   98   85   36   66   23   45   55   77   38   21
  26   10   37   28   99   31   66   90   12   96   58    5    1   89   46   82   23   18   85   47    9   48   28   20   67   38   28   16   83   56   91   33    0   46   33   49   48   52   79   18   97    1   52   57   78   30   70    6   43   37   96   98   88   61    4   72   20   84   38   67   55   44   64   86   73   30   18   25   52   25   79   34   19   77   74   10   52   52   37   60   51   93   13   38   40   47   72   68   94   16   25   40   73    3   22    0    6   42   26   81   11   38    7   55   64   47   11   42   85   61   58   94   20   55   31   84   77   33   84   27   43    7   44   58   65   73   74   62   39   85   31   21   27   66   63   49   90   31   12   48   28   72   51   89   75   60   41   66   35   93   59   74   21   22   47   76   91   12    9   13    9   95   14   11   31   82   91   67   59   75    9   56    5   75   49   95   60   74    6   31   45   89   67   47   64   15   68   90   33   41   95   24   67   63   20   99   95   84   65   25    1   71   69   25   12   51   99   14   31   28   17   99   85   45   37   74   98   43   86    0   62   65   42   41   14   26   65   19   28   48   10   89   90   34   28   56   88    5    3   72   69   78   59   37    4   43   10    6   57   92   75   55   19   13    9   74   82   77    0   20   47   45   13   44   58   37   53   86   16   70   76   88   25   52   43   80   17   23   28   27   84   49   68   49   76    4   23   58   26    1   76   19   86   31   52   83   33   19   41   39   60   64   96   14   19    7    8    0   35   96    4    3   33   65   66    0    2   82   81   66   14   97   73   93   61   96   11    7   95   58   61   74   93   12   26   20   26   40   56   84   23   81   57   81   80   27   77   76   56    9   95   94   34   49   42   71   31   97    8   41   45   30   47   31   35    9   40   67   91   99   78   87   34   96   86   21   72    6   32   27   78   60   30   73   10   78   86    4   74   60   23   26   21   26   32   78   28   89   54   59
  90    1   41   32   80   94   95   62   27   83   57   47   45   44   86   55   88   84   27   94   33   53   93   95   14   78   52   77   86   94   10   14   66    4   61   11   71   56   92   85   31    5   57   50   41   62   69   60   95   29   51   24   67    2   61   15    0    1   65   48   57   66   17   61   46   71   49    8   14   56    1   20   92   64   82   80   80   63   54   39   67   38   64   55   31   89   93   65   37    9   73   78   59    5   85   37    7   37   50   62   97   83   21   27   98   63   83   57   32   60   80    1    9   51   98   93   38   24   36   78   70   72   65   98   88   31   78   85   91   27   36   45   51   48   92   70   40   24    9   33   91   97   82   65    5   55    5    5   30   99   49   76   79   97   92   33   89   12   56   74   76   73   84   87   64    0   11   58   70   14    9   47   91   99   19   74   76   26   83   62   92   48   23   45   35    6    8   64   61   61   22    9   85   12   90   46   49   53   73   19   12   83    9   70    6   22   64   80    9   58    1   31   84   82   50   51   20   43    9    1   22   82   41   27   10   29   44   83   14    8    5   95   96   33   33   33   10   69   98   36   24   27   24   15   74   33   51   97   40   13   18   93   70   57   10   67   11   79   34    4   86   97   70   75   44   80   19   42   90   59   61   56   15    9    5   19   16   76   62   49   37   18   66   85   57   17   47   92   74   75   25   81   72   50   97   50   20   11   16   93   57   38   27   57   90    7   71   19   40   86   70   43   89   38   33   26   82   95   32   67   60   49   46   95   87   57   55   93   24   15   76   41    5   54   95   17   91   63   98   73   95   23   45   39   62   92   60   58   77   69   13   79   56   22   20   71   79   88   26   95   24    9   21   20    5    0    1   39    7   30   46   58   17   24   79   70   40   95   51   10   10   21   30   19   74   97   52   58   89   31   58   38   93   81   61   75   80   41   54   28
  16   95   14   83   57    0   78   50   18    4   74   54   46   94   93    1   27   30   41   50   72   25   32   12    2   27   63   38   23   31   96   99   58   96   97   63   78    5   19    7   74   69   47   66   89   17   71   88   74   71   72   20   21   90   25   73   45   90   28   89   88    0   64   53   46   10   66   34   53   29   84   51   45   84    9   14   19   46   11   85   66   46   34   26   98   56   43    1   22   45   45   52   10   22   39   25   12   10   87   89   83    4   70   89   12   95   70   57   14   89   96   52   54    3    8   24    7   97   41   81   33   98   56   42    2   22   27   26   29   82   70   20   49   60   82   89   37   81   20   42   30   38   17   59   84   43   30   27   50   11   22   31   59   14   90    6   78   89   96   65   84   96   29   74    9   73   72   47   14   61    9    9   56   66   39   64   65   48   59   65   65   80   62   41   20   32   46   29    0   87   70   96   88   80   95   69   97   84   55   76   53   30   12   26   79   87   99   85   10   28   63   27   24   96   80   57   10   75   57    4   72   50   61   40   52   26   33   31   18   85   29    1   43   69   72   51    1   37   66   89   64   75   89   60   52   41   35   91   12   93   65   73   66   42   79   98   32    4   40   84   11   29   81   48   53    8   81   46   54   22    1   31   17   56   30   97   27   22   29   34   75   23   76   50   83   26   44   19   42   65   55   17   67   56   54    5   38   71   39    0   27   67   21   14   74   70   59    8   32   31   39   71   91   61   12   28    8   45   22   33   44    1   59   56   49   98   40   51   52   37   93   49   95   71   94    9   61   44   47   17   82   64   46   95   43   23   56   39   46   27   58   38   89   45    6   77   56   56   12   50   77    3   54    4   12   86   58   82   32   13   10   87   88   97   51   71   19   46   44   22   15   88   39   35   50   24   13   57   87   90   20   87   34   80   31   30   43   76   41   89
  89   83   20   61   26   56    8   84   34   52   32   24   24   45   75   84   25    1   19   41   60   85   44   54   39   39   75   71   71   61   80   56   96   23   65   92   18    8    2   69    4   66   50   13   31    9   32   34   80    8   64   95   27   85   80   94   29   99   82   22   78   77    8   45   87    4   96   51   35    8   60   98   41   83   31   82   96    7   26    0   76   26   96   83   14   57   45   65   59   12   63   46   31   46   93   97   32   77   78   13   50   45   47   77   96   78    8   45   95   82   89   47   80    3   44   81   50   99    3   27   43   66   28   40   53   40   53   91   58   95   38   10   74   72   18   17   10   53   35   80   92   22   46   32   18   94   73   41   14    7   68   41    1   45   39   77   53   34    3   12   59   77   20   37    9    3   71   83   79   96   68   96   28   62   29   26   28   86   74   17   52   74   75   87   71   92   76   56   13   95   49    3   47    3   25   76   77   99   21   14   29   37   24   98   80   87   65   41   27   89   13   45    7   33   92   58    9   27   16   65   42   29   68   50   70   77   16   86    9    4    5   72    7   88   73   73   31   23   31   74   21   80   35   17   39   91   30   27   72   94   22   49   78   12   21   70   28   56   47   76   48   29   28    5   11   17   87   47   97    4   98   65   49   50   95   20   33   79    1   65   61   54   44   72   93   59   82    0   14   54   80   25   73   76   61   66   20   59   15   53   90   25   82   65   58   79   61   39   15   35   65   93   93   80   74    6   58   27   42   85   21   75    2   19   45   48   33   18   49   59   52    8   61   26   63    8    6   92   15   17   27   52   34   17   57   12   61    0   41    8   27   52    9   52   30   25   33   93   67   44   20   80   54   50   86   24   94   15   69   17    6   67   65   74    1   16   38   98   93   91   71   24   76   31   36   97   27   99   81   41   29   83   91   92   29   88   37   66   60   41
  34   50    6   71    4   25   61   70   77   52   56   58   87   83   44   94   26   30   11   76   57   59   78   29   24   64    0   65   21   82   23   40   67   81   85   24   85   46   44   61   98   59   33    4   87   35   81   31   10   96    8   96   20   36   15   78    5   55   97   39   19   78   61   95   43   35   32   16   54   95   65   70   73   21   78    0   44   66   16   62    6   22   76   64   95   15   83   40   78   31   77   86   72   29   85   28   11   75   21    1    8   71    3    4   99    5   69   49   33   95   34   16   39   30   76   68    9   89   87   49   39   49   51   31   43   37   97   14    5   12   15   73   35   48   82   77   91   64   76    0   31   50   91   54   72   13   77   95   35   79   20   89   69   59   58   83   26   18   60   85   91   92   16    1   21   64   40    9   38   64    5   89   40   18   38   49   78    9   46   65   80   11   11   97   93   32   48   18   79   95   51   64   67   48   43   75   31   86   40   80   45   35   11   39   69   52   60   58   45   30   17   13   72   43    7   81   37   27   47   37   40   27    3   60   74   95   14   18   42   77   63   66   53   98   39    9   47   90   55   80   69   90   60   75   61   28    3   41   94   10   24    0   41   94   43   82   59    8   29   45   31   28   60   29   85   89    2   99   56   42   55   81   12   16    4   76   79    5   82   34    4   56   67    6   25   11   23   31   91   47   61   21   60   31   43   16   63   10   41   41   37   22   12   65   93   22   11   19   29   36   29   10   75    4   32   76   60   17   11   61    0   30   83   32   34   15   45   22    2   57    1   58   19   28    8   21   36   34   98    8   48   52   97   82   61   62   90    2   79   27   62   47   46   91   88   17   39    7   23   52   23   55   56   98   74   54   13    1   79   66   89   20   54   81   35   44   78   86   48   17   86   59   44   70   37    4   55   47   92   67   92   62   40   10   87    3   96   21   60   24
  46   59   74    2   96   27   70   23   96   83   14   35   42   72   90   82   30   70   90   11   21   73   38   84   86   37   99   88   27   68   43   71   51   54   57   38   54   32   82   79   32   83   52   33   33   63   77   72   63   21   33   63   24   33   38   27   82   31   38   32   97   49    2   35   78   71   18   89   48   77   33   55   65   68   66   89   75   59   33    5   26   29   84   33    1   98   45   73    7   42   87   35   46   96   11   76   42   20   24   47   54   22   13   98   74   57   78    8   87   31   21   53   91   51   24   22   38   68   66   23   57   98   85   82   54   44   85   36   46   17   51    8   44   75   17   88   65   49   36   89   86   94   66   59   34   25   86   81   36   21   52   92   85   19   71   35   56   12    3   28   71   50   37   38    6   62   36   36   67   56   17   62    4   92   53   88   96   26   83   47   72    9   23   22   29   29   43   95    1   75   88   89   34   29   25   85   75   77   82   14   91   32   77   71   36   32   64   25   61   99   30   48   28   34    4   35   55   61   41   64    1   86   21   65   13   93   40   57   40   49   81   78   13   21   33   63   59   40   27   13    6   31   83   63   41   94   98   55   51   41   81   89   77   19   64    8   19   32    4    8   25   41   13   24   40   18   95   19   30   24   36   54   34    0   61   61   93   70   93   71   78   50   68   46   33   60   46   29   96   11   11   50    1   86   32   48   56   27   11   21    9    6   70   92   40   32   37   89   28   94   28   44   28   42   68   31    4   63   70   21   68   33   69   29    7   37    8    7   22   52   15    9   38   78   30   42   87   73   42   13   65   57   28   19   28   57   39   42   77   64   82    9   70   90   35   48   28   67   53   25    5   72   54   93   23   95   47   79   37   40   64   18   84   26   57   75   38   28   65   28   47   27   59   32   67   54    7   69   68   38   54   38   55   83    6   19   60   61   70   55
  64   45    3   90   36    1   62   80   31   40   95   82   76   45   13   18   83   56   42   97   17   10   32   88   86   62   14   82   86   82   79   12   93   39   80   57   36   81   30   30   19   96   14    4    5   57   10   64   32   57   96    5   52   45    1   19   59   54   67   36    5   82   20    6   21   42   25   85   58   65    5   17   56   80   90   33   89   52   71   58   98   11   55   66   52   68    0   63   60   67   60   24   85   23   76   24   69   26   83   36   41   25   32   96   92    8   61   84   58   35   79   60   19   31    6   90   18    6   92   26   64   96   12   35   20   25   89   29   23   11   75   33    6   31   87   27   81    8   33   59    0   68   99   70   81   16   49   64   44   88   77   97   72   89   78   13   87   95   64   32   42    2    0   36   31   30   22   67   38   98   89   72   83   67   21   16   50   71   53   27    7   27   89   43   90   89   14   21   53   89   26   49   40    6   53   67   64   67   80   96   95   31   13    9   78   44   49   28   25   54   25   56   75   34   56   95   76   17   31   21   53   38   28   53   56   53   41   70   23    8    6   94   27    5   13   63   31   52   76   24   19   37   43   49   86    5   82   36   86   41   13   49   78   48    4   97   74   88   92   70   48   97    0   32   37   30   15   46   22   68   81   70   61   65   34   19   30   21   55   31   47   43   64   36   65   66   51   66   26   31   70   74   50   36    4    3   75   65   42   78   56   67   44   18   76   43   76   79   41    7   97   94   90    4   40   18   65   61   79   47   62   60   86   45    5   83   22   96   96   77   33   59   93   37   23   63   92   79   36   78   88    0   71   69   52   20   82   53   90   74   29   95   36    3    5   32   23    6   84   77    3   17   84   12    7    9   79   71   52    9   58   44   26   16    3   63   67   14   27   23   97   85    9    1   92    3   22   73   16   21   69   23   63    0   95   51   55   39   52   83
  97   10   48   99   77    5   91   22   15   13   23   77   25   28   55    2   34   53   65   23   19   61   25   44   94    8   89   90   98   22   44    0   40   58   79   82   16   49    2   84   77    7   90   28   83   64   65   77   24    7   76   61   61   76   74   12   15   14   36   50   68   43    4   42   53   86   26    6   54   73   48   81   27   38   96   69   85   58   25   26   22   51   35    5   35   80   56    5   38   29    5   40   39   49   73   53   24   60   19   91   60   47   26   65   12    8   61   84   87   33   60   59   32   98   16   75   88   40   56   45    5   14   29   63   78   55   67   59   67   26   16   71   58   29   14   44   54   14   95   71   71   17   76   58   67   82   51   58   11   60   89   87   17   99   41   19   55   47   42   36   76    6   46   36   68   69   94   85   91   82   65    2   85   39   36   94   51   55   31   98   37   34   76   39   94   45   68   85   96   29   35   43   48   78   98   33    0   40    9   88   77   35   43   54   73    6   38   95   40   66   25   96   63   81   99   76   19   13   29   48   32    1   11   56    1   95   26   38   29   34   64   28   50   57   82   90   23   58    8   75   41   36   83   37   28   23   67    9   91   83   10   72    0   13   62   53   82   62    5   86   32   14   39   11   25   25   91   23   56   14   12   87   38   99   22   65    1   75   86   52   70   62   50   85   77   88   24   32    9   79   39    1   98   12   94   29   62   49   48   23   43   87   32   54   90   41   98   79   60   70   76   75   26   32   93   31   72   30   35   79   64   38   62   12   30   50   83   21   41   57   25   52   69   27   22   92   71   44   32   53   84   71   52   63   14    3   71   49   90   90   97   88   60   12   64   29   85   27   88   91   47   96   39   43   91   69   18   16   51   65   56    4   15    7   78   39   37   85   97    1   88   33   76   63   13   30   39    0   38   53   60   12   71   31   51   89   49   59   90   73
  37   15   42   74   41   16    4   87   23   68   83   67    4   22    9   43   86    3   43   34   58    2   62    0   41   18   34   67   85   23   37   90   97   55   50   44   94   42   38   44   85   21    0   41   49    1   55   41   63   38    2    4   57   60   23   78   43   19   42   46   10   91   37   89   28   25   18   22   68   21    7   58   70   83   50   24   90   64   96   70   36   13   63    8   82    8   27   45   94   25   35   35   12   97   47   32   73   32   99   74   11   94   21   64    4   76   85   22   23   18   13   99   56   96    8   34   76   80   62   28   19    5   88   69   63   53   55    5   24   42   40   58   37   39   19    4   81   93   76   92   61   88   42   69   30   90   74   85    2   54   59   51   44   61   22   28   99   11   89   92   50   49   86    8   78   94   33   80   49   64   98   99   40   82   28    7   70   72   43   11    3   77   12   26   27   34   15   83   48   13   71   94   17   12   97    2   58    2    8   80   17   47   61   50   50   83   54   51   80   95   11    0   10   16    5   78   47   91   31   70   46   29   78   84   17   22   74   43   53   78   74   40   63   82   13   60   44   86   28   23   75   63   19   66   26   41   99   43   92   91   65   22   64    9   69   51   99   88   14   97   62   89   86   77   71   10   17   62   99   65   67   49   47   84   59   98   97   97   27    2   84    3   65    5   95   31   96   74    5   57    2   48   71   73   54   25   52   99   53   24   79   37   88   85    2   78   77   15   13    6   34   65   96   69   60   89    6    2    7   86   31   33   45   36   96   64   70   85   64   41   48    0   33   64   25   55   47   97   97   52   29   63   92   87   40   27   60    1   40   74   53   68   54   88   63   23   87   42    8    4   61   71   22   19   36   55    0   50    9   40   40    4    3   60   35   51   18   24   32   66   42   97   88   93   13   88    1   75   52   80   46   71   32   40   91   18   61   75   20   61
  53   80   65   95   54   39   57   90    1    6   15   25   59   46   57   93    1   97   30   51   16   58   23   44   21   89   61   85   92   25   47    6   97    7   15   90   39   72   63   17   65   70   11   40   10   58    9   59   73   68    7   28   89   92   11   87   10    1   12   68   99   54   20   50   44   11   36   53   75   73   17    1   94   42   35   62   24   14   56   98   40   68   44   68   71   45   46    8   79   90    1    5   65   77   53   16   69   71   52   48   52   45   82   99   71   99   87    5   41   89   43    0    7   60   87   82   89   32   93   70   20   60    1   45   24   85   14   68   52   79   26    7   66   20   72   59   43   82   20   77   65   46   53   82   39   88   98   59   46   14   39   60   31   31    5   35   32   89    7   98   60   70   67   31   73   27   28    4   94    5   41    7   96   67   57   19   90    8   42   99   37   71    4   60   66   54   56   95   73   61   10    3    0   58   55   43   69   99   27   48    4   78    2   81   75    5   99   96   36   51   78   82    1   64   15   45   94   27   50   18   96   71   19    7   76   24   79   52   88   21   29   54   90   36   61   26   66   71    9   24   50   19   21   16   67   20   98    1   30   71   45   56    5    4   18   48   51   83   11   47   36   99   94   10   66   61    0   52   69   58   65   51   93   56   72   90   53   36   68   65   77   22    1   35   77   53    7   70   58   91   39   70   86   68   91   42    2   23   15   71   65   37   47   87   34   86   17    7   25    3    6   46   40   22   16   23   74   41   58   78   77   16   60   95   46   60   87   76   36   15   67   15   37   31   13   89   84   83   33   26   49   41   37   49   68   32   75   95   61   67   57   43    3    0   44    5   26   54    3   75   53   61   17   81   58   77    8   80   53   60    2   86    2   33   28   15   87   80   58   29   81   23   33   55   58   56   17    7   44   62    3   22   48   13   90   96   54   29   89   41
  55   14   30   94   59    1   43    0   47   40   56   12   22   19   83   28   68   46   34   88   55   42    3   78   57   96   80   84   77   85   77   79   69   11   25   17   99   27   28   67   10   41   60   50    0   81   48    3    5   86   98   56   67   59   54   28   22   16    7   57   65   84   92   75   74   79   51   33   44   62   60   56   86    8   65   53    6    0    1   73   96   88    2   88   62   32   20   61   16   74   20   64   94    1   15   52   57   51   16   80   32   80   89   65   81   15   26   55   42   88   95   16   95   85   27    8   38   96    2   96   23   98   55   34   65   85   32   34   67   10   69   43   27   80   61    2   95   44    0   60   34   81   68   24   88   10   34   20   23   61   80   61    3   35   56   51   48   37   12    9    0    8   75   50   82   92    2   43   31   52   69   80   48   54    3    5   36   37   44    2   24   91    4   97   71   22   80   54   51    7   60   22   32    8   76    0   61   65   47   43   35   69   72   96    3   89   47    3   92   40   63   93   66   96   29   72   10   25   21   43    8   28    4   25    5   25   85   68    4   70   93   56   29   94   93   76   41   42   26   82   85   24   42   41   78    5   40   91   54   27   94   10   45   77   38   94   81   83   48   32   72   99   58   27   94   23   13   20   19    1   28   58   90   73   72   60   82   53   78   64   14   87   66   30   79   47    0   90   47   27   47    4   90   33   39   66   49    6   43   19   30   43    9   37   19   92   43   52    7   88   11   40   66   58   56   56   36   16   99    1   20   26   28    5   67   74   19   84   32   34   46   17   80   14   84   50   22   44   79   94   34   90   52   94   48   65   70   84   48   80   19   29    2   61   49   50   45   56   60   43   87   24   50   79   69   15   64   27   49   81   42   89   55   93   63   95   29   14   97   53   91   17   88   48    9   73   55   97   65   96   89   57   63   39   84   35   88   54   97   11
  30   37   67   13   26    6   31   96   89   31   70   47   30   69   35   50    7   89   88   90   40   27   55   42   33   20   35   93   72    6   24   80   30   83   74   87   94   64   82   51   87   60    9   19   45   17   18   79    4   54   75   93   40   26   70   28   10   51   28    7   63   74   93   16   78   56   20    9   15   40   72   55   19   53   38   97   89   67   74   53   62   65   91   73   82   95   24   14   88   71   13    1   38    0   73   71   45   55   69   79   84   37   41   15   30   64   77   52   22   29   48   46   93   54   79   20   24   73   40   60   38    6   36   50   58   26   45   88   50   45   31   14   96   66   15   26   88   95   54    3   82   13   63   99    2   94    6    6   56   37   24   94   38   27   76   85   65   52   42   80   64   66   98   80   77   34   77   98   70   39    1    3   30   76   10   21   36    9   59   68    2   77   12   63    5   24   63   20   73   31   88   68   34    5   75   86   46   96   40   88   13   42   73   52   53   51   10   59    1   85   37   86   33   31   64   11   50   55   27    3   85   67   77   71   92   67   11   25   65   74   82   29   33   42   99   69   71   31   30   88   50   32   40   86    7   94   57   37   28    5   86   25   10   77   64    9   43   87   20   59   60   79   22   75    0   75    1    2    9   73   81   67   95   60   98   85   67   52   51   57   26   51    7   74   99   93   70   59   46   35   21   51   72   94   56   18   55   90   45   83   81   36   74   87   15   74   47   94   91   50   64   71   28   35   70   38   11   18   32   57   64    0   26   91   18   33   65   62   93   97   34   41   25    7   80   37   67   98   58   95   45   68   65   67   99   48   54   50   78   55   18   39    3   81   55   90   55   86   85   28   59   20   33   97   48   15   96   37   72    5   12   20   94   42   88    6   68   57   30   43   32   43   51   76   85   39   84    6   41   68   86   69   43   51   40    0   76   94   44   30
  82   30   78   18    1   63   83   59   49   88   65   62    0   27   10   78   13   28   35   89   51   10   22   42   44   97   80   75   99   34   53   74   84    1   33    1   12   40   47   95   35   56   76   10   68   57   78   90   45   57   16   28   38   97   55   94   27   47   30   83   62   30   15   22   91   45   75   88   60   76   30   99   53   78   54   78   98   84   31    4   45   71   84    7   54   49   58   47   85   75   18   94   66   17   54   93   21   70   77   61   52   73   46   21    5    6   63   21   26   35   62   42   82   12   12   75   35   55   61   66   73    8   25   50   15   87   31   86   46   70   99   60   29   92   14   10    5    4   32   72   66   35   85   13   39   93   91    2   35   78   97   40   29   38   53   41   82   34   79   10   95   70   69   51    1   39   56   53   23   47   65   24   86   15    9   79   56   71   62   19   21   12   29   54   53   65   39   58    8   27   78   73   78   21   59   51   55   19   20   35   39   49   75   57   89   10   77   35   73   53    6   79   30   25   22   79   63   96   13   64   21   73   16   80   41   86   38    9   22   31   19   50   80   33    8   22   44   91   57   76   23   22   11   24   94   63   53   46   10   30   19   83   26   93   24   36    9   64   14   33   96   95    8   40   57   20    8   39   49   31   85   50   37    9   93   61   87   77   60   26   28   25   67   33   12   51    5   10   86   55   24   66   37   97   86   96   26   31   62   66   14   73   39   83   49    8   57   12   71   29   51   26   13   78   20   81   63   46   49   47   42   51    2    3   62   39   80    9   12   13   86   68   47   54   29   43   32   75   77   58   23   26   38   66   88   28   79   11   13   95   32   83   36   54    1    9   95   42   76   57   67   33   95   19   72   50   53   88    1   31   78   87   93   37   40   28   38   86   35    9   99   76   13   47   76    7   22   67   75   37    3   75   72   51   25   80   69    2   82   48
  69   50    8   85   87   85   53   47   22   27   16   44   65   72   38    7   90   97   69   63   89   42   50   59   52   89   24   40   95   22   61   66   85    5   50   37   45   20   32   75   94   85   73   80   73   10   63   14   36   93   90   62   71   27   75   59   51   72   92   67   42   36   26   61   36    8   56   91    1   80   86   88    9   26   79   23   97   56   34   37   43   19   36   79    6    8   39    2   43   82   53   21    6   87   78   55   28   60   75    2   74   44   38   91   81   74   71   25   95    4   34   14   19   79   23   49   70   48   26   85   32   45   22   44    3    6    2   78   29   44   41   94   79   22    6   18   18    0   73   68   55   53   27   28    9   33   41   30   89   38   75   30   87   43   75   84   84   53   82   77   19   57   52   27   68   96   43   18   73   94    4   93   72   18   36   16   56   29   63   60   79   42   60   85   42   98   46   44   59    1   53   97   63   42   45   50   10   62   12   76   11   48   94    3    5   62   67   44   18   54   72   27   14    0   96   13   65   58   53   64   16   12   54   43   56   62   97   42   73   69   25   93   89   32   35   79   68   23   17   57   74   87   38   87   75   41   76   82   89   47   53   64   28   53   57   56   34    6   53   84   71   30   60   10   63   36   56    8   42    2   75   37   96   49    9   90   47   38   68   80   71   62   95   46   45    4   50   85   28   61   81   21    0   27    3   74   32   81   76   72   25   20   31    7   33   43   54   53   81   54   77   55   22   70   97   56   58   23   75    3   71   48   93   18   48   40   82   22   40   48   56   23   41   30   15   19   20   59   73   68    0   53   22   99   14   42   55   18    5   82   31   45   74   38   45   53   75   13   99   91   61   82   69   92    3   47   98   33   83   14    0   66   91   23   82   30   97    1   73   96   53   84    6   71    4   75   17   83   53   22   81   46   92   43   43    4   21   61   26   12
  22   57   36   74   92   10    7   17    1   87   74   72   91   78   82   15   86   68   14   13   74   41   31    4   41   32   29   96   19   69   65    3    0   76   51   38   46   29   93   19   19   42   15   25   65   91    4   70   20   91   74    3   68    4   38   62   85   61   83   71   11   56   12    3   89   68    2   82   83   70   43   82   99   44   27   10   25   89   65   76   13   53   29   14   69   17   89   19   62   15   25   82   87   44   20   29   57   33   81   26   33   53   29   44   26   89   47   17   16   85   41   31   34   97   36   69   26   92   69   90   25   48   32   42   25   17   38   34   53   30   15   34   70   17   37   21   66   80   89   79    5   86   90   17   43   95   64   25   50   19   46   13   75   13    0   27   36   98   64   72   72   53    3   34   73   59   33   46    6   89   26   26   25   18   41   27   58   74   12   55   10   72   47   49   33   40   37   25   85   80   29   35   71    4   22   29   12   15   55   55   74   49   33   47   95   25   87   10   71   12   88   35   29   62   48    1   73    0   80   13   90   50    8   33   24   44   94   30   51   68   80   30   15   20   65   76   64   96   52   56    5    5   97   80   78   42    9   69    8   58   36   50   15   36   38   20   63   38   37   16   23   67   74    8   25   71   21   79   90   61   43   82   69   34   97   49   42   50   91   63   92   47   39    5   79   51   43    2   56   43   49    3   52   48   81   37   13   50   63   53   12   79   54   94   17   24    2   91   56   37   10   16    6   60   43   39   75   32   37   62   59   69   66   44   36   27    4   78   59   64   78   62    5   91    5   99   21    4   92   25   66   81   38   10   26    2   41   32   59   78   84   41   33   21   65   17   90   55   85   35   92   62   46   79   67    0    9   32   49   54   87   67   35   30   19   47   95   10    3    9   51   86   63   53   67   46   97   43   80   95   45   42   64   26   77    9   69   80   32   94
  96   92    5   16   56   64   62   53   14   40   48   81   85   89   92   13   91    0    6   19   12   80   32   91   64   68   16    1   11   57   89   42   54   78   18   75   67   19   38   31   97   21   94   52    5    8   12   59   89   47   38   56   21   83   32   48   20   78   63   93   82    9   61    7   66   18   21   72   23   63   19   60   98   67   21   45   23   29   42   18   26   93   71   24    2   34   16   72   43   75   82   52   76   51   64   96   95   46   52   89    6   98   63    6   56   65   55   96   45   44   20   37   52   37    8   76   26   66   97   43    3   58    4   59   97   29   34    0   25    0   53   44   61   68    3   92   27   83   93   34   78   53   62   44    8   20   22   20   68   84    8   12   39    7   93   27   75   48   38    4   45   34   21   82    2   37    3   59   57   96    9   70   81   68   94   97    7    9   19   93   19   15   51    3   73   46   99   88   50   31    3    9    7    1   48   39   11   98   91   67   89   50   40   20   64   95   94    4    0    3   16   29   54   45   69   88    6   71   61   39   69   65   27   72   40   18   98   33   54   24   54   83   30   88   46   89    8   59   75   35   61   50   42   87   15   68    2   83   44    8   24   53   60   81   86   53   17   30   69   35   48    6   66   88   93   69    8   90   45   16    5   23    6   54   66    9   70   62   79   32    7   16   25   34   47   94   65   61   84   62   13   76   60   83   69   58    7   45   22    9   68   77    8   24   82   16   70   93   91   66   98   59   89   69   35   35   72   88   35   49   22   54   18   33    8   97   46   49   35    3   51   89   41   41   52   58   61   26   19    3    3    9   88   28   79   83   90   99   45   11   83   64   47   93   48   30   33   92   42   46   74   34   11   81   68   10   18   48   30   20   91   46    0   52   31   62   16   14   14   80   85   91   20   88   13   57   26   67   33   90   53   10   44   70   57   56   47   71   78   19
  84   29    9   91    5    9   64   92   39   72   76   25   92   69   76   89    1   20    1   69   60   96   56   25   72   91   11   12   19   72   39    4   93   52   21    5   57   97   27   83   22   86   67   92   54   72   19   29   92   99   65   34   42   87   76   75   57   63   78   67   86    0   15   57   64    9   26   99   85   21    7   84   60   79    0   67   28   57   76   42   78   76   23   38   85   75   50   18    1   81   86   77   54   76   19   40   35   70   90   50   43   26   23   46   14   40   83   16   22    1   34   65   98   74   30   30   40   99   34   21   89   60   46   81   40   72   31   39   77   85   74   74   32   25   57   73   80   33   24   26   35   37   93   39    3    1   21   26    6   68   93   37   29   63   52   65   87   97   26   42    8   59   30   71   49   67   48   53   63   79   13   65   44   66   65   28   44   79   62   56   83   84    6   15   72   38   98   70   21   90   11   86   75   61    8   73   49   41   62   17   63   48   51   95   36   37   84   52   96   94   20   10   18    5   81   62   12   34    3   66   85   39   74   51   69   96   40   46   37   67   41   99   63   39   44    0   50   70   22   64   55   35   80   73   18   76   22   23   54   19    5   68   76   42   32   12   77   11   56    0   57    8   11   67   32   93   62   79   14   48   44   69    2   59   85   23   26   39   76   47   82   27   94   94   30   27   76   69   70   32   65   47   90   70   64   76   47   23   54   54   44   63   46    3   88   75   98   62   87   64   98   20   26   49   23   56   37   34   34   68   14    3   89   50   81    5   24   43   51   89   13   44   15   98   66   75   62   94   97   87   20   85   25   33    1   82   90   33   77   84   57   46   64    0   45   91   33   69    3   68   32   87   73   96    9   76   28   56   23   17   83   71   52   50   51   52   78   65   88   75   23   26   50   31   67   24   44   75   52   46   96   59   75   53   65   84   19   58   32   98
  45   59    3   50   41    6    0   42   84   33   83   58   60   34   76   30   68   99   57   32   45   85   52   80   89   32   13   38   17   74   57   38   80    4    8   50   22   53   14   33   59    5   36   43   82   96   12   92   97   83   66   37   10   18   98   97   71   85   50   19   73   42   52   60   80   60   81   64   21   95   23   15   80   89   24   27   17   55   48   55   27   69   32   35   44   11   38   84   27   18   74   23   73    7   19   50   90   60   15   52    5    8   18   83   90    6   35   98   46   37   48   57   20   68   31   52   68   84   67   78    2   58   29    1   70   63   89   78   41   81   35   54    8   34   57   35   31   36   57   69   14   70   79   59   13   76   30   47   18   53   92   86   34   50   25   29   13   41   30   25   22   22   10   60    2    1   96   31    0   64   53   21   29   99   43   62   76   62   10   53   67   76   98   69   36   83   27   25   74   42   40   53   30   35   43   26   54    1   86   37   95   45   61   80   83   68   37   33   67   73   57   15   50   29   57   33   68    2   56   87   11   42   89   30   60   74   59   53   12   88   64   68    0   89   75   72   17   78   30   43   43   10   12   48   62   54   46   25   83   22   24   36   35   41   23   62   57   29   91    6   28   33   27   22   81   61   76   37   50   58   69   36   56   57   10    0   96   59   59    5   97   76   32   90   73   53    1    2   27   30   69   10   24    7   54   63   84   66   11   62   19   15   20   17   88   30   26   40   13   22   79   89   85    2   58   48   83   94   33   98   31   32   55   63   95   80   89   22   96   55   79   96   44   89    9   88   93   60   55   62   77   23   44   80   76   76   39   43   59   85   66   24    5   84   10   62   68    4   39   35    6   68   32   72   71   36   43   22    0   17   10   97   20   39   56   40   93   16   81   37   69   97   11   50   47   70   70   94   48   92   92   88   33   90   12   61   11   86   41   79
  66   99   18   88   20   53    3    0   45   99   38   53   39   94   25   42   34   64   51   87    7   15   34   36   56   87   94   49   59   65   58   54   94   46   60   35   42   96   15   72   10   95    5   86   89    4   95   86   27    8    6   94   94   51   83   30    4   66   26   90   85   99   57   22   39   74   82   21    2    4   45   16   94   76   74   12   20   72   82   95   49   73   19   26   72   87   11   79   70   60   78   97   20   17   90    0   69   26   41   29   43   17   50   55   23   10   27   62    4   12   61   39    7   46   84   16   73   96   54    9   97   19   78   38   85   81   42   54   11   35   88   47   29   85   67   44   15   23   39   20   26   84   69   24   55   53   86   69   77   15   42    1   67   98   68   81   11   94   73   56   40   22   86   52   96   76   86   59   49   47    6   55   43   22   67   38    7   45   25   76   28   53   87   44   75   95    3   20   61   80   12    0   61   39    5   19   83   48   38   49   66   39   24    5   97   23   88   26   74   46   26   42   67   20   88   60   26   46   73   22   79    7   76   12   78    7   78    4   50    9   15   33   91   53   21   47    6   90   83   90   18   18   10   86   59   56   56   73   92   79   25   40   98   42   77   75   97   82   60   43    2   24   45   66   96   77   16   76   91   39   24   18   12   50   94   28    5   31    4   68    9   32   74   80    1   39   32   17   24   45   79   35   31   32   89   19   75   23   79   75   24   76   18   42   35   28   58   62   86   66   34   55   47   75   66   42   51   64   48   51   33   31   76   13   31   18   20   49   17   19   90   96   45   36   56   15   27   93    5   83   89   25   50   66   19   72   91   49   86   58    2   84   49   49   24   45   47   74   57   94   26   92   71   61   65   54    8   62   25    5   38   88    7    3   36    7    4    3   77   72   22   28   73   40   36   24   47   92   22   99   22   43   52   81   74   25   74   64    4   13
  39   86   80   43   34   72    5   64   64   78   96   37   94   60   34   61   13   19   31   18   82   70   81   23    5   62   41   96   20   27   36   87   97   52   23   58    3   26   40   92    8   71   26   70   43   85   10   11   61   10   91    8   31   88   48   90   74   42   86   66   65   84   14   35   40   26   30   96    0   19   54   50   89   58   97   37   97   49   10   80   20   71   89   79   29   28   10   26   56   25   84   53   57   16   89   96   64   82   66   98   40   24   52   64   82   90    7   44   65   48    9    4   73   95   62   74   52   96   33   22   72   77   85   20   12   15   91   91   63   12   73   67   78   41    4   93   44   51   84   64   31   76   51   35   49   93   91    7    1   12   19   66   69   43   67   34   26   75   55   76   36   86   68   17   71   81   87   67   17   85   65   59   98   88   12   77   83   93   71   64   20   41   23   39   64   40   14   67   33   33   48    1   74    9   78   79   23   92   57    7   18   32    1   52   18   76   56   69   16   98   67   58   92   42   44   90   85   29   68   21    6   27   12   31   28   47   95   28   39   85   33   99   67   96   80   68   72   70   84    5   10   48   38   60   25   91   17    8   76   51   83   43   97   15   45   95   10   91   86   14   56   24   19   57   34   25   85   67   25   80   88   41   63   95   39   15    5   20    1   72   92   53   94   62   98   53   39   86   76   38   43    6   36   68   28   51   81   61   32   23   58   78   84    6   30   19   64    0   17   68   74   76    7   54   68   17   73    4   86   29   86   38   82   47   19   76   67   94   29   80   37   35   22    1   52   97   60   68   68   32   92   93   76    9    3   34   98   49   89   28   73   11   43   12    0   66   22   96   97   98   74   47   24   76   70   20   23   69   73   45   10   64   14    3   93   76   70   55   72   54   95   22   43   35   40    5   90   34   58   27   10   78   44   13   65   16   88   80   70   58
  97   64    3   12   67   65   36   64   35   46   17   95   62   27   67   57   28   12   67   38   26   26   15   69   93   76   21   85   48   24   43   64   65   50   45   53   74   22   28   70   72   62   76   90   38   60   86   69   17   34   60   18   75   94   57   60   67   47   70   99   31   26   47   70   75   22   94   44   48   37    3   75   45   46   52   34   13   29   54   83   43   20   26   45   91   42   25   47   91   66   71   88    2   15   22   71   20   14   42    0   87    0   15   89   98   84   49   32   91   64    3   14   89   75    7   99   56   94   96   63    5   44   89   36   30   27   66    8   43   20   88   55   26   27   73   72   88   76   15   47    0   90   76   81   73    7   67   80   63   82   59   34   40   49   29    7   49   26   51   95   67   93   82   68   13    1   15    2   49   59   55   23   42   65   29    9   16   98   21   11   83   33   95    9    5   38   90   33   72   64    7   85   11   81   11   73   89   99   67    4    3   78   46   13   26   60    9   81   78   66   55   11   40   18   56   88   88   91   34   74   44   29   76   25   64    7   59   46    7   39   91   24   39   65   12   20   31    8   47   43   17   72   56   18   26   58   29    8   77   26   64   83    6   14   26   66    0    1   81   54   12   24   53   22   12   50    7   98   74   23   95   55   25   37   77   69   37   92    7   42   27   90   19   91   74   87   37   24   18   70    9   33   44   18   45   46   15   48   56   64   25   32   93    8   29   28   23   81   89   86   19    6   87   20   79    6   60   49   86   17    7   77   37   82   28   49   54   46   62   53   42   23   17   69   90   67   14   14   40   30   22   47   49   91   78   16   57    7   99   13   94   23   99   61   55    3   72    3   52   88   75   11   16   32   72   36   60   79   70   91   86   77   24   50   79   54   83   43   93   98   30   96   40   76   64   88   89   55   12   56   61   74   69   35   82   66   74   42   33   92
  67   35   37   63   46    1    8   58   17   77   34   83   77   87   62   50   67   58   91   31   10   95   82   63   15   25   31   89   36   63   93   68   56   12   26    2   16   58   67   16   33   68    6   60   46   32   46   43   87   82   93   67   47   31   58   50   85   45   69    4   43   35   64   12   13   17   56   33    8   99   62   59   64   30    3   16   81   38   98   27   46   87   72   52   58   93   49   32   76   12    4   85   90   63   19   69   94   15   18   31   28    5    8   27   25   67   77   80   88   93   74   34   23   25   71   85    3   35   46   41   55   21    9    5    0   19   76   18   38   74   99   63   12    6   14    1   20   47   83   56   85   67    8   30   47   56   76   60   78    3   34   99   14   94   33   37   10   59   24   37   73   83   72    9   62   17   92   72   57   24   99   98   60   83   70   82   13   16   28   19   71   81   69   42   70   74    8   62    1   87    3   79    5   66    7   63   23   79   98   49   20   52   12   94    3   79   74   88   77   67   20   37   55   92   59   25   34   31   68   22   99   71   22   58   26   57   49   70   21   82   77   26   82   76   32   52    0   89   68    3   75   23   50   17    1    5    2   66   93   79   95   52   34   83   21   63   13   64   25   23   75   96   67   49   72   96   79   40   54   45   51   70   21   80   50   23   90   99   53    3   58    5   86   11   74   56   70   63   32   89   79   44   86   78   35   61   18   41   39   57   32   21   37   76    3   54   56   82   21   36    3   19   73   48   72   49   72   31   58   60   65   29   31   59   90   53   43    2    8   66   14   40    9   80   24   72   47   79   47   26   96   74   64   65   87   92   16   65   91   11   85   53    7   64   31   92   90   28   82   36   20   82   47   60   27   44   82   72   98    2   80   38   72   41   16    8   99   96   32   97   78   59   51   33   83   64   90   92   91   87   64   32   44   71   54   15   74   67   26   23
  72   81   96   69   73    1   49   56   10   45    6   93   13   54   73   11   36   79   51   87   11   55   64   87   51   31   21   29   18   88   21   41   11   99   42   93   51   53   81   78   90   79   89   35    2   46   16   90   73   50   60   30   78   12   76   42   44   44   95   49    2   75   93   97   27   38   26   80   64   62   98   84   13   42   92   46   35   30   69   70   45   27    3   40   35   51    0   82   25   64   49   53   89    7   33    6   78   35   44    2   60   22    6   95   51   21   34   79   47   65   29   12    0   20   92    2    1    3   73   88   44   97   35   92   49   35   88    7   11   76   91   28   61   19   16   45   94    8   89    2   99   50   80   62   84   61   15    2   83    8   72   18   66   33   88   72   47    2   31   18   74   74   42   38   57   45   47   10   87   29   39   33   95   95   91   55   33   13   55   74   67   92   96    3   41   52   59   40   66   62   52   10   27   15   34   55   37   48   28   69   50   71    6   82   78   75    0   94   64   59    6   77   95   91   58   47   41   11   37   83   93   11   18   33   46   78   57   21   13   21   18   82   10   34   85   50    4   26   19   36   50   78   94   86   50   46   38   50   13   68   12   28   81   75   36   94   47   17   93   36   39   13   22   10   49   58   53   27    0   26   95   39   23   69   48   29   28   53   99   80   54    7   68   18   86   52   14   27   41   94   63    7   50   32   79    0   89    0   54    6   38   40   60   33   91   42   89   36   67    7   34   60   34   32   46   53   45   80   57   91   20   87   33   36   80   17   89   55   58   87   55   80   26   45   22   77   90   18   92    2   79   91   79   94   88   72   18   33   19    8   47    3   17    2   77   29   83   26   59   25   57   88   38   17   26   11   72   40   47   77   56   47   13   66   39   65    3   15   90   74   60   12   57   71   78   92   85   11   34   12   15   98   41   97   97   48   58   15   21   63
  86   52   20   38   59   73    9   23   18   77   27   64   12   11   11   42    2   51   26   47   61   46   79   79   61   54   57   22   49   58   93   29   70   19    9   99   25   63   25   33   76   27    6   41   76   77   59   76   80   56   45   82   68   52   10   79    4   80   56   56   95   18   42   73   90   83   68   53   90   70   55   48   32    0   71   78    5   45   33   96   82    2   40   86   65   13   42    8   24   40   87   18   52   65   77   60   13   83   94   85   18   29    5   77   21   94   62   32   45   35    9   15   53   99   17   95   16   70   92    2   29   51   54   87   32    8   65   42   20    9   33   89    4   63   25   62   87   31   40   40   70   75   39    8   54   69   46   49   66   41   71   63   10    1   97   53   78   56   26   11   84   11   40   38   17   92   52   60   37   55   88   97   29   53   36    2   66   83   46   95   75   97    3   21   27   54   93   40   22   44   46   32   71    2   30   20    7    8   85   48   97   18   94   50   10   20   48   68   82   91   89   58    2   10   99   15    9   81   55   41   44   68   99   67   56   21   33   29   73   71    3    1   94   48   92   13   37   51   19   48   25   55   42   35   74   22   28   47   28   46   17   46   49   53   52   48   37   34   52   28   32   73   77   54   76   10   86   20   42   46   39    3   76   12   87   13   63   86   66   38   63   86   62   36   24   70   17   52   14   22   88   90   82   87   76   74   78   66   77   44   71   13   39   42   57   72   98   47   80   98   25   62   12   16   51    7   53   21   68   54   79   96   83   98   52   76   94   24   84   99   33   93   40   65    5    1   78   25   78   48    9   29   19   61   10   57   81   98   68   43   51    2   89    5   97   15   91   25    4   67   95   67   32   84   58    0   19   67    6   56   30   25   52   59   56   14   68    2   42   47   54   63   84   55   73   78   42   23   68   34   14   58   26   38   47   77   64    1   10   77
  92   81   17   70    9   54   30   24   34   14   93   89   90   99   86   16   46   38    0   22   70   20   59   70    0   93   47   39    1   84   89   87   58   68   83   77   49    8   40   79   96   14   85   72   36   95    4   28    8   48   75   47   39   18   33    1   59   76   72   89   46   26   50   67   72   61   16   32   12   27   39   87   37   39   63   99   27   83   92   83   16   21   78   41   47   12   16   37   70   99    7   63   92   33   88   29   55   21   83   11   57   16   20   36    9   42   31   38   16   15   73   28   57   44   30    8   51    5   26   79   14   19   83   30   48   10   46   18   40   83   53   92   96   41   27   21   61   69   77   20   66   68   49   68   49   79   30   25   61   32   50   25   24   63   28   97   81   41   24   33   44   58   35   35   49   11    3   49   71   58    7   43   54   76   67   67    0   45   92   94   77   58   82   36   45   37   10    2   33   67   71   74   56   22   84   76   20   67   23    5    5   26   22   99   95    0   98   92   95   81   11   72   75   55   10   25   51   16   97    5   53   56   46   88   11   15    6   23    3   14   61   62   74   76   76   84   75   23   99   70   11   45   90   98   96   70   57   10   58   30   27   67   23   69   43   39   28   29   79   25   64   32   68    8   92   36   17   16   74   22   27   23   30   17   58   50    8   66   92   87   33   52   44    5   55   32   86   53   36   71   17   22   59   75   80   73   68   74   79   66   51   23   75   58   19   27   97   91    7    5   86   67   51   87   47   33   18   25   28   11   42   51   72   18   99   58   19   57   50   12   50   69    3   91   95   93   96   14   17   82   11   74   10   96   55   24   20   57   17   53   75   82   97    7   85   52   82   45   49   98   46   82   82   95   15   69   69   23   52   66   33   83   62   29   77   58   96   10   60   14   83   39   35   51   18   42   57    3   64   80   77   29   71   91   30   23   97   66    9   45
  91    2   85   60   60    3   74    5   35   66   94   49   67   88   87   45   85   98   40    2   15   92   71   21   70   18   87   48   85   65   21   62   66   35   54   61    6   45   73   20   15    3   69   65    2   59   38   50   64   45   39   50   93   11   35   68   47   86   27   11   20   77   61   41   22   78   33   50   80   22   38   41    8   12   23    1   42    3   61   96   52   98   52    3   40   18   48   48   72   64   17   17   15   21   97   51   23    4   50   53   62   88   39   98   48   54   95   37    4   76   61   90   90   48   70   84   76   42   42   45   72   57   13   43   33   25   90   87   61   95   19   54   69   78   39   22   41   69   94   30   34   17   36   48   56    3   16   29   49   22   11   49   97   49   90   68   79   12   78   44   81    4   28   80    6   89   17   99   83   51    3   84    3   45   74   20    4   83   83    4   12   59    0   93   41   27   23   25   75   10   57   50   21   63   35   51   21   33   73   42   60   83   66   94   29   32   24   63   76   82   32   63   24   88    7   66   29   24    2   60   23   55   30   33   17    8   87   83   67   79   87    2   37   72    4   65   63   36   86   78   68   82   12   86   59    7   55   37   59    3    0   73   81   42   35   74   30   79   57    6   69   94   76   49   62   96   54   13   16   35   85   45   70   94   66   10   93   54   44   13   46   22   39   60   13   28   54   28   50   66   27   80   28    3   87   22   40   52   75   90   41   37   20   28   55    9   86   20   59   49   17   29   51   59   17   30   48   23   14   64   19   72   14   91   53   56   40   94    7   21   73   52   54   46   50   69   51   23   83   13   92   43   47   68   83   71   15   67   76   64   38   15    9   79   87   56   89    6   92   25   37   26   36   13   49   14   16   89   10   44   51   41   49   81   35   36   19   31   86   20   18    8   98   19   20   81   88   56   29   58   81   36   79   49   68   65   43   41   81   33
  65   25   65   21   50   57   14    7   24   15   30   59   33   80   47   26    1    0   93   66   85    4   22   33   10   44   92   75   27   77   22   41   76   87   71   38   27   47   81   39   46   61   59   40   24   93   98   84   18   38   38    2   51   54   72   24   46   32   14   45   20   80   47   74   21   55   31   72   89   30   46   49   21    7   75    5    1   16   46   75   91   92   93   61   49    4   46   62   70   27   31   87   84   73   37   36   51   44   79   71   17   92   46   29   42   77   35   68   61   23   56   24   79   21   32   17   31   31   38   12   69   25   37   36   98   55   85   43   79   31   53   11   27   56   38   84   50   61   15   56    8   38    9   53   64   67   90   29   74   95   54    2   78   33    8   98   41   81   30    5   53   36   66   68   87   55   70   93   96   78   62   65   86   60   61   99   77   50   56    0   49   74   31   52   48   84   31   45   22   16   57   65   57   91   70    9   58   18    7   22   78   14   99   56   35    7   31   98   43   16   93    4   47   33   40   47   44   82    8   61   60   98   91   39   55    9   81   91   86   57   86   51   14   45    4   18   48   36    2   32   44   35   45   27   39   50   18   75   25   96   34   11   53   87   54   34   86   51   46   11   66   13   74   81   58   51   90   24    9   92   26   86   15   37   80   20   20   35   69   69   70   32   75   47   37   94   99   94   53   45   10   89   27   38   34   48   37   21   34   24   75   69    0   77   62   57   48   64    5   31   58   90   22   69   92   86   74   77   63   46   88   67   91   13    9   36   13   59   87   17   86   82    6   37   49   91   51   82   42   27   76    0   49    6    3    7   13   29   95    2   91   46   83   58   72   78   67   89   96    2   22   98   77   57   49   65   73   22   85   47   76   34   83   40   46   36   52   16   19   32   69   73   64   27   13   74   66   46   46   97   62   36   32   96   48    5   17    9   12   25
  38   88   78   73   96   27   97    0    0   82   43   85   12   26   85    2   92   97   29   37   21   22   82   96   67   74    0   16   25   45   23   42   53   39   71   67   39   12   98   44   39   53   71   62   86   15   67   83   70   55   32   95   74   36   98   91   40    9   21   97   95   77   13   43   60    7   59   80   80   42   72   63   41   43   77   22   85    7   22   98   63   25    7   45   89   57    6   78   49   27   51   76   75   12   20   81   30   90   13   90   49    4   12   49    8   89    1   79   87   88   19   71   71   85   76    6   65   19    7   72   41   81   72   18   34   80   54   22   72   66   89   51   81   76   22   43   46   20   58   82    6   92   82   62   87   86   95    2   90   54   80   38   45   71   41   32   13    1   88   47   28   59   97   67   52   83    2   99   71   76   23   30   62   94   24   67   30   89   58   41   99   14   40   68   40   13   29   87   17   64   13   44   40   12   78   28   57   28   41    4   24   14   65   60   23    3   33   47    6   59   45   24   40   99   96   45   89   75   28   22    8    3   43    7   70   29   22   30   50   19   31   33   96   12   14   88   72   30    8   73   62   91    5   93   54   56   77   32   54   90   55   97    6   75   96   57    0   16   27   62   81   23   14   17   24   40   76   39   79   50   69   38   82    3   37   48   80   30   20   59   52   41   56   40   13   85   16   74   19   79   21   63   96   88   21   63   31    2   96   50   43   57   16   89   42   51   94   23   88   45   10   42   46   55   56   26   89   32   67   96   13   48   10   84   82   96   90   80   34   39    4   19   44   80   87   61   18   31   20   80   85   57   36   78   81   50   77   61   91   36   17   34   20   72   16   38    0   40   70   29   84   79    9   82   43   15   72   68   16   24   46   24   55   19   75   22    7   39   22   29   41   20    9   62   64   79   52   43   12    0    7   59   47   82   91   61   20   84   84    1
  77   22   25   65   43   37   42   19   22   91   88   40   92   84   96   96   69    2   83   94   99   72   99   77   28   18   58   17   67   47   54   15   32   71   67   90   81   95   22   30   51   51   48   18   23   33   93   27   56   51   40   26   51    1   93   26   78   13   79    3   41   47   95   64   64   90   87   20   39    7   75   72    4   51   85   91   33   46   31   86   29    6   80   99   15   41   76   86    3    3   92   18    4   58   30    1   45   55   64   27   98   53    7   74   39   62   67   74   17   34   97   71    3   53   77   50   74   62   81   50   96   44   66   31   79   60   11   29   59    0   92    6   10   87   19   84   34   95   29   44   88   27   27   99   15   60   37   90   53   35   34   77   10   77    9   65   36   24   26   83   87   46    0   75   11   54   87   10   33   43   16   37   36   92    6   83   83   31   82   61   94   44   26   65   43   43   19   40   48   77   86   94   23    4   32    2   93   52   68   72   14   91   92   29   58   47   25   82   77   34   87    6   27   84   53   26   66   98   32   25   13   62   45   92   14   26   82   42   46   42   70   53   10   36   65   53   61   62   13   30    7   62   32   20   70   26   16    7   31   86   26   42   49   29   73   67    2   36   80   49   10   36   37   27   24   96   74    0   88   32   25   66   94   46   92   49   50   58   94   76   65   10   20    6   40   33    2   45   22   81   43    1   72   63   73   33   94   44   61   56   57   21   46   20   23   76   78   83   59   26   11   62   87   51   27   59   16   86   38   59   67   85   33   47   37    6   30   15   74   64   10   37    2   47   23   74   93   62   13   73   51    3    7   92   74   36    0   71   45   41    2   21   24   54   62    8   95    4   67   27   99   42   59   24   33   99   84    2   67   86   64   42   42   75   91   90   57   58   72   49    4   63   80   97   28    8   58   56   70   48   67   81   22   10   78   64   15   30   55   76
  53    6   77   83    4    0   13   88   93   48   42   92   24    0   84   92   80   54   99    6   88   98   54   28   20   18   10    6   53   51   10   67   53   30   89   69   37   84   97   45   61   96   45   10   41   72   97   73   96   55   73   13   84   54    2   16   73    8   63   54   46   60   67   80   53   20   88   93   19   57   47   64    6   16   16   80   61   65   31   18    9   50   75   38   97   99    6   98   76   59   19   38   82   47   90   26   31   77   12   50   33   55   16    4   76    8   38   21   69   43   99   43   26   84   82   77   45   63   27    3    8   55   23   98    6   49   56   55   50    4   66   26   26   60   78   86   85   76   42   83   90   79    0   62   91   53    8   35   69   80   61   43   51   54   98   99   44   28   22   42   16    8   31   33   74   89   33   26   38   83   31   53   46   54   50   98   13   46   65   30   49   64   79   50   71   47   43   89   37   73   21   41   16   18   31    7   62   24   63   97   92   11   61   99   69   63   80   49   70   84   58   30   76    5   67   17    1   80   80   58    1   46   44   75   86   48   69   47   91   91   72   57   49   64   36   63    2   27   72   99   19    4   35   31   99   34   92   97    0   59   27   37   42   31   17    8   14    3   40   15   18   46   58   28   47   98   88   27   70   83   55   85   32   21   42   22   60   71   89   96   49   53    0   37   28    3    4   78   11   25   62   19   57   21   36   67   81   41   59   80   80    9    5   68   48   86   59   85   77   16   88   59    9   95   23   79   37   86    9   92   49   11   45   18   52   79   11   79   81   10   83   85   62   30   17   92   79    6   25   60   60   98   68   58   33   11   28    8   95   57   41   72   64   80    4   58    0   30   33   10   94   65   81   55   49   25   22   95   91   56   86   78   74   60   37   15   46   93   10   57   48   64   71   51   59   77   20   94   51   32   89   85   17   11   84   42   98   89   11   58
  55    3   33   36   59   71   14   32   40   24   85   80   10   24   28   20   15   69   85   69   69    0    9   56   63    6   72   90   64   73   74   73   52   74    0   18   47   10   45   44   48   69   35   99    3   27   87   90   89    7   47   30    7   41    3   35   57   83    9   43   41   76   25   88   26   50   81   38   75    0   96   72   14   96   85   23   36   93   36   98   27   66   20   63   82   83   41   97   42   62   88    2   69   76   42   29   73   50   12   62   95   36   78   11    5   54   25   47   38   97   35    7   24   86   48   49   82   21   83   29   76    0   39   54   49   92   34   75   89   29   74   35   44   29   33   12   76   15   73   71   87   58   14   28   77   26   80   72   63    9   55   21   99   35   43   87    3   81   28    8   18   55   22   83    7   54    3   46   73   89   84   73   85   50   89   17   46   17   14   23   73   58   56   54   42   63   16   19   30   51   63   61   13   85   72   27   15   27   97   99   42    6   34   48   96   92   69   54   50   58    9   26   57   73   42   96   74   46   97   86   51    3   58   84   89   95    7   85   40    8   43   63   61    7   10    6    7    7   19   14   75   53   56   74   59   16   89    0   30   42   21   42   16   43   11   55   56   97   16   28   62   57   59   84   49   43   34    1   39   35   72   70   27   18   67   66   28    5   48   67   20   50   91   70   85    2   93   95   65   58   17   66   62   81   19    4   46   15   87   15   18   15   87    8   48   92   31   34   67   11   56   71   40   36   15   20   29   92   15   84   32   59   79   49   96   10   64   48   52   41   83   50   83   40    4   53   99   57   94    8   66   20    5   45   65   90   55   93   58   56   20   57   98   53   62   29   91   45   39   56   67   86   54   34   30   20   26   14   77   31   96   50   10   98   67   19   75    4    8   27   69   61   32   95   72   67    3   78   13   61   27   96   96   58   49   67   88   98   92   55
  11   23   38   94   34   55   74   80   23   40   88   96   58   78   50   63   98   76   77   81    1   85   60   55   94   70   58   96   56   57   10    0   38    1   56   77   32    4   88   68    8   89   45   56   80   23   19   92   11   50   25   17   89   41   98   76   64   57   14   56   95    4   84   41   44   68   77   17   71   98   23    2   25   26   47    3   57   25   55   31   90   48   98   86   74   30   84   20   80   20   52    8   56   14   85   29   98   23   75    7   56   95   22    7   60   73   27   26   58   55   26    0   38    0   80   33    7   70   73   97   76   45   36   68   18   56   32   93   17   56   28   27   69   70   83   85   88   84   12   80   89    9   81   46   36   42   45   98   87   14   91   45   86   73   70    6   39   89   33   70   35   13   42   68   92   63   46   12   86   96   51   50   81   53   13   68   19   20   24   59   17   32   82   87   31   89   33   75    2   16   31   47   54   96    5   36   40   32   49   21   43    7   15    7   60   17   86   41   25   56    5   52   54   42   74   86   72   82   41   39    5   50   94   88   11   18   89   35   57   59   41   44   84   55   98    4   12   48   67   95   93   94   45   69   27   93   85   75   67   18   70   68   30   99   34   65   97   80   77   69    6    3   72    1   67   74   22   30   84   48   68   32   15   19   23   30   70   43   49   29   59   96   81   94   43   10   25   23   52   12   42   59   41   54   50   12   18   64   45   35   54   46   62   72   10    2   67   88   70   11   87   54    0   94    3   95   75   74   89   63   11   50   15   15    8   48   66   33   70   90   31    1   71   60    6   83   61    4   66   57    1   54   50    5   36   70   58   41   59   44    8    5   63   39   75   10   81   71   82   78    5   16   17   11   72   96   82   44   90   73   70   22   80   16   57   30   70   74   58   52    0   83   68    1   52   54    2   42    6   16   84   35   12   49   53   38   11   90    6   37
  66   87   69   58   44   81   46   59   42   77    4   21   84    9   60   61   13   25   30   46   53   24   31   64   88   72   90   50    3   36   99   61   27   84   38   30    0   13   43   57   17   43   40   54   90   45   71   60   83   95   79   21   25   24   75   99    5   97   63   46   75   48   35   56   46   55   82   72   77   52   98   73   31   76   36   34   45   69   27   54   83   95   31   54   89   78   66   11   81   64   49   11   70   67   25   32   96   63   52   43   53   81    5   12   20   24   13   42    0   35    2    9   65   43   97   57   38   73   83   19   54   28   99   44    8   83   89   37   45   72    3   88    0   18   31   64   78   17   33   79   33   36   42   62   80   92   83   24   37   63   38   54   34   66   61   10   98   10   40   84    2   28   70   68   88   69   58   18   88   40   17   11   97   10   18   88   67   64   10   32   77   55    5   61    4    1   23   34   55   57   88   35   30   29   45   46   22   73   53   73    2   59   87   76   30   14   92   15   44   76   56   27   84   19   93   11    2   43   41   54   50   28   33   35   98   96   54   25   51   41    1   36   35   56   79   82   99   91   15   40   14   41   78   57   72   88   94    8   30   97   40   76   49   45   29   61    5   96   77   20   60   94    7   18   51   96    7    1   41   70   66    3   43   46   49    0   44    4   46   79    3   92   57   71   48   84   28   15   47   59   84   49    9   85   82   55    5   91   66   90   12   34   23   74   31   88   41   36   61   77   39    0   91   42   11   63   71   36   15   88   86   65   26   53   60   86   89   74   66   24   12   80   10   51   52   20   26   97   74   40   74    3   18   92   79   12   20   45   39   51   83   76   74    7   44   74   70   70   79   30   82   79   21   18   32   96   56   93   38   66   98   34   73   42   90   76   73   20   95   31   40   44   70   78   92   14   84   11   53   90   76   96    3   53    7   71   18   19   28   86
  33   86   59   15   23   74   84   20   48   45   46   33   87   87   37   46   89   82   51   60   83   48   86   67   38    0   80   54   58   19   86   78    7   86   42   74   96   93   86   14   56   21   81   71   35   13   89   51   70   68   64   20   16   40   94   81   91   36   36   69    4   95   81   76   77   79   53   31   98   16   92   74   82   44   73   69   84   30   74   20   97   50   90   11   35   56   97   24   45   14   78   48   23   58   69   79   33   28   68   57   21   58   59   16   99    1   65   60   31   53   28   94   44   59   34   20   15   74   95    2   13   70   21   81   77   17    8   27   13    9   93   19   55   25   19   27   24   45   61   94   70    7   17   34   59   21   55   75    2   93   70   43   22   90   31   85   88   35    3   10   62   96   80   80   89   71   20   44   34   21   50   33   82   45   62   62   15   11   48   71   64   72   84   98   78   77   62   98   81    6    6   92   94   79   77   56   66   35   61   14   54    6   21   35   62   41   41   75   73   25   21   27   14   18   93   95   52   14   98   52   24   35   37   56   35    0   27   86   87   40   79   26   29   31   83   96   94   36   71   47   84   86   85   99   24   97   21   13   76   55   76   59   41   78   63   48   52   47   18   35   11   73   69   65   29   98   74   58   62   91    0   96   47    3   34    3   60   98   63   59    6   28   27   44   81   44   15   10   11   91   22   32   50   54   81   86   21   88   40   18   52   16   35   13   75   23   93   31   15   72   49   15   38   21   68   37    9    2   96   25   81   46   68   55   41   63   10   39   12   56   54   85    1   72   66   57   89   77   33   29   73   95   32   68   19   67   28   78   71    0   74   14   23   57   58   60   33   89   63   53   73   26   42   48   11   31   80   68   91   61    5   18   32   37   98   67   86   94   58   39   51   72   73   42   10   38   44   63   58   96   68   32   79   44   33    5   77   62    7   37
  41   11   76   61   22   68   56   12   58   59   18   84   74   54   71   79   50   49   41   23   55   15    3   23   10   64   16   29   42   54   16   80   12    9   15   11   14   73   61    3   58   20    7   43   81   96    7   52   49   14   59   58    3   37   91    5    9   50   97   63   66   96    5   72   91   78   21   91   45   32   20   56   15   97   24   55    4   13   85   95   41   35   65   25   28   63   48   35   27   41   84   21   23    3   18    7   62   27   67   42   74   82    2   21   84   65    2   92   84   40   50   97   99   63   57   95   22   29   60   65   32   15   58   91    3   33   81   15   83   52    5   16    7   28   24   38   55   14   99    4   71   37   21   20   77   67   71    0   87   64   10   54   77   52   67   50    5   54   74   50   98   44   67   33    0   36   72    9   18   39   86   49    6   76   55   43   26   76   91   77    7   32   84   49   61   32   46    7   35   85   85   82   71    8   21   65   18   84   60    3   54   39   89   24   99   47   18   15   22    3    5    2   94   94   82    6   10   21   71   62   43   63   93    9   26   54   37   45    3   22   19   80   74   96   91   29   62   20   75   36   51   88   58   76   14   75   45   90   29   23   62   86   11   91   57   69   85   40   88   90   73    3   57   28    9    9   89   38   10   74   63   40   52   55   92   41    3    3   69    6   94    4   65   80   14    8   99   33   25   55   25   53   31   61    8   52   56   49   27   67   33   29   18   45   46   43   32   35   66   99   67   90   52   67   36   73   54   87   41   35   42   52    9   35   49   89   59   60   32   56   89   45   75   57   80   29   43   51   21   20   59   24   24   18   74   19   51   47   12    5   73   33   90   47   34   14   12   35   23   54    1   90   45   32    4    0   19   67    3   95   10   98   33   46   73   17   15   67   50   80   46   55   32   35   98   33   88   44   62   20   32   42   75   82   54   55    4   25   88   69
  85   34   67   18   71    5   99   86   65   56   78    2   19   49   11   28   55   26   39   92   70   95   23   73   91   24   10    9   97    5   43    4   28   97   16   17    2   73   20   31   75   76   48   81   58   26   22   33    1   49   11    5   19    2   14   81   91   45   52   49   60   60   30   32   69   76   21    2    0   12   38   92   59   87   89    7   14   55   91   73   43   25   27    1   62   65   51   77   72   73    5   16   87   56   13   22   94   61   45   48   58   57   58   31    6   52   57   51   97   17   74    1   32   65   49   24   47   53   10    1   22   26   52    4   38   29   61   72   73   62   50   16   61   12   42   11   27   84    0   28    8   99   87   55   17   99    8   24   55   94   14   92   21   17   96   98   13   35   39   14   92   36   80    8   38   59   19   59   42   33   39   31   27    3   54   66   93   25   43   47   64   50   45   78   13   63   19   97   68   63   87   35    9   86   92   51   44   18   23   56   16   12   27   34   24    3   32    7   75   21    2   62   38   49   62   43   10   57   56   19   74   68   67   54   63   13   11   55   75   11   61   67   99   22   78    4   77   18   45   48   94   71   49   37   97   36   84   43   19   86    9   80   79   92   99   78    3   44   82   57   50   55   22   98   17   73    6   53   98   64   81   95   58   19   68   94   70   35   19   34   74   22   25   35   27   50   66   17   81   16   71   28   59    0   17   64   13   20   75   87   80   37   57   45   12   92   77    2    1   70   33   50   45   63   82   97   23   12   28   67   29   70   20   45   10   17   96   17   42   42   69   67   50   54   78   10   20    5   30   37   12   11   46   14   72   67   57   47   87   64   89   34   53    9   48    6   37    1   24   86   71   96   95   14   18   94   80   26   31   64   54   37   33   61   91   84   74   86    5   86   39   26   86   77    8   34   66   18   16   30   31   34   79   56   44   61   97   39   46   82
  20    5   60   86   61   73   16   36   31   61   25   43   13   10   30   96    9   35   53   84    4   77   72   75   60    3    2   83   84   47   37   87   83   39   16   64   87   30   15   72    5   99   38   32   98   33   19   74   58   48    1   27   69   97    3    6    4   87   55    5   65   64   14   35   31   67   49   66   59   28    2   35   47   74   80    1   92   37   81   19   86   49   65   21   91   69   27   79   19   29   18   56   76   48   65   23   78   74   90   28   25   59    7   86   40   65   24   38   50   53   69   88   79   63    4   54   10   40   96   75   20   17   27   71   31   55   51    9   65   83   46   57   71   61   31   57   54   91   92   54   90   76   41   53   60   80   16   78   93   99    3   59   49   36   57   90    0   65   24   61   75   74   11   50   70   71   39   98   22   71   22   76   36   70    9   63   57   63   96   98   51   65   11    4   37   21   52   27   40   67   41   16   48   89   78   16   82   83   66   91   57   99   11    1   41   48   57   79   76   92   29   51   62   24   54   34   37   40   49   79    7   93   21   45   74   95    3   69   55   46   43   10   11   50   76   39   71   12   60   88    0   11   69   93   64    2   14   18   10   71   26   95   16    6   82   25   76   59   74   94   12   42   11   58   91   35   50   12   12    2   37   67    0   87   61   16   48   58   89   74   84   29    4   38   88   92   46   33   59   26   13    8   97   60   76   46   30   95   97   59   92   23   11    5   35   89    8   74   19   59   84   45   56    4   94   57   54   12   11   75   97   89   42   92   69    5   55   43   69   60   38   45   11   66   52   50   90   10   29   15   45   64   40   80    5    1   99   34   96   22   50   94    7   33   61   44   38   73   30   11   51   28    7   89    9   64   46   49   68   64   24   63   22   24   92   94   25   33   48   41   29   11   84   52   25   60    9   50   73   75   65   33   97   59   70   21   14   94   84   74
  21   24   48    9   46   16   71   14    3   70   60    0   66   26   99   40   17    2   11   25   37   78   43   85   35   46   91   71   97   84    6    8    3   80   73   83   78   71    8   40   96   51    4   15   39   75   80   71   64   62   56   83   71    8   94   52   17   31   81   59   87    1   52   28   74    8    8   43   89   92   36    4   20   92   60   69   17   88   65   79   36   42    1   44   75    1   88   50   76   50   69   75   59   56   26   28   77   22   60   77   58   50   31   10   15   79   13   39   90   27   35   11   48   19   62    5   39   72   46   61   32   96   76   16   86   30   33   63   47   55   66   54   15    9   57    2   82   72   61   70   39    2   83   83   62   76    7   21   21   56   68   26   44   83   37   17   96   83   95   65   68   18   68   86   69   82    3   63   10   49    9   62   50   66   64   10   92   40    2   93   85   77   73    7   32   85    9    6    9   68   79   33   90   27   33   48   39    7   58   96   37   95   83   17   99   95   69   95   33   12   14    1   85   46   49   33   52   48   45   51   25   75    1   63   12   51   62   50   97   93   95   29   99   19   36   31   20   78   74   29   69   65   94   37   18   39    4   74   98   18   87   61   65   57   16   80   23   91   84   14   43   25   85   14   20   99   71   60    9   93   16   96   55   90   45   26   11   50   60   23   32   43   12   42   34   91   28   69   77   74   44   73   46   54   52   34   33   83   11   34   46   52   16   15   64   59   18   47   68   87    2   30   75   30   14   12   61   48   25   76   18   64   90    8   46   30   78   32   76   60   79   78   70   99   82   25   10   19   43   42   74   67   14   71   61   82   43   31   27   84   25   67   45    1   50   97   33   25   50    7   38   44   40   53   48   46   32   76   33   11   67   81    0   48    9    7   77   97    3   89   25   31   45   50   15   24   46   50   43   24   23   37   37   27   20   44   86    6   11   53
  79   21   30   16   84   34   32   72   13   35   36   75   18   97   39   94   16   22    7   93   63   86    7    2   51   97   34   95   85   74   92   60   61   99   37   19   53   77   17   90   89   49   90   29   82   44   83   97   10   74   34   54   71   11   74   69   51   26   30   98   87   51   80   61   57   99    4   75   17   48   54   55   76   90   19   93   38   48   46   34   41   78    2   15   50   39   67    2   30   83   25    4   24   54   58   99   96   32   12   80   88   13   87   12   64   22   73   80   82   62   52   83   93   28   18   17   66   54   47    3   23   48   32   95   49   64   90   50    7   19   26   45    1   55   76   50   78   54   85   96   68   19   75   39   88   14   58   41   59    9   93   35   27   38   32   72   39   91   27   50   80   77   76   40   98   28   84   15   53   39   72   75    2   60   92   21   78   74    2    8   36   15   30   18   83   68   18   28   69   88   99    9   62   93   89    0    4   91   23   13   14    2   42   26    6   33   30   73   19   89   10   38   96   25   83   28    7   87   79    5   50   43   70   22   31   35   82   26   28   78   18   25   41   90   34   70   28   29   96    6   13   17   16   52   16   82   66   38   42   40   49   91   26   42   34   17   60   18   71   85   63   47   71   78   49   57   31   20    5   24   33   13   87   10   33   61   15   79   67   68   77   90   52   90   93   94   87   76   98   47   19   34   26    7   51   93   88   28   39   15   43    8   10   24   71   85   85   94   11   25   53   83    8   58   14   28   70   29   74   39   95   14   21   64   97    3   60   89   83   75   50   34   62   49   31   41   14   95   16   49   43   94   49   78   56   77   39   70   90   67   41   39   50   10   17   50   26   78   35   12   45   47   28   25   57   45   72   20   82   67   13   64   44   42   57   25   92   27   91   19   20   96   60   22   46   42   76   50    6   67   82   75   21   38    4   51   31   90   24   11
  71   44   63   18   87    4   39   15   71   24   46   56   26   76   25   94   66   95    6   87   97   51   88   42   45   45   63   96   20   58   49   74   44    6   80   97   94   52   34   60   83   80   55    8   24    1   50   95   60   21    3   10   33   93    4   37   39   85   61   93   85   19   60    6   66    3   63   27   70   17   27   90   61   92   76   44   37   35   47   40   12   83   23   14   17   15   63   28    1   58   43   71   18   99   13    4   35   35   90   30   61    4   59   79   72   42   54   61   43   45   93   36   92   13   47   89   21   11   64   57   47   97   38   28   38   47   67   74   39   25   61   22   14   11   25    2   66   28    7   67   88    7   22   76   79   42   47   55   52   31   81   65   48   75   24    8   29   88   72   58   56   64   92   52   32    9    9   44   64   17   16   51   14   90   86   47   77   20   14   50   77   33   22   92   44   42   26   79   21   48    8   23   96   66   24    1   33   81   65   89   72   54   96   24   14   17   60   72   70   21   71   51   99   86   13   76   10    1   18   70   88    1   97   32   27   37    4   47   70   65   70   99   52   17   28   67   65   18   70   33   11   81   30    7   95    1   21   36   55   43   30   41   79   58   45   73   48   64   64   73   32   51   21   44    0   13   32   98   70   65   80   23   98   68   41   53   34   40   91   61   51   22   80   97   80   43   88   57   37   10   59   87   98   68   30    9   68   42   42   26    7   48   38   41   10   77   61   56    5   44   35   17   92   94   93   30   17    6   54   29   90   18   94   36   88   81   68   37   73   45   96   79   56   50    7   72   80   48   44   34   53   50   84   97   29   10   52   88   22   62    6   96   13   24   25   38   77   10   13    5    8   46   19    8   69   60    5   56   36   94   71   91   66   29   42   92   72    5   21   73   43   58   45   35   34   82   45   35   92   53   71   68   26   26   51   11   31   69   21   18
  94   21   60   19   89   74   71   31   63   74   63   56   53   50   57   90   23   57   81   23   10   98   78   31    6   47   70   37   72   73   28   46   78   35   36   64   39   49   59    1   69   64   79   15    2   96    4   74   73   37   35    6   81   32   94   65    2   89   90   74   91   77   60   13   45   22   37   79   84   37   19   85   65    4   43   61   12   50   50   80   39   16   40   19   78   49   50   60   86   16    3   90   96   84   18   12   35   84   88   91   27   24   29   86    7   56   10   80   29   60   42   29   77   69   81   69   76   72   11   76   39   64    6   43   33   33   42   90   69   81   58   83   73    9   65   40   49   35    7   87   22   33   63   94   26   80   12   86   22   10   59   97   94   36    8    8   19   62   45   86    9   72   94   70   94   94   34   96   16   82   94   78   79   35   71   46   16   52   88   47   47   80   96   99   88   20   23   78   79   61   67   72   16   50   60   69   21   62   41   65   24   95   38    4   29   29   34   64    4   38   16   44   33   42   38   77   89    5   37   44   39   66   70   40   58    6   17   94   56   37   97   94    5   92   16   13   10   63   56   28   86   20   37   56   90   53   84   88   55   67   42   73   33   79   14    6    5   36   15   61   56   77   29   80   83   87   81   67    8   14   93   27   95   60   57   63   35    0   24   49   23   97   47    5   39   36   67   58   42   93   63    7   33   83   69   30   28   29   57   27   43   88   60   16   57    7   53   79   37   87   90   25   31   97   21   93   44   12   93   15   61   37   97   67   80    0   36   61   36   85   81   47   36    8   85   18   78   61   62   61   49   14   92   62   93   30   25   10   49   55   60   68   80   26    6   77   69    6   63   26   79   44   29   48   44   61   72   31   42   16   96   96   19   11   30    0   48   54   51   15   93   66   89   65   31   50    3   33   87   68   30   59   14   27   34   11   52   13   55   57
  36   45   36   67   53    4   79   97   38   55   66   21   68   20    9   87   76    8    7   10   89   78   98   94   80   44   82    9   15   68    0   27   30   94   13   90   76   87   78    0    7   93   39   68   92    4   31   71   55   91   48   34   31   67   24   33   41   65    1   52   47   12   33    0   99   76   80   22   43   40    9   89    6   84   16   63   99   27   26   12   98   17   77   94   72   63    9   41   64   94   30   53    0   40   59   12   88    8   76   66   85    5   94    8   96   96   17   59   71   89   19   16   60   95   57   70   86   31   39   90   22   10    5   89   73   66   32   50   49   88   97    1   60   55   63   50   96   15   21   25   69   18   28   24   25   70   17   96   10   64    2   55    2   49   21   13   28   75   29   91   86   37   45   11    0   69   82   74   63   14   65   24   89   34    4   32   41   27   12   58   28   85   46   58   13   16   75   14   79   96   36    0   65   93   50   46   76    0   33   24    0   61   49   20   26   92   53    3   26   33   83   34   48   70    6   98   14   94   61   41   94   63   68   91   25   75   21   15   43   91   65   44   18   42   65    6   43   85    3   91   65   89   63   19   78   10    6   22   10   25    1   33   90   51   74   98   49   36   63   22   96   20   92   59   31   68   70   46   50   81   74    1   73   60   43   60   29   89   51   20   48   37   17   49   26   52   11   28   29   50    2   16   56   37    4   94   83   18   21   13   82    3   98   73    0   61   74   20    9   40   19   19   68   69   88   13    5   75   66   33   45   47   72   80   77   53   41   38   90   38   51   52   81   16    3   27    1   55   97   20   11   61   96   25    8   63   97   12   56   50   25   75   30   31   38   76    4   33   75   77   75   86   18    4   14   26   37   96   92    9   15   12   86    1   41   26   86   58   64   25   76   96   81   46    1   61   58   22    3   63   79   27   58   93   60   82   75    1   66   41
  14   41   18   54   36   80   81   87   67   57   64   69   50   28   82    8   21    0   31    2   25   72   32   20   32   70    4    9   88   81   92   62   96   37   27   82   98   69   98   83   23   70   30    4   35   56   10   54   39   82   97   17   81   22   43    9   51   45   44    0   45   61    5   15   30   15   79    9   31   45    0   21    3    3   53   22   39   72   96    0   70   25   17   22    7   25   97   22   29   35   63   76   50   63   37   32   30   71    8   33   47   47   70   60    5   55   62   37    0   26    0   65   40   39   65   58   78   41   69   79   26   93   69   94   10    3   42   47   99   36   68    9   83   83   46   66   60   56   95   92   21   64   62   92   19   67   56    7   17    1   28   87   24   53   45   33   33   60   76   43    1   29   23   35   70   62   94   63   29   93   99   79   10   74   56   79   48    1   97   98   68   95   23   23   67   84    3   37   63   71   36   26   43   94   62   89   32   81   41    5   94    6   36   52   86   87   32   21   50   13   15   45   40   93   32   94   77   93    6   50   42   93   98   98   71   90   59   43   87   25   11   75   70   26   21   35   80   53   68   86    4   48   78    7   50   57   59    7   16   23   45   11   79   57   85   24   77   61   76   66   12   47   24    0    3    3   22   48   70   21   56   48   65   57   14   46   50   53   40   96   88   63    1   19   23   16   26   95   58   98   45   45   62   86    0   63   79    4   32   77   38   36   10   57   66   89   44   52   51   58   10   80    6   80   59   62   43    3   11   87   38   62   40   54   44   84   95   37   64    9   99   25    4   91    9   79   22   49   99   82    6   87   67   80   36   99   40   95   84   56   22   66   16   99   45   90   36   48   42   22   99   16   85   13   13    1   85   75   77   53   20   45   80    0   59   47   15    1   31   69   34   98   31   89   75   19   25   63   11   26   60   54   51   45    7   25   99   53   33   67
  49   68   71   18   20    2   57   79   58   66   69   45   76   63   36   88   55   36   29   44   57   52   59   68   75   49   91   71   49   27    4   12   64    6    0    8   67    2   84   98   77   75   55   53   20   26   22   73   81   99   41   36    8   38   52   85    7   38   77   87   66   17   56   91   74   13   32   73   72   31   92   80   38   16   57   63    2   50   96   28   94   48   82   95   84   75   91    5   28   97   37   72   32   25    8   96    6   49   22   54   61   24   25   99   49   30   50   64    7   58   50   71   83    7    3   49   56   23   26   12   81   52   76   45   21   45    2   38   76   31   96    2   26   59   29   91    7   49   32   29    5   30    4   26   83   43   26    5   29   23   45   94    4   45   46    4   25    1   71   97    5   78   53   26   63   33   99   75   25   64   92   65   66   37   62   83    7   70   21   72   51   19   99   30   82   36   13   30   96   20   82   67   43   64   58   54   70   61    5   97   99    6    0   67   85   80   59   43   91   30   88   54   54   76   57   86   87   66   35   64   98   89   87   53   96   36   73   18   29   13   37   37   24    2   35   63   85   87   37   64    8   98   30   92   44   59   51   13   30   19   69   35   84   17   51   41    5   99   62   99    7   75   77   61   13   85   51   96    5   84   32   65   46   48    6   37    4   43   89   16    5   26   34   76   13   63   14   31   37   51   16   37   31   23   56   10   98   53   88   62   70    0   87    3   21   18   86   75   30   73   24   41   49   99    5   50   50   65   38   53    6   93   89   12   18    5   64   55   60   65   46   83   21   48   25   16   30   36    3   78    6   28   36   85   61   11   54   42   26   71    6   35   82   66   15   98   76    4   87    3   49   60   27   95   78   49   46   46   44   22   65   36   76    0   17   52   29   81   64   78   75   44    8   43   24   67   95   93   74   74   96   49    1   91   56   98   81   71   40   90
  91   94   53   57   69   29   14   73   42   16   94   33   61   39   39   84   82   43   50   62   11   86   55   13   67   67   61   67   84   55   10   90   44   52   28   15   92   67   43   41   34   99   28   81    0   13   23   37   47   15   34   90   24    3   13   40   91   20   58   45   65   79    6    2   87   26   45   83   90   29   94   30   60   28   32   68   86   88   59   37   47   97    9   15   73   87   29   35   28   16   49   67   47   25   48   13   43   49   46   17   25   52   84   93   22    0   33   36   43   61   25   48    4   58   41    2   90   53   18   66   82   59   39    4   76   10   48   68   17   14   67   30   21   44   89   44   14    5   54   45   22   42   65   28    7   51   33   73   94   99   98   96    3   68   37   23   97   82   98   33    0   19   24   32   83    5   28   39   10   80   28    0   24    0    7   17   55   19   21   64   36   16   96   39   52   63    5   24   81   16   22   88   20   21   98   89   34   94   66   92   24   48   26   72   73   24   80    6   21   51   29   10   60   77   76   50   48    6   87   71   35   48   53   46   27   56   22   78   93   14    3   11   40   17   62   30   98   75   40   59   58    6   50   82   11    4   24   20   40   88   55   34   62   34   77   18   45   17   96    3   22   84   20   73   42   37    7   75   62   28   44   34   34   88   72   22   82   85   12   24   91   91   10   22   56   29   12   55   40   20   27    2   92   30   74   43   93    1   10   78   49   27   28   17   85   62   68   87   17   45   52   42   32   49   81   15   87   31    8   45   60   99   77   38    3    5   76   25   56   92   29   84   32   62    5   53   71   64   91   96   56   43    3   79   18   87   70   20   29   38   46   72   27   23   40   31   30   35   80   97    9   69   37   52   40   44   45   68   77   89   85   23   90   74   37   24   65   77   49   73   73   69   32   26   41   99    5   33   89   88   19   17   13   37    8    2   61   10   49   44
  57   82   32   66   74   57   40    1   24   83   43   32   91   55   96   82   19    5    1   31   85   95   95    9   67   36    8   89   44   12   44   68   51   68   40   24   62   14   43   76   13   22   27   77    3   90   52    4   94   27    0   72   58   56   29   51   60   46   32   95   47   77   34   55   48   32   95    2   44   67   19   15   39   15   17   10   97   88   62   57   36   80   31    1   19   47   64   62   39   91   30   59   12   13   90   71   66   35   74   24   62   84   80   55   33   49   99   84    5   94   94   63   54   84   32   42   30   90   58   71    5   91   61   86    7   35   59   88   91   54   47   79   72   70    1   92    3   70   66   72   92   99   12   86   56   61   98   75   92   25   83   54   20   98   31   17   59   89   48   74   95   28    3   94   68   42   83   47   91   48   27   19   24   63   15   52   10   98   11   77   39   43    9   88   96   92   93   57   98   95   74   52   20   21   46   52   62   48   77   51   72   17   69   20   51   39   21   75   84   23   69    8   45   26    8   39   75    5   56   41   23   58   64   82   41   48   39   73   25   67   85   54   27   55   42   29   90   14   37   52   69   27   82   37   98   74   25   67    4   14    1   12   78   85   67   38   48   18   43   61   78   96   41   60   10   60   11   88   13   19   24   56   70   24   78   68   64   56   93   85   78   58   55   59   99   48   67    5   76   47   99    4   98   61   20   23   18    1    5   76   20   32   42   65   79   68   84   49   48    0   61   79   64   37   65   25    5   74   51   78   63   81   75   76   87   18   50   77   46   24   98   30   49   25    9   21   40   57   93   61   37   74   75   19   80   47   81   59    5   36    6   22    8    7   39   27   63   52   89   16   26   87   92   70   98   10   96   20   92    5   91   85   41   23    9   96   92   97   82   24   77   92   77   35   56   33   66   90    4   59   31   68   44   41   24   52   50   77   28   17
  19   98   56   80   54   26   46   70   80    1   72   75   77   79   47   14   74   30    9   64    4   70   34    6   89   42    7   48   29   68   78   34   42   35   15   21   57   90   79    9   73   48   28   14   29    3   45   69   39   16   38   58   61   62   18   97   64   43   82    7   31   46   97   13   73   51   42   47   50   45   59   79   53   37   30   76    7   78   17   36   90   31   29    1   99   77   30   73   85   15    4   15   46   76   47   12   21   79   79   22   20   48    6   18   64   25   79   57   33   85   45   59   51   21   31   55    1   17    3   51   33   22   97   78   52   85    0   62   98   39   96   83   75   36   49   35   66   12   73   86   64   13    2   94   33   73   63   84   18   48   49   25   93   49   82   80   34   47   37   27   11   55   17    3   27   74   28   66   95   22   96   21   69   77   13   29   45   56   72   55    7   60    9    3   64   46   36   77   35   74   31   43   29   11   23   53   43   60   96   81   97   76   24   37   38   62   10   52   90   22   51   26   65   71   59   72   26   71    7   33   43   50   56   19   53   69   36   35   35   32   66   34   18    4   50   44   89   53   45    6   76   37   19   98    3   45   32   40   56   58   61   36    8   12   85   79   92   79   36   73   51   27   43   56   54   47   19   67   38   71   12   39   92   77   56   62    7   73    9   71   25   77   65   56   18   61   61   10   48   53   24   90   55   28   79   39   10   59   62   29   10   21   57   90   25    6   66   24   66   63   43   84   47   13   30   31   25   81   60   16   33    6    5    4    4   89   26   81   66   46   91   90   64    9   11    3   46   48   48   77    7    7   78   34   79   13   79   71    9   26   38   54   52    0   58   42   43    8   10   90   13   64   66   55   19   32   57    2   87   38   29   20   96   49   40   10   98   55   23   82   53   41   79    5   52   58   83   93   46   93   46   37   53   43   51   28   94   90   74   20
  85   55   64   49   66    8   89   50   53   56   95   27   35   17   56   44   27   96   38   95   81   39   54   79   22   77   85   94   71   66   84   29   53   98   12   34   69   13   81   48   69   96   94   64   28   61   71   33   71   73   50   18   66    9   26   87    1   51   38   88   22    3   47   70    2   12   34   14   43   20   85    4    2   98   92   65    7   90   17   14    3   79   52    9   52   13   72   87   93   17   48   80   89   91   13    3   38   93    6   54   30   61   67   83   77   67   44   96   27   91    8   25    7   74   66   38   40   11   65   30   63    5    3   52   29    0   83   17   70   99   38   94   15   60   89   98   28   46   62   48   49   44   13    3   91   34   55   52   10   51   79   50   72   35   83   71   55   95    8   80   53   32   79   28   67   88   57   21   70   11   18   26   30   53   61    0   87   19   93   25   99   55   84   72   50   98   44   19   50   69   73   22   75   59   22   25   78   46   52   47   59   95   66   25   51   82   93   72   47   54   76   70   54   35   68   62   65   14   97   78   77   33    2   98   51   43   17   93   51   25   29   29   59   80   47   88   69   48   88    6   17   34    8   80   59   47   42   71   73   37   55    3   77   67   27   29    7   48   86   91   63   22   16   34   19   15   16    3    0   41   89    9   81   29   71   84   59    4   10   63   56   38   58   39    8   50   12   34   49    8   86   88    8   19   30   68    3   75   60   20   48   15   27   91    1    2   48   43   79    6   54   42   53   19   92   91   57   31   28   79   17   37   11   53   45   67   84   67    3   85   23   31   46   48   86   83   15   32   50   21   33   27   31   32   72   15   85   18   86    5   93   22    1   90   11   61   74   33   88   80    3   59   65   18   82   62   57   93   68    7   77   99   54   42   12   48    3    2   14   26   62   37   75   96   80   73   57   93   21   73   88   84   29    3   87   86   63   81   53   59
  24   70   80   77    2    5   84   24   63   93   51   30   95   10   48   68    2   37    9   82   43   57   94   99    4   71    2   64   98   49   65    6    2    3   62   74   53   76   17   21   13   55   36   32   62   73   51   81   80   44   22   68   58   36   91   52   19   74   46   12   65    1   67   64   67   78    3   62   64   18   95   50   71   40   61   94    0   69   77   51   83   39   85   33   54   13    8   70   33   53   32    7   67   40   87   76   93   14   38   77   23   45    6    6   25   94    5   18   44    4   13   53   87   14   25    4   15   67    8   10   14   96   96   81   15   87   85   66   69   54   30   68   29   58   69   80   95   18    5   13   30   67   79   19   95   97   66   14   73   66   32   79    1   28    8   67   72   95   49   95   29   14   99   11   83   30   29    5   26   14   51   38   29    1   81    6   15   96   80   71   10   31   26   12   29   47   25   59   53   27   79   56   99   45   71   63    6   41   41   50   80   12   72   21   47   46   89   53   55   77   29   18   26   69   55   45   41    2   18    5   26   52   93   67   61   86   62   23   71   81   29   17   57   65   72   16   27   62   49   27   54   37   39   64   29   53   22    8   71   61   40   56   76   74   77   85   68   19   45   67   47   35   48   23    4   71   89   51   56   89   61   24   40   17   45   50   31   78   98   51   35   42    5   64   26   53   72   63   55   75   11   98   53   24    3   60   53   60    2   22   66   96   59   78   92   22   40   98   71   22   20   25   38    1    8   11   96    7   83   93   32   85   66   68   92   38   31   75   54   48   83   96   18    3   74    0   72   38    6   84   90   68   70   32   47    9    0   56   31   56   56    3   97   82    5   75   16   49   46   17   49   53   33   63   20   91   85   23   43   78   45   50   77    5   51   80   54   57   70    4   81   68   53   55   84   40   88    9   25   89   73   92   18   93   29   63    9    6   36   63
  27   83   20   99   75   56   35   35    9   45   17   57   11   82    3   94   98   22   81   24   49   83   21   46   37   27   42   12   52   18   27   33   48    2    3   97   97   54    8   82   83   44   10   95   92   42   40   39   55   72   50   56   57   30   61    0   38   12   31   26    0   10   85   51   71   33    6   69   42   47   10   21   58   43   60   72   50   52   47   42   65   35   41   69   89   71   59   62   11   56   60   35   71   74   93   87   45   12   17   92   28   23   58   13    8   66   11   43   62   97   32   41   50   65   20   14   71   41   49   68   45   12   38   57   60   95   27   29   79   60   19   62   85   83   54   15   48   71   79   55   18   54   13   63   78   79   50   71   10    5   13   47   91   67   51    0   22   30    7   11   48   31   38   75   31   78   88   66   67   13    5   72   58   72   63    4   54   55   66   50   47   64   61   68   28    6   47   24   19   82   56   51   30   81   85   25   48   93   58   46   74   48    6   29   85   79   85   69   34   86   44   42   79   81   77   44   72   30   37   98   96   27   29   19   38   58   85   76   64   13   16   80   77   97   27   51   69   96    3   13   92   57   30   88   28   45   89   82   81   65   78   26   21   90   77   37   16    4   53   23   53   79   40   71   87   66   87    8   69   76   69   61   61   13   51   44   85   31   40   71   14   41   57   68   89   91    3   42   93   87   63   35   68   31   64   15   19   72   59   74   12   13   38   92   13   37   70   65   50   86   83   50   46   88   61   75   79   37   54   44   62   64   56   87   76   98   31   15   76   62   39   90   88   27   88   50    8   70   70   47   50   17   38   19    9   59    6   98   16   11   74   49   92    8    1   75   46   80   54   70   49   66   77   82    2   71   65   61   62   71   98   10   57   34   79   66   54   79   37   20   43   33   75   44   71   91    4   36   13   13   74   87   80   39   35   86   77    8   12   94
  71   95   84   28   68    3   44   40    4   23   42   77   70    4    1   11   38   65   36   81   72    3   19   25   83   60   69   28   22   65    4   61   81   50   49   78   55    7   73   10   91   12   69   97   87   27   13   39   59   26   77   73    5   26   31   56   97   11    9   81   58   95   75   35   25    9   74   34    0   16   96   89   79   96   55   29   66   75   19   76   63   77   73    9   88   84   10   44   60   82   68   33   73   91   43   22   45   18   51    1    5   28   23   42   78   76   25    6    3   22   81   59    5   76   38   69   68   76   97   77   39   16   65   28    5   89   48   72    4   96   70   96   58    0   37   59   75   79   19   64   90    6   24   68   59   47   75   57    3   79   42   16   42   35   48    5   19   57   33    8   26   25   86   75   70   11   25   34   50   75   62   77   89   74   28   59   44   69   63   66   32   54   20   38   97   11   75   83   57   49   90   78   92   46   71   63   75   98   52    9   52   28   20   25   80   89   30   12   68   83   97   10   68   98   80   14    6    3   66   91   66   92   19   45    4   61   92   19   97   95   76   83    8   88   32   84   71   55   89   33   13   99   92   39   78   97   23   23   85   59    1   55   11   26   98   25   31   78   48   33   91   66   44   52    6   18   94   28   79   32   34   27    9   10    3    0   77   79   32   26   35   89   76    2   79   78   41   29   73   67   60   69    9   21   72   20    5   85   72   22   93   12   61   68   41   21    0   72   85   45   32   36   77    6   98   29   98   26   40   74   23   50   35   91   29    8   80   51   18   24   13   46   16   19   18   30   48   68   79   82   79   55   78   31   21   36   39   51   91   55   88   81   14   95   28   20    6   92   18   57   30   35   56   18   42   65   51   67   95   89   21   32    6   53   62   63    7   77   23   85   29   73   14   29   33   50   52   53   71   97    1   53   97    4   83   74   83   39   60   51
  40   74   57   96   80   80   59   25   64   21   18   97   28   21   53   13   87   89   59   44   45    4   39   59   62   36   70   43   49   59   95   99   59   11   28   23   89   83   28   13   40   97    1   32   13   63   86   19   38   31   13   55   16   96   31   37   65   90   10   20   97    3   21   84   91   70   58   11   12    2   24   82   34   17   21   47   41   85   83   56   96   90    9    3   14   42   45   19   69   40   13   76   73   89   99   14   24   34   90   44   90   24   31   19   36   82   32   86   22    3   56   92   25   78   93   28   11   63   72   46   63   20   30   11   51   59   84    3   78   80   79   66   72   64   20   54   27   61   81   91   67   55   20   27   16   72   48   33   55   86   37   44   36   26   46    7    8   33   78   51   45    7    7   97   51   60   34   76   79    7   53   40   84   38   20   67   30   47   23   25   93   74   30   69   53   40   16   87    1   14   47   51   58   84   98   70   97   52   87    9   59    3   79   66   41   43   98   41   99   39   92   17   12   56   92   38   38    7   55   92   32   49   34   24   18   70   54   84   24   29   69   92   12   59   10   26    1   70   66   61   92   92   53   88    6   60   75   63   36   21    1   74    0   81   92   99   26   22   74   55   21   97   46   71   29   33   99    4   44   97   99   64    8   82   22    7   62   57   25   92   61   63   15   38   56   29   58    9   66    0   77   34   93   56   36   89   61   98   14    9   95   28   71    3   10   34   82   65    7   41   33   81    9    6   32   63   79   99   83   18   37   96   56   76   72   32   45   42   94   10   15   68   61   56   51   18   23   52    6   95   97   96   68   79   23   14   66   36   91   60   24   17   22   87   86   68   62   27   25   87   48   68   96   82   66   64   74   95   66   85   94   94   69   92   49   61   71   85   17   36   79    9   42   48   40   12   62   20   11   58    6   25   85    1    5   29   22   55   21   48
   7   31   26   71   14   25   75   71   34   20   91    7   86   36   29   85   90   73    5   70   85    7   91   17   52   65   32   68   35   41    5   91   24   97   27   15   39   22   75   97   62   80   85   23   96   89   94   63   90   55   73   74   89   22    3   40   81   42   36   39   64    9   84   41   65   14   93   62   18   90   56   74   77   44   32   47   84   60    5   94   43   95    4   70    2   43   76   22    7   16   21    0   95   36   60    6   85   69   53   14   44   81   63   30   13   85   91    1   17   10   94   78   54   63   38   14   89   90   24   67   92   50    1   72   43   63   71    0   84   89   21   83   61   57   61   52   96   80   50   14   84   94   78   93   64   43   46   59    0   66    5   78   79   82   31   70   28   81   35   27    7   49   13   88   64   69   96   76   25   45    8   52   60   13   79   65   37   59   26   97   59   50   39   47   58   52   71   87   47   56   99   46   49   28   64   99   67   69   99   11   30   12   92   55   71   65   83   32   26    1   97   62   55   13   63   53   99   90    3   48   68   15   85   53   99    9   36   80   37   52   12   38   10   54   82   19    0   30   89   34   30   62   82   59   25   12   58   88   77   25   17   86   82   34   63   51   13   47   42   66   36   26   50   65   24   43   97   73   45   55   95   78   73   88   12   41   81   19   21    7   93   34   13   57   88   70    1   64   36   18   90   48   86   76   36   78   31   59   69   13   85   44   93    0   85   68   92   37   14   19   79   22   14    0    0   84   42    0   99   35   83   63   38   81   30   95    8   28   94    0    7   74   31   50   38   41   94   70   27   99   26   22   71   62    5   59   57   61   20   52    9   97   97   25   34   87   37   65   94   90   62   79   84   65   36    4   90   60    8   22    4   33   22   39   94   87   84   93    9   77   82   15   36   39   58    0    7   85   42   13   28   64   10   53   77   25   30   58   71   30
  94   31   52   13   74   54   64   89   29   34   30   57   28   37   29   28    9   49   76   25   76   69    6   91   22   41   16   67   41   24   54   51   27   59   67   83   87   68   80   29   77   78   65   84   74   54   56   56   34   67   80   46   76   57   69   69    3   27   70    8   21   31   81   39   87   89   66   90    0   61   64    9   66   13    7    0   75   44   35   67   13   93    2   22   72   13   28   26    4   54   76    3   31   82   68   61    3   76   61   95   47   72   52   80   52   65   43   27   17   21   58   97   26   41   40   50   81   20   23   11    6   44   15   63   15   87   24   32   95   40   75   87   54   70    8   28   11   91   87    4   52   64   51   97    2    5   99   55   58   36   20   41   62   23   10   90   72   15   10    8   88   10    0    4   48   56   30   25   92   90   21   77   55   61   82   27   91   96   66   16   42   93   77   32   89   70   81   70   96   53    2   33   54   25   52   43   17   90   47   31   40   61   23    8   57   17   99    1   83   91   63   61   90   74    3   72   45    2   22   46   10   89   27   73   24   70   90   62   91   29   17   36   70    0   39   67   66   25   23   36   33    8   32   87   64   17   93   44   30   36   83   20   94   84   13   25   52   31   83   82   88   41   12   56   88   77   26   35   60   45   68   32   27    8   75   68   91   37   68    5   92   95   41   44   18    1   18   36   38   73   20   26   96    3   86   98   30   62   13   49    5   78   74   29   37   63   90    3   10   29   48    4   85   21   49   84   55   37   62    8   34   97   97   44   75   18   99   35   37    4   38   41   97   36   89   91   86   64   52   62   96   94    7   14   50   52   67   64   40   47   82   19   27   26   29    1    0   25   99   55   81   83   26   69   61   94    1   99   37   27   53   65   47   74   33    5   54   50   40   77   85   46   24   41   73   54   79   10   94    7   66    1   41   41   49   46    7   94   56   91
  15   38   25   96   47   15   47   23   58   51   77   37   21   53   38    0   36   67   70   27   69   30    0   91    0   88   11   40   58   37   24   79   42   72    0   13   50   39   87   49   86   47   62   10   36   63   29   63   55   78   68   60    8    4   62   24   66   53   25   41   39   61   22    7   34   30   49   21   34   58   19   12   97   33   48   84   55   70   46   44   55   50    4    1    0   81   72   31   87   24   53   31   69   19   27   81    1    5   27   47   55   65   69    5   47   52   85   40   79   72   43   88    9    3   65   26   27   64   53   95   38   95   94   99   61   84    4   11   18   81   96   16   20   50   34   57   97   62   87   12   21   76   21    7   60   95   78   51   68   32   48   19   59   92   26   71   33   55   46   72    8   86   19   47   39   96   50   22   83   78   85   63   47   99   75   85   97   98   15   69   85   57   97   44   90   42   61   71   97   15   99   26   57   43    1   84   21    1   25   17   54   85   28   50   32   40   21    3   17   58   36   66   32   12   39   65   21   95   81   54   90   22   85   77   75   14   71   19   70   74   33   86    8   31   70   55   82   56   63   73   93   16   70    8   40   73   65   94   70   95   77   82   91   92    5   23   42    2   86   18   10   60   42   52    8   96   63   10   82   21    3    1    5   24   27   40   82   36   85    4   99   57   56   27   81    5   58   39   50   92   66   91   10   20   47   18   90   65   58   89   32   53   59   58   50   60   88   65   91   90   64   64   62   12   59   92   71   40   33    0   59   60   60   87   51   64   52    2   68   52   66   76   11   43   47   22   25   95   35    5   72    4   47   63   42   31   92   91   15   81   67   48   25   47   29   81   82   75   68   63   21   68   45   89   15    8    9   20   85   31   56   36   15   12   60   65   41   41   54   24    4   85   12   53   39   31    3   82   93   47   87   41   78   71   40   93   57   71   21   91
  52   99   84   83   91   70   95   48   22   38   70   69   75   46   49   50   89   79   60   81   89   22   80   60   44   97   33   89   99    3   65   84   17   87   42   27   65   96   98   42   32   74   98    4   16   16   24   41   66    9   92   58   64   25   18   28   43   66   41   50   16   21   62   21   50   33   79   31   23   92   18   74   61   26   76   94   30   91   17   85   43   73   32   76   31   47    2   29   35   52   38   76   71   38   10   32   15   14   86   76   10   66   52   54   89   30   43   55   99    5   16   15   62   29   97    9   74    2   80   22   98   88    6    0   37   80   99   56   98    4   49   41   75   63   44    8   72   10   95   10    8   75   20    8   59   62   53   29    5   59   16    2   93   52   85   82    9   77   11   53   50   21   44   76   69   54   15   28   12   92   24   53   21   90   41   43   98   45   57   35   69   37   43   34   67   75   76   28    0   22   52   87   74   97   51   51    6   16   51    9   28   61   48   78   64   71   43   89   22   41   50   93   41   68   33   74   64   63   31    8   54   87   69   26   40    9   24   90   67   27   41   98   43   85   20   66   41   88   84   81   52   65   48   58   57   73   25   18   11   66   37    5   83   87   41   70   24   12   40   96   86   96   17   56   27    0   46   86   21   90   54   13   84   48   26   93   22   84    1   95   85   71   69   25    7   71   95   43   74   70   17   47   93   85   46   61    9   37   99   26   48   72   32   87    0   94   17   90    4    2   69   60   66   71   48   21   67   30   50   72   57   93   65   19    2   74   91   42   70   31   12   29   87   82   67    5    1   74    1   26   32   31   39   71   27   49   48    5   43   79    2   45   75   39   71   55   69   67   34   94   60    6   91   67    2   15    1    0   82   82   32   95    3   30   69   46    8   58   37   60   48   83   62   34    7   60   65    8   94   82   16   66   83   59    9    5   18    5   57    8
   3   23   75   42    5   43   47   15   86   44    7   51   72   10   85   12   11   74   26   99   40   18   69   46   82   18   88    5   94   18   21   35   53   54   97   52   98   45   12   35   87   38   58    0   40   22   82   17    9   58   30   44   55   21    9   13   95   67   48   90   19   25   12   61   94   16   98   24   88   18    4   54   83    4   82   46   77   90    4   13   19   59   59    4   23   55   39   79   72   19    4   38   59   41   25   86   45    4    3   31   47    9   60   65   28   51   81   53   13   17   48   37   83   87   82   61   59   86   49   63   25   57   32   89   52   50   69   71   93   11   88   18   97   45   97   34   19   23   11   32   63   68   91   64   88   11   45   98   34   69   83   22   45    8   18   88    8   36   64   23   17   28   97   26   12   77   47   64   80   34    6   33   31   95   51   64   36   72    5   29   40   99   84   74   24   24   89   92   52   38   57    6   41   37   46   80   79   43   77   52   96   48    2   95   54    4   63   27    4   77   97    6   53   34   99   86   75    9   22   16   95   32    2   72   73   36   96   82   56    0   88    6   42   84   39   38   94   50   93   90   77   13   22   62   35   74   79   46   54   24   72    1   12   57    1   18   28   24   75   33   89   58   77   88   45   74   81   55   57   10   50   18   42   26   72   59   99   67   88   28   70   56   84   73   74   57   81   97   30   19   13   66   47    4   50    6   43    0   17   31   90    2   22   86   97   50   96   71   36   69   80   89   41   10   69    4   56   71   52   82   81    1   70   54   38   39   85   91   63   69   48   98   71   35   86   14    7   74   67   75   11   42   68   19   75    7   50   64   81   19   83    7   44   63   39   62   16   53   93   75   90   35   17   51    4   95   64   26   37   12   87   38   92   50   13   80   20   48    5   65   83   59   62   45   94   79   22   11   58   75   39   62   55   94   29   28   66   17   77   29
  45   24   71   86   69   64   98   50   25   74   42    6   60   37    0   34   72   92   91   32   88   30    8   94   41   82   86   73   38    5   82   24   91   19    8   84   10   93   20   67   33   85   26   47   64   13   39   73   99   88   97   86   73   20   17   96   12   44   17   49   33   49   84   22   95   49   36   57   80   93   21   96   66   22   10   13    8   21   78   30   34   54   19   45   38    0   82    4   75   72   37   82   53   78   79    0   67   46   14   93   33   99   54   97   66   87    9   63   74   87   98   91   51   57   99   13   45   17   56   68    3   63   88   41   92   11    4   22   89   99   19    0   68   83   39   61   86    4   87   42   92   81   14   61   28   92   96   96   25   82   10   72   11   10   93   76    5   63   77   37   80   78   33   44   32   70   82   70   39   76   91   34   90   18   90   72   58   39   74   97   87   99   99   94   56   47   39   94   39    3   19   64   59   97   96    1   81   76   84   59   63    6   53   21   20   13   52   74    8   78   96   97   67   77    5   78   61   43   85   15   70   42   82   10   15   84   61   44   72   79   49   95   88   35   47   20   20   24    2   74   12   24   42   33   79   61    8   44   74   21   12   48   47   44   63   65   34   40   84   80   16   23   58   50   62   80   35   26    0   23   96   57   87   53   93   95   32   80   12   30   42   14    5   25   33   40   57    9   66   26   81   80   59   57   37    3   59    0   85   38   54    4   33   30   56   22   26   48   57   55   32   68   12   42   97   59   14   61   81   33   19   29   75   66   64   22    5    6   49    5   93   33   54   97   49   49    7   31    7   66   47   14   98   86    4   99   65   62   88   12   91   92   72   11   54   13   29   71   38   72   47   22   40   68   81   92   92   83   37   26   47   34   70   97   96   46   46   85   66    3   22    3    5   16   45   27   59   88    9   14   57   82   64   69   92   46   28   52   82   58
  96   30   66   79   49   16   91   16   53   61   20   32   62    1   76   64   74   80   79   66   44   47   71   69    8   43   74   64    5   41   82   73   11   95   19   74   85   59    9   14   19    9    2    1   47   49   35   27   15   16   45   25   53   96   97   22   46   52   28   98   20   13   13   24    0   59   93   72   75   85   56   66   78    2   29   21   58   54   17   12   84   13   81   81   82   75   80   20   35   49   88   97   37   59   94   72   49   65   90   41   66   81   46    7    8   60    3   41    2   87   81   61   88   27   93   76   89   39   24   77   47   11   98   36   19   56   46   12   42   50   35   88   62    6   54   43   91   79   33   11   66    5   22   48   91   94    7   65   39   86   88   93   72   51    9    7   46   10   53   71   55   66   72   22   45   75   56   24   36   56   11   37   46   70   48   68   85   82   26   28   98   40   13   22   20   52   69    4   69   89   33   33   87   32   80   41   11   32   97   65   71   93   42   51   74   80   40   32   34   41    5   90   45    5   98   50   92   83   83   60   63   10    7    6   57   88   41   40   63   46   80   17   80   46   15   41   73   78   79    9   20   63   87   97   15   28   83   72   34    9    6   48   10   36   24   71   68   95   31   76    4   19   73   81   64    3    3   68    5    4   80   83   38   89   18   65   59   24   77   19   70   22   19   31   39   50   26    5   21   77   23   49   52   55   21   64   29   15    0   60   12   40   17   46   80   60   68   24   27    8   79   41   96   15   87    7   44   72   64   61   76   15   30   49   51   91   85   91   26   44   77   91   38   84   23   12   64   27   52   26   30    3   65   54   40   61   41    5   53   59   65   21   34   26   53    2    4    1   82   66   37   21   78   95   84   90   16    4   30   82   87   67   55   40   64   23   22   56   44   90   13   11   68   91   56   68    8    7    6   49   45    5   98   68   53    7    0   39   29   10
  33   96   72   28   73   49   69   23    2   56   95   10   45   69   90   17   85   95   15   58   38   90   72    8   92   30   67   55   34   59   90   80   96    1   55   70   30   55   80   95   26   80   47   30   42    1   24   55   75   51   76   87   52    9   84   58   39   99   66    2   94    5   87    0   67    5    5   22   23   65    9   50   99    8   92   35   24   40   19   63   19   26   46    0    2    6    7    5   24   82   59    1    1   28    3   34   67   81   52   77   60   71   22   64   94   59   90   95   66    0   46   49   20   66   22   62   29   97   89   75   35   59   83   27   27   89   43   32   52   71    0   33   82   59   60   42    7   46    2   40   10   79   75   58   80   50   92   49    4   46    9   81   55   49   31   49   98   13   26   24   13   80   81   82   43   35   28   19   37   79    7   91   35   70   55   37   57   49   21   87   52   15   64    4   43   90   41   57    4   63   54   13   75   72   40   56   42   33    7   66   19   91   98   91   58    3   74    9   81   54   58   62   75   93   52   61   82   79   44   70   10   43    9   33   49   63   39   64    5   35    7   30   29   11   42    9   68    8   88   69   34   53   50   87   20   11   42   99   29   45   84   78   19   22   16   31   24   12    5   35   26   37   28   32   10   90   23   84   73   10   45   39   49   31   63   93   31   60   31   89   31   41   32   61   93   13   32   11   54   61   69   56   75   89    3   68   81   21    8   52   51    4   34   65    9   12   25   41   44    3   34   66   46   68   53   14   23   17   64   32   50   99   11   88   58   46   65   80   65    0   90   11   47   72   80   89   63   11   36   78   82    5   37   34   86   76   66   47    7   74   64   28   33   66    4   78   59   19   53   18   29    4   83   38   68    1   86   52   16   27   40   98   90   87   18   54    3   89    5   96   18   60   81   35   29   88   67   26    0   32   25   64   39    3   65   11   12   55   31   13
  64   85   15   87    6   51   72    9   93   28   77   58   36    5   87   35   50   17   40   57   98   87   94   89   25    9   45    9   67   72   74    0    0   49   41   65   71   38   80   42   68   44    7   29   96   42   58   80   54   83   13   59   39   30   38   40   41   70   88   47   56   12   42   66   79    9   53   98   42   32   70   15   61   59   38   75   26   71   53   26   97   54   71   69   91   81   18   48   68    0   27   42   18   61   30   14   48   92   15   17   11   15   42    0   12   24    0   83   30   71   67   15   14   93   49   63   69   50   65   12   90   88   76   60   42   13   35   48   77    3   43    7   62   18   50   42   52   81   18   67   37   68   30    7   32   19   52   44   87   93   17   62   13   20   24    0   45    6   36   17   99   62    6   14   86    4   56   57   70   17   99   22    9   96   78   81   90   83   97    3   26   97   49   48   46    8   54   31   30   10   77   32   51   12    9   25   17    6   63   25   58   34   75   91   95   18   65   82   66   81   19   56    1   43   11   40   68   91   19   95    9   70   91   86   37   78   67   71   76   24   38   41   62   24   13   75   36   30   99   70   70   33   12    6   77   89   84   41   38   23   87   53   11   13    5    1   70    2   73   99   83   79   78   84    6   49   32   53   37   18   60   49   21   58   14   82   60   85   47   81   24   95   97   90   74   27   62   19   37   37   14    8   22   83   55   46   93   12   14   45   69   55   86   36   69   31   25   44   58   25   95   37   49   70   31   90   75    5   39   97   76   42   95   84   51   65   71   82   16   15   37   12   20    4   93   21   26   64   34   50    1   66   94   97   91   16   23   22   80   22   70   72   94    3   12   33   73   54   32    1    2   93   99   96   73   82   50   47   96   58   76    2   19   80   45    1   61   62   28    8   41   79    0   52   55   15   45    6   35   24   50   96   22   12   55   45    3   27   63   66
  81   76   38   93   41   46   14   46   94   27   99   74   21   99   83   35   88   70    1   77   87   81   45   60   75   40   39   59    1   10   86   96   44   15   12   21   38   59   28   53   68    6   56   56   71   66   96   47   23   57   17   11   66   89   56   99   55   61   63   55   26   70   53   88   14   18   63   49   40   40   65   16   48   41   56   87    4   11   47   18   55   64   97   21   17   17   74   92   31   43   98   21    5   50   56    6   57   23   13   56   86   18   14   92   80   24   29   28   43   70   78   86   99    8   65   55   89   73   82   86   80    8   62   99   46    9    4   80   85   14   95   61   32   34   23   34   11   37   15   71   72   38   99   93   76   19   48    0    5   17   69   95    2   64   46   61   42   97   24   45   70   31   98    1   62   27   11   47   59    0   63   86    0   54   96   87   47   70   30   62   13   71   46   73   80   40   29   71   38   86   46   75   94   67   59   83   81   20   39   32   81   57   11   20   29   69   59   75   43    2   31   66   32    3   80    4   71   14   77   22   57   86   19   55   80    5   43   96   81   46    2   55    4   70   31   83   43   58   17   62   49    8   65    5   91   25   45   54   63   89   49   17   94   93   39   26   72   81   10   28   28   40   58   70   83   88   40   24    6   77   23   99   33   39   72    9   24   57   46   23   34    9   87   60   88   35   80   30   35   90   37   11   62   44   87   71   83   62   13   64   58   80    2   33   15   45   99   32    3   25   74   36   20   33   69   42   28   85   50   34   85   44   20   43   78   28   18   48   89   86   88   27   84   48   33   48   71   69   78   50   19   22   21   36   11   17   65    8   57   16   23    9   57    9   93   14   35   37   11   14   49   48   42   25   98   83   34   11   40   71   82    7   22   96   36   71   79   86   98    9   33   60   12    0   53   37   16   98   46   36   94   57   24   51   77   31   25    5   56   87
   7   66   10   97   17   61   99   10   52   44    3   26   68   93   72   21   59   44   34   94   15    8   23   74   37   64   42   43   26   10   26   83   98    2   54   78   65   60   41   19   15   56   63   69   46   38   84   80   13   95    7   74   75    0   49   34    1   91   56   33    8   19   43   14   11   80    2   24   25   45   75   50   11   96   79   64   72   95   80   20   55   86   63   20   40   27   48   97   33   49   95   36   99   65    2   77   32   45   12   83   28   64    5   85   72   94   64   64   73   71   97    8   48   79   17   97   61   47    8   40   96   69   72   21   39   11   76   92   40    6   92   69   47   30   29    1   66   23   17   82   23    2   47   21   71   73   41   98   77   66   37   53   31   38   62   73   57   21   53    8   28   70    0   90   74   87   36   37    1   93   26    8   12    6    4   54   31   69   13   27   53   58   98    5   43   89   68   55   96   94   55   58   95   84   53   95    6   46   80   32   85   32   77   36   76   26   33   94   77   52   10   60   40    6   24   88   72    8   75   51   84   86   69   10   18   83   28   71   53   54   65   33   47   72   77   94   18   16   87    0   80    0   48   98   58   55   63   50    2   19   66   30   37   60    4   14   60   50   65    1   63   74   98   20   79   97   33   96   55    9   73   47    7   28   50   55   46   57   71   75   50   64   83   17   37   52   25   93   54    3   12    4   25   24   13   76   29   99    8   18   65   29   84   86   35   65   44   31    5   69   30   17   12   71   38   10   56   57   82   48   19   43   72   54   27   98   86   53   80   15   75   19   81   24   54   73    2   18   22   20   78   97   41   75   22   38   16   58   28   46   67   61   44   95   88   78    3   52   98   14   55    6   71   48   24    6   11   98   85   50   94   16    6   23   44   22   95   51   23   44   98   62   10   40   90   67   62   37   91   30   19    4   75   79    3   50   24   19   89   45
  67   32   67   21   42   66   18   46   52   43   25   46   25   65   29   79   30   46   50   54   15   64   52   17   63   77   48    3   67   23   61   98   32   62   85   42   40   73   98   39   51   36   21   75    2   46   70   47   10   11   35   82   27   34   88   56   91   40   52   60   79   52   40   95   31   95   69   17   67   89   13   43   88   46   53   73    6   50    3   71   52   41   41   72   80   49   83   11   80   59   19   67   69   24   96   66   15   99   80   48   89   31   20   17   70   19   22   22   61   36   43    2   43   47   12   88   95   46    2   50    7   57   22   97   50   29   63   95   21   76   91   44   92   84   51   95   17   93   30   45   29   90   28   70   52    7   76    3   18   39   43   64    6   89    4    3   73   27   24   74   60   36   31   60   86   39   43   20   53    6   81   53   28   18   26    6   95   30   92   92    1   56   79   23   97   61   78   77   14   85   12   99   62   61   95   43   49   67   22   11   98   73   57   27   79   66   43   46   94   25    7   76   22   87   59   57   24   83   76   83   53   24   57   60   19   99   41   11   76   64    6   36   10   38    5    6   81   28   73   85   68    5   82   30   67   98    5   14   83   76   94   99    7   88   19   85   63   99   98   27   52   96   77   54   71   10   72   86   43   13    9   17   58    0   99   37   49   41   69   25   86   82   75   88   76   29   67   51   68   94    7   18   94   21   48   37   82   24   15    3   31   89   84    5   97   36   13    9   29   34   63   10   51   11   62   64   68   44   42   27   92   95   10   97   55   61   67   20   94   93   40   36   89   48   27   73    1   74   65   45   55   53   24   97   50   49   60   70   46   21   41   61   24   17   14   36   78   44   30   67   79    8   94   10   72    5   30   38   19   20   36   76   49   82   80   24   44   61   27   48   29   20    7   63   48   73    6   83   95   30   97   15   53   93   43   93   20   28   64    5
  23   70   13   36   55   75   52    7   59   45   39   33   81   64    3   70   29   94   45   34   12   12   74   96   39   57   95   93   68   83   51   49   43    8   60   29   71   69   32   73   17   25   68   64   87   10   70   21   34   12   31   20   52   16   57   71   39   91   12   96   59   39    2   85   94    9   26   56   33   60   58   41   72    2   63   33   22    0    2   80   84   99   87   20   20   77   47   89    4   28   20   64   73   24   82    6    0   57   95   29   58   86   10   95   62   17   50   15    3   20   86   46   34   31   92   64   97   46   74    2   68   74   87   35   55   66   73   84   34   10   96   59   16   93   98   13   91   60   17   21   19   42   80   73   43   84   96   92   23   80   17   86   29    9    0   70   25   69   34    8   37   33   42   35   38   64   39   54   23   93   96   14   85   59   80   13   69   85   35   38   97   27   80   28   48   11   89   20   70   38   16    3   13   50   18   18   95   55    6   13   52   25   21   79   46   99   67   34   80   47   74   44    0   35   21   25   39   64   82   23   59   44    5   39   71   74   76   81   52    2   36   56   26   11   36    8   80   33   59    7   47   92   25   69   35   64   98   16   12   85   50   26   57   26   44   89   35   62   92   66   39   97   44   39   62   27   48   26    6   19   68   83   20   28   15   11   19   77   76   96    2   76   58   33   16   17   50   78   13   66   15   19    2   94   30   59   15   59   69   39   57   20   44   58    8   42   38   16    9    1   36   88   71   93   51   10   49   29   61   72   94   64   60   39   19   32   57   98   60   11   11   82   84   38   29    1   80   79   64   97   19   82   96   62   65   74   35   27   65   27   76   85   51   59    9   44   99   63    7   38   70   90   73   29   24   16   70   18   65   92   66   30   22   97   13    4   50    4   81   82   13   40   93   70   12   59   54   68   88   52   94   70    5   56   40   40   69   69   40   12
   9   26   74   18   85   84   51   62   73    0   47   82   94   27   49    1   13    8   34   55   31   18   87   62   79   85   86   40   70   87   76   21   92   64   14   89   79   54   35   78   58   60    5   16   32   91   69   20   88   78    7    9   37   48   76   58   34   67   66   70   61    5   92   32   81   66   62   37   77   44   25    9   10   60   43   32   50   11   88   50   92   40   29   63    3   22   50   15   98   34   72   91    6   21    7   29   57   78   42   75   82   39   33   81   23   74   65   28   19   62   68   26   64   52    0   44   25   47   12   95    7   79   23   61   12    5   92   12   58   63   22   91   80    4    2   98   11   47   76   38   95   68   75   98   12   20   10   96   55   12   29   81   52   70   48   48   88   54   74   97   45   76   89   98   41   11   90   39    7   24   86   32   60   96   68   55   35   83   75    0   43   52   34   95   96   34    0   49   66   29   68   71    2    0   56   57   82   11   42   45   66   50   68   40   10    5    5   55   43   25   61   44   30    9   12   16   16   61   61   99    8   98   72   11   56   57   10   90   70   39   41   80   61   14   60   98   87   64   53   61   27   58   83   90   59   30   21   21   23   53   44   98   61   98   91    9   26    4   64   80   91   64   23   62   25   69    3    3   61   41   13   47   62   65    3   58    7   75   72   54   80   63   59    0   19   63   94   51   99   41   13   69   71    0   87   76   58   88   72   11   66   35   98   86   71    6   90   22   78   80   49   35   20   33    7   39   41   96   45    5   14   36   30   36   44   97    4   28   32   94   64   40    3   45   86   67   92   48   28   21   60   83   57   28   61   85   59   96   26   53   23   17   11   16   31   85   19   28   73   49   65   78   46    5   46   43   94   67   61   57   38   40   23   35   72    7   54   60   14    5   43   52   18   13   29    3   61   48   58   30   59   48   95   16   44   96   94    1   34   13
  68   71   56   93    3    4   93    2   96   55   63   44   63   20   10   13   16   85   44   12   25   69   36   82    2    2   77   74    8   68   20   54   73    7   99   90   30   90   53   34   87   33   42   54   21   87   86   93   86   24   58   55   80   36   53   21   52    0    1   29   70   32   68   65   29   64   40   97    1   66   82   15   97   58   56   16   59   15   40   92   23   17    0   47   73   90   10   60   16   45   26   33   51   12   87   85   25   80   65   91   75   77   50   49   22   19   53   88   50   20   58   46   24   65   34   84   81   84   92   36   73   12   72   48   35   87   36   28   64   53   78   15   99   74   33   60    0   73    5   28   80   67   53   17   75   41   65   84   99   51   60   89   45   81   74   52   97   34   95   74   56   75   27   51   71   13   98   31   74   47   86   94   11   77   57   77   89   20   85   15   31   97   19   28   77   65   82   75   23   52    5    7   78   33   49   93   69   55   55   95   36   16   92    6   85   65   19   27   39   57   50   36   54   24    0    8   34   55   11    5   76   71   48   26   62   14    1   83   76   90   82   12    5   95   88   46   56   11   21   36   23   54   38   26   23   78   64   11   75   88   25   41   10   97   72   44    8    1   45   39   43   39   95   35   41   75   34   58   73   90    3   62   53   58   98   27   82   66   41   70   78    4   55    5    2   20   20   58   82   63   84   35   90   24   73   16   58   30   61   45   11   59   74   87   91   63   64   54   93   34   49   43   32   64    5   63   83   21   23   80   29   82   62   98   47   89   92   10   21   43   27    5   97   76   35   87   93   48   13   18   82   45   50   13    3    9   70   12   84   10   18   89   53    3   19   28   26   20   34   44    8   25   98   25   16   89    8   66    6   29   67   32   62   36   34   39    4   18   60   34   96   87   73   71   79    3   20   80   92   40   53   72   44   39   99   77   93   66    8   67
  37   88   91   82   54   49   30   66   61   37   95   65   27   26   14   57   42   81    9   50    9   68   56   28   99   81   19   47   68   39   46    3   48    9   84   12    6   48   40    7   58   62   59   15    3   62   96   51   74   28    8   46    6   46   32   13   92   46   64   64   88   69   27   89   82   72   15   53   98   29   89   46   52   97   28   94   81   73    4    3   33    6   33   97   79   81   59   48   39   40   41   18    4   51   51   65   18   12   95   47   27   35    5   88   80   71   79   90   64   35    9   16   44   83   33   42   94   57   88   72   51   62   72   80   70   17   24    8   28   33   12   52   93   75   86   79   86   56   48   77   59   57   84   24    7   74   70   59   16   56   48   80   24    3   67   23   35   68   35   21    2   19    1   95   31   93   37   46   12   10   23   78   95   78   29   35   24   75   84    8   14   45   92    4   25   88   47   34   82   16   17   14   83   10   64   10   70   47   26   17   67   76   58   50   50   87   37   82   11   73   95   17   20   46   61   91   48   76   37   54   22   54   89   34   86   84   61   90   84   68   92   99   31   78   46   82   14   50   57   47   94   36   60   48   51   59   56   54   92   20   13   43   84   49   36   54   95    5   62   72   37   96   56   18   42   86   87   20   35    5   10   74   53   86    1   84   63    8   66    0   94   88   32   25    4   21   56   84   17   29   26   49    2   92   18   69   50   43   24   50   50   32   45   85   54   55   45   81   53   99   21   47   98    2   87   88   42   24   90   25   66   33    0   96   37   64   48   73    5   13   90   37   32   24   71    1   76   65   62    1   16   86   91   65    6   53   55   44   79   43   64   31   71   67   76   60   81   31   11   95   84   38   70   72   23   44    8   11   84   90   28   79   51   17   26   43   95   85   54   73   70   65   96   81    4   31    5   84    7   90   24    5   32   91   36   96   85   38   38   88
  58    5   61   69   21   46   33   48   71   91   92   62   38   89   50   18   20   71   53   23   45   16   89   86   96   59   37   14   56   54   44   64   38   89   91   19    3   18   27   72   22   40   42   71   47   19   82   63   79   20   94   41   49   90   63   22   69   21   39   70   69   24    4   55    2   57   42   86   94    5   88   93   60   67   17   85    1   44   96   14   41   86   97   41   15   54   69   39   74    7   15   22   28   95   61   59   80   50   55    3   79   87   60   98   73    6   11   73   72   95   37   93   66   65   64   54    5    6   50   54   76   87   46   15   64   15   41   81   81   96   58    8   89   15   41   39   65   93   61    8   15    3   33   92    4   42   69   57   73   35   91   63    7   53   53    1   28   17   97    5   57   10   20   16   94   90   90   20    1   99   38   90   60   42   72    7   91   96   36   74   23   32   48   27   67   88   72   78   93   20   30   21   22   79   64   86   98   52   36   15   61   24   61   65   98   17   57    3   52   29   27   64    3   49   70   95   96   13    4   92   81   47   40   94   46   17   24   26   60   36   30   12   16   19   12   41   64   55   12   57   47    0   16   80   25   30   17   73   39   27   46   28   51   59    7    1   77   11    9   96   89   45    6   82   92   81   95    0   91   46   31   62   99   79   34   96   25   14   84   70   10   44   11   39   57    0   36   99   34   61   36   62   22   93   32   23    9   70   74   46   11   48   59   78    8   26   95   93   39   48   45   51   77   39   25    7   47   55   68   65   35    5   45   29   22   82   45   49   62   60   93   36   62    5    1   56    9   25   70   70   34   39   90   50   35   56   40   72   42   81   21   10   70    9   54   16   17   65   95   25   23   77   42   38   33   41   44   55   53   61   54    1   71   41    6   81   35   61   87   27   10   92   67   96   52   46   65   34   70   87   82   28   48   72    7   68   49   63   33   16
  15   17   94   38   12   54   93   36   30   73   67   27    0   60   92   24   43   44   46   42   43   50   95   75   18   34   83   64   48   89   47   31   72   51   14   30   83   83   72   29   16   98   51    6   88   89   47   80   87   15   58   66   99    3   12    5   92   56   28   58   25   31   12   87   61   60   32   64   85   60   84   40   77    6   78   56   27   82   60   90   70   13   98   73   85   21   66   20   64    6    6   97   11   74   69   33    3   85   60   14   56   34   60    4   24   43   91   25   18   98   50   18    6   17   32    4   12   50   85    7   72   76   89   41   78   99   65    7   38   44   69   97    6   43   81   34   92   13   33   60   62   31   82   57   47   92   42   57   68    6   16   49   48   70   58   59   66   13   49   42   69   53   47   38   87   92   73   98    3   76   51   92   34   93   21   34   41   34   31    4   28   21   28   15   90   16    3   15    7   33   73   64   65   86    7   18   81   64   95   51   42   64   19    0   35   84   30   39   38   78   17   34   95   96   11   67   79   92   46   41   87   29   75   45   58   14   59   22   38   37   42   33   97    4   59   21   30   61    5   89   71   19   89   21   76   74   55   63   49   88    3   14   78   90   51   27   60   27   29   42   10   96   57   10    8   62    0   84   70   94   52   76   91    6   40   82   12   77   71   94   43   18   39   50   66   39   49   69   32   16   72    4   65   31   92   72   64   63   56   29   53   59   96   53   58   31   31    1   99   50   22    0   56   70    0   21   61   31   46   11   64   55   96   11   82   43   93   66   60   96   73   51   32   22   24   68   23   30   69   27   80   63    4    5   67   38   20   36   12   15   82   60   98   77    2   30   81   37   45   37   27   58    8   76    9   14   71    1   35   74   30   34   95   52   39   66   54   99   26   76   47   32   37   18   78   53   70   50   88   12   39   45   95   96   61   54   16   99   38   19
   2   57   12    9   22   74   64   29   93   95   11    2   96   56   80   70   85   43   46   96   65   29   44    2   99   68   50   51   99   60   18   55    3   71   70   47   78    6    8    5   51    3   24   96   19   95   78   38   72   67   62    5    6   70   37   45   65   49   35   10   98   39   79   18   33    0    6   41   33   10   22   18   76   30   32   45   18   24   20   95   61   91   86   24    4   44   36   60   15   18   20   62   17   42   26    3   17   25   81   18   58   82   96   49    3   18   54   56   97   43   43   42   27   20   93   63   86   82   87   48   28   14   83   26   84   31   14   88   35   62   40   92   18   32   77   87   58   79   61   94   96   24   34   94   28   65   99   73   65   18   21   21    7   99   83   78   77   88   70   26   23   49   19   52   73   26   21   14   54   18   91   31   79   42   84    1   22   47   53   52   68   47   77   59   90    8   69   88    6   23   23   43   51   85   38   71   83   72   91   80   37   96   94    4   96   99   84   93   83   14    3   29    3   65   86   88    9   54   52   51   90   11    7   72   60   49   18   10   62   91   94   23   58   53   95   83   12   67   81   23   34   99   37    9   97   80    5   46   75    7   44   24   12    8   56   20   72   88   50   29   20   61   70   19   34   24   78   35   63   94   26   21   36   65   38   37   85   14   59   55   41   37   65   87    7   92    1   57   39   29   80   53   22   88   34   67   13    8   59    6   94   15   50   56   85   16   92   25   96   52   26   56   75   82   27   43   50   77   69    7    5   54   80   42   27   92   25   72   14   69   45   90   57   24   50   75   40   86   84   99   52   42   34   66   54   18   91   55   42   44   30   13    7   91   74   90   70   95   90   18   51    1    1   74   47   27   45   62   81   53   49   57   14   49   30    1   69   26   65   92    1   42   28   31   97    2   56   37    9   22   16   52   20   69   17    6   72   71   23    2
  40   68    6   15   58   34   89   12   74   55   27   79   23   56   45   90   10    3   64   35   98   37   46   31   54   42    5   57   46   19   44   20    7   14   78   29   47   64   61   51   30   28   44   95   38   63   31   26   63    4   30   23   12   48   19   20   62   32   70   98   44   93   28   50   48   83   29   28   48   74   91   89    3   83   27   63   75   82   25    0   88   38   75   76   64   40   10   18   63   77   49   61   44   52   93   33   89    9    2   86   52   20    3   63   42   29   98   22   87   44   19   73   84   23   57    9   65   48   84   54   24   65   37   45   60   38   22   15   96   30   82   24   71   13   24   95   91   18   49   57   86   40   88   54   29   58    8   52    7   32   70   34   99   17   89   41   65   36   49   99   19    9   55   57   87   98   58   92    9   69   52   39   85   72    6   93   49   54   17   34   71    1   39   50   91    9   88   31   26   62   43   27   21   22   22   58   45    7   23   92   81   98   69   98   68    0   55    0   13   10    4   91   16   86   31    1   33    7   31   30    5   27   11    0   62    8   69   67   84   59   42   35   23   24   19   47   64   63   72   30   94   13   70   91   83   11   68   83   34   56   48   46   66   25   31   69   10   49   74   10   25   82   50   68   84   76   35   22   65   32   27   32   48   16   23   88   89   36    6   30   42   47   37   95   79   36   98   92   33   93   92   32   30   59   81   64   60   28   70   99   81   59    8   71   55   69   67   22   56   59   51   86   61   76   67   45   66   54   59   64   57   37   68   33   56   44   54   99   61   69   36   13   95   12   64   13   72   88    2   14   47   45   12   64   26   81   29   32   67   23   27   10   21    8   12   15   58   68   52    6   99   64   85   85   36   51    7   94   98   46   70   47   20   15   90   63   20   76   94   20   26   61   17   41   64   98   90    7   58   39   23   41   97   46   59   30   92   28   23   35
  27   16   69   13   17   89   11   50   93   78   87   34   98   92   39   81    6   96   32   77   24   71   78   59    1   79   94   31   97    6   39   35   63   77   82   10   88   89   36   53   58   79   36   50   69   84   32   99   85   80   60   87   78   82    9   45   85   35   38   56   75   20   64   44   95   13    5   30   95   70   42    7   60   92   75    4   85   25   79   95   33   87   61    9   38   87   40   84   45   48   97   86   85   48   62   14   88   22    2   33   33   34   18   73   15   21   77   74   97   55   25   59    9   71   42   78   28   38   35   68   66    4   89   77   80   76   36   97   75   17   28   13   75   92   75   33   88   60   38   95   50   67   58   26   72   12   44   34   85   66   37   94   87    6   62   43    5   80   31   87   42   85   66   77   61   18   48   35   18   58   66   13   91   39   47   21   20   29   17   79   22   68   23    0   44   93   14   52   50   65   43   62   15    7   18   88   34   68   92   25   15    8   70   99   48   93   50   72   24   53   13   59   25   49   29   86   77   74   70    6   37   32   15   72   68   98   96   75   83   49   18   76   39   72   71   71   32   94   90   61   97   51   97   74   41   88   94   62   29    1   18    7   85   83   50   50   75   98   59   21   50   70   70   41   14    1   67   36   96   19   49   54    2   86   30   99   22   55   80   92   14   87   64   19   40    2   96   85   23   57   60   77   45   64   57   22   77   45   24   35   79   69   95    5   44   44   55   24   60   70    6   46   88   70   45   79   84   76   99   92   18    9   20    8   61   23   59   45   26   49   72   89   79   98   42   33   73   95   12   25    4   18   36   69   63   37   35   79   81   90   55   57   22   87   92   31   28    6   75   54   33   96   20   61   10   72    2   91   46   77   17   60   10   81    1   33   95   58   39   88   13   41   75   82   67   72   12   33   74   64   95   44   96   35   17   69   87   15   89   65
  46   15   20   48   36   76   33   66   47   38   82   45   46   24   65   41    2   90   45   84    4    9   37   18    3    3   67   41   15   82   39   57   28   23   97   39   83    9   24   38   38   37   44   26   69   21   73   21   57   14   60   13   32   97   17   65   98   64   44   39   37   16   41   48   43   37   96   24   82   75   75   23   95   71    0   12   64   49   54   67   53   68   15   97   46   45   96   37   65   74   55    6   23   49   67   87   15   26   55   50    9   16   47   94    7   84   82   76   15   14   34   50   67   21   83   91   87   92   97   73    8   65   70   24    1    7   78   83    6   23   58   26   55   25   53   34    6   32   70   25   27   12   12   77    1   94   99   15   74   57   86   43    7   44    6   75   33   75   71    6   58   89   72    1   47   43    4    9   66   66   53   41   24   13   76   33   69   25   44   65   72   66   64   54   88   77    1    2   78   65   15   65   20   46   11   83    0    7   97   76   26   31   12    3    5    2   80   24   46   58   68   61   49   11   45   29   27   10   20   83   55   85   78   20   99   89   68    8   75   53   90   71    1   40    6    9    0   76   23   78   73   32   65    2   20   92    3    8   64   26   27   43   95   44   38   52   56   21    7   38   52   93   28   88   41    9    3   78   52   55   78    3    8   78   41   15   73   24   51    7   27   76    2   70    3   83   86   50   81   43   67   55   54    0   60   77   96   82   38    5    4   90   70   41    7   23   20    3   26   98   91   66   28   61   21   14   24   80   82   58   88   35    3   62   74   13   11   42   63   15   66   11   31   99    5   28   30    1   66   21   37   36   82    1   42   62   86   52   15   34   28   88   66   24   68    9   77   10    5   79   54   34   20   90   66    8   23   54   62   29    7   94   88   47   27   27   19    3   99   48   22   15   49    7   83   15   93   52   43   24   60   42   29   52    4    4   99   55   86   44
  88   55   63   69   24   71    6   69   49    7   23   90   46   81   74   87   73   17   61   58   99   93   56   93   94   37   33   85   65   46   91    8   60   97   84   30   85   28    1   89   87   74   88   36   14   79   39    2   35   58   62   27   35   55   83   32   40   72   16   63   15   71   93   70   57   74   57   98   10   44   58   75   31   22   27   96   64   85   69    9   71   80   92   58   32   40   72   11   80   62   45   52    0   83   94   39   66   52   14   43   79    7   56   46   49   95   40    1   54   73   82   42   36   17   26   68   57   36   91   99   66   51   72   41   20   96   84   28    4   97   98   77   57   54    7   37   30    6    7   94    9   63   95   52   23   65   15   88   28   29   56   51   90   81   25   88   24   71   83   58   24   38   87   24   15   64   83   71   31   48   38   94   59   15    5   51   44   67   51   94   76   26   84   24   70   48   46   70   31   31    0   50   96   12   74   93   69   19   27   25    0   42   54   13   89   95    7   65   72   66   72   20    8   34   77   19   65    7    8   42   26   45   22   67    9   44   62   98   72   48   76   44   11   26   10   61   12   81    5   96   84   14   39    2   83   97   53   41   67   67   42   94   96    2   82   17   94   79   41   68   32   44   31   95   93   65   33    2   18   10   27   88   63   95   27   24   48   22   89    4   64   11   69   24   73   91   26   13   49    7   82   97   99   10   99   17   14   52   56   27   67   41   81   41   61   57   83    1   16   81   22   35   51   99   88   85   58    1   19   83   35   20   19    0   44    4   21   85   59   35   53   32   74   80   52   99    5   89   57   96   50    8   65   40   91   24    3   61   49   96   57   96   83   66   84   77   59   87   38   44   29   55   59   87    0   39   28   37   53   83   29   87   95   76    0   46   48   41   89   11   10   32   21   23   89   18    5   75   68   66   60    6   96   16   16   35   17   43   39   85
   1    3   47   22   65   88   18   36   11   22   91   58    4   96   70   93   49   52    0   10   36   14    7   31   65   86   21   79    3   97   47   50   19   58   74   31    0   51   81   72   58    3   22   88   86   61   99   31   86   32    0   99   54   29   56   55   88   35   82   55   83   42    6   48   30    7   52    6   52   85   64   84   97   97   80   61   65   30   84   87   56   94   94   29   72   41   86   50   84   43   58   58   65   90   56   91   11   10   62   71   49   12   86   32   46   39   22   90   16   36   77   60    2   63   79   36   79   69   50   52   63   32   17   45    1   20   41    3   85   36   38   91   79   37   26   88   39    8   44   47   60   29   81   41   52   69   79   30    2   13   55    4   45   30   30   71   62   46    1   98   96   22   65   91   59   82   24   77   40   69   23    2    7   77   96   20    0   30   83   22   42   42   90   21   87   85    7   67   16   64    6   74    4   31   70   55   16   64   91   56    5   57    4    6   17   45    8   57   23   10   64   18   16   56   57   17   49   51   23   22   96   17   97   79    6   81   39   32   57   32   52   41   54   19   87   54   79   97   67   76   91   27   78   35   11   19   77   69   78   33   85   87    3   72   99   35   74   38   84   13   76   47   93   93   76   63   32   48   66   40   90   61   49   90   14   39    6   61   98   98   78   59    0   69   42   87   92   45   97    6   75   43   58   13   41   88   84   79   33   76   18   41   32   75   47   57   13   10   95   15    6   82   32   87   35   64   31   24   77   90    4   87   23   70   62   76   24   10   33   75    9   87    5   67   77   93   71    9   12   15   38   98   33   87    9   25   84   92   70    5   51   45   84   19   99   92   86   99   68   11   13   88   84    6   59   93   40   92   27   80   40    2   32   26   53   53   96   44    5   44   83   69   91   14   98   63   57   14   12   26   74   59   62   69   70   23   82   31   91   76
   7   57   57   31   56   54   68   13   30   42   49   78   77   88   25    0   35   70   75    1   77   74   83   84   65   92   11    9   46    1   59   36   34   25   98   41   86   16   10   77   76   65   35   39    0   70   89   34   67   57   23   45   19   33   31    5   70   31   56   46   43   30   82   97   17   18   91   38   79   68   93   26   71   50   57   71   76   96   22   54   40   72   75   80   68   34   43   45   49   86   33   63   58    1   28   89   52   40   44   71   59   34   55   52   12   48   20    6   91   39   80   24   15   59   21   95   22   77   20   91   66   49   29    5   51   24   41   48   14   35   18   46   58   87   20    1   60   21   51   96   39   60   89   36   15   20    1   42   81   80   20   98   45   26   12   80   87    3   62   75   97   84   49   30   97   70   25   96   46   66   49   59   47    8   58   21    6   27   86   16   71    9   57   88   38   19   33   86   90   93   18   41   34   28   25   79    4   97   77   14   57   33   22   76   40    0   37   37   31   12   69   81   89   25   53   61   18   57   35   92   73    7   27   48    4   89   91   52   32   96   12   24   60   47   18   80   49   44   25   25   90   11   35   84   87   14   51   13   94   38   77   92   83   57   19   36   89   91   34   28   54    2   65   35   90   63   29   89   74   62   56   58   18   72   28   20   91   88    4   58   34   53   87   64   48    9   19   63   45   11    9   50   68   82   83   14    2   40   14   63   62   64   45   16   49   33   81    1   65   79   63   81   85   53   21   97    3   11   60   63    9   20   29   34   99    4   75   13    7   36    2   57   20   48   28   97   87   79   94    5   16    2   19   90   83   52   60   98   36    3   41   91   52   66   57   47   37   26   52   51   71   69   60   22   41   82   34   85   55   63   54   51   34   90   45   36   30   62    0   44   99   31    5   92   86   25   78   63   33   27   84   60   79   75    3   45   87   43   30   49
  99   53   64   51    2   15   98   59   14   76   28   73   92   66   86   39   89   53   86   78   94   13   49   48   41   46   35   63   44   72    6   21   86   18   73   15   47   63   71   59   82   17   14   59   60   78   32   14   27   20   45   22   12   66   10   89   64    5   14   85   92   41   91   83   65   83   89   64   25   24   25    2   74   16   52   32   81   77   44   71    9   52   12    3   29   11   30   92   79   71   51   91   69   53   19    5   92   78    9   98   58   51   33    8   72   63   18   75   59   83   82   75   62   97   28   38   91   74   76   72   30   38    2   89   34   23   57   67   47   40   25   27   91   11   55    0   49   22   92   71   91   47   42   76   27   97   56   15   55   34   83   20   66   58   13   76   10   21   32   79   17    3   15   64   56   84    1   91   69   35   54   10   61   50   87   46   84   62   91   58    3   19    3    4   14   97   14   41   96   57   43    3   16   17   64   49   64   45   54   24    3   80   41   90   22   29   39   69   10   16   15   10   36   17   73   14    1   48   15   20   53   25    7   22   89   64   35   92   60   27   12   24   97   12   62   98   60   82   48   36   22    2   56   52   82   19   25    1   47   39    5   66   21   78   66   25   19   48   82   72   25   98   15   92   17   31   56   41    9   92   44   56   89    1   48   71   78   46   60   76   20   91   70   37   15   46   47   43   54   38   59   48   87   62   60    0   28   86   33   87   12   18    5   11    7   70   66   95    8   14   60   82   63   95   70   81   20   55   33   92   79    1   24   86   99   69   74   38   91   86   70   73   11   79   90   28   85   57   99   35   86   65   45   73   40   64   49   87   54   12   67   55   61   53   79   74   71   48   27   25   30   25   73   33   90   41   80   68   99   42    9   22   11   13   81   70   36   11   89   29   54   21   66    8   31   88    1    7   58   23   34   17   12   85   65   89   93   55    5   70
  82   84   76   30    3   51   74    0   71   24   10   52   93   33   53   14   54    9   92   85   30   75   55   78   22   68   92   17   54   73   74   55   57    1   58    5   20   21   56   78   34   60   42   59   11   98   33   49   55   45   44   46   85   31   44   21   69    7   54   31   43   11   41   14   88   58   89   22   37   16   45   52    8    0    1   57   58   38    0   28   12    6   21   23   13   75   95   42   29   64   40   84   77   84   21   81   37   14   50   69   77   18   72   64   95   43   71   93   67   38   91   81    2   22   58    2   22   75   42   70   48   19   97   21   33   89   34   43   43   56   75   11   40   10   55   75   44   31   32   73   95   10   34    1   94   41   76   39   47   96    8    3   87   61   85   82   60   34   34   68    7   78   60   29   43   79    0   96   40   31   24   19   38   91   97    2   17   13   70   38   59   68   97   93   86   53   29   78   93   26   35   68   67   25    5   86   74   35   13   72   15   38   34   57   63   63   86   23   35   29   68   25   70   43   64    4   60   99   79   29   41   43   14   27    7   39   73   90   56   69   88   49   56   68   12   49   52   20   46   29   67   48   32   73   76    5   62   36    4   13   24   65   44   21   85   34   92   40   59   42   35   55   54   10   98   80   45   54   59   53   41   28   16    0    8   60   47   47   75   39   35   54   52   70   97   54    5   43   19   99   48   58   50   27   22   22   52   47   38   13    6    2    4   55   26   40   34   81    9    0   58   71   32   71    4   83   41   81   81   97   47   12   66   33   73   95    0   83    1   81   95   56    2   94   22   43   90   34   10   98   86   34   30   90   96   38   26   72   55   48    9   59    6   90   27   72   14   80   43   45   11   10   82   92   57   97   36   28   77   87    7   55   77   36   41    2   29   80   96   98   49   20   98    0   75   32   29   91   89   86   72   43   48   81   93   29   58   57   14   67
  21   11   58   15   92    8   95   99   97   38   49   31   95   34   58   96   10    2   34   92   12   57   68   53   37   34   29    2   90   84   83   52   30    0   70   70   87   42   65   39   95    6   56   67    4   64   95   96    7   10   46   94   42   47   70    5   84   75   99   41   76    9   29   12   61   96   76   65   70   95   69   77   26   62   68   11   70   45   98   24   47   15    5   49   96   31   88   95   81    2   72    2   26   62   94    9   95   55   74   81   50   12   78    7   13   95   91   85   93   24   97   48    9   15   70   83   39   19   22   83   81   24    4   11   40   21   45   54    8   88   78    3   44   14   82   55   18    9   32   34   30   37   13   48   28   71   77   24   13   32   13   43   92   39   86   71   87    4   70   14   60   13   87   53   58    8   31    7   85   78   62   98   85    3   87   17   12   50   63   90   52   50    9   37   20   83   36   77    5   80   62   23   77   65   64   18   47   45   20   83   60   79   95   55   30   76   57    6   34   82   56   79   96   74   30   14   21   21   43   21   73   68   10   28    9   13   61   56   22   35   91   48   81   73   30   23   91   90   17   71   17   81    2   41   35   58   77   78   36    4   92   36   93   11   73   80   19   97    7   90   23   91   31   37   59   52   88   38   35   36   54    1   53   59   38   81    2   39   31   85   70   44   31   63   73    1   98   62   40   29   63   80   85    0   61   10   25   81   12   44    1   26   53    1   91   35    6   79    3   52   31   11   34   37   36   34   12   10   96   36   97   13   73   71   54   22   22   28   69   15   18   79    0   92   79   19   17   52   43   91   32   94   56   13   40   59   28   50   65   40   80   81   96    2   15   84   84   23   98   14   91   63   91   94   14   51   36   96   96   61   27   59   59   18   69   14    7   63   81    6   60   97   96   27   98   46   10   18   51   45   12   23   64   83   40    6   52   41   57   76
  72   88   79   96   42    5   54   13   10   24   13   95   56   96   57   57    7   73   48   46   93   90   53   10   77   80    7   47   27   45   80   56   19   47   67   85   12   24   27   12   39   64   60   75   33   49   92   65   43   48   26   83   39   71   56   96   29   60   71   67   91   53   41   54   29    7   89   44   73   23   17   96   18   89   63   40   35   10   34   38   11   99   91    6   59   90    7   10   27   55   57   86   90   61    5   17   78   99   10   86   40   15   73   51   21   64   16   59   78   35   15   81   11   27    4   30    5   54   12    6   80    7   37   96   41   43   68   56   80   99   59   97   12   77   53   58   82   24   57   18   81   11   18   37   51   26   54   84   12   91   68   60   58   65   38   53    4   11   54   85    0    3   49   67   83   16   92   78   69   65   98   24   92   77   76   78    0   49   63   54   94   10   92   42   45   66   80    6   73   35   66   45   17   71   72   36   11   92   32   80   35   50   83   71   65   31   11   49   39   57   49   28    6   84    8   55   55   46    9   31   46   88   96   30   67   12   47    8   42   86    9   31   44   64   67   99   61   26   77   63   49   54   48    6    3   34   68   12   45   24   75   85   84   33   77    2   29   88   51   92   66   54   32   35    6   81   31    9   67   61   94   14   78   85   18   76   52   89   13   96   58   79   40   26   65   61   82   93   41   19   82   19   89   74   86   62   32   45   76    9    4   76   71   33   64   90   53   59   86   75   28   18    3   67   91   96   29   22   88   74   27   40   17   10   28   89   57   43   74   34   20   79   34    1    5   58    1    5   24   94   27   89   48   64   30   52   28   77   89   70   11   42   17   16    2   84   63   69   27   31   63   43   22   72   71   63   21   91   86    2   63   62   72   38   33   28   88   89   34   42   71   42   59   27   62   74   38   44   88   39   22   69   52   61   81   99   37   31   15   93
  67   50   86    2   98   71   31   38   80   87   12   41   51   11   32   67   29   34   14   61    3   29   96   33   75   52   19   51   47   99   95   53   93   60    9   85   73    0    1   94   31   33   57   82   55   59    6   85   17   38   58   85   51   93   19   29   74   62   23   20   35   65   74   92   68   64   33   73   59   87    9   67   26   25    0   66   25   92   49   72   46   26   67   89   63   92   30   23   15   36   94   11   59   92   55   57   74   32   62   27   90   56   40   96   49   46   24   98   66   74   89   70   95   15   46   19   31   73   54   16   70   55   36   51   77   72   18   55   37   21   95   78   87   78   79    3   99   54   32    8    1   11   32    5   25   75   33   56   72   50   49   21   20    2    2   22    7   31    0   86   68   14   17   20   18   13   22   78   54   14   16   10   83   51   45   50   47   44   41   85   82   55   80    2   71   31   10   77   82   14   58   84   65   51   25   32   84   22   10   32   35    5   52   55   90   25   28   87   43   14   58   46   54   72   91   75   78   22   88   95   10   94   39   41   61   45   47   33   34   39   59   79   13   50   49   89   11   41   29   69   11   73   97   33   31   91   25   50   12   50   81    4   75   84   12   61   59   22    3   31   57   36    5   83   76   80   87   54   46   78   90   56   17   14   78   22   47   32   80   22   48   89   47   19   31    9   82   83   98   14   25    0   48   67   29   15   10   39   79   32   66   96    7    9   73    5   47   77   77   33   11   56   37    0   86   98    2   65   25   65   10   74   10   36   32   40   47   43   19   79   96    8   58   28   95   78   63    6   79   94   93   55   62   12    5   19   34   20   47   18   81   51   10   80    3   16   66    5   25    3    4   12   13   20   87   40    1   74    7    2   65   28   92    2   26   99   74   69    8   19   59   10   72   28   48   73    5   99   87   26   26   81   68   83   53   67   97   51   41   92
  84   65   39   52   69   61   45   77   60   13   15   83   53   84   44   35   26    6   66   77   73   87   81   57   10   74   59   76   57   29   22   11   37   87   18   25   17   43   15   87   88   32    9   41    3    2   48    7   48   65   34   94   67   12   99   90   23   11   43   88   63   88   83    3   69   34   98   21   64   98   76   29   96   54   81   42   65   52   61   67   84   35   63   89   80   23   29   86   95   56   40   92    9   83   96   75   37   33   35   21   26   90   58   14   21    2   80   83   66   81   32   91   91   74   16   83   37   12   91   60   51   91   15   90   35   89    1   71   33   36   96   19   16    7   70    9   99   15   59   56   39    2   72   17   25   35   57   64   92   85   57   40   92   35   50   51   29   59   69   35    1   64   17   39   91   19    7   84   86   20   19   79   59   58   82   75   33    0   28   21   66   44    6   86    9   10   92   56   82   84   13    1   40    3   29   39   44    9   21    8   63   21   58   47   72   33    0   97   93   44    6   57   58   37   25   10   48   41   54   45   97   95   99   89   90    0   89   27   23   57   54   70   85   44   83   71   69   71   47   71   60   25   67    0   86   19   82   35   73   44   70    8   73   69   90   14   45   28   98   32   64   58   53   73    9   30   67   83   56   35   62   80   27   15   84   35   96   58   77   50   16   36    0   21   69   50   96    9   10   39   86    7   53   43   77   96   52   48   27   58   14   50    6   21   17   10    6   33   29   51   41   69   66   64   93   52   51   35   50   25   99   74   42   89   83   63   29   10   10   79   13   59   47   65    6   69   10   46   42   51    5   31   39   62   26   49   52   34    4   23   42   62    9   44   35   20   67   77   55   54   54   63   76   56   85   62   46    8   22   28   52   77   50   79   85    5   60   73   95   22   68   83   49   38   32   29   58   29   99   68   45   68   42   60   47   95   21   30   71   61
  24   44   66   56   93   14   28   91   68   87   28   95   43   73   40   70   89    5   93   44   53    3    4   92   94   59   63    6   66   59   92   64   87   98   93   65   90   80   16   77   51   72   61   10   61   33   79   75   89   89   86   16   56    0   31   85   67   23   82   52   77   99   48   74   51   16   67   92   84   21   87   82   20    1   90   23    1   11   98   55   39   60   24   70    4   29   31   94   65    1   25   31   79    5   89   36   34   94   14   30   54   30   60   29   19   82   86   58   74   41   71   36   33   68   68   98    5   45   33   22   33   39   80   17   81   66   98    2   86   44   12    2    8    3   57   37   49   75   71   66   47   89   61   42   77   16   94    7   51   24   76   50   77   27   78   75   82   65   78   42   62   71   76   46   71    4   11   73    1   66   72   52   56   14   32   51   81   26   89   97   57   46   79   78   61   57   66   82   38   46   55   57   19   48   71   94    1   12   42   34   83   55   45    8    3   84   56   87   45   20   60   94   11   61   28   59   51   34   30   56   54   25   31    3   36   73   81   95   59    8    9   59   18   25   38   37   62   28   62    6   78   98   13   57   85   56   89   57    4    8   73   39   86   92   19   55   69   39   88   21   28   24   18   80   82   64   20   32   12   89   51    1   92   76   65   53    7   89    8   87    8   31   99    3   42   87    0   82   28   16   96   53   50   37   89   72   71   87   35   62   10   94   38    5   25   39    6   34   48   25   77   36   90   12   78   50   80   32   82   58   26   42   17    0   40   52   71   55   28   84   98   28   64   74    3   87   77   69   14   11   57   42    6   40   12   24   58   33    6   70    0   37    7   20   81   79   59   38   35   42   55    8   40   78   46    8   43   57   64   75   16   12   55   30   97   98   55   44   51   57   92   86    0   89   22   34   46   84   92   32   62   80   98   79   96   58    7   64   68   56
  23   10    6   43   45   12   40    5   26   49   22   26    6   35   90   62   14   46   92   56   51   67   93   66   66   68   81   45   10   70   47   26   65   76   17   79   53   89   79   94   87   52   38   53   28   37   90   77    3   26   60   63    2   56   62   27   46   25   34   16   90   73    9   82   64   18   13   90   29   20   25   10   50   87   56   92   91   16   46   17   62   29    5    6   53   41   80   71   96    8   75   30   70   35   79   94   15   74   12   36   63   20   85   86   73   28   88   62   71   69   10   78   91   61   37   40   79   14   79   19   51   58   95   48   58   38   82   53   14   85   97    4   40   13   50    0   19   31    6   16   57   27   54    7   87   34   13   39   36   92   19   57   14   84   84   62   52   44   98   89   62   77   64    2   55   22   57   99   39   76   97   41   71   59   24   77   37   39    9    4   27   61   93   11   35   24   51   51   86   79   46   22   58   19   99   42   42   13   67   24   29   30   23   78   88   66   94   36   88   94    9   27   51   50   60   61   11   95    1   85   50   37   44   50    0   45   96   30   34   48   94    8   29    5    9    6   33   13   77   28   43   63   34   84   65   78   67   32   58    4   18    5    7   79   20   87   95   93   59   96   11   84   11   35   32   47   66   83   59   89   59   36   56   62   49   17   28    0   59   35   78   92   98   65   95   89   95   35   29    4   56   35   84   42   19   67   26   96   56   31   60   75   35   88   10   24   16   78   42   95   26   77   68   39   92   58   46   74   90   80   14   70   53   97   88   86   13   21   88   99   75   70   50   91    8   49   10   89   40   98    6   82   22   79   79   21   40   13   63   76    4   70   28   62   93   44   71    6    4   57   63   53   70   71   96    8   40   40   54   42   74   46   38    3   35   58   98   19   75   91   50   63   19   83   66   49   66   37   19   25    2   39   45   92   42   92   12   93   41   76
  23   17   56   71   26   33   42   42   98   46   76   25   67   20   71   10   30   44   93   59   19   88   79    1   13    4   23   74   17   79   40    3   55   76   35   55   81   31   37   65   92   30   22   44    6   48   34   29   27   32   31   89   14   40   35   27   15   50   51   13   98   56   76   84   26   48   80    1   28   90   66   75   49   96   66   80   55   86   69   91    6   25   38   98   27   25   59   97   98   79   80   73   40   23   63   30   90   15   84   29   59   91   21   45   56   95    3   59   97    1   36   33    7   34   48   42   55   67   43   26   91   40   94   99   63   36   97   50   35   51   71   19   19   49   63   22    8   10    4   80   60   71   51   27   41   13   37   98   93   91   72   36   76   64   73   28   80   37   63   53   27   26   46    8    1   71   89   19    2   30   75   95   36   60   96   22   16   28   76   22    4   86   79   80   62   54   21   12   62   73   83   84   69   52   45   21   28   69   60   32   36   91   40   83   43   40   59    4   33   94   80   95   83   48   90    0   24   72   18   28   22   74   78    2   20   61   90   93   80   51    5   94   75   72   85   59   73   84   81   92   19   85   49   91   97    6   87   21   90   26   68   96    9   91   81   81   91   79   27   44   56    9   84   66   93   52    1   40   21   36   57   16   61   40   80   92   35   19    2   59   43   62   26   38   93   26   55   15    8   41    9   50   13    3   62   92   98    0   61    4   63   66   13   78   88   45   52   32   96   71   45   87   82   31   99   61    4   89   29   66   80    8   82   16   18   80   51   47   54   23   99    8   18    7    3   51   11   73   97   41   16   39   40    0   70   36   75   18    2   39   49    4   54   55   98   57   15   84   94   16   34   60    4   84   72   91   75   17   71   62   27   15   90   19   14   71   77   83   51   36   70   79   16   68   20   36   91   27   73   72   21   84   69    9   82   47   53   27   18   11
   1   18   23   81   16   68   65   96   95   33   25   91   31    8   99   87   85    5   23   17   44   80   76   93   50   59   83   86   92   12    4   86   71   28   90   93   92   42   70   78   14   69   26    1   90   21   46   56   70   22   37   78   78   82   53    2   89   60   39   99   91   53   66   84    8   11   14   72   65   20   62   28   66   49   47   93   77   68   80   92   40   73   59   75   86   85   53   32   26   79   56   84   46   74   27   68   15   18   84   95   43   28   87   41   68    6   81    2   75   16   91   62   51   29   23   87   37    2    8   19   92    8   71   10    3   23    8   86   92   85   54   32   98    7   32   68   31   69   87   92   11   91   97   25    2   88   91   53   28   91   78   67   48   46   91   57   36   23   54   56   76   27   82   44   65   29   49   44   71   85   49   56   70    4   58   69   27   66    8    8   20   31   76   25   54   46   10   38   71   82   55   39   28   11    3   28   66   13   46   32   34   85   32   53   51   35   64   89   43   45   85   73   45   20   74   36   63   50   55   51   67   80   77   57   16   89   56   91   93   43   38   68   15   78   81   36   35   28   25   87   91   59   39   18    7   57   47   22    7   46   25   67    0   83   52   40   74    9   11   77   37   66   79   62   15   30   15    4   94   59   22   77    8   30   31   68   71   12   18   73   88   85   52   38   42   13   64   48   16   58   78   11   39   19   85    6    7   84   52   37   74   55   70   69   23   25   82   76   79   16   33   98   35   46   90   49   88   55   94   29   95   45   26    4   85   83   33   94   12   37   92   84   65   64   31   30   93   22   28   56   74   26   23   68   12   26   55   85   52   87   44   49   61   58   39   35   60   87   80   88   87   62    5   12   73   51   15   68    1   93   90   93   32   77   30    1   42   40   29   93   35   37   92   60   95   83   12   20   51   19   54   92   57   83    5   43   29   91   79   56
  97   21   23   35   94   81   11   54   58    2   27   51   41    1   71   16   68   65   45   62   27   54   96   62    6   41   60    0   57   65   46   72   96   56   91   60   80   18   94   25    2   54   98   28    6   22   57   78   98   61   70   10   80   83   17   53   82   75   44   54   34   47   30   71   76   47   17   64   15   56   17   71   48   78   69   70   31   92   53   93   68   10   28   61    3   58   84    4    4   38   94   26   30   41   21   77   62   28   55   92   94   87   46   63   20   98   69    1   94   35   24   24   16   14   36   76   56   51   47   92   81   39   92   95   89   63   43   36   71   64    3   88   16    5   75   43   78    5   94   62    6    1   42   51   18   19    2   19   34   74   67   17   30    5   93   38   75   44   26   35   95   51   70   36   12   29   66   50   75    3   33    2   20   87   30   66    2   34   32   35   64   35    1   86   65   97   76   30   86   69   29   24    2   73   11   95   25    3   87    6   37   79   38   45   72   55   20   38   36    5   83   40   31   14   46   32   18   17   93   85   63   25    9   58    8   98   60   99   57   65   47   30    1   50   89   50   72   87   37   71   55   88   68    1    3   97   39   68   89   93   73   79   77   70   96    7   27   14   78   20   15   49   18   77   42   23   57   98   74   66   69   73   62   90   26   51   72   14   47   42   30   53   70   97   44    7   98   32   39   74   32   70    0   83   52   95   60   56   49   85   17   96   36   13   15   58   92   45   18   77   29   19   65   85   94   44   94   36   49   71   91   33   24   89   13   87   48    3   73   18   46   73   45   53   20    8   20   41   29    3   44   25   81   17   57   82   47   85   74   82   32    2   74   74   91   60   54   68   73    4   69   20   54   20   45   16   88   57    2   33    8   45   24   71   95   54    0   45   96   90   53   63   34   68   87   17   92   60    6   51   14   94   93   74   19   83   97   65   52   32
  56   66   22   96   59   32    5   17   72   31   18   77   78    8   33   92   12   71   36   60   60   17   69   54   33    1   99   56   32   29   34   53   93   36   83   44   53   55   89   95   57   98   43   61   86   14   77    4    6   99    8   63   63   59    9    4    2   94   74   15   47   54   39   30   11   38    3   32   70   26   97   26   87    8   56    2   45   40    9    8   71   34   24   24   48   49   78   63   68   38   92   45   82   98   74   43   95   41    6   56   55    3   86   49   84    4   26   27   80   77    4   20   18   49   74   69    7   97   91   64   90   88   89   20   64    7    1   49   95   57   93   32   65   71    6   55   80   58   86   89   99   16   64   32   17   76   96   49   33   88    1   15   63   45    1   76   84   62   71   14   12   69   38   54   84   97    4   63   89   31   56   54   75   13   39   74   45   85   27   58   90   56   70   10   25   18   82   95   99   39   23   77   38   89   26    9   25   88   29   17   62   77   51   26   91   84   61   45   80   46   59   58   53   85   41   29   50   97   48   83   88   38   52    2   39   17   12   55   62   83   57   94   23   38   89    4   68   70   29   31   54   59   14   40   81   63   13   24    3   15    5   17   77   91   91   86    2   85   65   61    8   40   29   22   63   65   11   31   52   59   25   35   38    1   70   62   87   98   70   47   13   15   10   74   44   50   84   71   54   88   61   27   84   25    1   46   82    8   83   10   79   50   53   39   83   39   56   64   12   93   20   93   64   40   91   64   47   39   18   74   36   50    0   12   11   54   50   99   33   27   52   76   53   28   35   72   79   47   58   71    0   83   42    1   86   64   77    6   47   94   37   51   39   29   85   67   50   68   47   45   55   90   67   96   92   45    8   71   49    0    6   30   33   83   57   12   52    3   47   68   39   37   92   88   51   96   62   34   14   97    6   69   67   44   80   54   44   90   12    9
  10   35   78   38   20   40   24   60   46   19   66   58   95   93   42   47   74   41   59   11   38   73   96   69    9   65   18   95   44   39   69   56   36   90   63   73   49   64   98   65   37   27   88    9   74    4    9   66   38   48   74   88   66    2   28   63   48   17   89   44   81   84   30   39   69   51   76   77   20    1   53    0   81   77   74   40   30   84   86   81   43   75    1   97    3   52   99   15   81   37   33   88   91   66   20   60   52    5   59   70   33   67    1   78   88   75   91   41   98   11   51   25    0   28    9   95   32   34   93   12   41   96   99   74   31   35    4    0    2    0   66   45   32   86    6   65   23    4   50   15   43   72   59   44   21   71   36   90   78   73   60   65   50   84   80   44   52   64   52   81   69   86   59   37   13   33   84   21   14   86   72   57   84   57   25   24   38   35   23    7    1   31   70   97   16   61   79   67   66   61   85   65   99   90   82   92   31    4   24   26   71   17   88   90   40   79   43   92   37    3    3   60   59    4   77   17   90   81   69   62   61   53   11    2   80   28   97   35   51   42   49   12    9   24   32   67   89   62   76   35   60   35    8   82   92   27   46    6   16   32   55   15   79   28   84   31   53   19   98   29    5   63   38   56   81    6   83   29   25   45   44    2   83   96   40   23   20   64   38   11   94   38   91    2   62   13   11   12   39   62   78    2   61   32    1   18   94   67   74    3   99   62   62   58   61   11   87   69   15   21   60    9   86    6   78   97   37   28   96   85   15   52   40   85   75   80   42   26   46   48   84   22   69   36   93   97    7   39   77   12   24   52   51   71   91   33   36   46   86   81   10   30   89   86   71   77   27   75   61   87   10   61   62   44   33   86   98   59   73   30   15   22   19   36   88   75   45   21   95   66   94   42   56   16   20   64   61   97   98    3   87   63   23   15   89    3   52   19   96   14
  67   27   29   62   28   89   49    7   51   23   91    2   12   49   27   36   21   91    0   12   95   49   93   83   30   72   14   61   34   68   14   83   26   46   84   47   53   11   71   96   73   91   98   66   86   51   35   57   85   17   62   69   71   72   65   61   92    0   45    7   88   14   77   71   32   42   20   81   70   96   60   51   92   31   88   57   78   32   48   39   76    6   94   33   40   97   10   74    9   93   28   31   76   22    9    7   91   55   95   81   36   97   80   20   15    7    5   44   42   39    6   61    5   57   11   57   29   96   14   80   58   49   83   19   85   83   87    5   54   36   24   32   56    3   63   34   72   20   71   63   19   29   25   92   65   73    8   12   99   77   79   92   84    4   30   40   15   89   93   15   76   81    2   12   94   25   80   65   53    2   57   78   27   67   40   94   50    0   15   19   35   41   50   71   73   48   54   10   79    5   97   34   45   15   31   17   33   29   72   58   75   78   86   20   35   43   43   72    3   85   56   20   33   84   59   43   89   64   15   46   98   74   65   72   44   51    7   95   16   90   90   33   97   11    9   14   89   25   99   65   27   18   74   56   14   74   87   20   52   30   23    4   98   11   35   37   79   27   91   21   79   32   13   10   63   72   63   59   52   26   77   13   15    4   64   67   83   21   56   43   97   59   65   35   73    3   87   52   58   93   16   12   63   37   57   31   40   24   63   63   67   37   44   31   60   17    7   36   65   99   22   86   22    9   17   63   38   48   27   67   54   94   49    9   80   55   25    6   29   37   17   45   58    8    0   24   86   57   48   22   58   71   25   66   12   49   69   55   97   32    4   54   97   32   80   90   18    8   31   20   98   25   89   78   92   45   66   55   49   29   21   26   28   64    7   68   69   51   88   70   61   77   54   10   68   23    6   62   29   87   39   81   83   58   26   44    9    3    4   92
  13   74   94   28   20   50   59   23   44   91   46   44   28   85   94   61   22   52   14   90   92   13   49    6   50   66   73   91   98   13   71   24   76   39   60   93   92   85   46   97    0   77   21   34   93    5   20   61   99   89   55   44   39   39   78   79   29   39   82   73   52   20   23   63   69   56   55   43   75   32   64   61   23   94   74   30   28    5   46   87   26    1   45    6   79   14   39   74   25    6   78   49    7   13   89   55   25   48   98   31   21   57   82   30    8   84   82   92   35   51   47   12   62   32   89   82   22   20   12   12   45   96   52   55   40   46   49   92    6   53   57   49   42   30   44   67   31   71   81   13   65   78   76   44   28   41   77   90   53   15    8   48   52   45   75   60   52   22   67   24   95    5   17   80   98    9   15   61   98    2   39   59   62   22    1   66   98   76   90   97   67   74   17   94   60   93   97   28   77   39    7   41   46   34   41   73   71   38   70   92   89   55   85   30   15   84   72   68   75   31   27   89   77   44   41   10    5   81   34   70   89    3   27   13   52   89   20    4   66   55   73    5   21   83   31   15   94   59   98   98   15   66   70   40   85   36    4   95   54   58   74   99   64    6   38   81   75   18   17   34   84   64   66   80   31   56   50   10   32    0   31   87    7   27   50   67    9   77   49   70   57   10   33   77   49   89   69   79   52   51   55   19   58   62    0   70   38   27   64   64   17   87   78   38    6   53   98   71   32   74   80   64   21   52   24   70    2   84   48   89   95   42   89   71   47   40   88   86   86   83   94   75   30   48    2   53   22   80   88    4   55   56   69   24    1   60   23   47   75   63   89    9    1   92   86   58   86   29   95   79   39   68   24   44   46   27   28   31   66    5   48   38   84   51   64   84   87   64   62   21   11   96   34   22   45   61   18   32   74   12   45   82   27   58   83   52   34   30   81   77
  82   85   42   83    8    7   49   19   97   12   26   30   30   11   93   17   72   70   21   66    7   28   91   82   41   66   15   43    3    2   95   65   14   78   49   22   94   11   72   31   89   70   69   96   17   39   42   83   64   76   40   88    8   66   92   94    8   91   75    3   90   51   40   32    5   84   99   40   97   91   42   90   78   36   13   57   50    2   26   35   88   65   14   21   98   15   90   95   68   58   94   56   53   82   20   55   83   64   32   30   60   37   35   27    9   59   29   59   92   16   84   76   23   19   39   68   59    6   14   91   22    6   26    6   54    8    0   45   65   55   21   15   53   75   46   12   40   93   95   43   95   54   73   76   51   83   96   79   46   33   18   74   67    8   67   62   59   35   77    1   21   79   76   87   99   12   18   16   51   12   95   99   85    5   46   69   33    3   33   64   37   96   80   17   87   68   31   70   95   32   28   88   57   69   99   21   77   14   22   84   36    3   34   86   43    9   69   87   61   25   42   80   17   99   27   28   89   84   33   78    0   78   88   32   25   82   64   94    2    1    3   80    9    8   27   20   68   38   25   98   68   72   68   99   86   39   41   72   53   66   68    0   39    9   66    1   89   46   45   57   44    4   80   24   62   78   10   12    1   68   97   45   76    8   26   73   93   84   11   53   73   54   27    5   63   95    9   87   80   99   33   73   23   62   10   87   48   93   84   91   70    3   97   77   29   37   78   81   14    6   67   52   62   98   65   60   10    5   94   95   84   28   84   92    3   22   20   49   76   12   33   88   18   66   39   10   30   84   53   99   47   95    2    4   93   79   99   92   65   99    0   94   61   87   60   90   62   21   54   95   65   76   60   30   40   45   74   31   45   69   10   12    9   30   62   72   48   78   11   49   85   61    3   74   78   47   66   62   27   12   67   95   33   21    5   45    5   90   77   38
  43   21   73   84   80   11   48   81   25   13   63    2   28   20   45   32   73   40   42   80   19   87   66   35   33   16    5   39   45   77   57   95    2   29   73    3   15   87   89   33   16   64   35   14   44   45   45   42   71   60   87   61   89   45   37   97    0   96   34   20   78   44   91   45   98   41   18    3   36   60   65   27   52    1   67   67    2   86   74    3    7   82   84   61   31   33   48   58   69   51   44   64   89   51   49   43   90    2   10   35   42   32   40   20   90   28   16   96   97   21   26    9   33   86   21   51   68   92   18    3   62   54    7   30   40   35   79   74   54   74   53   47   61    3    0   93   62    0   92   52   41   20   70   49   95    7   74    2   61   84   58   21   53   25   50    1   93   81    2   56   52   80   34   44   34   64   36   52    6   77   13   34   67   11   64   23   96   55   55   27   85   16   66   88   51   32   79    3   19   57   28   74   11   17   76   49   78   10   49   19   82   25   69   79   69   18   15    9   83   37   19   98   24   53   68   52   50   79    7   47   93   72   47    6   40   27   24   42   22   33   48    3   12   49   23   26   31   44    6   86   25   11   76   50   42   37   12   30   78   39   66   11   30   56    0   44   35   89   40    5   86   70   49    3   24   46    8   35   32   21   22   98   80   52   92   91   13   55   66   96   86   95   53    6   18   27   96   90   22   32   20   48   93   21   94   83   91   33   38   58   49   48   69   64   54   65   36   19   67   24   89   31    8   79   74   41   82   62   57   36   91    0   34   54   70   36   31   83   87   83   43   65   97   10   37   65    4   44   89   95   23   51   41   26   85   60    6   54    0   36    5   69   93   49    6   45   44   96   60   53   35   49   87   81   82   74   63   13   91   50    0   32   85   64   58   37   81   63   18   48   79   48   86   95   20   90   85   98   71   64   50   71   85   19   37    6   51   23   30   34
   5    8   74   43   30   41   11   61   92   87   20   90   23   64   25   90   65   22   33   54    1   89   55   93   69   99   52   80   67    6   57   78   93   11   62   81   37   16   94   73   35   85    7   13   24    2   73   76   42   57   88   34   46   38    4    9   38   75   84   89   28   17   63   55    8   76   69   31   14   94   59   29   67   97   70   10   40    5   41   48   95    2   97   79   30   72   79    0   89    8   55   45   42   97    6   82   82   35   15   31   73   72   60   30   92   70    6    4   70   82   69   18   84   36   70   71   26   21   73   99   60   34   36   56   78   85   80   97   48   90   67   91    4   72   96   10   95   24   47   67    8   65   71   63   26   12   65   25   14   62   29   46   86   63   25   24   94   53   40    2   39    4   30   30   19    1   90   40   51   31   43   49   15    9   33   45   96   16   17   43   90   19   52   66   97   19   40    3   37   98   61   69   61   77   16    5   64   65   45   53    6   91   19   69   36   20    6   16   70   22   60   60   16   44   49   95   85   75   33   11   29   95   38   75   11    2   45   90   82   65   19   36   22    5   12   80    4   21   37   47   89   95   98   76    9   55   76   37   86   66   61   60   28   24    9   80   83   11   18   21   61   14    4   60    3    3    5   95   96   62   43   90    8   12   48   21   47   75    1   84   88   26   88   72   29   84   99   30   73   34   57   40    2   76    0   35   64   10   27   56   30    5   57   55    0   29   54   68   24   18   29   74   27   92    6   74   95   30   29   54   66   83   89   78   36    5   50    6   76   11    9   45   59   18   58   70   14   89   18    2   92   74   74    3   48    7   78   43   87   99   30   29   97   51   71   97   41   62   77   36   66   32   77   28   48    8   86   10    3   73   18   55   99   12   22   40   80   23   97   41   71   62   46   12   41   71   17    3   52    1   32   84   22   71    9    8   37    6   70   82
  13    8   57   74   15   62   29   84   66   45   52   57   35   13   69   88   55   36   89   22   41    2   64   45   80    0   66   61   48   73    6   11   86   46    6   46   47   13   21   50   75   65   67   70   21   12   72   72   34   66   27   15   12   19   32   32   96   73   16   32   90   75   95   67   53   73   62    7   40   44   55   17   78    7   93   29   53   64   38   72    4   90   37   71    0    8   33   70   89    8   95   82   87    3   20   55   45   81   99   36   65   41   95   65   48   32    5   94   60   19   31    3   58   94   63   46   38   80   80   67   31   78   24   35   31   94   92   26   99   62   83   52   34    6   79   81   44    9   58   76   51   44   87   68   92   38   50   66   15   63    7   39   34   85   67   94    4   94    2   80    8   17    3   96   15   57   35   21    3   59   28   60   69   43   43   11   36   66   75   16   33   26   58   78   87   66    2   15    5   56   11   26   25   72   58   34   38   19    8   33   36   87   33    4   50   73   34   93   15   25   97   16   19   93   70   40   23   20   13   31   13   51   99   41   85   53   87   38   66   53   76   90   19   81   20   59   53   42   83   84   18   35   94   88   19   18   86   27   93   60   38   69   72   91   29   42   66   41   70    6   97   67   72   78   27    0   60   64    1   29   72   74   89    7   72   49   21   87   59   98   49   72    5    8   40   54   15   52   83   48   11   46   51    2   63   68   66   60   77   54   21   71   32   55   69   42    2   33   13   39   23   51   65   37   52   44   70   63   88   55   62   43    5   87   50   34   61   26   76   34   95   62   51    0   78   36    6    4   40   78   41   36   34   16   48   49   30   36   75   92   83   66   10   47   70   96   69   73   87   19   97   46   91   50   84   91   39   55   34   68   51   16   54   40   87   18   49   44   48   87   71   85   67   15   10   41   93   95   14   12   44   15    4    9   40   52   36   99   79   88
  74   22   92   80   97    2   67   60    1   87   14   35   11   38   42   65   71   87   20   54   61   93   52   58    7   34   22   84    8   81   94   64   17   13   39    0   88    5   76   25   30   23   35   61   94   43   52    2   35   86    1   59   19   39   48   38   50   10   46   51   35   99   78   52   10    1   58   61    4    0   86   91    2   51   55   69   33   87   67   78   49   54   93   40   40   92   35    2   58   40    2   49   54   87   34   16   40   69   52   66    9   95   30   86   57   48   97    9   99   84   34   24   36   75   10   56    9    4   47    0   71   12   86   27   87   27   42   22   72   86   96   53   18   11   22   10   38   59   75   67   33   71    3   65   92   63   83   78   10    7   74   65    3   18   21   19    1   77   37   99   31   31   62   51   15   70   35   94    0   64   10   70    4   28   74   37   30   89   17    4   20   55   51   13   23    4   65   14   88   46   53   61   90   16   43   51   91   97   36   53    9    6   95   24   35    3   53   58   29   87   38   77   32    4   84   77   80   50   25   85   68   39   70   40   68   98    6   34   28   19   89   97   13   90   74   11   98   21   30   85   53   21   34   31   24   34   70   33   74   23   47   17   71   36    1   50   33    2   40    4   40   55    5   17    5   16   81    6    8   79   17   28   54   50    2   52   89   25   31   81   38   97   78   43   73   98   66   20   93   76   66   52   72   54   51   90   42   95    7    0   24   23   48   29   23   47   53   59   41   85   30   98   75   45   64   31   72   76   63   70   17   11    9   64   51   83   34    7   65   54    3    1   68   28   41    5   91   96   43   60   19   99   96   88   27   40   43   51   23   71   35   21   38    6   11   84   40   61   18   92   46   70    8   28   81   26   17   33    0   18   67   48    4   25   72   86   12   77   76   21   63   51   98   89   63   12   73   79   59   24   81   34   75   55   39   81   34   19   92   92
   3   46   66   32   13   21   90   31    7   31   29   81    2   41   76   32   39   15   83   62   60   38   19   82   25   14   26   58   37    6    0   12   93   98   63   69   81   52   67   10    7    1   86   25   15   48    6    7   11   35   20   25   99   92   16   62   23   55   36   48   32   15    6   37   30   61   33   84   45   95   48   66   59   75   81   51   59   19   40   68   95   72   64   23   49   89   31   50    1   68   42   52   14   57   54   73   93   22   85   78   40   34   78   55   47   60   44   93   70   17   71   42   33   10   37   42   96   72   65   31   46   63   58   74   65   54   39   83    9    6   51   71   79   85   80   75   87   40   36   31   31   17   20   41   67   30   55   64    6   19    0    0    8   77   93   75    0   24   77   64   36   79    8   35   53   53   55   27   92   28   57   40   57   57   54   74   68   32   79   44    9   96   13   91    6   11   95   74   58   61   97   62   15   63   73   43   31   82   18   65   80   71   16   82   59   43   18   11   33   10    8   64   93   49   97   80   15    4   35    5   12   76   11   99   22   84    7   41   13   87    6    3   98   73   81   17   54   28    2   34   58   17   88   50   98   42   32   53   22   36   14    9   98   80   75   80   71   72   16   65   48   47   78   74   57   86    0   75   84   25   37   20   25   56   70   39   44   34   10   93   28   73   82   50   45   34   76   26   15   99   54   29    1   84   20   13    9   76   84   49   66   45   33   80   98    5   60    0    9   10   35    4   21   93   30   11   39   78   72   75   18    0   26   27   86   80   83   65   62   77   89   82   28    3   54   67    4    3   88   92   76   42    6   31   91   17   44   67   93   81   13   10   51   98   40    8   96   78   47    6   24   20   11   15   31   16   18   85   53   66   47   97   77   22   16   19   55   16   26   83   71   33   83   59   80   34   56   54   26   68   32   11   69   90   87   30   53   16   55   78
  84   99   70   33   16   41   48   18   62    2   18   13   23   95   97   88   96   79   26   94   96   63   44   39   12   26   17   75    5   68   63   48   19   62   54   64   27   44   58   20   98   21   12   12    4   13   85   39   50   22   59    4   29   34   48   13   49   70   97   50   77    3   12   16   14    2   83   25   14   16   95   10    4   20   68   68   18    2   55   17   36   53   86   31    8   47   33   98   28   26   21   86    2    0    5   36   58   28   66   65    0   97   13   59   22   51   31   71   90    0   82   75   55   10   69   92   67   90   96   37   95    0   77   26   24   81   90   34   28   40   49   66   58   28   65   63   71   44   54   99   51   96   42   50    6   41   13    2   38   33   33   72    9   76   40   16   13   90   31   16   37   86   36   41   86   23   95   70    4   85   62   96   55   76   43   96    0   39   17   90   90   47   70   12   49   96   16   15   99    9   54   31   99   55   96   32   57   59   50   59   19   74   40   96   45   62   18   24   97    2   76   62    8   36    5   36   17   33   99   42   20   48   80   67    9   76    6   45   96    8   83   44   88   89   78   90   76   96   27   79   60   70    3   54   56   33   40   81   20   17   33   73   89   54   65   58   20   39   65   56   80   78   43   48   43   80   18    2   96   80   87   89   37   92   22   46   10   43   54   37   87    8   17   87   53   25   71   15   86   76   24   13   25   76   51   83   73   25   32   10   76   36   28   13   88   58    7   89   71   51   89   23   24   59   33    9   69   30   95   91   33   85   67   77   99   68   75   73   96   63   54   56   50    5   48    9   27   23   83   54   43   22   92   46   79   58   59   74   62   55   51   67    8   45   21   92   75   76   21   44    7   18   52   70   88   44   68   22   38   60   51   38   43   77   43   28    7   46   32   35   34   84   88   42   51   23    7   86   31   92   27   36   43   87   31   49   78   73   32   27
  30   15   46   51   91   40   27    0   99    4    1   62   61   34   51    3   61   42   92   12   91   15    7   76    4    7   61   46   36   32   80   97   78    2   54   45   34   69   49   94   57   31   93   63   72   25   22   62   28    8   41   28   92   44   36    6   63   19   70   10   70   94   94   51   30   58   77   81    6   34   50   10   58   16   14   68   66   94   97   45   69   30   51   88   29   39   13   12   78   25   59   78   36   86   89   79   57   98   73   13   66   49   19   66   99   97   67   94   40   35   63   88   16   51   87    9   14    5   76   99   51   94   95   63   81   69   30   58    3   79    0   28   15   24    9   50   10   20   40   51   86   95   61   30    7   60   78   89   47   57   71   10   46   62   63   60   31   31   94   61    0   76   56   81   28   78   22   50   87   76   72    5   35   72   80   25   90    8   49   47   18   18   45   97   65   18   63   93   32   83   57   84   48   44    6   26   17   48   53   95   23   30   49   13   45   76   33   47   94   24   91    4   60   80   11   25   56    1   40   98   45   85    5   62   97   59   35   20   12   42   66   62   93   30   51   68   65   64   61   90   33    9   96    4   99    0   78   97   34   60   98   75   79   64   33   23    8   66   25   65   72   90   84   35    5   63   72   39   67   17   17   76   15   46   26   40    6   45   91   90   45   60    9   22   58   42   30   10   31   31   19   34   46   14    4   87   56   62   22    1   83   10   82   97    8    9    0   68   25   75   51   88   97   86   33   66   39   66   85   48   72    5   72   60   76   37   85   49   38   65   22   62   64   76   17   68   28   84   30   98   13   38   63   50   18    2   88   25   33   51   20   37   75   43   97   51   76   82   71    4   36   62   82   57   83   35   74   75   13   99   76   66   47   67   88   23   98   87   26   11   40   78   71   89   60   72   92   31   61   52   71   86   16    7   20   24   10   21   99   63
  46   10   63   26   74   84   32   61   90   52   19    9   26   15   47   11    4   19   12   23   69   43   21   33   38    3   78   82   81   82   87   37   78   89   50   96   93   37    0   67   73   85   41   78   11   23   83   55   13   42   21   28   24   63   71    0   20   16   13   10   63   99   50   15   85   83   94   86   29   50   86    5   43   76   69   59   76   64   63   55   69   33   26   99   36   69   39   70   27   55   44    5   43   58   39   47   50   41   38   46   14   85   56   86   17   86   98   56   65   74   34   26   40   15   23   63   52   90   32   67   37   92   78   43   72   41   95   87   31   57   11   23   63    3   25   25   83    0   83   98   69   15   24   16   82   72   11   94    4   16   96   21   72   34   41   49   47    7   14    4   85    0   82   99   30   65   64   90    0   76   87   90    3   39   79   80   31   97   47   51   59   80   32   96   54   73   67    1   83   79   88   10   20   94   83   87   45   32   21   63   25   97   96   32    6   75   73   32    5   50   96   93   28   46   37    1   64   50   25   32   24   85   48   80   21   77   74   69   74   98   78   28   32    8   69   69   27   63   97   36   96    1    7   36   73   16   26   15   11   88   19   50   73   51   35   14   91   93   45   37   63   58    4    7   10   53   77    8   58   44   17   86   30    4   34   39    6   25   17   19   93   39   49   92   14   46   22   61    0   83   60   11    4   34   55    4   79    9   11   27   54   60    1   43   93   19   96    5   64   48   51    3   48   18   23    5   18   57    9   15    8   37   50   22   56   89   65   63   25   41   55   81   25   81   12   71   82   50   49   51   52   80   79   14    7   55   39   92   21   82   79   43   84   77   11   14   35   90   46   51   57   79   71   52   42   61   35   38   58   16   45   51   97   98   13    3   81   35   23    9    0   68   36   32   54   98    8   17   19   46   74   98   67   19   73   11   63   65   24    7
  23   40   46   28   88   48   35    9   58   88   67    7    5   92   19   79    3   84    6   71   85   97   22   80   13   42   49   82   21   94   36   86   85   63   41   91   98   55   20   21   50   17   37   69   91   35   77    9   22    6   39   12   86   77   84    4    9   77   85    0   60    7    7   87   57   82   98   58    0   22   82    4   63   38   74   78   39   54   45   81   84   67   12   89   67   76   18   17   75   22   81   29   97   26   46   13   37   79   89   29   66   50   13   94   14   29   15   60   95   51   31   89   92   94   53   98    8   23   92   93   95   84   28   50    3   59   65    1   75   87   40   23   35   50    2   67   61   80   84   79   63   63   30   30   73   84   59   29   42   83   70   27   44   40    0   38   58   69   72   65   79   23    1   30   59   73   28    7    7   90   51   88   20    1   64   76   47    0   71   30   15   26    0   78   46   14   85   29   48   73   59    3   49   27   87   99   59   85   58   65   27   43   22   74   77   41   31    7   26   50   88   65   51   57   37   51   89   98   27    0   27   39   99   15   88   38   76   35   74    4   23   14   77   76    9   40   61   90   51   99   75   88   97   64   69   55   84   73   40    0   90   11   81    4   69   81   23   14   68   91   24   60   99   99   63   72   47    8   61   48   24   17   83    8   75   59   19   35    9   45   59   45   55   10   42    0   75   91    2   35   47    6   79   37   62   67   47   55    4   28   33   27   55   63   60   38   31   60   86   24   10   35   24   83   84   55   39   39   26   20   54   60   57   40   79   32   71   64   36   58   21   21   37   76   78   77   38   60   97   60   77   29   62   39   88   85   80   83   53   86    4   85   58   84   73   47   80   34   46   95   55   76   41    1   99   15   56   68   85   76   81   10   34   56   83   56   93   40   36   54   11    5   29   41   38   17   84   61   44   55   66    0   91   96   12   40   83   22   52   49
  71   61    6   94   83   94    6   72   46   75   37   35   45   32   91   35   29   38   28   59    3   51   75   35   29   76   18   98   90   54    2   35   74   75    2   18   62   59    7   28   41   18   57   53   65   11   59   54   64   86   84   73   26   63   13    7   46    8   60   82   22   78   13   14   14   47   40   96   59   80   16   44    5   42   46   48   97    3   65   64   89   43   91   11   88    1   11   61   47   59   39   76   72   12   66    6   89   83   18   11    1   12   80   93   58   12   51   45   83   88   66   26   88   44   54   97   67   29   63   76   28   63   99   72   35   37   24   71   95   57   20   87    3   28   49    8   88   32   27   74   75   51   48   53   54   15   10   15   34   15   86   44   95   53   72   94    2   31   59   10    0   45   17   53   44   59   57   87   22   43   82    4   48   89   94   40   75    2    1   28   18   45   53   93    1    4    4   87   23    9   29   65   31   15   42   34   24   86   49   59   24   83   89   25   69   47   64   20   96   85   45   55   47   52   31   28   14   10   96   52   55   15   55    7   59   71   64   71   18    3   66   81    6   91   64   87   50   21   51   76   91   68   42   66   39    9   33   42   41    0   26   98   99   24   34   96   19   77   53   21   85   42   30   59   51    4   17   55   75   34   91    8   41   69   14   56   99   81   37   90   79   19   66   65   33   31   23   56   12   15   81   24   61   81    1   20    4   38   29   85   82   26   31   52   54   17   68   20   90   23   97   27   31   10    1   58   82   43    8    1   66    3    2   75   68   82   49   98    4    5   44   49   92    8   89   56   71   64   67   53   58   22   61   44   82   45   25   92   46   24   34   50   39   87   21   38    9   41   56   23   57   63   78   39   37   78   45   61   92   58   89   69   27    4   98   23   90   36   10   80   64    6   26   32   64   69   63   61   93   79   75   41   50   24   58   46   90   34   33   35
  35   53    7   35   85   13   86    3   75   53   96   28   86   76    2   61    8   80   45   31   40   59    1   96   45   23   93   94   20   17   20   15   29   73   82   98   98   81    7    6   45   17   29   69   75   86   19   45   98   66   91   43   41   47   85   84   17   80   84   58   46   20   34   44   78   69   19    4   68   60   42   62   60   59   40   49    3   44   10   66    0   36   45   90   38    4   59   90   44   89   46   68   55   81   31   45   65   24   99   43   94   84   48   58   54   86   69   77   38   19   96   81   71    0   17   97    8   26   33   29   92   32   97   94    4   66   78   28   95   31   94   83   59    8   33   79   66   74   32   34    8   61   24   80   46   13   64   94   86   23   94   65   61   66    0   20   47   11   12   76    9   41   65   66   85    5   19   77    6   78   90   44   75   26   23    4   58   28    5   39   64   24   20    3   67   11   90   62   71   27    6   84   22   20   91   15   10   38   12   63   68   85   64   74   68   62   49   34   44   99   48   25   31   21   29   59    2   79   72   97   59   38   70   39   19   81    1   90   84   57   47    0   32   50   91   39    7   47   26   18   38   67   59   99   37   66   63   26   68   43   97   63   76   75   55   87   50   45   88   93   31   91   70   73   91   88   40   58   58    0    8   49   54   49   94    7   95   31   40   39   19   66   84   51   67    1   14   97   86   33   66   41   46   60   89   96   37   35   95   38    5   54   91   21    5   12   41   51   52   95   86   48   42   38   88    8   81   56    5   50   37   41    6   75   69   22   39   81   46   79   59    8   80   97   66   22    4   50   25   36   86   59   21   54   89   99   86   92   16   26   42   34   82   88   83   63    0   78   74   57   20   94   28   52   59   52   25   17   60   26   41   95   85   63   32   47   59   79   73   90   88   56   17   80   81   23   86   21   71    2   65   20   58   78   45   60   65   79    2   50
  52   35   94   11   56   39   66   87   79   40    5   56   27   90   70   64   30   59   36   93   60   31   66   97   40   86   82   56   34   39   70   11   90   39   58   37   96   26   46   48   72   97   94   37   41   31   98   27   45    3   10   14   55   22   56   85   44   76   58   72   57   16   19   97    7   95   34   65   81   94   19   78   32   12   42   57   93   30   88   32   49   72   33   62   49   55   22   99   93   26   82   87   45   68   59    2   25   47   30   15   13   11   70   69   61   88   96   67   55   34   86    4   37   46   37   19   95   82   84   34   67   90   68   12   28    6   16    0   29   97    8   47   69   72   62   10   23   10   50   26    3   10    0    4   19    6    0   42    9   42   39   49   64   61   33   27   23   52   57   98   33   64   70   81   57   88   76   22   67   21   61   21   29   40   27   93   73   86   60   42    5   46   58   86    9   55   26   37   41    5   58   43   56   19   89    5   43    6   85   58   65   42   65   83   27   62   25    6   47   48   33   59   35   83   77   96   46   43   53   24   68   49   20   21   65   27   70   14   76   64   70   69   52   36   57    0   76   60   60   23   99   11   65   49   30   32   42   37   76   76   57   88   41   83   55   58   85   14   93   36   78   45   58   55   54   15   39   29   28   83   26   98    9   22   17   75    2   27    9   14   38   14   62   83   95   45   75   63    8   88   74   59   72    0   41   61   55    6   63   45   98   77   31   83   63   41   58   58   28   78   21   29   49   57   99   22   83   21   95   25   85   47   58    9    5   75   29   31   43   80   42   11   94   68   37   94   70   89   57   90   36   23   65   50   32   97   72   10   13   85   68   64    4   29   51   23   87   97   14    4   35   60   28   32   86   72   10   86   45   82   64   83   15   94   35   79   81   59   15   23   76   28   18   17   40   67   58    7   63   10   21   50   60   33   49   91   27   82   12   39
   3   89    1   58   76   46   30   81   71   98   22   73   20   69   64   77   76   43   46   75   19   50   34   89   31   86   88   10    1   44   41   70   85   10   45   32   12   35   90   66   11    8   71   84   99   41   40    0   51   93    6   61    9   17   66   83   18   81   12   86   89   58   88   59    3   84   13   62   20    0   80   66   51   94   32   52   72   15   94   99   83   46   53   33   46   89   43   68   27   44   71   37   35   89   90   31   12   44   62   40    6   97   18   87   52   69   78   58   98   50   74   10   89   89    6   97   23   74   96   28   73   39   71   81   23   83   63   30   83   68    5   94   58   73   36   40   34   50   79   76   55    2    6   87   98   14   52   88    2   99   16    5   50   96   77   22   62   46   45    8   31   23   98   24   85   18    4   84   49   97   16   30   98   73   19   15   42   94   10   69   14   69   83   24   68   52    6   40   75   86   82   65   70   27   66   10   20   80   26    6   17   46   52   64   56   60   15   11   32   64   52   24   77   55   80   24   77   38   14   74   87   25    3   85   55   45   27   99   28   61   21   15   46   74    4   61   21   11   96    6   16   82   10   48   30   69   87   50   15   82   83   16    3   11   42   38   94   51   99   61   98   23   74   75   84   73   29   49   31   47   52   71   18   99   33   37   54   27   42   48    4   24    2    5   97   95   49   35   60   51   87   10   96   73   94   48   72   17   77   26    0   61   27   86   20   10   30   18   89   86   60   73   22   92   76   15   50   65   11   23    6   30   10   53   13   38   24   56   40   38   47   75   73   23   85    7   56   78   76   89   36   82   90   44   52   44   33   30   20   46   95    3   14   67   74   70   25   81    0   64   97   17   98   85   28   37   25   63   79   21   68   40   21   62   45   65   64   30   32   59   11    0    8   59   72   90   77   53   70   43   86   47   88    8   39   42   38   82   39   94
  39   17   95   69   51   50   40   94   86   45   71   21   40    4   32   75   36   71   98   92   35    6   90   98   93   18    7   56   63   56    4    4   37   62   23   33   59   83   52   53   25    7   69   56   18   96   46   81   29   74   21   90   76   70   37   16   63   37   66    9   25   49   54   25   48   71    1    7   51    7    6   95   19   85   41   35   62    0   30   28    0   25   34   74   40   47   20   56   90   89   93   41   85    0   45   95   58   53   98   11   78   83   64   19   98   70   65   33    3   93   82   57   36   28   34   36   43   46    2   89   35   43   94   58   32   18   35   19   61   12    4   18   51   34   86   31   17   74   68   63   49   26   72   25   48   28   46   38    6   52   57   68   66   57   61   31   24   50   18   87   89   57   74   10   37   51   11   96   97   55   99   13   72   81   19   28   32   37   28   97   12   19   48   36   80   96   33   89   65    1    0   77    5   10   73   58   48   70    9   49   28   99    0   50    4   13   34    3   64   67   80   41   57   67   83   64   11   38    9   37   49   48   12   45    2   21   76    1   45   82    3   83   82   73   22   39   72   51   29    4   74   95   88   31   67   67   57   44   69    7   58   69   48   24   35   62   95   84   64   35   54   86   46   36   95   37   42   89   31   71   48   59   59   13   41    4   45   71   57   41   27    6   32    7   92    1   27   50   35   78   63   74   84   26   93   68   15   95   90   80   50   42   50   72   21   16   49   77   85   21   36   37   71   59   32   56   24   56   96   78   61   22   12   86   53    3   45   15   53   97   18   75   59   14   29   44   82    0   53   52   53   98   68   64   32   60   90   82   25   57   43   64   55   29   88   56   93   73   60   51    8   40   60   21   66   24   65   91   21   13   96   62   92   73   13   19   66   17   92   20   20   54   45   19   86   27   51   35   79    4   57    2   23    0   51   88   39   91   23   57
  16    4   14   52   73   87   48   85   45   59   90   11   97   34    7   98   15   82   40   71   76   31   48   18   21   42    2   23   89   33   99   81   56   17   79   25   66   25   50   91   56   10   23   45    8   93    9   86   77   65   37   69   29   70   42   12   73    6   45    0   15   48   36   70   62   47   77    0   26   70   97   39   46   80   53   93   29   45   86   46   37   39    3   42   36   61   89   73   98   39   43   24   54   10   25   73   11   41    2   71   34   35   13   65   16   43   32   93   78   47   83   67   27   56    9   83   24   71   40   40    6   15   82   42    2   91   85   75   51   41   53   37   18    4   44   30   46   64   53   90   33   66   88    3   56   32   60   77   53   83    0    9   85   26   68   32   14   89   41   57   89   18   70   57   86   72   47   36   70   94   68   82   35   62   82   37   18    1   46    7   91   80   68   89   42   12   66    8   12   68   29   55   18   36   49   30   97   24   56   19   53   22   18   33   85   51   45   97   69    2   45   76   24   10   36   55   39   18   88    1   21   12   24   22   61   29   61   18   93   30   47   29   27   90   40   76   78   18   14   64   22   41   92   46   35   33   72   65   72    2   14   37   72   76   42   99   53   13   87   33   28   38   87   54   41   48   98   82   12   63   85   81   29   71   54   94   57   73   21    9   65   68   89    3   47   17   17   93   77   95   63   10   82   39    6   98   99    7   25   91   12   98   28   88   33   81   24   57   79   91   20   10   59   11   24   69   21    0   14   63    5   61   25   61   93   17   32   91   39   73   59   28   96   59   64   39   71   76   53   49   46   28   58   81   96   39   87   99   51   39   51   56   49   39   96   53    2   99   11   11   45   81   81   88   56   67   25   49   99   54   17   68   72   95   86   34   84   91   88   28   41   44   90   44   29   17   57   18    6   86   16   99   47   94   52   21   49   28   29   12
  54   69   64    0   11   67   54   26   57   72   25   18    9   93   21   11   37    3   14   11   66   24   18   68   54   43    2   46   17   59    9   67   43   71   45   42   95   12   58    9   12   25   11   17   79   38   73   99   22   30   24   94    0   64   22    5   51   75   89   71    0   70    8   13   10    2   92   82   82   74   50   58   62   76    7   57   29   59   21   96    2   14   88   29   51   11   65   23   74   84   40   71   39   57    3   21   49   48   28   55   24   12   88    7   19   18   93   79   81   56   81   65   77   10   25   31   66   23    9   78   37   14   91   26   67   69   82   65   54   87    3   84   90   83   69   75   83   15   65   54   75   11    9   49    7   78   25   51    5   34   67   99   65   30   58   18   47   50   11   45   76   34    8   27   76   99   87   36   53   55   68    8   48   46   22   50    5   35   68    3   11   52   52    4   21   22    3   93   81   34   43   42    1   52   27   87   56   25   63   95   88   74   53   12   30   75   25   72   77   62   37   39   77   79    7   85   63    7   10   37   81   53   55   98    4   49   13   32    5    9   90   60   93   80   38   99    6   64    2   61   68   56   30   76   69   50   43   27   44   35   68   70   88   82   49   61   97   72   15    0   64   96   76   18    0   26   70   25   35   27   73   18   38    2   22   94   14   41   25   14   23   44    4   56   43   75   60   51   44   65   67   19   37   86   61   85   14    8   70   37   42   83   19   27   25    9   90    5   79   19   32   22    6   74   10    1   35   55   18   92   26   94   22   60   10   39   80   32   25   52   31   84   29   23   38   18   59   18   29   49   27   34   20   93   53   40   21   66   54   84    0   82   76   18   51   72   64   62   14   45   85   82   11   36   86    6   58    2   94   63   83   46    2   76   97   89   15   62   11   55   39   18   56   56   52   50   34   60    1   48   50   57   92   75   77   89   94   51   48   85
  83   59   77   35   20   36   67   76   47   48   84   77   48   57   62    4   45   48   95   49    0   70   83   79   74   11   52   61   89   69   58   83   34   49   88    4   75    7   23   42   29   72   41   94   69   37    9   63    2   71    6    7   68   52   93    7   30   46   92   87   97   79   42   68   68   90    3   30   32   45   73   28   32   33   50   65   34   67   67   12    0   85   77   25   44   24    0   35   22   38   99   65   51   68   49   68   51   53   93   23   72   24   13   94   74   17   88   45   35   81   60   52   49   95   35   96   48   84    5   40   46   85   14   69   91   88   47   25   84    9   88   55   21   46   23   58   25   87   89   83   47    7    7   15   21   68   18   54   84   17   36    2   86   29   44   25   80   11   92   98   99   92    0   17   23   67   59   77   65   50   89   50   46   28   88   71   70    0    0   53   61   40   75   84   47   84   25   57   26   29   67   59   48   58   46   56   65   47   72   15   56   57   18   36   95   49   74   76   26   63   35   85   99   30   30   37   70   37   41   12   44   13   68   86   18   92   91   13   42    7   24   27    9   80   80   70   79   98    5   99   25   31   44   24   97   11   51   51    4   82   50   72   80   21   34   40   35   79   20   34   13   31    4   77   58   43   92    1   48   85   96   90   61   81   89   50   47   78   45   73   14   45   32   34   79   95   60   43   63   13   75   12   90   38   43   41   26   13   63   44   69   21   90   91   56   62   41   42   19   70   98   91   75    3   17   68    2   35   62   61   90   59   34    8   53   66   86   18   95   81   61   20   21   35   97   81   27   24    7   60   48    1   70    7    9   90   94    5   86   24   50   83   60   57   55   26   27   24   84   26   84   32   72   31   24   46   78   39   99   78   30   83   68   52   37    2   92   58   90   35   89   20   70   50   56   99   33   30   62   10   76   11   91   32   63   57   55   13   41   75
  49   93   64   99   72   55   12    9   21   83   41   86   48   28   81   58   12   30   14   68   72   76   26   34   42    2   90   39   19   21    5   41   98   98   33    3   13   33   62   49   70   47   55   20   49   77   16   29   63   16   48   85   28   80   46   56   47   22   81   94   58   27   36   48   38   90   23   75   60   48   79   45   18   29   78   79   69   94   71   86   28   45   65   96   72    1   71   31   13   79   70   95   51   96   74   50   95   95   71   60   19   73   42   54   24   29   13   18   33   64   35   86   68   61   53   57   59   42   43   37   60   92   48    6   77   56    8   14   80   57   41   35   86    9   35    5   89   79   26    4   19   97   91   32   27   97   98   40   97   79   17   17   21   20   36   61    8   94   20   90    9   76   52   80   34   99   75   75   27   38    8   32   25   50   75   93   47    1   53   92   32   92    7   12   87    2   52   61   88    6   24   73   21   36   14   29   96   25   75   83   42   93   48    9   90   12    8   72   98   91   98   92   27   87   87   39   71    1   69    0   32    0   59   50   81   29   75   97   60   64   89   82   68   90   65   37   11   11   95    2   84   80   94    3   91   56   92   52   82   49   36   97   24    9   38   61   47   18   42   11    3   61   48   42   21    5   11   58   61   97   52    1   61   29   95   68   91   82   71   56   30   36    9   15   94   16   14   94   55    0   44   66   47   56   47   76   12   13   32   61   95   61   20   83   88   99   84   67   37   64   69   18   19   47    1   75   93   95   39   20   24    5   82   76    1   15   16   65    6   24   28   94   93   82   17   59    6   10   51   59   75    4   68    8   70   69   90   15   92    8   99   44   68   98   32   75   78   50   44   16   56   23   24   80   65    6   31   56   73   90   42   45   19   93   25   73   86   70   53   41   51   17   82   23   54   15   92   72   56   58   25   59    4   32   79   24   77   76   30   23
  71   11   22   47   33   72    7    1   17   25   38   66   37   40   87    0   57   70   59   20   19   27   65   49   88   91   80   43   29    7   45   44   44   36   60   11    9   15    1   59   45   98   71   88    5   83   38   24   52   58    7   14   88   43   93   73   13   21   17   85   33   73   58   66   50   88   92   27    4   94   49   39   26   40   92   82   88   85   58   71   75   39   84   89   29   78   28   43    6   38   41   51   55   88   42   82   18    4   25   68   53   49    8   14   23    0   31   42   95   23   53   24   34   61   68   49   23   21   43   89   33   50   67   10   23   19    8   97   99   47   25   74   71   99   86   32   23    2   84   59   79    2   22   39   24   19   93   86   46    8   52   87   32   42   64   47   97    2   28   71   49   70   99   66   61   17   53   43   43   82   20    0    3   75   62   75   37   93   12   56   68   32   39    6   53   85   57   54   78   31   50   85   56   70   51    8   62   64    7   83   82   25   40   21   87   94   49   71   19   88   38   35   19   91    3   59   42   55   86   26   50    2   64   52   55   98   37   39   66   93   28    6   40   22   46   28   37   36   23   55   10   83   62   57   23   12   32    3   28   69   71   71   38    0   80    8   40   88   82   58   62   46   42    9   86   28   56   71   85   57    5   54   44   79   44   72   41   28   65   92   32   60   79   12    0   51   92   42   16   80   83   92   82   21   38   72   66   53   47   90   80    7   65   70   49   96   32   57    0   30   96   66   67    2    7   55   10   38   37   11   95   91   89   47   11   87   91   25   71   31   84   98   35   55   60   37   97   75   40    5   23   76    1   15   46    1   21   99   95   20   43   89    6   50   84   16   96   52    2   19   90    7   73   30   16   48   74   66   31   34   49   29   62   44    9   44   14   82   43   10   23    8   15   51    9   58   91   29    3   21   80   85   47   20   39   64   33   70   73   58
  52   39   48   82   14   43   35    8    5    0   67   92    9   82   26   88    3   25   42   26   97   59   36   89   96   89   73   32   74   86   43   38   81   17   94   15   72   58   11    7   26   56   56    2   55   22   39   88   71   90   67   68   88    9   44   90   59   26   66    7   80   34   40   16   24   70    6   32   93   59   97   96   12   44   95   31    0   59   41   61   41   56   10   10    9    1   67   86   38   19   75    3    4   57    1   15   28   95   49   68   32   99   89   81   27   31   14   68   76   42    1   23   54   54   40   93   11    0   33   92   95   25   53    8   36   99   46   10   72   96   31   60   66   85   94   63   71    3   31   75   92   73   31   17   59    8   76   38   66    2   27    0   30   83   34   81   51   46   66   45   57   37   98   14   85   64   56   33   24   29   37    7   11   54   77   98   37   92   76   18   24   46   17   47   17   36   35   24   10   74    1   37   73   78   38    7   75   89   17   75   56   33   96   72   22   58   23   27   72   35   30   56   23   50   14   22   31   85   29   94   27   67   77   60   44   72   74   22   38   27   13    2   30    5   47   27   12   12   27   38   40   29   84   84   27   99   25   26   24   18   32   24    3    7    6   53   66   84   44   31   81   75   78   91   76    1   25   58   38   27   14   60   91    4   23    1   93    8   32   77   28   36   32   86   93   23   39   24   10   14   90   88   62   75   93    4   71   78   50   79   22    8   26   11   92   66   14   20    5    2    0   71   92   70    8    8   64   16    7   19   73   67   62   29   31   29   93   47   19   28   55   63   12    3   32   59   83   14   79    2   75   35    9   84   72   21   66   18   92   53   95   56   45   59   19   62   18   57   12   14   14   50   23   21   38   49   91   13   59   56   46   78   73   90   97   86   35   17   52   45   45    0   89   37   54   53   95   73   21   27   29   40   50   86   22   65   38   56    9   49
  65   51    2   30   33    6   36   57   40   87   51   99   75    9   61   20   37   70   87   55   48   86   67   35   20   57    0   90   91   66   27   22   65   77   63   14   93   10    3   33   22   49   59   68   21   78   23   64   64   74   70   99   20    2    2   86   81   55   87   38   31   17   39   99   83   61   69   62   11   15    1   82   61   48   32   11   10    6   88   98    8    1    1   87   99   12   83   69   60   21   65   53   42    3   25   84   34   25   90   77   94   87    6   47   17   96   54   64   87   20   27   43   71   28   26   73    5   81   85   11   62   21   20    4   70   69   26   63    1   23   35   64   66   43   33   69   45   81   51   18   83   65   81   59   83   40   31   35   80   96   29    4    5   66   59   87   95   91   76   71   58   40    6    5    7   65   65   76   44   31   68   45   92   15    4   18   73   77   27   25   33   62   25   33   31   48   11   59   98   78   62   31   80   15    7   39   55   74   67   15   64    3   29   19   70   98    3   25   69   72   28   99    7   42    3   30   33   53   63   90   77   27   64   74    9   39   78   39   88   14    4   56   81    6   50   65   77   88    4   28   99   46   57   40   73   72   39   81   46   36   90   68   63    6   98   57   60   49   47    4   76   86   40   43   12   82   70   43   97   32   10   45   78   31   87   14   46   55   90    4   97    1   42   48   57   68   23   89   47   27   88   54   29   92   31    9   48   31   23   17   72   62   30   98   93   65   20   88   85   70   78   62   64   33   79   71   98   10   19    2    5   68   24   90   58   71   20   22   85   83   14   52   49   16   75   62   44   12   82   23   86   73    9   96   54   35   90   19   60   15   65   56   95    1   46   72   45   60   37   68    3   35   59   10   94   96   28   83   84   54   79   18   71   96   61   31   45   88   43   21   72   28   21   33   19   40   94   90   36   93   15    7   77   84   19   39   41   60   21   15
  11   11   82   47   95   69   52   91   42   98   47   82   54   82    7   12   54   42   83   70   88   52    9   22    7   20    6   54    7   87    1   27   81   27   48   94   10   27   68    8   83   40    2   71   50   99   64   35   65    1   73   37   45   55   69   22   17   62   79   18   21   97   28   15   61   72   42   74   21   54   52   26    3   40   42   75   20   39   41   41   19   53   95   63   95   81   89   90   76    2   29   78   24   67   83   94   55   35   92   91   40   11   96   40   49   42    5    5   14   37   57   30   22   84   65   54   39    6   13   43   71   27   79   19   77   46   25   32   26   47   57   45    6   25    9   18   98   62   56   63   12   22   57   11   12   77   49   77   84   54   91   54   14   13   97   84   65   36   92   22   48   42   16   14   67   26   75   40   90   22   38   25   38   49   76   71   11   47   15   99    9    8   25   51   57   40   73   19   26    2   58    1   77   70   70   59   91   62   80   25   27   59   72   32   47   93   62    2    6   97   76   97   86   96   56   85   25   35   59   88   15   24   34   34   67   99   53   23   12   30    2   77   10   79   51   34   65   82   53   54    2   64   95   87   34   42   88   13   14   86   20   57   65   94   91   60   91    9   43   31   94   78   34   29   81   83   54   91   40   44   60   81   47   24   93   42   97   75    1   17    3   33   39   31   44   95   26   49   73   31   80   31   78   37   16   28   46   30    3   42   32   68   83   24   85   58   41   74   18   19   37   70   60   62   31   31    1   59   38   99   62   51   78   82   18   69    2   76   12    8   39   90   26   16   28   31   16   68   22   33   57   45   24   38   93   90   34   32   15   17   59   13   82    8   21   91   82   74   87   60   65   77   56   58   50   88   62   25   52   63   28   81    8    4   54   15   41   80   76    2   77   81   36   58    2   58    6   56   18   77   23   69   42   24    1   77   70   69    0   85
  64   83   70   33   48   55    4   75   47   36   48   98   40   60   33   87   77   64   94    6   20   75    1   23    6   78    8   24   18   11    9   69   77   40   57    1   26   90   72   55   91   59   91   37   68   35   16   15   11    8   49   51   76   66   11   56   61   98    8   72   45   85   33    2   64    6   47   11    8   65   22   91   96   20   22   86   24   21   29   67   96    5   18   32   62   51   96   58   48   32   30   45   12    8   68   38    4   36   92    3   91   54    4   96   71   53   49    4   78    6   49   77   14   61   18   63   86   83   70   14   57   99   86   63   73   98   94   56   33   82   43   54    0   23    4   91   71   48   50   30   68   86   79   43   74   31   23   76   61   36   10   36   23   86   68   74   80   22   15    9   34   42   35   49   29   21   34   99   23   28   20   14   38   11   63   11   84   31   33   16   50   66   22   64   87   11   70   82   99   75   57   40   98   35   85   19   21   44   47   45   37   40   97   15   85   12   59   84   36   14   62   86    8   63   99   67   58   37   62   14   55   42   79   61   39   49   22   88   67   11   44   72   52   53   29   59   48   17   54   65   72   52   42   97   18   61   53   52   39   19   20   15    2   46   33   69   72   12   62   89   90   85   58    1   64   78   68   93   42   61   46   68   48   18   21   52    2   44   10   30    4   48   86    2   80   24   72   33   26   18   57   15   41   54    2   94   99   53   12   74   76   34   93   97    3   35   42   94   13   86   28   83   23   95   82   86   18   93   31   49   18   23   36   65   34   45   10    8   88   87    2    0   72   31   70    2   90   38   99   10   54   74   70   68   88    2   34   15   48   14   79   79   43   59   14   49   39   89   20   25   39   28   32   79   63    4   36   69   73   54   18   46    6    3   93   17   31   33   55   63   98   20   10   99    3   92   83   76   32   69   39   76   78   72   45   47    6   10   86   17
  89   85    2   91   65   44    5   71   48   77   46   58   29    8   93    3   16   20   42   27    0   18   99   44   21   57   13   15   34   66   27   78   36   97   80   78   44   71   13   10    7   72   33   68   34   41   13   97   15   24   92   80   87   62   26   32   63   90   99   28    1   11   34   92   65   37   73   24    2   27   75   13   79   76   68   27   75    1   14   99   94   70   40    3   59   96   97   89   96   58    1   52    7   42   64   64   63    7   10   92    5    1   21    5   11   84   72   67   44   43   34   22   48   54   36   69   90   15   44   83   90    7   58   81   84   63   34   23    0   37    4   60    4   25   50   33   28   75   44    5   12   68   30   35   62   25    3   29   60   89   85   86    2   50   49   22   76   88   21   24   33   48   87   48   78   60   38   64    7   68   20   75   41   30   22   83   37   60   76   98   42   55   56   81   34   10   59    3   52   19   13   24   10   84   34   26   58   12   57    9    4   10   62   65   11   37   84   18   14    3   24   94   78   14   92   54   93   53   73   40    2   62   11   34    4   12   20   29   95   97   39   68   95   31   10   15   55   64    2   36   19   23   57   43   88   27   57   30   29   26   76   62   89   84   53   56   87   84   45   64   42   58   77   96   18   78    5   18   91   59   83   12   55    0   63   42   10   26   10   92   43   88   11   65   65    2   77   10   89   25   64   64   92   54   78    8   97   72   70    4   23   71   88   94   96   37    9   82   52   98    5    9   99    9   79   49   13   97   53   66   10   22   91   31   37    4   76   18   58   78   62   98   69   92   45   28   99   92   25   20   86   22   22   12   63   70    3   25   70   47    9   32   86   12   32   18   78   15   26   22   55   34   17   50   54   21   57   65   16   25    5   20    6   89   20   23    3   30   69   47   90   89   76   83   43   22   39    1   28   38   97   37   12   20   62   55   47   91   84    5
  79   76   66   12   13   84   79   76   72   60   87   86   40   71   28   89    1   59   12   18   34   48   74   25   45   92   66   30   12   59    4   41   78    8   64   22   55   15   23   41   31   47   10   27   98   88   64    8    9   43   80    5    8   67   23   35    9   84   58   73    1   35   97   95   45   57   82   34   64   38   59   69    3   44   57   64   46   26    9   21   81   59   87   32   13   84   67   85    4   33   35    8   87   38   94   14    9   91   24   76   75   23   51   56   26   30   53   82   89   99   37   63   18   17    4   17   50   56   26   66   64   95   26   29   59   23   31   63   88   60   86   55   54   70   51   54   15    3   78   27   97   88    9   67   83   70   72   49   65   43   61   80    7   93   94   13   24   13   76    4   23   20   65   81   19   55   83   42   12   49   72   87   24   81   33   77   63   19   73   67   85   32   11   47   90   14   27   48   83   93   99   67    1    2   98   84   60   66   31   43   81   43   15   76   37   26   34   39   72   78   76   88   27   84   68   59   12   85   93   71   27   82   97   27   51    6   84   97   48   73   93   86    8   64   28   36   65   48    0   70   92   62   73    2    8   65   94   42    9   80   32   84   77   67    5   39    2   77   80   94   35   20   77   82   97    4    0   24   15   89   22    6   22    9   23   22   10   55   90   55   36   45   84   94   49    7   71   91   38    2   98    5   75    8   39   81    8   54    0   56   17   47   24   53   85   10   63   89   86   58   57   42   93   48   50   98   85   70   86   74   37   87   97   93   36   17   79   90    3   89   32   88   97   57    6   13   99   67   36   74   49    4   88   83   27   73   89   13   25   31   21   67   99    0   15   67   88   47   31   71   16   92   41   95   64   62   31   98   23   32   14   93    7   45   49   88   38   64   11   77   55   64   44   89   98   87   27   16   99   52   68   47   25   21   78   23   69   98   18   82
  10   39    0   20   65   33   89   32   56   85   84   32   95   59   45   89   84   62   11   95   41    3   59   95   29   95   23   50   12   87   43   92   40   92   11   67   23   90   37   18   83   55   39   90   84   99   94   86   87    3   56   99   53   78   66   96    2   72   34   12   72   82   31   51   44   31   43    4   92   19   70   17   11    1   66   49    9   19   86   34   58   73   65   17   87   30   98   31   73   61   53   95    9   83   99   17   55   59   58   67   78   27   77    0   51   53   71   87    7    8   13   34   53   33   27   57   50   26   46   77   26   44   18   81   87   71   16   48   19   55   77   58   20   71   55   89    1   85    2   75   56   38   59   80   27   97   72   32   83   65   89   74   72   77   94   65   98   39   38   62    7   36   97   93   48   83   91    1    5   37   40   50   32   73   43   60   85   92   61   74   77   64   77   68   63   90    9   50   56   54   22   80    2   23   30   49   59   78   71   74   82   92   68   81   99   17   87   88   60   68   79   17   27   34   73   12   50   95   51   50   74   53   35   12   22   46   87   86    6   81    5   78    5   71   19   79    2   83   57   65   58   14   92   54   66    5   41   66   56   91    3   50   75   31   63   41   79   80    1   53   49   87   49   75   57   36    3   65   35   24   71   20   84    7   94   24   72   79   94    8   71   65   71   36   96   98   30   59   38   78   73   79   49   44   21    7   41   12   22   43   97   64   97   53   88   76   43   89   55   22   76   35    2   30   49   16   44   55    9   14   82    4   44    6   94   75   21   57   48   94   92   92   87   72   51   86   37   14   37   80   45   66   24   86   93   27   67   75   43    5   86   73   14   19   58   95   74   98   72   41   93   92   65   25   30   61   39   86   15   83   80   35   69   19   48   29   26    0   34   33   31   72   98   46   59   14   33   33   30   26   24   58   55    7   14   73   13   13   45   97
   2   77   99   35   21   19   97   63   75   96   48   49   97   50   49   35   97   59   98   97   75   45    3    9   97   50   56   75   49   91   89   72   53   83   76   46   81    9   70    5   19   17   86   41   42   84   40   49   13   34   55   40   92   96    3   43   93   68   74   96   61   66   61   55   96   51   13   65   92   55   20   67   63   59   63   97   56   85   85    9   19   82   58   17   72   27   40   20   49   39   47   35   13   90   10   54   74   32   57   57   83   53   35   97   69   20   21   76   40    5   72   37   17   42   88   93   57   11   44   47   55   27   27    0    8    8   21   39   91   77   17   96   55   49   72   99   60    4   37    2   33   37   78   32   17   29   65   88   39   55   99   37   28    2   54    2   22   12   11   25   38    3   67   18   60    5   24   88   59   55   53   41    2   34   95   88   78   35   35   40   41    7   24   84   31   29    0   66   65    8   56   31   35   14   90   74    0   72   41   72   92   21   32   60   45    9    2   17   36   96   33   50   77   64   46    7   88   20   86   91   76    7   67   53   61   83   67   87   55   26   56    7   44   25   96   58    0   62   32   65   16   32   57   50   41   31   73   89   24    1   84   32   51   75   22   99    4   36    5   32   40   74   75   86    7   53   29   82   11   88   77   32   58   29   99   10   85   12   94   54   95   10    2   73   78   46   85   86   61   66    8   36   59   23   51   37   96   45   57   77   94   31    2   16   68   58   79   38   88   38   60   35   45   51   51   45   80   92   21   27   29   31   73   31   77   92   11    3   44    5   90   88   65   22   39   60   75   40   34   19   30   86   55   51   49   56   93    1   79   57   64   12   82   91   79   45   36   96   65   35   86   46   93    1   50    1   70   66   45    0   74   95   77   96   42   23    0   81   97   84    8   13    9   81   61   86   88   37   95   69   96   26   53   57   84   56   34   12   90   93
  99   93   96   94   88   53   70   25   69   73   42   66   42   87   19   85   76   27   16   58   93   43   26   92   63   40   41    6   83   48   80   23    8    1   61   91   73   67   51   11   56   37   10   27   69   81   30   69   99   10   37    0   16   81   81   93   62   96   73   11   46   39    9   12   95   93   97   45   37   90   18   45   75    9   26   35   98   97   23   87   61   51   20   32   54   16   46   13    8   15   75   53   82   69    4   29   34   98   59   46   93   59   73   53   40   77   36   93   33   84    7   51   48   93   37   41    6    7   56   13   33   95   29   94   41   91   34   75   14   67   33   83   45   44   65   54   55   89   74    5   95   56    7   38    1   55   62   95   67   78   80   47   39   68    7   56   17   19   87   45   55   11   27   45   90   43   63   69   19   26   53   39   81   41   44   17   70   73   46   66   97   40    1   15   64   78   53   69    1   66   63   94   39   80   24   89   55   76   52   74   80   75   98   94   79   52    9   41   60   96   31   96   57   87   70   57   80   62   81   44    3   21   52   10   45    1   51   21   74   53   90   90   39   41   51   64   65   46   52    1    7   42   93   37   99   31    5   30   38   15   39   58   19   80   16   83   11   26   35   28   65   28   12   16   89   62   93   14   68   39   86   54   16   67   57   96   80   81   37   39   60   82   24   28   97   67   48   20   30   43   82   61   33   81   65   93   50   97   72   84   47   19   49   85   79   58    1   37   13   30   96   72    9   43   57   86   34   94   90   89   33   46   39   88    8   59    1   18    1    8   98    4   91    4   56   81   80   13   64   88   70   29   49   99    7   43   30   15   44   22   60   21   34   16   47   79   67   14   51   48   33   82   62   60   35   75   79   10   71   82   42   59   92    0   63   82   25   65   56    1    5   78   44   98   83   64   40   84   21   86   44   99   63   25   55   47   34   39   59   69
  18   63   30   45   11   92   88   90   44   13   32   45   12    0   83   58   31   86   37   62   98   32   53   91    5   85   28   88   62   73   19    8   52   58   23   55   33   93   40   80   16   24   73   75   67   37   99   38   11   91   54    8    7   17   73   41   22   44   62   90   83   63   10   57   83   71   39    6   98   52   19   68   64   85   15    1   75   26   56   21   32   86    3   39   34   94   84   76   38   86   22   83   60   15   17    4   96   58   10    7   14   57    1   23   95   94   82   44   37   62   11   59   10   92   20   82    7   79   94   32   17   34   53   37   14   37   78   88   92   48   44   66   53   22   93   98   56   96   28   60   81   92   59   83   55    9   70   96   51   30    2   20   42   99   39   10   88   64   74   93   96   99   76   87   51   90   97   47   28   95   80   19   20   25   78   21   36   69   29    3   86   22   90   45   42   36    3    0   59   23   33    5   67   23    2   51   29   36   70   82   76   37   12   39   18   31   97   15   11   20   37   92   48   50   14   91   82   59   21   34   56   98   59    6    9   92   70   41   96   79   45   80    1   30   75    7    9   78   69   73   96   26    2   84   51   55   81   76   69   47   40    9   92    8   85   67   34   99   44   77   40   46   91   87   44   48    5   56   96   33   34   67   47   56   30   94   37   39   99   49   73   17   28   77   27   98    8   97   68   47   16   52   38   29   58   97   69   11   97   77   77   56    6   64   61   63   37   43   55   52   81   69   50   95   17   40   28   44   17   17   63   67   48   91   47   53   22   23   51   46   28   47   26   23   34   55   62   61   55   25   50   45   87   65   44   90   70    8    2   89   51   13   13   49   39   88   53   92   19   79    6    9   15   31   38   19    5   52    8   39   30   91   11   23   94   84   83   35   40   87   15   25   15   41   13   38   39   76   28   62   57   94   33   15    9   99   31    8   15   53
  52   20   52   48   14   76    7   47   64   85   23   70   55   51   73   94   56   80   75   95   74   54   52   93    4   14   39   93   95   50   71    0   18   81   69   89   85   55   96   44   61   87   77    5   96   84   70   70   16   60    3   58   56   27   18   19   62   58   27   35   49   25   61   57   44   54   68   32   33   64   51    4   94   91   56   13   98   88   58   45   70   76   54   64   65   54   59   86   21   16   23   98   82   81   76   93   55   96    0   19   69   97   25   57   10   59   81   28   59   19   37   17   32    3    9   36    6   81    1   73   44    3   10   81   91   55   10   29   26   49   25    1   31   44   76   28   14   61   82   79   29   53   22   62   94   97    6   73   74   19   68   96   41   24   59   49   28   82   62   51   43   80   47   62   31   79   22   35   22   97   39   46   93   52   58   45   22   10   72   11   43    4   41   76   38   17   72   78   96   91   72   22   80   15   25   86   25   97   49   83   29   34   69   53   27   29   24   54   19   43   59   83   16   93   93   33   64   97   78   85   97   81   81   96   69   23   27   53   97   97   70   56    2    1   16   79   96   92   87   52    4   79   95   35   85   93   98    0   83   39   53   45   63   74   77   21   20    7   57   87   85   27   51   65   89   66   38   96   40   95    9    2   96   13   75   16   33   75   25   65    3   27   37   54   24   66   14   31    6   61   98   17   54   60   12   75   58   70   75    7   61   27   25   95   65   28   20    9   10   27   46   65   29   98   20   80   16   64   10   50   53    2   17   43   65   27   62   25   10   35   22   92   27   42   76   25   45   62   82   78   80   11   73   51   51   79   42   23   90   55   44    2   78   34   82   46   80   52   52   67   76   81   95   71    7    2   20   28   56   89   35   78   35   93   58   37   88   84   26   57   59   52   52   97   63   47   85   56   91   72   29   69   72   23   50   27   60    4   12   43
  65   59   62   36   14   56   45    8   40   48   44   61    9   70   32   60   74   36   82   88   38   83   43   99   72    0   20    6   85   66   87   55   18   30   24    6   42    5   29   76   96   45   79   56   56   29   90   21   86   66   87   10   47   95   28   32   74   85   36   52   79   84   73   81   25   84   38   28   22   16   44   69   99   30   65   31   21   23   38   77   25   83   68    2   68   93   29   72   76   21   44   69   35   57   81   91   84   69   85   42   17   15   86   79   51   97   71   79   35   71   77   89   22   71   40   96   96   46   41   73   42   58   56   13   49   25    0   37   26   24   56    8   28    0   86   39   14   16   57   98   21   47   86   84   25   48   97   45    6   72   63   89   87   30   99   34   26   79   56   22   13   98   71   76   28   38    1   13   38   73   10   42   81   63   41   11   15    5   80   24   91   38   29   22   74   30   79   81    1    8   96   53   67   38   47   33   59   49   87   94   48   74   93   64   27   95   68   36   98   74   99   17   20    6   11   53    9   75   66   65   47   37   30   91   43   35   28   39   22   14   28   91   12    8   15   70   71   27   38   35    1   23   77   36    5   35   87   80   83   95   24    9   20   17    3   82   71   75   22   61   99   29   43   22   95   94   58   24   21   27   67   33   60   68   50   55   36   73   55   61   94   74   55   87    6   54   98   25   62   40   11   15    1   92   24   43   54   83   72   94   88   35   21   12   13   78    3   59   66   74    3   38   87    0   85   79   61   93    5   87    7   76   66   31   43   27   23   32   58   62   46   73   78   43    8   46   67   58   30   22   92   96   19   27   11   97   23   10   12   57   24   85   84   10   85   60   13   12   11   20   28   13   68   36   44   25   61   92   84   97   47   27    5   78   32   77   76   33   89   22   95   77   49   31   37    0   74   33   54   67   86   29   75   30    5   17    7   23   98   72
  58   71   61   86   60   48    5   48   36   47   99   30   88   96   45    8   19   72   84   47    6   92   79    4   73   68   14   43   95    0   55   42   55   45    1   73   99   65   96   71   80   73    9   55    6   69   26   52   90   52   17   89   81    2   49   92   53   89   33   72   63   83   69    3   53   55   79   38   74   61   56   31   35   71    1   52   90    8   94   74   70   33   64   75   60   66   21   94   32   73   80   20   53   26    6   90   67   24   44   55   15   68   46   10   51   16   61   61   90   54   40    3   53   71   90    6   32   74    9   18   55   52   15   63   56   26   32   37   42   55   19   81   22   62   71   31    8   37   64   59    5   52   41   96   70   54   19   30   40   96    9   99   72   26   59   65    0    0   51   95   32   89    5   27   66    3   79   17   24   89    3   55   24   48   85   75   69   53   30   78   47   82   30   25   51   53   81   46   61   67   69   41   10   39    8   89   90   80   80   96   65   11   13   44   83   81   93   75   58   44   65   40   64   65   73   72   30   79   63   16   54   44    9   62   37   77   32    6   86   65   92   10   64   38    7   22   79    9   12   16   26   59   46   50    4   88   33   22   69    7   75   40   11   76   47   10   12    0   22   73    3    7   64   36   19   34   92    0   26   98   88   62   97   24   16   37   21   66   42   78    7   40   30   55   42   33   83    1   30   24   29   52   15   29   72   10   31   89   43   71   21   86   30   38   96   72   35   63   37   34   35   33   12   58   13    1   99    9    8   65   80   77   91    6   89   46   38   73   31   40   66   12   34   64   43   93   35   90   56   86   69   96   53   80   59   26   31   84   45   78   52   71   91   86   77    0   90   51   89   78    6   30   32   17   15   13   57   59   45   51   65   37   66   90   49   73   25   53   44   77   84   38    4   47   38   87   38   83   84   65   73   43   30   76   54   74   51   38   67   34
  39   82   73   84   92   15   89   80   67   48   99   43   46   33   59   37   85   79   10   64   78   39    2   67   90   47   37   47   62   94   83   50    3   72   97   64   32   66   29   61   71   29    4   93   71   26   69   68    0   55    9   46   66   22   79   71   69    6   51   86   85   78   72   75   28    3   79   97   38   10   47   35   30   47   99   91   36   74   29   29   81   71   70   19    9   49   71   14   98   12   37   92   79   67   19   10    6   39   77   86   69   25   13   83   91    6   84   27   42   59   62   41   64   76   44   81   44    6    0   33   24   89   19   63   65   33   28   58   30   19   29   96   80   79    9   33   67   39   24   76   18   61   56   54   12   19   30   56   89   93   26   36   22   72   20    2   18   78   42   70   49    8   89   94   84   98   56   67   73   70   78   49   33    0   95   52   15   89   88   62   52   96   16   93   85   27   21   72   68   69   11   99   90   34   13    9   10    8   13   50   49   80   76   54   66   99   38   83    8   96   45    9    3    9    1   93   25   35   35    6    2   28   97   13   92   80    9   94   58   79   47   11   63   73   48    1   22   29    5   10   25   86   38   29   73   91   17    0   30   47   59   93   73   26   25   55   58   27   84   12   32   86   44   16   44   54   39   54   35    1   88   87   95    8   96   35   20   24   56   11   35   46   68   82   10   94   49    1   35   98   46   68   34   40   47   50   96   43   20   24   46   91   50    7   89   47   14   86   65   40   40   27   86   40   50   94   23   61   34   14   92   76   83    1   59   18   31   61   22    8   83    3   42   62   92   98   14   12   98   99   24   50   48   81   84   60   77   38   58   12   17   63    6   95    6   30   49   44   65   47   46   11   21    1   69   90   48   71   94   98    4   91   54   91   75   17   92   53   56   40   82   63   64   80   58   99   57    7   19   72   89   77   34   79   23   26   68   14   75   37
  51   41   80   80   34   99   44   86   36   24   88   43   63   82   40   41   98   12    4   48   95   73    5   79    6   76    2   21   53   53   41   14   84   10   86   85   48   26   42   71   72   74   13   21   54    4   53   33   43   50   39   36   44   30   55    2    0   57   33   47   37   89   49   13   35   50   25   52   93   50    2    7   70   17   64    3   32   20   58   47   54   75   19   35   60   33   13   45   51   60   85   67   75   36   85   24    9   52   56   64   58   27   24    5   53   83   65   89   37   70   45   78   15   99   72   19   93   19   92   63   48   98   30   57   37   93    5   95   76   84   44   56   78   70   52   67   40   49   32   14   57    6   20    1   62   55   37   39   96   10   80   74   15   62   89   46   82   94    2   41   83   50   38   88   99   92   67   58   54   51   73   17   43    2    4   83   92   33   71   90    4   50   39   26   37    8   56   45   21   98   93   72   80   48   71    8   33   47   90   17   55   49    1   16   32    3   85   94   83   73   71   90   43   25   31   52   25   42   20   29   66   52   47   97   76   38   22   28    9    3   18    3   78   49   55   61   38   82    8   33   53   66   56    0   24    4   16   82   33   18    2   74   63   81   81   97   28   19   21   83   78   23   69   18   38   62   98   14   19   67   40   78   18   87   41   11   94   10   42   55   61   66   93   74   12   13   82   69   43   56   95   24   86   24   49   97   24   78    9   24   20   13   11   75   68   30   76    0   22   64   81   51   34   20   51   91   95   74    0   21   40   99   72   34   50   25   70    9    5   65   51   59   28   44   63   44   81   52   22    8    1   46   85   91   78   83   31   64   50   92    2   97   36   71   40   11   87    5   11   79   85   57   17   58   52   54   11    4   51    8   97   22   84   61   45   55    7    0   38   39   35   14   19   35   80   49   37   45   27   80   76    8   27   21   95   49   35   74   35   87
  27   48    0   91   68   59   62   83   56   36   73   30   80   75   21   54   33   56    6   78   94   66   56   23   82   13   51    1   81   72   59   55    1   36   41   11   35   19   54   64   47   15   19   54   21   43   72   68   31   82   72   90   48   94   66   46   34   70   66   64   38   52   64   58   72   76   95   85   15   22    3    7    0   21   19   79   64   56   19   64   98   75    5   20    3   68   97   16   94   55   51   12    1   24   52   59   11   95   18   38   40   63   86   85   87   29   50   86   66   68   47   22   10   46   72   80   90   47   91   70   80   26   16   25   17   79   66   44   20   68   47   98   32   99   50   48   76   56    3   30   10   59   63   83   80   16   47    6   51   42   54   50   97    2   68   36   79   14   99   97   89   61   67   63   61    1   22    5   20   33   84   13   31    9   31   30   62   94   95   93   12   57   39   48   48   36   62   98   41   22   23   33   67   64   23   73   13    0   18   23   91   15   70    9   78   75   28   63   48   67   78   24   49   99   27   94   58   43   71   16   36   24    5   53   34   73   76    7   60   85   13   22   41   85   61   56   70   53   65   19   35   59   65   48   62   59   94   92   27   20   53   77    7   59   39   98   64   28   87   88   36   20    9   67    0   67    1   46   95   40   33   96   49   72   96   76   24   77   40   29    2   16   42   16   18   60   66   45   62   33   13   16   78   24   43   30   77   63    8   63   70   71   60   74    4   72   76    6   93   63   87   89    2   99   66    2    2   41   25   26   74   19   92   67   89   39   65   80   26   67   91   34   50   15   84    9   39   33   47   40   36    9   91   48   33   80   16   27   91    7   69   91   16   31   45   33    4    9   97   60   67   70   41   25   90   36   23   95   10   56   37   80   43   35   27   32   93   14    0   22   81   47   64   27   86   30   69   56   69   74   51   99   35    7   72   38   47   36   33   26
  89   11   92   22   29   29   72   51   55    3   13   50   72   94   37   79    8   64   46   50   93   42    7   27    4   60   66   47   71   79   93   31   25   24   75   76   10   54   24   77   46   81   55   57   35   49   63   97   23   84   49   68   15   56   27   14   95    0   89   76    1   17   45   55   21   60   61   67   29   51   67   79   92   38   87    8   27   87   70   10    2   55   76    3   33   61   72   32   76   63   87   43   15   93   76   25   81   29   66   36   62    7   14   86   42    9   60   20   34   12   76   12   56   40   70   17   81   88   20   93   48   17   52   21   49   30   68   54    1   48   90   37   12   26   51   85   25   48   59   11   80   76    3   31   47   80   71   73   27   12   70   32   96   63   85   74   16   43   41   56   46    8   81    0   57   23   53   49    3   55   50    5   60   92   15   13   68   87   95   94   21   48   87   81   68   54   78    8   49   15   96   49   59   33    4   73    8   29   51    7   82   79   27   56   74   55    0   37   38   47   92   11   76   71   42   12   84   79   87   43   26    3   21   91    9   88   58    9   92    5   17   28   28   40   15   55   59   68    9   97   13   55   67   56   89   95   38   37   71   94   98   35    2   74   84   71   92   84   57   18   27   51   56    0   83   86   87   25   71   86   46   50   76   66   23   23    0   54   29   76   68   67   80   66   95   65   26    3   95    3   98   88   43   60    8   76    9   77   77   85   53   83   42   19   45   57   29   49   87   72   51   89   93   88    4   14   79   67   24   17   87   59   15   22   16    2   23    5   48   47   19   32   70   92   47   23   31   88   15   64   80   47   73   22    4    1   93   42   27   42   36   22   89   71   15   64   53   31   20   94   27   81    8   55   86   81   57   82   52   48   47   96    1   65   15    2   97   45   93   78   59   43   81   90   88   78    9   54   42   35   86   16   89   95   61   30   40   25   58   45
  46   49   83   99   53   10   94   87   38   13   50   48   87   86   48   80   84   99   58   62    9   75   60   95   53   41   11   41   16   63   76   83   37   26   98   76   57   81   66   59   95   20   61   79   50   92   63   34   57   18   96   92   45    2   32   91   77   42   65   66   79   35   78   31   70   11   46   59   62   71   98   12   89   78   12   22    5   35   11   11   88   78   66   16   28   24   93    9    5   93   73   66   33   68   32   96   47   43   47   51   78   17   53   49   35   68   82   19   92    4   30   25   56    8   19   80   29   87   18   27   21   24   45   66   29   78   12   69    2   60   25   34   91   66   95   65   10   21   49    2   25   65    5   32   47    2   36    1   50   14    9    8   50   70   18   93   15   13   56   68   40   52   93   70   68   18   49   12   50   82   64   80   11   92   91   21   74   53   18   38   28   85    2   52   73   16   77   29   38   59   78   55   75   75   75   99   86   42   14   48   98   55   55   69   15   25   77   59   94   24   61   42   55   50   52   45   78   56   31   31   50   98   17   63   12   17   70   77   60   37    1   31   31   80   28   52   38    5   89   64   70   16   73   67   44   55   24   31   76   88   47   23   44   27   47   26   85   52   27   36    9   34   72   73    7   98   53   47   45   64   55   73   12   69   17   78   44   71    6   96   18   90   58   60   55   38   54   98   34   36   94   30   81    3   16   96   39   86   11   23   17   38   62   22   74   98   73    2   89    2   60   70   60   19   82    0   94   61   13   46   11   37   33    1   44    8   27   84   36   94   14   33   63   82   58   87   54   80   54   92    7   99   18   28   69    0   63   40   20   71   62   34   69   51   36   34   69   40   41   47   44   87   72   81   74   95   39   24   69   46   27   68    6   51   17   40   16   15   51   56   77   94    7   75   61   48   42   59   55   14   43   68   95   62   94   29   13   97   30   23
   9   36   27   48    3   93   47   35   88   57   87   30   32   10    0   37   79   81   97   38   55   58   90   72   42   52   99   29   11   99   98   26   51   17   87   77   13    0   96   47   21   37   30   25   81   45   16   50   86   42   71   91   59   98   61    7   68   87   35   55   31   45   48   75   63   73   42   81   18   10   27    5   22   69   33   65    6   84   62   83   74   47   45   35   48   47   32   23   12   17   16   80   48   19   89   20   18   11   41   27   98    2   49   12   47   51   14   86   97   96   90   29   43   39   15   22   63   49    7   64   94   83   36   27   71   85   57   64   45   89   37   23    1   32    7    1   50   47   33   37   51   94   19   78    6   93   33   77   60   33   24   57   12   68    4   74   72   69   89   14   26   38   91    3   17   30   35   77   20   36   36    4   45   98   30   18   25   32   34    7   95   87   12   32   46   25   72   80   23   56   25   92   29   75   59   22    1   25   97   48   63   55   43   47   26   53   40   99   38   41   63   39   41   78   36   87   11   29   26   87   57   84   31   28   81   24   16   69   84   73    2   72   29    3   99   69   87   94   67   35   22   14   66   61   99   16   98   21   47    5   13   26   84   63    3   22   50   54   49   77   40   46   49   86   78   20   74   97   68   21   23   65   10   53   93   28   37   20   89    8    0   79   54   16   79   63   59   18    0   55   81   10   64   37   73   65   89   81   33   93   56   87   41   23   10   19   72   25   90   97   67   98   63   98   28   69   15   42   33   82   39   86   83   29   32   28   53   98   86   60   59   99   32   63   35   99   50   52   82   81   39   50   33   91    4   34   80   52   67   17   79   80   19   31   53    0   26   21   49   90   67   43   89   12   15   61   59   94   88   73   44   63   32   61   39   50   42   42   62   27   98   54   68    9   76    2   28   59   53   33    2   79   69   77   31   86   17   48    2   85
  27   66   51   92    9   46   34   67   17   24   38   80   13   73   56   64   51   14   33   46   25   98   43   99    3   95   30   95   44   68   26   64   89   87   74   45   26   31   24   87    0    9   26   39   99   85   20   80   66   39   40   42   81   38   98   75   41   29   40   49   96   27   12   81   40   97   55    8   47   44   84   63   24   33    3   22   39    7   23   48   90   32   59    2   35   54   25   64   16   95   11   45   55   36   43   16   28   73   76    0   30   92   71   24   59   12    9   56   48   60   76   62   51   23   79   82   48    6   77   98   13   47   23   23   25   60   38   39   67    9   25   23   31   70   25   80   21   47   99   53    0   44   63   16   27   43   19   43   19   74   19    6   96   25   17   57   73   21   74   44   15   49   96   15   38   31   90   59   71   76   56   47   48    1   92   67   81   36   99   45   14   91   63   42   32   91   51   27   41   69   89   43   56   93   44   74   77   25   14   45   58   91   36   66   44   86   32   31   46   76   21   13   54   85   85   54   54    5   27   26   94   49   35   51   77   74   50   55   64   78   19   81   76   60   56   21   51   65   12   43   25    7   91   47   28   81    9   43   60   36   62   19   29   55    6   25   48   62   72    0    8   36   90   75   70    2   49   10   79   96   38    0   66   76    4   36   80   28   42   71    9   84   61   43   40    0   59   88   36   90   58   59   65   24   71   96   82   43   76   90   82   24    4   91   17   75   16   44   25    4   70   38   77   86   19   67   53   29   36   60   97   93   34   39   98   22   73   84    6   53   12   57   48   92    5   40   63   73   54   86   18   59   46   60   57   49    2    9   87   28   46   38   29   25   56   27   92   87   33   59   95   94   36   45   74   62   47   57    5   94   76   11   11   31   98   75   93   77   75   10   15   55   41   24   39   84    8   75   63   55   27   62   61   92   60    0   81   63    8    7
  42   95    6   35   80   25   35    0   79    1   77   96   23   77   83   94   17   38   96   30   55   73   55   68   46   95   13   21   40   56   74   58   41   71   36   96   73   91   84   74   48   38   53   37   60   67   36   37   60   74   10   93   95   60   67   65   84   68   76   61   33   51   14   80   28    8   71   71   73   18   77   79   58   61   12   40   81   42   85   22   31   34   58   15    6   33   18   46    2   22   25    0   47   81   96   80   81   90   37   16   91   13   65   22   66    7   50   64   84   67   54   26   83   70   36   28   19   77   89   30   19   43   80   88   97   76   59   14   83   37   23   28   48   43   97   23   41    4   20   93   98   94    9   34   96   51   43   62   69   22   75   82   47   24   81   32   61   13   96   15   86   59   40   97   29    7   75   14    7   43   78   56   97   34   19   10    5   87   31   61   62   89   46   61   20   43   16   47   30   58   96    8   97   27   17   87   12   99   60   54    7   64   59   77   89   93   74    0   76   69   90   55   43   16   54   92   13   67   51   37   34    2   32   53   58   84   90   85   31   97   41   19    0   81   64   78   16   77   53   37   55   54   74   73   10    6   45   60   90   67   64   49   15   89   17   83   47   90   12   80   32   67   40   96   84   32   36   97   18   26   95   19   40   87   18   86   95   24   80   36   55   14   62   19   69   36   88   16   42   14    3   33   96   80   76   87   19   27   29   92   96    0   64   29   23   58   11   89   32   88   10   77    4   42   19   89   31    2   70    4   74   68   71   19   68   99   17   52   33   14    9   95   78   30   23   28   28   13   55   89   73   76   88   79   17   40   25   62   98   69   16   98   59   55   20   27   82   11   20   24   87    2   11   14   15   51   89    0   93    9   26    4   96   52   71    2   59   50   35   61   31   22   75   92   81   97   43   92   90   90   15    8   57   32   41   25   18   19   88   58
  66   83   98   86   89   22    1   37   44   79   15   77   70   87   55    9   79   11   20   75   37   72   77   82   35   94   31   97   76   50   88   82   58   38   90   85   95   73   70   54   88   35   26   83   49   75   41   59   19   57   58   15   28   54   84   17   35   18   65   41   77   91   60   55   81   62   99   52   10   30   42   17   59   95   56   41   39   51   79   32   39   52   99   93   12   71   15   75   52   86   21   91   92   76   35   72   80   95   32   25   42   65   91   29   22   22   42   14   82   53   69   68   81   36   47   24    4   53   70   34   38   20    9   15   71   49    2   41   32   27   61   31    2   44    9   23   98   43    8   21   18   61   23   87   49   50   76   88   71   92   49   47   41   15   66   36   36   18   99    3   37   12   58   68   27   79   97   63    8   34   79   19   88   39   56   28   70   89   58   83   17   10   90   63   95   45   95   61   37   48   26   19   17   39   79   96   92   71    6    5   85   58   36   19   85   70   59   30   71   89   88   16   33   80   19    8   23   43   27   63   35   48   98   29   46   24   31   99   62   38   30   54   26   94   69   16   59   52   53   83   26   61   23   32   52   85   48   76   92   31    1    9   49   62   78   95   38   97   63   85   94   43   88   59   67   63    1    9    7   49    2   15   54   88   93   72   56    8   65   15   86   66   32   87   54   56   11   86    0   33   26   21   50   94   63   13    4   30   32   37   19   51   78   30   93   25   15   25   42   44   34   93   39   96   80   53   51   14   20   78   63   33   37   12   58   85   92    2   60    5   52   36   62   21   17   70   35   98   79   47   51   91   10   67   73   14   80   87   40   79    5   30   71   53   70   19   49    9   53   27    2   72   52    2   78   46   17   56    8   50   23   73   60   20   36   97   58   49    3   75    5   91   77   25   24   98    6   65   28   26   13   51   34   29   13   75   87   79   59   38
   6   68    7   21   13   31   83   64   58   25    9   67   56   14   44   66   17   27   26   44   27   56   98    9   18   59   62   83   87   94   20   68   79   72   52   93   74   93   30   61   55   12   18   57   32   34   29   95    5   74   12   61   20   26    8   33   92   27   45   49   96   44   11   53   69   14   17   44   73   86   61   10    4    0   71   60   58   25   25   53   85   12   59   96   93   66   71   33   92   87   77   75   17   16   21   94   53    6   77   96   83   19   25    7   86   56    4   43   43   39    0   89   22    0   96   28   73   24   77   18   28   16   15   26   26   15   91   21   42   56   90   17   46   94   42   30   76   55   40   80   84   74   73    3   42   41   10   78   30   92    7   69   18   38   48   57   42   76    0   43   38   89   90   31   95   94   69   70   75   88   50   96    5    2   34   81    4   39   56   18   62   49   97   65   60   14   68   95   65   88   46   97   41   28   12   47    3   86   70   58   88   83   69    0   77   52   16   90   28   76   23    9   93   79   88   29   10   63   63   36   57   87   22   85   93   92   31   54   44   55   48   12   38   64   84   96   61   85   56   38   56   25   26   34   87   82   42   55   28   24   89   60   44   33   69   60   34   35   36   75   48   49   96   54   99    3   12   94   27    5   13   12   67    9   43   20   52   43   82    4   19   32   43   75   22   68   48    5   98   81   72   38   79   82   60   40   12   92   21   86   28   31   43   60   38   44   19   45   69   44   43   64   72   40   60   65   32   30   78   89   63   91   79   68   76   57    9   63   58   38   79   41   35   50   91   30   46   27   75   52   15   65   97   49   11   21   54   37   94   70   16   78   55   75   71   66   54   23   36   40   21   55    8   95   21   17   79   60    5   40   81   41   64   75   92   66   61   53   49    6   27    9   25   52   86   84    5   49   34   56    9   99   26   24   68   52   46   76    9   95
   6   82   56   53   50   64   16   81   54   35   29   79   82   54   23   32   78   44   30   91   84   58    1   92   93   93   12   66   61    6   14   92   10   75   86   41   43   45   51    2    7   87   35   92    7   11   43   76   12   53   27   15   25   67   88   78    9   54   21   16   73   96   17   48   93   94   17   37   27   55   92   53   83   15   79   93   57   64    3   83   33    3   63    6   72   40   62   96   51   86   55   81   40   76   33   63   90   69   20   39   13   88   71   34   95   38   69   16   52    4   80   21   12   10   17   52   47   30   80   39   96   46   77   31   56   17   40   10   69   88   62   34   22   39   43   84   60   36   33   76   76   21   47    7   75   78   26   57   10   14   58   47    5   78   38   99   92   36    6   41   39   79   76    5   10   58   21   51   14   17   46   47   70   98   85   79    6   49   31   76   96   34   99   13    1   35   88   16   31   48   58   97   67   78   79   69   74   37   24   15   58   68   62   12   74   53   20   84   95   88   24   46   25    2   53   93    6   54   35   66   12   96   17   11   33   81   75   93   73   12   27   98   25   98   49   22    7   58   99   43   43   77   27   96   74   99   13   56   15   73   19   98   48    0   87   14   41   44   19   77   67   34    9   40   40   91   16    1   19   23   28   99   16   21   61   74   72    8   94    7   88   34   74   56    4   66   85   27   84   40   96   95   27   13   13    0   18   45   79   96   14   86   60   26    3   14    2   45   95   98    3   75   87   82   26   34   20   30   13    1   68   53   13   47   70   21   83   11   77   64   39   47   85   69   52   17   52    6    1   16   28   70   28    0   55   65   79   42   61   89   98   54   43   76   81   56   95   59   24   23    9   36   15   81   12   98   91   39   35   51    1   25   57   20   51   56   34    7    9   73   39   10   60    6   97   20   40   89   60   11   44   59   63   45   32   62   21   40   67   47
   0   97   26   30    1   17   11    3    1   63    6   12   29   86    2   61   38   79   86   70   92   75   61   98    6   59   21   30   61   60   53   52   52   20   50   30   31   65   30   47   39   31   99   58   15   27   16   98   79   76   30   15   94   34   72   26   42   25   22   23   42    9    1   32   84    5   70   76   96   18   70   10   79   75   77   75   59   41   41   87   53   41   80   51   13   79   62   13   67    5   97   61   33   35   92   23    7   81   51   59   19   88   55   44   59   58   54   86   60   43   82   73   11   24   88    1   84   62    2   31   53   21   37   97   89   23   60   91   57   63   24   13   60   87   59   10   71   64   61   35   75   20   94   44   19   16   26   91    6   62   52   53   23   69   19   89   32   67   26   95   48   28   87   95    4   68   86   33   61   62   41   67   69   40   98   54   85   11   56   25   59    0   33   19   63   94    6   30   89   55   30   59   68   70   84   44   77   13   36   61   99   64   86   40   84   99   81   37   82    2   78   15   94   94   46   74   28   84   77   96   96   70   95   16   56   84   42   20   54   68   18    3   98   33   67   51   87   69   21   85   70    5   89   81   48   74   41   81   39   52   76   58   58   11   18   81   53   14   17   59   22   29   78   11   69   22    4    1   41   24   44   43    5   58   32   15   15   28   91   67   79   19   60   31   69   56   63   47   81   37   67   67   81   28   68   38   87   55    2   41   85   33   24   95   39   26   35   34    1   10   12   98   77   81   19   20   47   19   80   38    3   42   14   40   24   42   82   32   21   20   11   26   21   29   38   54   24    7   40   17   68   54    4   31   59   57   12   83   44   86   12   12   55   24   16   70   86   53   64    7   95   90   95   66   72    1   32   26   40   98   33   43   84   21   26   17   49   12   92   70   16   71   32   70   90   90   79   86    4    6    9   17   64   14   36   34   22   36   48   85
   9   50   46   70   18   12   46   14   24    7   64   16   41   24   87   57   52   65   21   74   33   77   53   19   35    7   27   40   52   94   31   49    5   79   32   89   34   54   92   21   62   75   65   59   19   96   59   59   38   91   29   44   57   98   63   42   88   22    1   51   11    1   54   73   72   72   54   86   40   72    5    3   22   88   50   53    7   60   95   41   30   42   37   37   96   79   62    0   47   18    8   74   43   40   58   42   22   62    8    7   22   68   56   77   71   39   92   69    5   45    2   41   19    2   30   98   56   48   52   87   86   40   66   27    7   75   94   76    4   89   68   76   17   70   54    0   42   16   78   57    6   57   50   65   39   63   22   10   73   94   54   45   87   73   70   74   97   21   68   41   97    5   22    2   18   15   60   11   99   71   18   49   93   38   12   16   99   39   33   80   20   92   96   38   40   71   54   84   34   39   68   28   93   36   66   41   75   72   83   28   17   14   78   56   42    2    9   48    3   70   85   26   69    1   75   88   63   36    2   33   23   70   80   17   43   69   63   61   30   21   72   36   56   90    1   70   64   83   73   42   50   63    1   30   66   43   93   97    9   64   23   22   45   69   68   99   50   69    5   61   78   62   40   73   93   97   90    0   16   15   95   68   22    5   65   79   92   26   88   77   45   87   37   20    8   91   16   11   57   26   74   28   96   36   33   71   20   18   26   43   26   87   85    3   48   56   58   61    8   28   50   79   38   94   75   34   76   84    5   24   87   23    6   55   95   53    3   90   37   45   41   56   69   34   17   22   98   70    8    6   17   86   24   91   46   52    8    7   15   33   99    5   86   23    2   65   98    2   71   25   71   60   74   82   10   69   61   61   80   17   76   78   81   27   64   75   25   36   13   44   37   89    8   16   85   60    1   79   40   23    3   40   22   30   79   75   53   61   21   48
  77   85   32   31    2   20   57   78   48   32   16   40   59   55   32   98   13   34   17   63    1   91   61   27   78   79   43   73   59   77   74   81   62   44   27   13   14   51   83   18   16   14   74   47    7   26   21   39   97   19   54   85   49   72   30   63    7   10    4   31   34   63   83   20   55   83   68   87   45   55    9   13   20   21   45    2   72   28   38   81   75   30   12   81   84   86   26   85   76   83    5   19   23   61    7   42    2   22   86   91   61   96   69   37   46   84   76   99   53   94   82   25   93    2   81   18   40   17    0   26   49   37   14   80   74   34   52   90   47   68   12    8   46   98   20   27   73   70   17   79   44   37   30   88   63   80   92   77   21   88   36   34   80   72   71   49   37   69   77   73   95   63   69   84    9   24   89    2   63   66   61    6   80   25   58   17    2   34   14   98   91   69   38    3   49   97   59   95   64   71    5   78   38   16   57   53   38   45   32   65    8   73   54   25   36   28   82   87   64   27   90   35   41   70   61   71    2   37   17   97    5   34   96   26   82    7   81   38   70   62   67    8   34    0   92   39   92   48   81   27   41    7   88   72   38   33   65   22   65   39   51   40   35   33   29   74   23   71   72    3   68   35   66   57   20   83   93   31   40    2    2   84   89   71   85   56   31   58   38   75   20   52   86   61    9   99   53   22   75   63   13   78   44   14   14   92   31   29   69   76    9   62   56   54    9   92   97   42   66   46   40   53   51   89   53   98   29   95   67   84   52   48   16   28    8   94   31   14   76    3   77   53   75   60   79   68   78   40   34   83   31   67   16   84   31   85   94   88   66   59   46    9   67   20   53   18   39   48   52   16   82   31   64   22   70   78    8   67    2   82   42    1   73   70   74    1   90   37   79    0   59   77   70   23   12   59   99    6   98    1   32   94   48   91   47   24   78   95   41   10
   7   18    2   45   71   63   76   35   36   44   81   11    1   95   47   13   74    6   31   14   63   21   65    9   18   28   78    5    7   20   87   21   66    1   84    8   30   68   79   77    4   23    8   70   26   40   50   33   48   69   79   82   13   59   98   51   64   46   32   31   75   79   26   75   24   77   21   87   70   91   88   91   17   72   35   36   77   70   99   91   73   15   86    8   82   63   16   54   18   27   25   35   93   22   99   68   39   76   88   20   25   42   38   13   76    5   16    5   54   40   98   80   31   33    0   68   12   56   58   40   89   16   28   18   46   64    6   32    4   69   75   60   34   67   12   68   85   44   72   40   49   64   30   94   46   59   10   85   46   22   33    8   18   62   86   37    6   64   96   14   96   39   50   88   92   28   60   96   45   57   61   78   47   35   19   46    1   42   32   75   18   15   51   48   41    4   70   76   36    4   12   42   58   32   69   33   26   11   25   74   37   22   15   50   45   91   69   54   55   53   46   14    2   68   66   30   58   43   59   43   62   24   82    5   99   64   40   84   78   10   84   35   38   34   21    8   14   30   68   43   69   82   31    4   60   46   61   37   78   96   17   96   76   94   24   34   94   27   99   11   61   89   55   28   56   71   33   20   65   24   27   63   10   64   26   31   27   43   43   46   54   99   29   64   65   31   38   14   65   90   15   19   45   99   94   30   66   42   67   62   98   57    5   10   48   21   55   80   14   55   95   99   80   79   22   95   22   58   43   39   43   67   74   47   58   82   78   25   19    3   62   46   14   28   27   47   20   40    9   22   17   87   62   73    8   96    8   49   95   33    2   57   39   11   73   50   10   95   36   77   85   90   42   22   82    1    5   74   20   80   42   33   53   51   23   40   49   65   52   88   99   70   60   54   50   74   42   71   37    6   22   78   31   90   79    8   85   62   63    0
  36   50   48   59   52   24   50   13   60   27   80   83   57   51   38   30   71   84   17   90   53   62    9   17    0   50   10   32   50    6   74   99   80    8   52   31   31   27   74   28   52   22   33   55   34   77   31   20   72   79   20   56   76   99   79   52   77   86   79   35   47   70   59   22   38    7   23   72   15   70    6   54    8   83   68   70   26   50   66   56   83   76   60   22   33   24   24   29   52   65   47   91   64    6   44   21   64   18   78    7   45   76   54   96   21   64   59   52    5   90   76   88   94   35   42   16   72   24   35   78   28   75   86   48   56    9   49   79    8   56   65   36   60   93   89   18   68   28   54   28   30   93   29   88   21   66   92   44    0   13   97   85   67    4   47    0   23   44   85   56   79   63    6   56   33   46   84   45   72   25   62   20   77   25   35    3   78   22   33   11   83   86   52   64   83   26   90   62   41   82   36   87   79   74   64   36    3   20   49   95   28   13   84   96    7   91   70   48   95   46   81    9   12   91   33   49    0    1   59   33   52   57   35   47   10   32   12   45   46   35   81   91   66   19   26   40   94   87    4   40   46   50    0   50   89   73   43   43   12   16   86   82   30   69   39   86   89   31   13   29   77    0    9    3   18   43   66   74   80    8   78   11   80   38   30   75   93   10   11   61   47   35   24   23   85   98   13   85    0   19   54   44   38   27   30   48   12   22   24    5    0   47   95   65   55   39    2   18   74   61   89   80   85   32   73   89    8   14   22   39   24    5   63   71   35   92   74   58    4   42   76   56   85   75   98   42   15   84   81   33    7   32   47   85   39   77   66    3   11   49   37   88   73   49   29    0    0   57    1    6    9   20   88    5   58   87    9   57    2   37   89   44   62   49   41   10   39   42   60   45    4   61   43   25   33   85   90   41   90   22    4   57   63   43   18   18    6   85   35   60
  16   77   56   81   58   40   23   94   99    5   15   23   95   20   26   18   62   77   59    8   99   21   51   19   16   77   26   85    3   11   91   10   97    0   43   62   80   47   37   79   37   84    4   25    4   33   14   19   92   29   40   73   53   42   13   65   44   54   50   86   49   57   81   21   63   89   14   69   36   38    3   19   32   66   38   59   29   40   29   31    0   63   94   10   23   51   59   99    9   91   34   28   37   40   47   88   83   62   75   26   74   28   34    0   76   86   79   10   53   32   56   35   54   84   45    1   74   13   28   90   57   21   85   18   38   55   38   23    6   66   63   89   65   91   22   83   99   92   76   92   92   20   25   60   26   37   41   39   10   31    9   61   22   35   25   29   73   39   37   79   94   70   36   23   55   87   22    6   56   32   93    8   30   57   32   89   83    8   80   59   99   77   73   58   70   86    7   50   74   38   47   11    6   56   36   19   34   67    4   73   16   39   41   53   67   74   18   54   87   26   75   81   67   86    5   56   14    7   20   49   93   97   91   79   17   77   81   56   56   27   76   20   21   43   69    3   98   89   66   21   91   54   89   67    6   32   96   86   10    4   47   75   52   45   71   21   63   31   77   14   13    1   92   65   85    2   72   97   35   24   81   96   90   92   43   40   86   61   99   41   77   32   32   97   94   87   85   28   87   29   39   69    1   19   75   60   66   20   54   36   57   21   34   41   80   48   16   65   40   45   38   84   54    8   76   36   61   87    6    5   68   78   85    0   43   38   77   85   34   20   50   14   33   29   78   37   29   62    7   46   86   84   16   89   77   85   16   82   44   79   23   37    0   83   89   21   78   89   72   85   24   71   90   77   80   93   87   82   26   60   46   96   14   40   75   85   45   72   24   92   52   24   15   36   25   38   86   70   53   54   70   18    6   37   62   83   95   61   41   66
  26   12   62   48   28   88   88   89   61   93    6   87    5   29   55   40    4   69   46   22    0   76   61   66   78   56    5   97   45   70   20    6   48    3   28   84   48   32    4   22   88   55   45   66   94   55   28   71   12   47   23   88   77   68   69   49   13   79   58    1   98   96   95   31   15    9   77   33   80   72   80   13   74   33   18   27   66    1   14   15   87   49   23    9    0   89   25   11   99   11   22   31   77   61   64   73   53   19   12   18   13   24   42   89   44   47   28   79   95   86   97   65   53   45   52   93   66   14   44   18   78   49   31   25   82   80   22   31   95   88    4   76   77   72   55   55   68   94   43   88    4   23   92    1    5   86   61    2   15   63   14   82    1    1    2   23   91   80   20   72   83   28   36   31   37   94   36   14    8   48   58   40   55   50   56   42   50   20   19   79   86   59   15   55   24   94   30   66   85   45   44   82   87   91   91   18   11   39   74   73   53   68   68   17   78   46   45   44   70   28   74   26   82   66   10   82   16   88   39    2   13   30   64   73   71   57   68   88   14   93   96   12   31   10   69   59   31   45   10   27   13   25    7   62   20   24    3    9   73   89   44   67   75   86    8   17   28   12   80   73    0   44   60   92   66   83   66   31   97   86   18    9   76    1   78   34   27   96   33   64   40   61   68   48    1    3   50   49    1   68   44   60   89   54    5   45   33   80   18   42   47   73   17   51   25   89   99   12   80   72   98   12   27   93   55   84   50   36   37   77   97    8   31   65   40   91    3    1   32   38   68   23   61   48   21   78   19   37   98   35   25   46   27   25   28   81   24   13   63   72    2   17   81   50   19   85    2   49   73   18   67    2   89   56   84   54   16   91   23   90   90   66   11    6   92   52   18   16   19   10   97   85   20   17   30   80   48   21   30   16   19   46    2   18   31   75   99   96   80   56
  38   24   43   82   52   31   36   41   91   33   70   90   31   10   95    6   22   32    0   65   25    5   13   52   75   93   46   58   44   42   57   69   66   81   55   64   72   41   33   13   42   40   17   51   87   61    3   47    4   89   93   96   96   47   71   16   91   14   33   57   84    1   80   17   29   78   20    8   18   14   25   98   74   66   30   78   58   56    8   58   78   46    3   18    3   95   70   89   70   18   44   74   40   25   34   78   86   74   40   64   95   73   51   80   38   54   51   10   95   53   13   73   42   35   43   93   35   47   27   29    1   91   40   48   74    6   89   29   85   18   37   88    2   30   92   47   55   39   49   46    6   51   19   36   47   17    6   75   51   39   14   80   19   44   70   99   34   97   38   91   41   53   96   12   50   54   39   40   64    6   22   48   61   74   15   64   31   80   61   92   15   76   11   59   73   64   82   59   96   24   73   13   33   62   65   99   74   27   61   81   68   48   83   60   65   48   86   30   97   91   52   33   67   12   10   34   23   65   88   48   39   24   64   96   63   57   14   94   72   65   61    4   18   71   93   41    4   59   37   61   96   88   98    3   76   59   10    6   49   15   39   45   28   76   38   13   36    2   84   47   73   12   29   49   31    6   15   84   19   22   72   41    1   26   32   65   77   13   61   31   33   29   36   99   62   83   58   26   88   65   71   84   41   72    2   74   70   98   47   78   36    3    2   43   69   61   61   99   89   50   40   91    2   19   39   40   11   22   66   72   24   76   97   24   79   63   77   72   23   98   65    5   20   63   48   71   79   39   81   22   13    0    4   81   72   10   34   23   39   70   32   72   28    7   91   81   62   61   66    5   57   85   48   64   13   69   29   97   77   30   98   79   49   94   77   24   16   66   97   49   73   68   15   62   48   47   48   51   24   15   26   91   98   36   10   50   77   57   30   34
  57    9   51   12   80   43   53   72   79   15   96   96   17   63   21   86   76   74   93   35   24   65   88   99   38    2    7   98   99   93   46   33   79   49   69   42   75   43   83   20   35   70    0   24   35   13   90    0   84    3   23   76   45   58   63    3   16   95   36   33   18   90   75   58   84   73   61   93    9   90   73   48   75    5    9   97   87   37   72   34   44   66   22   75   40   59   65   76    6    5   62   84   76   53   41   31   57   20   31   59   84   73   66   76   85   47   73   14   54   47   32   47   82    1   86   53   37   58   86   68   89    5   39   21   98   58   13   79   53   16   61   38   64   52    5   52   16   61   11   47   83   51   14   23    5    2   90   82   97   42   81   30   80   90   46   36   39   64   36    5   31   42   32   11   45   99   77   77   72   30   49   92   85   95   67   35   65   57   37   42   52   82   73    2   66    3   37   96   15   55   60   36   93   48   76   79   45   18   13   46   33   81   16   42   10   78   14   64    5   34   76   94   85   57   67   61   57   12   49   39   42   35   20   10   37   26   71   57   77   85   68   96   99   89   88   35   39   82    7   84   33   97   57   88   85   10   11   87   93    1   24   50   79   71   59   57   45   42   11   83   51   50   63   80   71    7   41   15    8   60   62   57   78   17   67   88   94   12    5   16   96   76   89   34   68   40   28   99   30   44    8    9   99   92   78   57   72   24    3    8   45   43   51   92    6   50   14   46   14   44   23   26   74   44   36   15   90   86   97   25   35   32   24   63   43   45   32   84    9    2    5   28   86   42   38   47   36   99   70   29   91   85   44   15   29   70   59   78   29   20   10   11   49   55   44   67   39   91   55   61   73   38   84   91   33   46   19   17   10   96   43   46   22   35   85   84   14   96   78   29   94   24   93   61   71   59   93   79   31   94   70    1   68   29   17   10   29   32   59   24
  79   70   22   82   45   68    8   64   31   78   14   46   62   14   37   42   81   32   63    7   40   73   27   56   10   58    0   42   81   62   27   61   87   28   17   12    6   44   85   71   95   60   66   67   30   51   47   36   84   13   16   85    4   11   56   28   74    9   84   58    7   98    0   23   10   52   66   92   13   61   67    8   12   91   62   36   80   96   49   14   43   90    8   93    7   72   62   71   62   92   81   40   14   85   56   66   37   33   50    2   47   75    5   48   19   80   22   44    6   10   54   56   26   63   16   45   97   16   82   10   13   27   20   69   51   49   71   51   82   41   90   73   61   89   20   52   88   94    1   25   99   69   59   93   99   96   80    8   37   58   34   10   63   30   67   64   93   98   49   87   86   39   24   32   67   59   36    2   46   69   74    8   38    3   36   25   96   25   25   75    9   70   95    6   89   39   69   66   38   15   15   58   82   45   48   55   25   94   51   58   92   94   86    6    8   85    9   28   43   33   95   15   45   37   21   53   47   66   88   44   28   96   55   61   50   27   72   64   76   73   57    3   53   74   44    5   78   50   37    0   58   15   41   60   31   38   70   24   43   20   63   89   16   57   28   81   63   60   21   10   77   62   31   30   60   67    9   51   47   96   20   49   59   84   85    8   66   13   90   14   45   88   58   17   14   94   62   76   55   35    9   75   98   48   25   40   71   87   29   13    1   15   89   22   58   66   35   35    3   77   28   17   18   69   19   98   88   95   33   78   88   42   22    5   57   66   65    0   79   77   15   30   35   87   16   30   35   60   67    1    6   88   47   80   82   56   82    9   64   68   67   80   97   86    0   62   45   23   34   96   98   54   45    8   74   95   91   92   70   24   44    2   71   19   71   55   55    2   90   97   99   16   16   94   19   75   41   98   99    6    9    9   80   94   53    2   58   21   73   20
  59   52   45   84   67   70    0   27   36   50   30   79   92   12   91   20   52   28   61   51   42   97   95   97   56   83   27   22    1   99   25   71   31   99   89   97   93   35   64    3   10   62   48   94   30    4   80   56   55   16   12   40   70   69   84    6   98   96   32   11    1   37   13   43   62   19   80   17   48   10   73   73    1   11    8   73    5   33   69   94    5   67   11   31   38   63   11   12   12   24    0   20   22   63   57    6   79   50   98   60   50   81    6    8    1   96   72   60    6   24   76    8   15   64   33   65   32   12   43   31   53    9   89   86   56   24   54   45   12   64   82   19   61   69   14   52   12   68   62   73   78   23   41    0   58   16   55   57   76   53   36   83    6   13   70    7   48   60   59   61   31   79   37   30   48    2    0   91   49   34   55   52   43   17   37   21   12   99   43   12   59   82   70   69   91   78   28   15   61   57   79    1   91   64   84   21   44    2   77   99    5    7   13   29   37   38   24   46   56   36   39   76   62   25   67   17   75   54   42   45   12   30   12   21   25   67   71   94   14    7   43   20   29   88    2   22   21   35   79   58   44    0   87    3   11   19   41   82   83    4   58   67   57   39   39   18   52   22   99   34   57   58   14   78   24   54   48   33    4   31   50   77   36    3   98   19   49   58    3   62   91   67   77   16   43   99   55   90   69   65   54   27   69   79   45   52   63   75   50   35    0   54   69    7   82   54   64    3   61   24   88   85   44   81   48   41   68   41   31   16   38   82    7   19    7    7   78   65   87   90   69   88   72   92   73   16    6   94   65    8   58   78   68   65   92   36   56   74   37   31   51    0   19   28   21   83   41   30   95   33   42   44   88   49   65    9    3   84   71   18    7   31   33   40   15   16   28   80   39   51   39   62   32   37   96   80   82   45   22   97   62   89   98   54   17   81    1    4   52   81
  46    7   61   33    1   38   15    4   29   41   81   46   86   76   82   21   51   16   89   77   98    6   18   61   41   45   73   59   14   85   66   75   81   24   33   76   84   24   22    0   71   29   22    5   47   91   74    8    6    0   19   68   13   69   10   84   11   85   39   72   64   31   96   62    3   67   21   55   16   33   56   10   64    8   97   95   20   59   58   41   38   34   45   22   39   40    0   84    4   68   19    4   83   71   31   57   96   53   64   33   13   99   95   29   33   91   74    7   49   17   34   54   90   15   63   88   59   56   75   65    3   64   26   59   16   58   74   94   52   56   86   52   50   11   77   51   24   57   41   35   49   58   79   79   35   74   21   87   23   63   59    8   83   59   96   18   24   45   89   89   81    8   93   76   30   35   93   74   41   18   38    9   57   78   33   63   86   94   12   37    7   46   68   66   47   15   95    0   88   80   97   47   11   95    3   10   44   18   12    5   69   94   84   82   48   97   11   93   97   21   13   88   69   75   59   30   32   49   93   54   33   26   19   30   89   79   79   35   70   38   62   94    3   85    6   15   49   13   92   26    6   68   44   34   69   45   52    0    3   44    3   27   60   34   47    5   49   49   23   61   35   40   50    8   89   39   27   29   28   39   60   76   54   95   34   61   20   39   66   49   13   86   40   85   65   84   77   93   49   88   11   38   99   58   88   45   91   54   81   55   22   83   37   82   27   43   18   50   42   54   55   68   62   51   83   78   85   34   39   61    1   94   19   37   32   13   84   74    0   74   40   51   17   19   52   34   77   82   37   74   59   33   11   22   99   19   80   37   93   26   25   49   33   14   58   48    1   56   66    2   51   39   11   83   68   29   41   89   89    6   27   67   24   46   41   74   25   52    7   18    1   83   96   89   78   73   55   38   45   19   20    9   32   76   13   24   13   61   56   81
  62   48   91   63   14   28   32   41    1   43   24   56   78   56   37   43    6    3   30   51   80   43   68   66   67   18   59   99   63   93   83   74   37   34   95   56   37   52   33   74   52   43    9   49   86   75   45   42    1   76   79   68   23   59   61   37   91   75   31   66   11   80   15   38   89   26   45    2   12   54   74   75   77   64   96   68   79   31   32   96   20    2   43    9   24   76   49   26   24   16   52   35   56    1   62   58   93   44   24   20   38   78    7   73   46   67   62   93   94   29   52   29   73   75   28   20    0   95    4   24   74   16   52   42   76    2   90   66   32   76   30   36   86   32   79   68   83   50    7   47   72   44   62   86   93    1   52   55   19   48   90   27   60   27   78   45   95    1   88   44   99   88   28   76   14   27   60    5   83   39   29   31   21    8   29   28   85   97   47   97   97   21   85   25   86   86   56   77   90   76   10   55    0   47   72    9    7   91   45   87   54   36    8   18   93   46   28   98   74   45   42   86    1   57   55   50    4   71    3   95   16   75   68   94   48   39   77    8   62   12    5   19   61   76    9   29   10   21    0   89   74   88   76    4   85   64   43   38   41   27   76   41   69   59   81   87   83   55   16   83   14   15   43   28   58   83   11   35   29   19   73   85   69    2   62   68   20   37    1   27   62   96   39   57    0   88   50   48   12   80   31   25   61   39   74   36   80   35   22   51   57    1   69   60   55   11   75   25   98   57   52   94   17   80   90   28   16   99   33    5   88    2   92   19   74   36    4   87   70   84   93   54   26   42   92    7    2   25   64   51   74   17   38   63    0   81   80   12   54   56   88   43   13   48   21    7   75   67   65   66   71   31   87   43   18   85   65   42   41   97   11   92    5   95   45    0   86   87   26   57   23    5    0   58   22   77   35   45   44   77   58   84   44   45   29   55   94   74   96    0
  42   81   67   10   59   68    3   29   97   95   78   98   26   15   85   58   89    2   30   95   91   96    2   45   62   33   85   62    8   77   69   93   92   41    3   40   45   50   58   20   86    1   69   86    3   44   29   69   76   77   32   39   99   38   78   97   15   81   15   75   38   14   76   23   88   95   90   44   48    4   59   83   29    3   17   36   73   36   76   31   10   76   59   14   65   15   64   45   48   96   70    5   49   80   38   96   16    0   86   22   99    5   74   54   97   95   76   83   59   61   59   94    4   46    3   98   27   20   95   79   17    7   89    0   57   49   61   78   89    4   60   79   98   93    0    4   21    8    2   81   45   15   76   15   57   52   64   60   51   28   78   53   61   17   51    2   17    7   76   40   59   18    7   63   36   54   71   60   78   11   43   91   19   86   50   36   42   43   92   44   13   42   80   41   21   49   99   62   59   45   92   24   94   60   49   31    8    9   16   40   31   59    9   25   21   98   74   89   80   25   45   90   90   22   92   82   26   20    7   34   93   79   40   52   23   16   44   91   43   49   74   57    1   84   65   39    0   29   17   95    8    7   60   55   95   39   16   27   40    7   43   86   30   72   15   49   53   82   65   46   11   96   22   14   78   95   38   92   10   93   58    9   38   33   33   77   31   51   96   80   42   51   49   17   58   22   89   89    2   37   22   45   95   80   60   85   52   33   57   13   58   10   57   88    2   54   61   37   67   40   91   71   49   26   69   66   95   43   74   37   60   54    7   68   95   50   95   73   41   34   82   25   51   53   47   35   77   90   77   63   43   44   79   84   15   94   63   44   27   64   60   34   43   48   30   54   86   27   13   80   98   17   87   84   90   13   96   84   33   88   61   32   17   83    5   21   45   44   25   59   93   99   32   39   49   17   67   93   95   33   32   80   33   96   60   85    5   22   60    2
  56   91   41   92   89   25   87   64   26    6   15   58   53   72   11   27   99   19   83   37   73   96   80    7    6   27   56    0   48   49   88   95   30   91   34   63   38    0   89    7    4   30   61   79   14   48   94   64   21   85   95    6   38   38   97   51   37   89   15   65   66   97    3   38   99   33    5   13   36   36   87   34   53   44   14   68   43    3   20   95   87   15   18   99   84   29   94   20    3   72   86   20   62   59   93   81   50   72   10   86    8   26    5   62   12   40   71   36   50   83   26   42   90   18   26   96   16   37   92   90   61   44   75   47   29   89   52   82   40   18   79   32   90   40   34   69   94   58   28   56   20   67   64   13   71   61   76   42   53   98   19   65   96   27    3   95   22    5   77   56   50   74   84   60   27   87   13   39    0   84   32   35   18   77   82   54   88    4   43   64   24   56   95   27   55   66   38   74   57   19   60   74   60   89   53   89   31    7   41   96   79   26   79   73   10   42    8   87   78   34   61   93    3   52   86   53    2   58   46   33    5   87   72   15   81   59   10   52   70   47    4   59   77   39   18   41   93   89   47   60   60   71   33   30    7   79    1   93   49   24   99   19   48   15   31   57    4   22   19   35    3   85   19   10   48   33   31   73   27   11   17    2   98   57   53   26   40   28   40   71    1   79   67   93   43   32    3    0   75   18   53   46    9   22   22   59   76   72   19   97   53   51   84   44   82   12   19   88   98   18   50    0   32   21   78   76   70   73   29    6   64    5   20   84   70   70   20   50   61   31   95   23   68    1   23   86   78   72   25   13   49   61   68   10   71   23   49   90   55   71   86   20   93   37   45   81   51   54   91   14   24   35   25   92   10   20   12   41   14   27   32   81   68   78   91   54   35    4   82   67   49   54   91   51   55   34   91   18   76    1    7   52   40    3   35   68   63   11   37   87
  90   28   33    8   30   62   63   70    3   10   51   23    2   28   67   62   92   30   72   17   36   96   53   33    4    4   18   61   21   25   83   27   68   52   60    5    2   43   39   73    9   66    6   83    6    4   98   45   44   73   26   40   43   22   53    0   85    2   20   17   50   90   59   57   68   30   85   69   91   50   75   70    4   26   69   63   17   92   81   73   80   22   33   81   28   19   86   32   80   24   95   95   42   26   76   63   86   65   36    0   13   34   36   32   85   52   42   13   55   11   44   12   85   30   43   19   42   12   80   56   23   24   99    5   54   76   73    8   96   86   59   26   94   99   24   44   89   62   51   31   24    4   59   82   85   30   60   56   31   77   39    9   61   14    0   36   58   47   50   93   26   35   76   79   76   27   15   53    5   36   46   88   82   41   45   56   33   86    0   90   29   64   48   38   26   95   88   89   79   34   19   55   77   28   65   36   65   62   12   43   93   26   76   53   80   26   10   68   14   77   20   48   33   40   49   67   17   39    4   99   88   82   96   51   15   49   51   51   18   51   58    9   31   40   94   25   77   41   35   29   41   91   89   14   48   86   17   52   39   73   94   85   76   31   14   16   73   90   51   24   95   24    9   45   51   13   90   34   23   53   13   85   29    6   59   91   37   47   68   82   11   87   89   52   54   87   27   15    1   87   22   85   49   56   14   64   80   74   78   99   24   41    7   46   68   33   80   19   79   27   28   67   55    4   61   70   54   94   13   24   82   26   31   89   25   96   62   74   40   22   57   50   87   84   19   60    8   22    4    3   37   39   10   79   46    3   79   36    0   79   95   72   61    1   75   65   10    3   54   82    9    0   30    7   96   44   16    7   76   74   59   74   55    1    9   47    2   24   85   61   14   10   75   89   58   61   40   98   88   12   91    6   16   20    1   96   58   66   61    2
  55   88   23   59   43   18   33   39   98   72   15   59   88   17   35    4   46   24   38   66   28   23   35   27   76   79   20   98   61    8   17   80   71   53   47   48   15   23   75   99   38   22   71   98   29   70   51   84   52   34    0   45   68   83   39   91   81   32   76   40   59    6   89   72   68   74    5   73   18   10    1    2   99   71   46   18   61   54   60   41    5   47   13   69   77   89   24   58   30   73   91   98   95   40   66   69   84   58    6    5   29   18   28   46   47   39   86    5   36   82   88   20   63   29   92   52   34    2   73    7   82   71   61   38    3   59   21   47   32   61   91   72   37    2   40   76   98   87   24   73    4   37   81   17   15   92   22   37   11   62   41   89   53   17   72   15   28    1   60   97   17   66   69   85    0   61   70   74   80   74   90   10   76   12   25   19   98   11   49   16   89   81   47   49   12   17    5   91   13   46   72   93   44   14   25    2   14   86   28   30   50   54   86   36   92   94   40    5   44   34    9   54   62   98   55    9    1    2   52   77   68   30   44   36    7   82   29   37   68   67   63   23   34   72   28   64   39   63   94   72   69   48   99   20   67   50    6    5   74   80   13   85    6    9   85   56   35   31   92   34   36   21   69   39   84   86   66   62   21   99   94   39   87   74   13   13   38   34   43   57   50   55   93   48   92   90   81   53   57   90   36    0   68   85   80   13   74   59    6   66   47   90   93   30    7   24   91   88    1   35   41   73    7    5   45    4   10   78   87    2   86   33    4   17   37   63   34   30   49   27   21   86   40    2   92   20   35   61   33    8   23   73   65   81   44   95   32   82   24   78   72   15   17    3   93   49   56   74   56    8   55   92    7   55   90   24   38   79   14   14   48    1   35   28   64   62    0   70   36   30   56    0   77   59    2   50   86   46   51   58    4   37   23   91    1   88   52   55   25   31
   0   20   10   53   71   72    4   50   75   94   80   29   11   19   71   63   92   34   95   42   55   81    0   24   46   57   71   89   28   22   65   70   74   46   69   37   29   29   92   31   15   70   10   63   13    0   49   58   30   65   46   62   49   53   13   16    6   45   46   25   94   24   17   59   30   16   88   36   65   73   55   76   82   88   47   81   70   15   46   25   30   42   53   84   94    1   47   77   85   84   13   56   54    5   80   55   84   30    1   31   39   37    3    5   35   22   55   51   68   34   30   80   91   85   51    9   45   82   62   93   48   33    6   36   58   57   12   33   31   98   91   70   85    2   73   51   88   17   67   56   31   75   43   42   22    3   53   40   52   31   16   24   81   27    1   16   19   97   16   62    1    7   23   74   13   29   22   55   51   81   49   55   74   17   12   94    9   61    9   89   17   33   89   42   96   53   42    3    3   55   11   67   99   38   55   52   75   74   54   97    3   13   43   93   95   42   37   29   19   61   56   41   64   91   84   80   32   98   32   23   53    8   93   83   25   86   22   78   34    3   48   32   53    2    9   40   96   10   77   99   83   37   51   38    2   67   27   90   39    1   97   68   49   39   35   17   80    7   44   80    6   86   62   65    5   81   82   40   79    2   72   88   20   85   95   43   90   20   54   30   21   39   98   88   96    8   46   97   55   88   91   79   41   86   42   45   87   67    3   17   46   25   85   60   98   43   13   92   63   29   38   11   28   72   62   18   80   26   42   72    2   20   33   51   81   39   19   62   13   89    4   11   39   77   26   95   92   17   60   32   58   71    9   69   55   89    9   88   18   98   36   37   95   95   93    4   25   44   38   31   96    4   61   82   15   25   93   72   87   10   24   93    9   85   74   90   19   70   92   19   91   49    9   35   62   15    3   33   73   91   95   76   22   53   88   33   23   52   79   99
  49   19   81   22   82   81   72   51   43   62   74   44   34    2   56   16   76   63    7   40   40    6   82   89    9   67   20   87   37   58   32   72   39   62   59   10   48   21   69    6   11   55   23   40   46   24   94   47   55   34   44   99   17   80   16   97   44   93   15   78   15   27   14   84   35   63   45   52   52   74   63   61   43   58   36   60   69   76   42   63   76   73   41   66   29   14   88   67   34   99    1   21   99   52   85   44   35   45   13   75   39   21   63   94   15   47   36   76   99   20   36   85   97   43   46   42   41   19   80   85   86   88   80   67   70   67   13   57   27   43   97   73    6   12   16   46   51   81    7   47   16   90   43   70   21   32   67   52   20   53   98   31   81   72   43   72   23   70   15   56    2   81   75   37   51   72    2   71    9   28    6   67   47   18   68   32   90   58   63   45   84   62   53   78   73   69   25   22    0   30   49   55   26   93   76    3   30   44   32   11   30   17   73   69   15   54   23   60   64   13   33    3   78   35   16   72   30    5   50   23   49   16   19   57   54   87   69   50   63   71   63   37   76   98   29   37   27    2   36   85   59   91   52   51   55    3   79   30   12   50   83   19   17   52   91   52   15    3   68   11   72   40   88   80   23   54   14   66    5   16   65   31   29   92   45   74   29   89   86   61   47   22   33   77   36   52   41   36   81   78   11   57   57   39   59   35   17   20   24   26   29   37   82   84   42   76   33   29   68   99   87   81   60   80   59   30   50   35   39   81   34   14   19   65   37   46   49   88   44   74   86   62   84   88    7   87   30   94   26   13   93   50   50   71   85   47   99   74   59   43   91   12   93   52   21    6   55   83   57    5   57   92   21   21   82   65   30   84   58   90   90   46    4    8   40   59   89   53   80   15   72   25   80   85   64   53   14   39   45   77   74   63   26   26   72   62   91   36   77   78
  37   57   83    2   35   28   67   71   68   32   96   21   53   80   70   97   69    5   30   10   45   16   31   10   51   13   33    1   94   25    2   30   22   46   30   24   18   29   83    5   53   91   56   11    8   22    9   26   81   84   72   46    3   33   82   31   42   51   64   10   50   91    9   39   17   35   32   64   25   23   63   60   29   78    0   73   51   49   69   36   34   58   29   75    7   27   38   13   77   65   83   16   33   36   75   20   92   45    3   60   34   44   68   13   29    5   68   26   83   20   68   75   56   28   69   35   35   39   24   70   59   48   43   19   93   17   84   31   96   42   77   36   54   58   41   71    8   75    9   39   87   45   85   95   80   62   23   60   85   57   77    5   37   10   60   27   18   83   16   45    9   67   42   17   47   48   95   81   66   96   40    3   25   33   32   30   59   42   76   75   59    5   83   93   40   85   38    7   40   33   40   50   19   57    5   64   46   50   31   79   47   94    9   39   57   57   86   86   23   79   52   26   89    3   23   62   52   41   12    2   97    1   52   90   94    9    3   81   24   74    0   56   45   79   25   61   13   52   48    5   63   14    7   70    7   68   56   68   36   68   83   56   85   70    1   46   18   40   57    3   55   75   98   37   31   89   76   33   60   50   84   82   34   92   95   83   94   79   80   23   71    5   85   33   17   20   12   82   94   97   12    7   37   70   65   71   31    6   47   74   21   98   76   24   96   43   77   29   27   73   58   68   88   47   13   37    9   81   84   10   70   90   69   41   65   57   92   59   74   80    5   12   46   19   10   52   37   66   77   16   18   26   19   34   20   80   30   38    2   93   86   32   61   13   40   10   42   70    8   69   44   72   96   39   36   36   75    0   67   37   27    7   19   58   78    7   13   88   89   52   56   82   58   58    0   61   66   75   92   10   29   13   12   90   87   15   70   93    6   10
  67   63   96   80   62   73   93   78   11   36   47   92   10   53   69   20   44   90   45   83    0   61   74   41   75   83   93   78   10   52   29   24   38   72   12   83   28   18    8   13    4   76   88   86    6   30   46   59   35   11   55   77   93   80   41   16   94   74   76   38   21   52   97   90   47   86   71   42    3   83   16   26   86   14    1   38   71   49   34   55   47   18   16   47   61   18   19   36    7   58   23   36   45    0   63   67   48   50   52   13    7    8   51   38   28   93   44   36   23   97   78   72    1   97   44   85   38   81   32   17   66   31   24   67   53   33   81   58   80    9   46   49   16   74   97   77   24   38    8   72   93   55   85   34   41    6   90    5   53   15   73   79    6   10   95   47   66    9   95   70   93    7   93   62   34   66   75   17   68   22   62   96   32   11   50   80   24   70   46   21   49   87   93    7   94   55   33   15   71   55   91   57   39    0   18   79    0   18   77   10   78   77   84   16    8   97   32   90    8    8   54   55   51   60    9    8   55   92   92   31   28    7   76   95   18   20    7   36   69   50   75   26   77   85    4   52   82   58   33   69   73   94   85   75   25   18    7   75   35   56   18   89   81   95   58   94   44   63   76   72   73   40   75   83   29    2   90   48    5   87    6   94   65   85   20    1   28   67   65   59   60    0   46   29   88    6   26   53   86   66   19   71   82   10   69   50   73   39   34   51   94   83   54   94   51    5   82   27   51   92   70   63   83   71   41   41   51   12   72   38   36    5   19   13   87   55   26   48   84   36   74   61   75   60   98   70   33   37   80   70   23   80   49   94   73   10    8   73   55   11   20   40   98   45   85    6   65   43   36   27   86   31   99   55   73   67   14   87   63   72   57   77   43   75   95    9    2   36    3   56   95   40   64   82    6   52   58    5   76   16   38   79   72   86   72   99   36   76   31   77
  94   34   40   68   69   45    8   78   76    2    5   61    2   29   95   60   90   88   28   63   31   52   34   31   64   92   77   10   27   19   50   91   22   74    1    0   84   42   66   78    2   96   91   79   90   39   32   82   89   84   33   22   25   92   39   36   38   25   40   93   35   69   21   84   51   44   69   58   29   97   67   67   72   87   15   92   14   59   50   98   99   80   78   30   74   54   96   50   98   37   44   52   66   79   48   59   66   90   10   59   85   39   94   75   95   21   73   54   97   82   66   89   77   18   43   88    2   62   50   20   36    1   13   36   12   42   69   25   33    0   11   45   78   92   48   94   63   48   35   90   18    9   82   84   86   55   25    6   59    6   23    2   98   32   52   54   56   77   64   59   93   49   23   24   98   60   89   97   64   93   96   39   37   48   63   41   56   56   55   41   32   22   73   20   14   82   87   50   63   12   11   54   43   68   83   17   10   98   18   16   66   51   58    3   96   82   96   11   15   71   14   30   41   50   20   77    8   95   96   16   68   83   26   21   84    5   91   84   69   30   72   82   35   89   76   62   41   35    3   14   45   17    5   62   12   49   55   67   55    7   97   26   15   18   27   92   73   24   24    4    0   10   95   52   36    2   98   27   44   58   79    9   41   49   35   78    6   77   12   20    8   18   61   85   86   72   67   38   12   81   74    6   27   18   69   61   29   59   96   63   51   70   59   37   66   25   35   62   39   96    8   43   50    6   40   77   76   41   20   20   19    8   64   87   27   94   95   74   16   32   37   67    8   35   93   18    0   81   55   74   94   86   33   87   88   77    1   67    6    4   42   14   42   26   30    7    0   20   27   16   29   99   96   79    0    5   64    5   98   72   58   24   17   90   29   96   53   71   90   31   89   83   36   30   88   52   68    6   28   50   28   27   55   77   57   61   27   48   60   65
  22   30   29   10   67   36   31   60   35   15   18   50   37   77   26   92   82   33   63   54   49   34   72   60   92    6   22    5   10   57   62   34   14   42   41   48    5   43   99   14   60   92   45   17   66   35    8   44   78   69   23   10   79   24   65   84   90   65    2    2   87   73   52   35   38   78   23   10   47   38   76   47   32   90   59   94   59   42   96   53   67   41   28   25   39   35   71   83   65   86   88   82   73    0   43   35   18   67   73   97   71    3   19    3   19   16   95   94   31   41   82   34   35   43   11   11   75   84   13   48   38   48   65   80   53   18   92   26   33   29   99   26   29   34   45   76   78   84   24    9   89    3   32   21   92   89   14   23   72   81   81    9   87   18   30   41   11   62   13   47   29   20   42   14   97   31   83   67   15    5   37   99   54   19    3   66   45   67   15   60   86   42   52   35   92    4   41   40   82   29   91   41    7   67    5   34   42   52    8   95   64   14   14   85   88   27   27   47   40   18   83   21   63   11   89   36   73   14   52   49   58   86   42   87   64   90   12   47   21    4   19   50   55   44   78   98   14   46   87   72   44   98   92   68   11   86   80   96   22   84   38   73   10   37   64   64   30   99    0   33   88   24   16   76   98    6    6   70   65   61   98   59    6   38   48    5   77   61   70   27   49   49   28   65   46   22   89   13   21   27   18   63    2   72   67    6   60   27   64   94   66   15   46   90   53    0   86   55   39   85   34   94   61   44   14   96   94   97   20   23   86    5   12   70   74   42   85   67   20    2   34   11   96   56   88   28   98   42   72   45   11   63   49   48   76   79   25    7   16    9   96   54    1   84   14   83   11   25   94   76   63   34   34   56   35    8   60   35   29   92   53   63   79   33   10   36   99    4    8   23   13   67   87   17   42    9    1   55   10   48   67    4   46   96   77   76    8   64   90   49
  64   62   74   43   93   23   42   70   87   97   37   47   81   95   56   35   31   28   77   91   98   62   52   45   50    3   35   55    3   35   13   78    3   35   18   93   86   89   76   68    1   54   72   65    4   62   82   89   50   23   23   20   53   67   80   99    1   17   53   84   41   89   86   62   62   65   62   70   22   71    9    6    0   96   61   55   80   30   85   43   31   35   98   42   13   82   93   52   35   13   52   45   53   14   91    4   46   36   55   96   87   20   33   51   62   20   63   19   78   17   41   80   16   64   42   40   88    3   15   19   80   14   31   98   86   51    3    3   58   88   10   63    0   90   45   13   11   24    2   89    4   41   27   61   95    8   71   95   13   89   72   60   62   63   42   45   63   37   74   30   81   24   73   32   56   41   63   82   63    5   58   51   60   26   19   57   46   61   43   46   54   12   45   39    5   16   80   76   39   69   81   74   56   25   52   81   81   24   87   80   24   23   81   26   94   57   70   39   54   80   30   33   52   81   86   90   26   60   86   56   48   81   77   57   93   60   59   62   26   24   73   12    1   18   24   59    0   23    3   99   70   14    2   80   53   72   92   95   43   25   53   81   76   52   34   31   10   52   79   56   40   12   28   69   26   18   59   48   38   53   54    5   72   38   15   63   89    9   11   16   50   96    9   61   27   83   71   46   99   13   15   60   39    7   40   13   89   29   66   56   57    3   96   38   16   58   53   49   50   54   31   93   50   98   54   84   70   60   83   33   13   58   23   72   30   39   55   51   71   49   85   77   12   11   60   83   29   39   21   58   50    2   42   43   66   54   51   72   32   47   30   56   51   66   77   58   41   75   69   76   58   47   74   78   98   37   27   90   10   27   83   15    3   44   57    7    7   79   85   67   25   95   81   36   42   26   53   16   72   37   92    3   83   96   88   54   73   29   56   51
  36   64   77   73   21   34   43   77   52   94   99   99   43   66   66   19   94   29   50   73   10    7    6   84   48   58   96   79    3   65   81    0   71   53   24   19   17   11   29   57   34   56   65   33   47   33   13    9   11   95   16   84   44   30   18   84   15   68   81   16   55   21   50   38   67   65   28   52   72   79   39    4   71   14   79   64   81   71   56   20   97   88   27   70   49   17   59   70   92   22   70   16   17   93   93    7   54   27   40   33   69   62   15   92   75   39   37   69   83   38   72   84   16   83   85   68   89   31   79   16   93   38   34   53   39   34    2   28   99   26   85   67   60   83   93   51   86   71   23   20   20   10   10   29   91   15   64   10   62   57   53   18    4   62    9   61   96    0   83   90   55    9   56    4   53   89   34   22   67   51   28   56   26    8    4   16   99   37   28   45   57   63   47   78   81   51   81   16   88   65   87   52   23   53   64   75   32   90   69   35   48   66   22   77    1   24   92   57   29   93   26   75   67    3   55   42   55   33   80   88   44   43   34   10   68   66   75   95   22   58   38   13   84   86   18   26   58   20   39   84   84   74   63   86   79   67    6   71   68   36   87   15   81    9    0   22   36   10   73   82   61   53   79   47   96   37   18   74   38    5   77   11   42   94   64   12   51   20   37   13   44   12   62   71   92   80   64   60    0   40   83   23   87   11   34   62   98   70   46   90   92   54    1   29   50   23   17   65   19    1   40   64   47   94   86   94   94   56   86   46   11   26   49   30   36   32   13   63   74   15   21   10    3   91    6   24   22   55   71   10   62   25   37   48   91   35   68   19   64   47   48   16   28   17   12   50   24   33   89   61   37   32   42   36   64   31   78   62   61   31   65   80   32   50   32   40   14    6    2   67   17   79   61   90   97   30   21   48   66   51   32   42   44   16   11   80   41   43    0   95
   2   79   92   10   84   75   30    8   36   32   96   50   18   14   34   95   71    3   54   94   67    7    5   40    7   24   52   79   57   95   91   45    3   55   24   89   52   29   80   76   65    1   79   13   70   62   44   43   78   20   18   22   72    6   45   13   82   79   42   97   52   13   90   35   50   28   43   78   87   88    9   15   64   29   95   79   32   82   35   69   62   50   45    8   51   82   47   31   22   74   54   66   17   95   59   25   79   38   98   55   38   25   49   99   17   33   66   69   88    0   54   50   41    1   42   81   54   42   88   53   13   53   70   13   88    8   46   61   57   38   18   31   36   94   80   10   76   26   48   46   26    4   79   51   74   76   50   73   88   53   36   96   54    4   29   89   91   36   25   55   36   14   29   32   74   49    7   23   57   31    2   15   33    7   46   50   46   95   95   60   81    7    9   61   45   19   96   61   16   13    0   36   47   57   99   10   17   69   21   29   37   35   51   72    1   31   19    1   56    8   99   89   55   65   66   59   46   83   55   98   15   48    1   78   79   14   37   37   44   43   50   35   84   37   45   39   27   64   14    0   61   34   98   68   21   59   29   44   19   16   91   43   34   69   70   57   74   23   55   45    3   40   23    8   76   11   23   19   51   91   72   71   80   22   16   93    0   72   87   68   15   97   45   44   71   52    4   67   40   93   23   87   71   67   42   87   75   34    9   52   64   76   97    2   65   76   21   58   68   69    6   87   33   44   18   26   64   96   53   92   99   36   26    4   57   37   96   11   20    1   71   47   98   26   97   47   84   52   74   59   76   17   10   63   11   78   93   54   74   94   46   50    0   99    2   53   52   81   65   92   12   16    6   77   93   82    0   18    7   45   36   76   60   10   50   27   11   16   18   27   46   50   31   17   92   22   18   20   45   90   53   38   49   44   61   11    6   57   51   18
  48   55   60   54   46   52   17   43   12   15   44   35   98   37   79   73   84   98   98   71   76   44   38   28   41   17   77   14   90   15   48   56   18   51   88   83   95   42    9   33    3    1    2   23    1   90    2   16   83   14   89   48   10   45   58   20   83   23   45   87   71   95   58   25   22   15   77    3   74   97   28   39   35   77   88   50   71   44   95   99   28   26   10   79   63   76   20   45   81   76   84   78   28   18   81    5    1   39   44   33   57   47   94   18   17   27   91   72   53   43   20   84   56   81   13    1   20   52   59    9   86   88   27   14   63    1   60   20   34   51   10   39   18   31   58   72   99   51   53    7   46   73   36   35    8   77   85   86    9   35   14   73   55   35   13   28   39   63   63   34   13   21   78   58   82   14    1    0   26   20   57   46   60   43   42   67   49   96   29   21   68    1   27   26    2   38   93   56   69   85   75   37   17   40   59   20   45   79   69   97   12   36   78   39   95    7   69   46   44   36   33   78   97   24   40   87    6   93   73   27   19   77   81   17    7   52   69   98   12   54   12   39   53   27    2   17   86   94   28   42   81   69   50   30   46   95   70   30   84   63   40   23   13   92    1   36   14   19   89   18   54   66   62   76   47   29   54   97   26   88   54   33   15   12   12   17   85   85   79   25   76   30   50   36    4   54   30   74   71   23   81   46   61   43   51   11   24   57   93   14   31   10   52   96   99   33   49   89   59   57   98   78   11   97   80   83   71   52    3   80    1   83   70   53   27   33   44   24   38   76    9   93    2   26   75   93   47   64   88   44   95    4   74    7   35   70   16   27   16   85   20   44   89   40   76   47   28   50   60   97   60    3   12   83   64   77   49   45   75   79   83   37   57   18   35    0    7   55   78   62   54   16   20    9   39   98   37   12   96   13    1   27   42   50   49    0   22    8   37   80
  96   92   48   97   61   40   55   62   28    4   28   65   31   69   44   56   91   29   38   77    8   90    6   22   11   63   52   25   37   31   37   29   50   40   42   32   55   29   26   60   50   86   11    6   56   29   95   34   34   59   73    9   97    5   68   15   95   28   95   29   38   34   56   96   42   22   90   42   89   61   98   39   16   42   35   41   10   95   94   10   19   35   69   76   40   96   13   26   50   55   34    9    9   86   70   31    7   39   75    4   49   64   79    6   36   45   77   66   57   84   22   70   97   19   70   46   29   21   79   45   95    8    6   91   94   83   20   51   16   55   33   53   67   66    3   74   66   80   39   29   95   36   55   83   28   12   84   47   39   23   84   34   26   41   20   71   60   12   73   36   99   56   69   80   55   64   73   54   80   27   96   97   39   73   43   10   70   21    9   63   34   55   37   57    3   38   67   94   62   17   33   20   13   32   24   82   16   92   74   32   68   21   85   71   71   79   12   68   13    9   74   40   18   64   11    1   88    0   51   45   87    6   30   88   29   42    9   67   88   99   37   11   52   83   44   13   57   94   57   71   40   24   64   16   35   57   63   29   38   98   76   75   92   87   86    6   79   77   79    8   71   43   42   36   25   82    1   95   79   46   37   25   99   65   22   56   64   79   43   24   33   53   44   48   99   22   44   53   16   85   59   68   45   80   84   55   79   90   37   39   48   59   48   58    2   15   97   82   92   90   41   51   56   47   86   55   13   86   18   13   60   14   42   31   22   99   51   36   58   62   49   84   81   55   49    8   91   67   47   44   90   58   24   69   66   22   78    6   20   92    7   74   49   70   15   56    8   51   34   76   61    3   65   73   47   93   36   79   46   96   64   47   74   87   58   69   68   84   20    5   26    0   96   77   88   54   79    9   36   18   93   15    7   21   30   99   91   53   87   97
  51   19   83   47   80   52   98   82   37    2   51   44   57   22   36   79   26   44   97    0   66    8   72   16   11    2   35   32   29   90    0   64   16   23   83    9   86   26   85   79   80   18   96   74   43   82   95   70   37   52   75   25   53   64   66   53   41    1   81   97   74   75   71    3   80   40   16   60   16   86   64   62   65   19   47   65   65   50    1   43   92   61   65   89   92    6   74   39   18   55   94   54   18   81   75   60    4    6    9   40   89   53   50   57   59   34   86   79   26   82   66   78   98   63   68   40    3   78   90   29   35   31   95   20   21   95   16   61   79   10   14   99   73   93   61   35   32   37   89    9   79   80   98   45    8   56   51   59   21   88   21   94   69   62   34    0   13   59   61   51   95    8   39   23   70   70   98   21   51   77   89   20   70   64   12   51   14   84   96   78   95    4   87   18   60   64   60   95   95   14   30   36   12   55   35   97   33   49   47   76   86   45   37   41   81   67   96   63   93   16   68   13   40   93   65   61   83   20   64    3   61   86   33   80   99   47   91   91   34   22   16   97   34   56    9   36   96    5    1    8   40   20   63   46   28    2   90   48   43   93   14   77    1   99   23   76   60   44   66   27   68   98   32   56   57   36   93   82   26   84   76   49   49   44   21   90   36   32   53   88   57   82   23   17   49   14   38   10   50   89   59   67   71   27   68   51   46   33   24   93   49   29    7   20   83   46   75    0   10   85   71   64   49   68   84   32   38   53   47   24   17   90   14   63   80   86   20    1   74   46   42   57   97   40   19   34   19   67   34   99   94   18   93   47    6   19    0    0   23   16   76   10    1   26   20   42   63   89    9   90   41   20    9    8   68   93   91   44   26   53   78   35   82   95   66   95   91   94   28   69   22   71    2   20   12   32   14   25   34   49   36    4   23   87   43   99   75   54   80   40
  25   74   55   47   14   47   57   76   65    1   15   72   85   15   42   41   56   37   57   98   36   81   54   17   31   14   77   24   14   68   39   84   15   47   85   77   53   22   40   82   53   72   74   76    8   13   60    9   68   49   27   76   89   29   59   15   20   15   33   30   36   87   25   38   73   15   74   36   73   34    8    3   39   27   53    4   79   22    0   16   56   78   10   43   67   22   18   49   66   94   55    2   32   40   76   39   63   32   27   51   62   79   96   84   37   37   29   64   89   18   56   69   81   81   22   10   82   60   23   17   67   82   11   30   58   11   55   94   50   24   46   49   36   11   59   95    9   78   12   13   25   76   53    4    8   33   66   82   68   37   48   21   39   40    2   64   17   80   40   35   29    9   20   89   53   61   48   66   24   49   49   44   73   53    2   16   33   63   70   58   17   75   96   96   10   14   23   76   48   45   31   57   10   14   95   75   97   66   74   72   47   88   38   10   79   52   85   43   32   79    6   11   73   83   95   93   98   67   21   11   60   98    3   42    0   55   93   18   13   70   89   37    3   29   19   64   95   29   21   61   52   58   52   75   75   45   73   79    2   42   89   39   92    5   98   53   32   14   73   71    6   55   78   14   55   37   90   56   45    5   53   54   38   95   98   42   20   98   86   67   20   26   72   32   12   19   99    5    6   29   97    9   50   37   24   78   92   13   53   90   38   54   69   91   54   34   44   26   14   77   77   86   25   90   82   95   25   32   39   39   95   89    6   98   87   41   49   51   89   47   85   79   50   69   81    9   20   33   22   52   29   73   44   95   91   13   26   21   25    0   31   10   17   29   69   19   29   82   81   81   95   52   16   16    1   37   67   10   99   26   61   99   90   56   81   68   35   75   27   16   66   89   92   97   63   59   67   37   45   89   19   58   68   94   89   52   10   27   99    6
  40   15   65   32   84   77   36   43   53   67   85   71   17    2    2    3   25   80   97   74   64   67   45   25   31   24   94    1    9   26    2   98   80   44    0   12   37   55   22   61   12   30   10   13   87   50   25   80   85   44   57   64   33   17    5   20   64    6   57   76   42   44   13   72   70   91    6    5   34   45   64   31   91   30    8   29   15   57   91   73   18   87    1   24   52   87   99   55   94   12   18   20   44   93    4   56   90   39   35   36   50   82   20   77   40    2   57   75   48   29   30    8   58   66   54   78   38   91   48   82   24   22   49   33   34   83   61   51   92   39   61   17   40    7    3   78   71   25   90   70   69   47    6   17   81   14   87   28    6    0   28   82   16   22   40   90   78   39   22   54   52   38   64   18   90   27    1   66    5   65   15   55    9   19   38   22   78    0   86   94   63   50   70   41   65   19   86   70   45    7    6   28   94   27   15   98   81   58   79   69   80   79   68   63   15   28   23   58   37    2   62   39   45   12   69    3   36   62    7   67    1   70   50   31   45   20   43   89   33   98   73   83   83   96    7   18   96   79   40   13   16   22   32    8   91   85   88    2   43    9   61   34    9   94   34   71   82   23   49   32    5   26   26   68   97   96   57   31   25   12   64   69   60   47   24   69   87   85   36   75   90   52   13   91   40   26   69   68   31   44   50   40   43   59   33   14   60    9   52   35   30   81   95   57   29   91   83   37   75   35   78   67   96   79   42   19   63   25   70   19   28   30   75   12   85   94   29   97    1   74   48   68   89   19   43   15   95    8   21    9   70   59    2   13    6   90   15   38   49    3   79   89   72   89   58   15   63   79   78   20   20   24   39   29    6   67   62   30   19   13   46   22   80    2   44    4   99   98   95   34   51   71    0   74    3   49   18   86   55   61   58   90   39   59   29    6   23   18    1   38
  61   90    3   89   23   39   54   22   21   32    4   51   34   31   85    6   98   91   48   66   47   83   10   13   62   62   93   45   55   76   40   86   19   12   32   63   42   45    4   47   97   40   22    3   97   30   18   86    1   66   31   80   36   42   30   87   89   65   79   88   13   46   57   68   78   19    2   36   48   15   85   20   13   40   21   40   45   85   12   47    7   14   12   95    5   29   29   21   95   99   28   57    4   19   97   40   97   26   83   41   13   50   58   60   33   26   13   15    2   53   48   61    8   13   66   51   93   95   92   31   52   13   96   46   97   44   91   49   19   25    7   69   72   19    5   80   16    9   35   99   76   18   39   94   92   39   67   40   24   86   29    2   63   25   42    8   76   97   28   62   32   47   44   38   17   86   49    2   95   42   15   43   53    8   29   52   53   69   12   67   68   80   16   33   23   92   87   98   69   28   38   89   97   55   72   64   31   98    9   21   87   87   62   58   64   84   77   85   41    8   42   41   68   60   86    3   99   14   11   49   11   46   37   67   24   66   81   89   28   75   12   32   68    9   40   42   33    7   41   87   48   70   82   86   77    4   14    4   36   42   84   70   36   55    3    5   17   42    3   47   67   82    2   63   93   53   77   68   67   58    6   52   77   99   35    8   96   86   36   46    2   54   82   70   86   47    6   43   80   80   32   54   96   98   54   90   59   55   17   83   98   62   89   43   85   25   97   89   96   44   63   49   94   14   83    1    7   33   61   31    4   57   98   65   55   10    8   65   99   47   88   22   56   72   88   93   73   46   72   75    4   99   80   96   93   43   62    0   36   39   66   56   86   89   31   84   54   84   91   10   41   71   82   68   44   71   83   24   85   82   98   27   25   18   73   98   36   84   53   45   35   46   24   12   64   85   80   56   53   45   39   55   75   29   20   50   33   22   64   85
   7   16   46   62   55   61   84   28   33   96   82   67    7   59   91   74   30   77   57    0   15   51   63   82    1    8    0   53   25   84   27   73   27   44   79   23   39    6    3   81   21   97   59   57   47   91   42   49    6   21   21    3   57   70   50   49   46   88    1   19   36   87   44   79   54   94   92   82   29   40   60   78   27   64   99   92   28   77   56   45   85   93   90   52   38   26   83    3   64   37   33   93   41   83   46   51   71    5   77   63   39   86   70   18    5   40    3   95   37   43   44   78   61   18   41   50    4   28   25   22   85   81   81   99   95   51   92   37   45   83   88   54   56   50   57   16   24   44   81   82   21   41    7   17   54    6   11   75   43   60   69   30   37   38   91   33   52   29   19    3   41   44    5   85   76   97   66   10   66   17    8   42   71   13   59   62   75   69   56   69   60   93    0   15   89   78   30   61   24   74   46   27   79   18   71   63   70   27   65   86   36   99   13   84   94   73   52   90   52   87   97   75   39   55   98   92   32   26   66   49   92   25   10   40   49   76   90   43   45    9   87   13   66   18   79   33   41   21   55   52   31   27   67   41   51   55   59   93   10   54   57   57   16   53    5   76   88   13   42   91   35   10   79   45   28   69   60   48   35    2    3   54   70   51   21   50   96    7   93   40   53    1   62   18   62   59   89   25   77    9   77   51    1   26    0   33    2    6   81   48   87   67   85   31   19   45   52   24   21   53   26   30   91   81   19   22   63   56   28   21   90    3    8   86   32   71   76    5   77    6   24   98    2   72   31    8   88   17   60   48   54   40   49   87   28   65   82   98   49   27   34   28   78   66   70   89   73   87   40   51   36   35   44   13   19   71   55   65    9   67   31   14   85   53   62   84   96   72    6   47   66   79   86   42   86   62   56   70   65   88   18   28   39   70   51   21   48   50   93   50
  90   98   72   26   36   30   86   59   81    5   25    8   40   97   66   19   74   60   83   56   24   63   92   45   33   81   51    9   11   78   41   24   12   57   75   13   98    9   99   59   81   11   72   21   87   17   27   70   15   79   18   21   87   71    4   59   72   22    4   85   30   50   67   34    5   56   73   77   57   16   72    9   99    5    8   10   11   99   61   70   36   66    0   56   59   35   59   18   57    4   19   61   95   32   33   71    4   69   38   95   56   19   49   95    7   49   51   76   67    1   35   71   85   34   93   16   96   49   96   37   53   69   11   21   34   61   64   52   93   51   99   63   69   83   38   68   37   29   65    9   63   64   16   37   85   60   73    6   71   16   50   11   24   57   38   95   10   31   33   38   46   66   31   92   94   11   55   21   37   19   25   79   21   95   83   11   32   78   25   27   93   88   71   58   85   84   35   77   40   27   30   59   27   64   96   41   92    4   43   59   25   36    5   21   62    5   18   10   99   17   83    3   22   16   48   30   62   16   99   18   93   34   79   31   68   75   60   17   74   43   80   24   43   69   81   19   95   50   82   98   62   78   16   12    8   39    7   62   27   81   49   31   85   90   54   10   61   19   47   48   25   98   31   86   47   78   51   31   44   73   79    8   90   75   16   71   30   49   94   28   76   45   18   78   86   98    6   83   77   61   52   39    0   73   46    6   11   75   18   33   24   64   48   78   14    0   50   93   91   34   81   38   73   10   22   64   40   42   11   94   39   31   22    0   57   48   22   79   43   20   91   33   31   92    1   17   48   95   32   60   25   72   19   94   68   85   64   12   96   12   18   77   29   42   18   50   97   69    4   76    5   96   57   73   26   97   88    2   90   59   89    7   18   97   35   42   54   39   59   68   75   80    9    8   62   57   49   90   93   66   29   16   77   31   95    9   12   34   40   58
   9   54   25   53    8   88   44   10   17   52   36   12   73   12   94   63   60    6   56   25   10   93   45   73   45   88   45   32   97   91   23   70   80    5   98   62   48    3   39   49   61    8   88    1   59   88   77   74   20   23    9   74   97    0   55   96    6   35   62   69   58   37   95   54   89   21   48   91   60   68   67    7   70   22   49    8   31   14   55    5   70   97   59   65   72   56    8   66   98   69   14   56   90   79   47   58   90   14   20   14   88    8   18   19   70    4    2   43   32   19   96   61   73   96   69   28   54    7   71   60   92   30    6   35   29   99   79   35   99   33   72   20   10   76   61   59   12   11   75   79   78   84   14   49   44   14   95   65   36   74   10   92   59   40   52   37   42   48   21   60   11   48   83   71   31   58    5   94   23   14   94   39   24    0   46   81   14   72   18   89   34   71   54   55   35   75   26   38   54   32    8   94   16   22   68   16   66   43   71    6   12   43   14   76   33   34   33   31   87   37   41   55   59   96    9   22   98   62   38   62   68   64   58   82   44   30    6   14   25   46   72   91   32   45   67   49   59   32   31   95   14   49   19   97   67   52   52   95   51   46   88    1    1   35   54   35   57   83   61   84   60   89   28   22   15   72   85   47   79   11   37   54    4    1   33   68   95   78   87   71   66   36   86   42   56   69   61   14   27   19   51   71   95   15   30   57   99   13    0   38   14   45   89   85   89   41   82   58   81   19   70   54   54   48   86   48   64   87   84   81   41   66   38   96   97   70   58   98   62   79   36   92   65   32   53   24   39   81   78   37   66   31   74   61   80    6   17   74   42    8   72   11   74   14    1   96   55    1   85   10   45   25   25   90   52   35   60   93   28   17   49   18   37    5   32   16   28   88    1   43    8   61   58   27   61   18   97   49   75    6   79   92   23   51   83   28   36    0   14    6
  32   27   48   17    9   49   94   50   40   13   49   64   53   92   71   64   59   48   60   18   40   52   48   88   62   77   50   47   26   49   88   87   58   12   75   25   69   12   91   74   61   67   56   74   21   60   61   78   72   78   90   86    7    7   83    6   98   48   40    8   56   18   82   45   11   90   11   30   76   97   66   88   32   53   33   50    3   80   35    4   30   28    7   27   38   10   98    4   34   78   70    8   68   48   80   61   83   50    2   75   99   20   30   96   58   12   78   86   78   45   68   16   10   73   48   38   57   18    7   86   83   13   64   97   76   90   86    6   16   49    9   66   24   80    5   81   16    3   13   73   96    0    7   89   75   84   86   44   77   87   56   55   37   86    6   54   76    1   58   49   22   31   60    7   36   95   63   97   54   46   23   34   18   92   25   24   50   98   96   48   64   36   86   76   20   93    1   81   40   71   47   10   15   12   81   86   95   63   51   68   31   72   38   10   74   28   23   74   18   96    0   95   23   13   24   54   79   10    1   58   57   59    3   19   52   98   72   25   22   87    6   97   97   97   25   72    7   76   97   33   45   38   75   96   20    7   51   50   57   24    7   17   14   29   76   78   54   68   67   46   16   43   44   32    2   75   10   14   86   22   98   43   40   17   70   56   36   30   71   68   89    1    5   51   17   98   51   80   80   12   49   32   65   86   40    6    2   70   16    7   56   25   55   98   37   88   18   39   17   67   21   46   17    4   99   83   69   78    9   95   63    8   92   20   26   28   17   61   64   96   77   82   30   87   77   98   16   74   77   50   63   21   72   31   99   61    2   93   26   47   76   49   45   52   34   82   57   65   92   50    2   60   22   15   97    2   71   33   87   97   12   65   10    8   75   52   37   13   54   70   93   57   94   67   41   75   54   41    6   25   45    8   69   93   83    1   56   73   67   90
  56   48   98    1   70   67   12   23   84   29   40   55   35   15    9   33   33   66   78   69    7   90   47   66   65    7   52   11   97   79   76   54   96   14   69   60   14   23   58    5   63   27   15   30   75   45   14   95   86   53   31   97   54   48   49   61   71   72   80   23   66   85   18    0    0   71   39   57   33   78   48   95   54   72   45   32   16   94   62   16    1   46   71    3   39   50   35   62   86   76   45   19   75   99   32   32   44   54   89   92   21   56   33   29   51   41   93   25   85    1   66   24   40   72   52    5   36   76   69   66   26   76   35   36   97   58   95   86   41   44   54   78   33   84   44   68   12   59   83    9    7   68   93   56   80   25   15   52   48   58   97   35   87   24   14   86   20   31   11   72   39   63   39    8    5   99   92   35   35   52   10   31   63   49   62   79   52   88   88   46   87   83   42   51   64   50   23   34   22   57   49   87   88    2   24    6   43    7   11   99   80   21   88   97    1   95   45   85   48   45   83   62   33   19   20   36    5   37   26   24   86   48   69   40   25   71   50   95    3   52   17   16   50   19   33   82   51    1   75   10   89   60   10   84    8   71   79   16   21   92   33   55   88   59   47   74   65   56   22   84   33   27   28    9   18   23   76   53   85   71   59   95   18   17   32   48   88   86   39   78   42   65   57   14   71   56    3   26   54   43   96   15   47   53   75   50   70   16    2    2   54   42    0   26   10   33   36   77   18   18    7   17   43   48   95   74   78   57   73   90   89   74   97   43   93   35   16   88   89   98   10   63   53   70   33   43   97   59   41   65   59   99   97   36   49   58   36    1   22   90   21   98   58   58   28   40   64   81   90    6   90   60   19   35   82   19   53   13   93   74   11   53   78   92    7   56   33   11    7   36   39   33   66   45    7   42    4    9   32   48   82   66   62    1   70    2   27   61   90   57
  75   66    6   68   33   84   78   43   89   74   53   16    5    0   37   17   19   72   74   89   40   10   12   44   78   57   15   88   87   21   84   65   27   83   66    6   38   21   49   13   34   70   27   28   42    6   68    9   99   68   52   58   30   33   82   91   15    2   39   23   75   54   25   94   16   88   79   72   94   47   40   43   26   70   42   67   16   39   73   87   98   81    9   98   51   39   70   21   12   20   97   64   74   20   95   73   47   94   54    2   42   87   70   22   14   55   74   26   75   30   44   82    8   29   91   83   98   31   77   23   84   75   79   29    9    2    6   23   21   81   43   61   84   40   48   52   39   18   80   26   29    8   64   27   52   26   89   43   80   64   42   56   35   75   79   26    6   17   22   69   34    7   87    9   70   74    1   84   27    4   74   29   78   39   98   38   33   90   84   25   10   98   16   30   89    5   45   33   15   48   81   64   22   64   82   28   81   96   30    5   12   59   56   61   47   33   14   76   56   27   74   23   68   66   27   57   61   73   39   50   14    4   98   37   91   51   89   91   27   40   54    2   74   92    2   87   41   58   45   58    1   96   33   15   45   71   44   18    3    3   25   13   67   12   50    1   60   59   53   70   67   79   18   22    6   40    8   32   49   40   13   96   63   41   73   44   24   85   25   51   58   42   49   15    9   71   16   68   60   89    9   56   61   13   67   83   96    8   16   31   88   59    6   52   82   68   53   57   91   56   24   58   45   32   90   91   19   29   45   45   27   90   76    9   42   51   63   20   24   76   43   43   32   91   62   37    7   93   71   42   14   99   99   26    5   51   81   58   47   78   74   10   98   71   73   37   37   38   28   13    7   18   37   63   81    3   48    0   17   91   69    0   36   13    7   49   91   22    7   40   59   63    9   27   74   10   94   16   78   11   48   50   98    9   37   39   25   15   40   99
  61   85   23   79   96   71   53   94   76   25   25   91    0   45    4   11   99   56   76   76   95   73   93   41    7   44   49   67   73   35   26   82   85   40   79   21   63    7   24   16   88   56   16   12   13   38    1   44   89   11   10   49   97   74   54   69   72   11   37   39   45   21   14    2   45   75   35   82   43   27   27   24   23   31   94   66   54   96   43   60   60   99   93   38   68    8   51   61   32   30   75   76   36   32   98   49   10   42   61   74   71   88   28   16    0   99   27   64   99   78   27   14    2   29   36   99   87   42   22   13   39   30   10   95    1   18   40   63   43   64   48   39   88   61   13   50   17   96   74   76   19   84   11    6   93   41   43   54   97   47    1   42   45   94   19   68   92   76    3   54   55   61   85   90   79   85   90   16   52   64   48   68   78    3   46   60    6   82   97   24   77   30   96   86   37   62   66   96   82   91   75    3   79   27   59   18   85   20   65   72    1   62   72   66   53   80   35   13   68   34   41   36   58   12   30   83   71   83   19   78   98   13   83   31   22   22   19   90   74   52   51   17   72   19   76   26   71   70   45   53   97   80   93   58   50   47   40   57   36   83   44   70   78   49   81   78   74   12   91    0   98   65   43   91   31   22   96   24   46   89   57   61   19   72   37   48   39   95   14   61   13    7   15    6   65   62   91   36   76   17   31   32   93   96   83   26   59   82   79   34    2   10   71   26   97   26   85   93   28   13   84   27   11   52   50   20    8   39   29   15   95   59   29   33   37   57   30   16   64   82   33   59   48   10   77   45   45   93   33   39   32   81   45   31   22   11   55   83   85    3   56   93   21   89   78   80   38   13    1   81   96   92   14    5   44   86   69   88   10    9   12   61   91   81   30    1   63   30   87   98   26   21   92   16   16   98   72   24   22   65   70   76   37    0    7   53    2    5   36   89
  63   19   90   80   84    1   29   38   25   87   61   93   18   84   77   89    9   36   59   70   62   25   11   90   27    5   20   63   75   33   63   34    4   70    1   17   64   38   82    5   54   97   28   59   90   14   47   92   78   42   66   74   62   23   62   64   72   93   78   22   46    2   27   76   41   58   75   67   44   52   62   50   67   78   28   43   84   54   65   32   53   75   27   55   96   77    1    5   16   29   47   76   18   22   47   17   57   91   68   72   38   46   52   61   61   85   63   27    6   20   28   58   33   24   86   26   18   87    6    8   35   52   68   37   64   61   67   16   92   58   39   73   48   39   29   22   28   61   14   95   68   99   20   12   19    1   27   58   13   29   20   78   92   84   65   34   93   96   64   31   74   13   16   36   49   79   69   90   43   80   61   87    8   32   73   85    8   83   49   70   25   89   61   32   38   44   55   24    1   55   40    5   82    2   84    8   92   23   67   16   17   86   94   88   56   56   65   32   58   25   96   46   84   92   29   65   36   89    9   63   38   22   84   19    1   67   86   56   85   34   56   26   36   89   99   60   26   98   91   50   66   52   14   66   34   75   50   94   11    0   48   20   30   37   71   60   48    1   91   86   26   67   41   65   31   74   56   34    7   71   88   24   11   23   32   86   98   19   99   85   80   49   10    7   99   14   45   29   84   63    8   53    7   99   56   98   62   30   31   37   38    1   62   54   65   15   66   40   13   28    0   59   49   24    8   43   55   48   24   45    7   45   50   35   23   32   74   30   27   60   95   45   72   56   26   82   41   35   58    6   61   73   73   35   74   42   29    4   58    3   99   21   19   32   30   71   58    8   46   37   51   61   96   85   47   35   62   21   24   99   47   73   68   36   18   55   92   81   81   33   71   27   23    2   31   28    5   84   27   89   60   29   59   97   75   99   70   31    3    2
   6   73   84    7   26    5   90   63   59   89   89    4   51   72   62   74   18   22   99   18   37   97   66   18   78   30   83   22   81   28    5   47   14   28   80   21   41   87   34   39   27   40   61   31   63    2   39   41   18   60   83   17   38   98   43   98   56   77   39   62   30   17   66   52   33   48   87   19   92   76   80   22   77   11   80   89   89   86   60   68   69   14   44    2   25   13   84   68   36   12   94   46   99   28   55    5   59   73   79   91   17   35   53   64   16    6   47   17   48    1   47   88   49    9   14   70    2    7    5   78   17   99   96   70   73   10   44   45   21   34   27   50    4    7   74   91   55   24   37   70   84   47   64   86   47   71    1   99   53   84   46   26   63    0   17   43   17   33   46    6   94   61    4   99   41   36   79   15   95   47   76   61   95   94   86    9   98    8   21   81   73   86   98   66   39   80   12    3   93   92   24   66    7   91   47   47   39   83   86   90   86   14   92    0   84   33   70   27   51    3   47   96   97   72   30   18   18   98   10   21   30   82   15   29   90   45    7   42    7   46   47   53   26    2   36   95   25   56   91   48   17   20   28   27   74   96   96    6   88   77   11   97   28   57    1   61   33   55   63   45   62   39   38   34   95    0   15   11   65   78   39   78   16   21   79   66   28   80   93   29   23   84    4   20   62   51    4   18   88    7   34    2   25   23   79   49   57   78    3   13   26   74   27   11   94   30   13   58   75   33   49   35   97   93   45   43   38   51   74   72   47   25   43   99   21    3   20    1   81   24   92   74   39   67   47   19    6   49   15   31   66   38   82   53   91   65   70   38   43   79   30    6   46   71   53   58    7   70   65   87   74   64   87   30   19   25   23   32   82   12   51   83   61   15   98   13   48   10   22   45   35   90   40    6   10   99   59   88   29   49   32   69   37   12   59   71   82   84   12    2
  83   64   25    9   27   12   21   19   81   13   90   81   95    2   72    4   66   72   51   19   32   93   40   32   72   89   19   38   47    3   52   98   16   92   38   37    8   17   50   54   36   80   10   34   25   49   75   36    6   46   10   86   41    5   11    3   65   67   52   70   49   31   15   51   95   32   94    3   28   92   13   22   85   61   95   20   55    2   46   84    7   25   61   90   44   32   59    4   82   88   92   51   91   64    3   80    5   48   91   27   83   82   20   59   60   69    1   27   46   87    2   49   16   68   54   53   74    7    0   44   26   78   18   87   35   90    5   36   79   23   91   10   23   98   20   63   87   46   42   71   27   17   20   59   95   66   87   22   59   34   49    1   45   87    9   37   10   36   84   38   73   99   54   52   82   52   93   51   22   12    7   51   49   17   53   50   43   65   43   70    2   26   80    3   63   44   71   12   57   16   13   94   26   72   17    5   50   36   22    6   36   73   89   91   28   97   39   14   73   72    5    9    6   90    3   12   77    1   18   19   26   13   81   13   31   76   21   64   31    2   66   38   79   49   25   39   87   16   72   75   17   37   55    4   28   90   75   44    9   39   46   62    6   23   13   43   74   52   35   33    0   76    5    4   53   45    1   35   36   99   45   84    7   85   64   40   43   15   24   83   58   59   42   55   66   97    8   22   16   78   62    0   47    6   86   89   61   53   75   48   51   69   12   99   61   54   51   26   58   47   58   16   92   35   90   28   57   61   24   61   40   78   78   69   19   86   57    2   12   45   24    9   35   19    7   61   54   83    5   30   20    3   65   28   86   20    5   45   29    2   77   20    1   35   59   67   20    5   38    7   87    7   27   29   45    1   71   99   17   30   55   29   85   56   83   49   62   71   14   45   59   13   43   54   30   90   80    0   40    7   78   96   19   67   91   66   35    0   92   33
  99   54   59   17   98   10   59   72   36   18   59   88   81   51   74   11   76   56   45   36   29   82   12   86   67   17   16   37   88   11   35   54   37   74   46   94   44   84   66   40   27   75   38   82   47   57   64   44   56   67   95   18   27   29   37    3   57   96   58   34    2   26   45   76   42    1   51   14   46   11   84   63   81   53   48   98   73    5   57   90   81   34   99   43   17   30   40   87   77   57   11   20   89   16   48   86    7   65   70   48   80   55   58   85   77   26   84   30   74   26   94   43   88   96   11   99   88   52   72   82   70   51   99   11   39   13   34   41   55   38   63    8   89   23   46   50   73   27   54    5   32   29   35    4   65   50   41   64   77    9   40   72   19   80   48   27    2   32   74   93   58   83    2   61   96   14   47   36   71    5   35   38   46    4   79   84   62   44   29   79   86   15   56   48   50   62   14   85   91    8    5   19   54   65   50   54   60   69   92   30   47   59   50    8   41   38   95   63   69   12   96   34   77    2    0   53   68   75   74   51   36   61   65   41   64   19   24   77   71   36   44   27   19   48    0   41   22   15   52   61   15   28   54    6   44   98   30   88   80   89   76   42    8   49   60   28   40   73   43   28   77   36   91   85   75   13   97    9   60   38   52   53   59   47   90   25   44   18    5   36   41   12   88   53   33   73   36    6   60   84   91   26   59   77   40   17   53    6   59   23   19   86   25   53   34   80   14   56   46   93    9   25   63    7   58   30   95   44   89   33   17   54   95   56   26   31   23   91   12   37   35   51   96   51   38   87   11   72    6   26   58   69    3   20    9   98    1   78    0    8   98   85    6   57   92   19   10    5   35   37   63   59   58   88   22   95   92   33   13    4    7   94    5   69   97   30   21   91    0   92   87   38    0    1   82   16    6   90   11    2   23   84   99   30   73   18   42   91   97   70
  79    4   24   84   80   87   45    7   55   27   39   99   93   47   78   24   53    7   58    1   61   27   13   57   29   54   98   25   94    7   50   21   63   56   90    1   54   13   50   77   33    2   85   55    2   83   76   63   78   69   96   13   82    4   23   54   40   79   90   78   71    6   11    0   31   11   83   97    5   16   71    8   98   53   88   94   94   33   68   33   88   94   48   67   74    5   19   54   74   10   14   82   75   68   86   53   80   81   27   20   14   59   10   25   60   16   82    6   33   98   38   11   21   77   67   69   47   71   59   40   97   41   69   35   23    9   90    3   98   41   49   48    5   14   94   54   41   12   57   31   51   26   63   54   94   70   28   24   45   17    1    1    2   17   77   79   74   85   96   84   11   51   20   63   43   38   12   70   94   98   99   29   56   13   72   53   26   15   57   97   90   75   82   51   49   67   60   33    3   71   51   34   80   80   45    8   43   61   96   59   69    3   58   25   41   52   52   14   84   31   78   29   88   11   81   30   97   18   45   80   91   31   76   86   72   70   16   98   26   93   17   79   37   75   92   65    4   12   57   97   13   13   63   67   48   14   87   12   15   69   12   51   99   66   47   80   37    8   66   85   55    8   19   90   27   65   13   48   75   46   97    2   72   38   88   11    4   62   44   70   94   94   84   76   39   97    9   22    0   68   43   25   95   16   17   50   26   50   52   94   19   61   40   39   20   63   48    9   96   91   84   29   75   21   63   45   25   53   55   64   97   68   45   33   51   63    7   23   89   76   53   49    8   17   42   21   71   85   94   97   37   85    7   58   24    2   23    3   82   49   18   48   63   91   87   32   53   34    1   38   93   53   77   44    6   79   32   39   16   94   79   25   73   53   47   43   56   14   16   98   17   70    5   46   82   16   40   87   69   35   97   31   76    1   70   89   95   45   35   66
  68   39   73   97   79   17    7   86   90   62   69   81   96   43   29   13   79   51   76   74   87   41   47   80   95   85    9   81    5   44   39   37   79   47   66   34   71   20   73   31   49   49   86   59   85   98   13   68    8   36   81   14   12   85   43   32   50   94    9   19   32   52    2   70   80   17    1   12   40   32   79   98   97   41   39   33   71   36   77   99   23    9   91    1   78   54   18   68   84   11   41    9    7   60   35   87   33   32    4   41   39    7   96   87   45   10   59   36   14   16   21   37   57   93   41   67   66   24   32   90   98   56    8   57   31   35   71   19   82   80   49   88   71   19    6    3    7   55   23   93    9   33   68   62   67   14   85   80   65   57   42   56    0   48   16   69   51   26   39   87   49   66   21   53   29   95   73   60   99   93   97   17   66   13   16   18   21   83   76   60   57   99    4   16   68   56   46   11   38   87   32   84   89   79   53   23   97   44   39   86   89   63   47    9   26   80   14   38   72   10    8   45   46    5   90    7   61   38   94   82   11    6   58   42   92   57   68   87   24   57   77   52   77   45    8   54   48   58   15   96   65   46   32   17   93   41   22   64   11   30    6   78   16   89   55   60   33   93   55   10   59   38   64    8   22   58   99   71   43   13   27    3   15   96   23   85   24   18   37   41   94    5   29   30   31   21   31   45   57   15   69   99   10   11   90   72    6   30   16   88   95    5   44   82   77   24   28   86   26   53   13    6   70   13   88   73   30   49    4   88    0   41    6   94   17   26   32   31    0   50   93   23    9   32   49   28   10   96   49   76   64   11   64   12   99   80   46   56   77   20   88   46   66   96   48   74   84   64    9   76   63   94   79   59   32   73   74   47   18   78   66   65   65   44    7   95   90   30    7   92   23   19   63   80    2   53   52   58   99   24   37   46    5   44   20   84   96   72   72   52
  94   83   58   71    5   98   72   21   78   35   95   62   39   90   62   69   79   56    6   29    3   70   88   68   55   85   10   44    0   12   83   13   38   80   35   11   77   55   58   43   96   30   31   82   41    9   40   56   57   37   99    8   63   75   32   39   17   26   19   77   51   16   27   93   77   24   36   47   19   30   13   62   38   91   48   29   91   26   35   54    1   22   87    2   61   78   17   73   71   72   80   63   13   88   21   58    3   61   64   80   51   86   43   83   22   67   69   13   60   40   37   45   63   65    8   70   74   56   85    6   96   14   85    4   46   91   48   12   90   42   88   12   29   42   19    2   63   54   94   62   50   73   91    0   82   94    0   32   54    0   62   67   91   80   77   46   35   79   96    2    6   19   69   45   21   46   88   69   34   46    5   97   78   33   13    5   52   77   47   51   71   35   19   74   13    3   54   80    3    8   54   25   95   54   82    6   59   55   13    6   29    9   16    1   50   20   20   68   52   16   59    7   19   98   60   96   85   23   25   11   30   84   36   63   49    1   17   77   42   79   67    0   56   34    6   36    9    7   33   49    6   15   41    1    7    3   47   64   20   82   10   12   93   17   19   56   57   38   64   34   65   45   92   53   21   79   32   80   80   62   93   17   42   16   54   59   44   53   75   26   97   63   31   47   27   31   65   74   10   68   52   53   37   95   61   65    5   97   32   52   47   54   19   37   30    6   38   96   81   57   36   31   59    6   70   13   89   97    1   37   87   82   10   21   21    9   56   82   80   68   52   93   90   78   77   51   34   66   87   82   15   95   83   34   60   82   96   29   29   58   84   62   68    0   57   65   38   50   66   35   25   72   58   66   74   64   84   43   31   16   31   69   10   96   40   77   16   28   84   37   48   53   67   91   96   84   55   25   31   28    7   85   91   69   54   80   65    5   63   68
  59   89   21   54   20   75   92   11   23   81   27    5   68   52   29   19   64   99   35   63   99   99   12   75   22   48   82   91   53   26   12   97   51   14   36   51   38   87   77   61   50   80   19   58   94   48   22   80   74   37   68   69   47    5   74   27   63   94   36   43   31   64   72   13   63    2   24   39   54   18   38   42   82   38   59   59    9   74   47   38   68   61   72    8   49   23   11   82   39   80   87   26   76   95   79   92    6   80   95   28   59   29   45   54   53   24   16   60   73   43   20   38   78   72   13   55   60   19   83   27   46   65   96    2    5   97   83   45   87   86   19   84   58   69   30   85   51   18   10   73   85   42    7   76    6   87   80   32   55   36   31   61   81   29   69   67   26   28   26   47   53   98   23   57   66   54   52   55    3   60   71   54   10   29   80   29   37   89   12   24   86   23   22   11   90   77   74   58   85   13   11   63   38   48   57   47   20   40   98   93    2   10   29   21    5    3   14   94   43   24    0    5   58   90   38   95   20   76   39   64   69   26   29   28   27   39   24   56   64   45   38   83   74   48   93   69   36   34   50   36   59   80    9   59   37   46   22    7   39   92   53   57   74   58   72   36   52   72   25   42   27   24   38   63   66   61   55   15   32   55   87   91    0   40   96   52   55   18   26   71   27   20    9   62   58   85   61   46   35   29   41   85   10   16   33   32   42    4   80   43   12    7   73   34   74   64   18   66   79   88   97   87   73   77   10   34   62    3   67   42   27   42    3    8   17    1   69   46    9   90   78   54   12   30   92   35   20   96    1   99   89   95   88   94   94   61   24   37   46   20   30   90   58   52    7   71   84   44   45    3   24   73   41   74   39   86   52   88   76   17   89   91   41   90   97   60   94    5    5   95   96   71   31   11   58   78   83   50   85   88   71   15   81   51   46   87   69   64   35   39
  76   25   41   72   37   39   30   66   74   40   61   48   64   10   21   86   87   77    2   97   15   54   17   73   18   10    9   34   18   19   11   24   80   17   70   39    7   28   72   48   80   87   56   12   33   23   35   69   20   15   99   31    5   31   27   97   62   38   94   93   13   27   54   13   52   58   75   80   50   60    7   29   94   81   91   84   93   47   43   91   45   92   52   64   74   24   89   78   12   87    7   32   29   13   26   44   84   57   49   48   31   99   17   81   22   96   81   18   57   23   57    1   40   76   30   70    7   38   33   41    5   40   76   13   43   46   35   80   21   42   97   28   41   54   68   24   31   15   54   53   41   61   48    9   56   37   84   75    7   81   41   29    6   69   47   82   58   57   87   75   25   14   46   73   16   74   29   63   42   32   41   54    6   18   38   53   53   83   70   58    5   27    1   42   85   55   37   60   22   55   80   83    3    5   74   60   77   45   27   15   80    5   46   83   38   92   50   58   56   99   31   25   33    7    5   83   13   26   90   55   49   31   20   34   43   89   39   49   76    5   43   62    4   97   29   23   90   69   46   43   18   28   20   91   53    4   29   93   10    8   12   70   51    0   22   87   57   73   17    4   76   70   13   68   55   45   51   90   94   91    1   49   12    0   95   71   70   59   31   53   12   47   12   41   12   43   67    8   46    9   53    7   84   23   33    5   20   99   33   71   92   50    4   30   61   88   48   31   72   97   74   59   74   30   86    8   80   70    1   14   93   34   33   98   67    5   11   13   39   43   67    7   78   62   75   84   71   47   87   56   91   52   65   39   20   93   88    7   78   80   98   76   57   47   30   80   88    3   54   31   83   91   39   82   40   95   65   67   43   13   27   96   10   46   13   99   70   63   21   79   52   25   35   36   20    0   21   77   20   36   17    6    4    7   22   30   94   98   55    1
  99   46   26   74   18   30   54   39   55   34   27    4   18    4    1   78   49   81    4   29   94   98   83    7    5   66   28   32   56   46   14   37   53    3   23   85   31   79   42    6   85   67   77   34   33   18   31   23   73    9   46   14   89   46   22   82   64   54   86   54   72   80   69   86   16   62   29   46   45   23   65   12   89   62   92   87    1   87    0   42   94   16   55   90   25   58    2   36   36   12   39   61   53   26   15   67    2   75   28   23   18   31   54   47   95   53   42   70   69    7   63   74   63   91   10   64   63   30    1   73   47   31   30    7   23   23   91   73   22   36   53   94   90   80   79   17   32   82   37   97   42   81    0   74   70   17   99   14   66   47   32   26   86   29   45    8    0   39   94   28   35   90   63   88   63   84   97   57   52   53   27   17   89   11   33   38   56   28   53   51   52   17   54   74   74   94   51   14   43   62   82   74    8   48   66   69   87   20   45   64   23   71   93   72   75   44   24   35   54   11   40   14   93   79   85   81    9   93   20   77   67   88    2   14   58   12   74   52   12   94   33   87    8    2    1   88   59   15   42   91   82   59   13   55   18   30   84   81   41   20   68   59   53   64   83   18   16   60   59   63   31   38   91   74   72   61    0   63   93   37   80   94   36   11   21   89   66   83   30   23   15    0   88   86   57   21   55   12   17   77   15   62   50   62   96   24   58   95   97   88   42    8   83   95   88   33    8   96   27   43   34   44   52   19   58   22   28   23   73   64   59   65    1   46   68   38   67   52   48   42   11   14   57   97   86   64   96   19   48   23   87   89   39   19    9   63    9   60   37   51   73   10   33   94   81    7   84   75   96   67   29   36   96   93   93   19    7   77    3   88   38   24   67   80   98   28   83   28   45   79   60   38   97   51   30   51    4   93   91   83   76   25   82   15   45    4   75   42    8   94
  22   57   90   40   74   64   32   44   62   51   91   69   39   88   97   46   66   34    7   92   55   86   30   83   39   18   99   80   34   51    1   16   34   91   88    5   48   35   19   87   88   94   70   97    0   32   93   66   48   29   91   73   74   61   38   78   32   63   99   17   91   11    1   43   78   80   45   16   98   58   21   58   29   21   64   27   79   70   52   96   73   81   65   71   42   56   42    7   72   54   27   71   34   24   54   22   85   56   73   85   47   96    0   22    6    5   22   44   56   79   27   65   96   18   72    4    0   64   58   46   39   12   24   40   14   22   93   78   70    0   63   18   54    8   96   28   55   80   78   92   51   46   42   93   15   22   27   86   23   58   75    6    2   87    4    2   93   35   87   63   72   77   49    8   54   26   25   76   20   57   82   55   61   59   95   16   67   49   93   10   88   92   10   83   62    4   88   62   27   10   13   92   34   55   42   33   32   41   58   16   37   47   53   97   64   90   77   67   31   76   92   49   18    1   43   12   80   75   36   73   30   33   88   63   59   25    3    2   45   67   11   55   41   77    9    1   92   73   35   85   56   21   70   23   25   43    2   38   23   56   74    4   11   69   93   48   46   96   11   36   31   96   70   46   33   45   69   65   78   30   44   51    8   51   42   86   43   84   82   34    2   22   80   63   78   58   10   94   47   33   46   93   71   38   71    3   71   31   27   62   79   22   98   12   64   90   57   40   82   31   39   34    9   47   40   66   39   38   29    4   68   32   65   59   93   18   95   86    5   36   71   46   73   73   43   27    2   90   89   70   52   80   12   50   20   37   62   13    6    3   73    9   49   47    1   70   44   92   27   99   89   49   25   25   89   47   74   95   18   56   13   72   74    2   44    3   78   86   81   55   99   16   26   32    7   69    3    4   73   37   60   16   95    1   67   35   38   11    1   30
   2   11   32   43   71   18   48   33   33   83    5   26   66   46   62   47   70   45   39   28   25   93   76   40   44   29   48    1   17   67   24   14   44   42   47   29    2   14   62   40   93   73    7   24   43   70   71   20   90   21   88   99    1   46   35   81   56   16   43   54   78   58   88   71   13   78   80   27    4   63   83   69   70   68   74   22   72   79   57   66   46    4    5   58   44    2   65    4    9   11   15   71    0   43    3   66   52   99   19   93   61   80   66   29   77   77   75   36   74   17   96   73   54   83   58   74   96   37   10   70   65   14   72   65   96   14   33    5   44    2   64   97   34    1   15   41    5   76   23   54   99    9   48   10   38   14   95   20   68   85   55   56   69   31   52   38   89   62   45   86   53   45   26   71   26   85   59   35    6   46   76   72   51   81   53   35    1   79    4   78   58   16   47   64   35   96    5   30   47   47   92   29    4   70   90    3   73   90   59   55   61   38   94   25   59   61    7   34   91   88   81   71   64   32   30   98   33   92    3   26   19   16   38   52   35   60   99   39   73   52   95   32   13   52   22   80   16    6   74   49   20   10   61   55   50   25   55   89    0   91   43   34   31   46   68   29   72   12   79   23   14   90   99   56   95   80   65   10   23   73   92   39   46   49   45   84    3    5   58   49   19   80   13   13   17   66   51   92   77   30   17    3   24   96   31   17   13   67   84   67    3   84   57   64   95   34   21   14   41   68   93   63   57   25   73   24   88   77   15   99   47   93   76   84   99   13   17   75   68   54   86   53   33   11   71   14   92   23   84   12   61   39   67   97   92   99   63   86   63   59   52   64    2   98   92   56   57    0   42   59   20    0   97   80    1   82   46   51   79   18   64   48   40   82   83   72   13   23   52    9   47   76   40   51   15   25   80   68   20   44   20   82   13   38   49   90   66   74   22   89
  87   63   29   93   79   87   79    0   22   98   12   34   32   65   37   54   55   53   14   35   31   32   37   35   65   67    7   89   54   45   41   85   51   13   27   86    2   17   12   76   71   53   37    6   14   74   44   94   76   79   81   27   15   82    6   96    0   59   72   79   10   69   60    7   16   11   66   46   96   30   55   99   21   10   40   93   73   64   74   88    6    4   78   32   29   25   96   93   89   99    4   73   90   55   89   14   95   69   26   65   11   95   19   20   16   72   15   23   94   98   42   94   48   35   17   42   65   50   59   15   32   29   83   67   12   42    5   65    0   77   48   28   97   75   96   75   97   20   34    2   31   86   34   84   73    4   89   23   39   37   78   93   13    4   39   97   23   27   46   43    6    0   84   12   76   20   85   98   50   98   88   25   59   87   68   10   78   41   65   52   95   15   33   61   30   48   80   99   88   24   77   94   69   39   41   94   45   53   90   46   54    5   29   72   81   16   89   75   37   62   97   85   96   46   13   61   69   42   46   54   79   39   89   72   95   56   74   21   18   94   68   33   85   66   29   43   76   97   97   62   68   38   74   54   71   95   97   68   69   40   16   36   50   21   20   39   35   97   21   72   92   68   79   55   45   82   40   99   78   91   40   18   34   73   18   53   95   59   70   54   38   91   16   54    7    9   31   80   52   34   66    5   43   42   76   81   87   50   34    5   32   94   99   81   23   27   72   71    1   96   42   18   45   92   57   18   63   23   73   45   16    1   45   49   15   31   10    6   47   48   31   52   18   82   36   99    8   90   16   18   44   86   72   74   18   82   61   25   74   73   57   68   99   50   58   83   73   27   64   40   79   40   77   57   32    3   27   47   10    9   83   10   25   76   41   32   22   17   69   78   58   16   92   38   73   74   71   98   63   70   90   68    4   23   72   67   28   95   13    5
  84   35   49   23   45   12   72   31   56   59   25   36   27   69   78   60   22   11   15   16    5   16   47   58   39   95   85   54   40   79   12   52   82   49   57   83   99   25   45   14   58   10   14   61   25   22   89    9   51   90   22    0   54   68   95   76   24   57   71   95   69   87    3   86   50   88   80   65   91   10    0   28   86   81   15   58   43   20   19   86   23   63   88   19   13   76   90   15   58   37   22   52   92   42   84   91   80   15   35   55   57   23   84   25   21   88   30   55   21   32   44   74   82   86   91   66   71    2   22   44   25   67    4   73   62   99   37    9   23   73    0   57   42    4   42   13   51   79   56    9   32   64   91   39   91   92   76   54   49   80   57   29    5   11    6   78   28   91   69   38   51   81   60    5    3   34   29    5   93   14   97   66   92   57   80   95   89   42   72   61   64   86   68   27   88   81   89   67   26   89   30   82    8   60   58   84   75   43   97   20   90   20    0   43   46   49   52   89   72   86   37   47   97    6   86   58   83   65   57   64   97   29   88   57   94   91   16   53   18   65   80    7   11   47   54   51   54   18   73   92   24   18    4   72   43   69   64   62   73   10   84   54   91   67   95   96    1   61   22   23   78   88   54   63   14   98   61   61   63   96   65   31   93   55   49   31   16   10   36   88   53   88   19    5   29   70   79   50   39   23   25   72   69   53   83    1   79   48   16   41   23   71    6   29   93   72   63   10   70   97   67   20    0   75   84   41    4   43   90   97   11   56   30   76   10   79   18   78   71    9   88   54   21   87   69   66   59   26   89   42   77   30   84   33   78   44   75   21   74   63   23   35   57    1    6   19   63   98   87   81   23   49    6   83   30   31   14   35   96   52   21   21   48   81   63   46   80    9   80   23   13   56   23   60   85   76   79   40   23   67   26   22   27   61   74   38   67   78   60   89
  55   74   32   62    5   12   97   65   94   54   43    2   12   12    1   34   24   48   93   92   47   19   36    4   83   73   14   72   75   78   79   76   83   60   96   50   33   12   36   85   78   73   53   81   44   99   66   97   37   25   19   85   85   71   96   89   41   96   69   36   98   48   24   14   34    0   18   83   40   89   39   12   11   14   87   14   37   32   72   92   24   42   61   62   76   28   79    5   37   44   79   46   22   42    1   23   50   38   44    3   61   81   66   53   14   84   31   84   19   68   81   42   93   19   11   44   67   57   70   44   91   77   49   89   16   87   78   45   64   87   26   48   74   34   74   84   25   69   45   43    5   31   60   12    1   26   97    6   74   39   32   37   40   44   46   60   77   67   47   46   28   81   69   25   52    2   28   25   45    5   65   73   54   43    7   49   81    2   14   23   63   28   87   51   33   41   38   44   24   21   31   33   91   33   61   43   58   89   43   87   41   97   32   89   95   57   31   43   67   21   48   72   65   69    1   40   53   99    6    2   92   67   34   21   61   83   56   63   24   74   22   26   61   58   90   64   51   71   95   67   84   26   32   67    6   88   33   96   29   36   20   40   31   32    8   77   43   43   43    4   92   73   86   88   39   69   42    4   91   14   56   25   82   40   35   86    5   76   70   44   46   61   61   80   43   75   29   73   98    9   52   74    0   89   16    3   11   28   10   92   13   38    3   37   25   59   67   52   17   82   61    2   92   68   75   40   96   45   57   49   32   80   53   56   88   24   37   32   53   83   15   39   83   73   90   62   47   28   96   18   74   68   24   51   36   74    7   72   12   35   89   99   28   92   85   44   26   35   28   43   90   13   84   59   67   93   49   19   45   71   45   60   82   16   63   50   39   98   26   30   66   95   63   50    1   91   67   95   20   35   98   72   71   65   27   56    5   23   53   57
  48   10   75   73   41   93   13   29   44   42   17   28   33   40   30   36   56   97   82    2   42   68   61   76   34   16   18   52   10   32   83   21   83   37   19   14    5   77    0    1   82   76    7    7   62   44    4   26   50   63   55   96   25   20   71   64   76   49   59   77   55   55   44   47   35   81   26   95   14   94   97   10   73   91   17   63   81   93   90   71   23   19   96   74   28   14    3   47   48   16   16   71   24   38   29   99    0   71   53   94    9   98   48   83   12   65   90   60   12   52    6   26   48   76    2   29   50   31   10   69   58   55   15   80   68   40   86   61   38   25   18   71   95   49   54    1   15   78   90   16   57   25   83   77   82   22   12   33   16   29    3   17   27   28   80   26   70   90   62   56   75   13   48   82   25   49    4   61    5   29    1   56   52   64   78   34   22   86   76   80   48   74   44   15    0   36   33    1   42   39   93   39   81   17   75   57   14   28   90   98   25   29   65   33   53   12   10   73   25   59   11   26   77   31   43   20   85   19   80   25   93   87   72    1   59   13   43   13   20   63   99   88   11   29   81   40   97   16   71   22   41   46   81   87    2   80   81   61   32   55   82   64   26   40   94   38   26   56   82    5   81   90   71   57   93   56   28   42   97   87   45    8   55   53   91   32   73   22   21   82   63   75   85   67   64   16   71   71    8   33   52   63   35   53   43   28   66   41   85   40   69   51   23   81   38   48   57   94   10   44   40   81   49   42   40   57    2   30    5   94   83   43   36   24   81   57   99   67    8   74    9   10   34   14   57   26   27   52   11   39   79   98   67   92   99   12    2    3   78   79   46   75   32   73   84   79   34   80   52   42   74   33    2   92   45   83   88    8   42   35   30    0   41   32   31   70   97   25   81   11   93   15   67   12   24   31   19   60   47    0   83   79   49    3   22   88   20   89    3   41
  30   40   53   36    9   41   72   25   84   61   50   80   80   21   86   47   24   82   44   38   31   39   49   63   83   39   54   76   35   79   29   24   29   79   67   26   60   53   62   81   29   90   88   57   81   10   49   61   15   69   14   83   88    1   11   53   46   43   75   76   10   26   35   95    1   51    5   25   26   23   91   57   82   29   36   30   81   86   99   25   13    9   23   16   98   81   50   61   15   88   36   99    8   75   49   40   87   42    8   20   40   72   92    0    8   98   96   98    4   62   77   57   97   28   64   54   37   42   64    2    4   74   30    8   62   16   91   39   13   80   55   97    8   64   93   69   41   30   90    2   21   37   95   94   55   28   40   95   24   70   63    3   35   77   60   42   94    7   95   93   83   87   65   87   25   77   43   65    3   67   57   73   89   47   44   66    3   23   38    2   73   67   62   61   43   45   16   93   65   67   40   20   21   11   21   49   71   46   53   18   94   24   24   98   69   11   74   96   79   14   98   68   93   58   51    1   99   58   89   51    7   86   79   51   46   42   57   25   54    3   22   37   33   34   30   69   66   34    1    0   48   48   83   54    3   54   78   14   26   48   62    4   44   62   61   60   12   64   35   28   17   30   90   11   35   52   46   14   77   68   83   17   58   93   40    0   52   10   60   10   56   57   45   10   92   81   60   39   56   50   32   20   15   95   17   85   45    6   43   35   13    4   49   69   51    7   71    1   51   40   49    5    4   51   26   45   55   39   77   85   29   25   35   64   37   23   98   36   49   54   36   56    6   50   23   85   88   52   41   53   64   68   55   59   59   92   26   91   51   83   69   93    0   11   95   15   65   27   17   77    4   79   40   34   33   42   70   28   67   49   27    4   46   35   45   88   39   38   71   41   85   63   11   88   31   92   28   26   13    8   80   75   80   35   37    9   43   86   38   75
   1    7   96   77   68   69   86   16   31   47   14   50   15   29   98   55   38   77   43   47    0   40   93   73   95   79   99    3   52   42   62   40   96   78   22   96   21   44   34    2   47   39   25   64   55   60   77   49   85   76   17   51   89   73   57    4   63    9    4   45   84   87   76   98   69   61   66   76   38   36   83   78   34   83   10   42   34   29   58   79   21    2   66   60   54   81   84   96   74   65   32   22   74   86   21   53   68   89   59    1    5   66   48   61   13   14   93   86   82   34    2    9   32   91   27   76   44   13   56   65   69   24   20   32   65   36   24   62   47   72   10   93   94   87    1   88    8   88   91   35   97   44   37   17   92   56   40   39   90   97   79    4   74   48    8   82   29   65   63   86    3   96   87   77   28   42   16   19   19   30   58    0   15    2   64   65   91   87   90   35   67   53   26   98   41   83   25   87   55   19    3   67   42   45   27    5   23   72   21   25   23   61   15   42    7   13   57   60   95   78   52   28   64   59   74   67    7   49   53   83   53   79   53   20   62   27   78   70   74   26    9   74   34   56   47    5   12    7   21    3   78   39   48   46   43   77   43   87   66   95   70   49   15   74    8   70   66   30   41   43    9   81   12   34   96   16   18   16   95   66    0   59   96   16   21   45    1   78   25   76   64   40   68   75   83   70   92   88   87   63   24   43   77   25   17   89   96   52   70   74   80   19   67   54   31   21   61   48   52   10   82   52   72   42   69   66   87   21   93   70   89   92    2   68   86   57   16   48   80   69   12   98   82   67    5   12   11    4   95    8   62    0   64   75   68   39   42   23   24   62    3   88    8    4    6   21   49   20   47    5   48   12   42   32   11   50   12   27   73   95   17   12   83   78   29   60   40    4   55   12   76   40   21   71   31   88   82    7    6   67   15   40   34   90   48   56   63   59   33   86
  37   26   12   60   10   22   98   83   12   90    6   39   86   93   98   97    9   20   52   60   74   26    1   24   40   40   93   34   11   46   83   11   47   40    1    5   21   74   44   33   76   39   11   27   40   21   37   34   69    3   24   66   98   54   88   35   11   28   92   80   61   20   98    1   42   15   92   52   20   87   18   64   36    7   26   77   56   26   83   47   30   63   70   50   74   33   70    8   43    7   82   75   38   17   75   90   14    8   49   27    6   53   86   46   51   66   48   79   97   64   78   20   39   10   27   90   52   43   44   70   23   65   75   46   25   38   16   65   91   14   56   66   65   69   70   49   52   73    6   28   81   81    4   18   36   56   34   71   88   58   74    0   58   20   21   14   19   12    3   73   62   80   14   49   96   79   71   48   31    3   85   85   31   69   93    6   22   82   54   93   53   58   65   61   16   73   95   36   22   29   44   19   72    1   10   23   35   45   22   47   62   96   13   70   68   53    6   21   63   26   57   16   81   20   52   31   36   63   50   53   92   35   82   81    2   65   18   20   32   32   57   58   21   85   27    6   75   76   34   24   47   56   75   27   79    7   12    3   63   51   99   83   21   69   55   94   19   51   46   49   51    8   32   66   62   69   46   33   71   10   47   47   32    4   47   98   19   83   47   78   67   55   95    7   84   77   38    9   29   62   17   65   85   37   17   22   75   46   14   86   21   21   87   12   79   96    1   17   83   25   23   86    6   51   47   59   97   66   21   29   34   16   68   42   95   98   47   20   55   98   90   40   90   35   49   10   19    6   98    6   89   78    4   90   39   73   24   72   48   38   67   26    9   42   29   37   49    5   25   22   65    7   40   53   84   76   65   50   42   57   51   85   43   74   41   74   98   61    2   42   61    5   61   95    6   54   67   10   46   11    6   70   41    7   52    5   97   63    8   65
  31   52   37   58   41   85   79   29   33   15    4   80   22   33    1   14   80   77   93   63   72   83   27   48    3   54   74   53   50   97   29   34   24    7    2   13    0   17   21    2   81    3   80   10   28   84   93   23   84   85   84   15   96   93   18   90   44   90   26   59   79   33   75   64   26   22   41   11   64   85   87   14   74   27   13   86   54   81   12   62   97   35   85    5   24   80   15   10    6   44   73   98   66   61   12    3   88    0   19   77   73   40   74   30   84   51   63   33    8   75   40   68   79   29   67   94    2   97   15   57   78   27   15   53   45   73   55   79   97   84   18   76    0   78   80   36   50   35   44   51   19   84   37   47   50   56   89   32    0   17    1   89    7   25   60   52   69   97   83   51   91   41   45   28   75   29   48   83   44   46   99   26   76   78   68   63   18   55   74   30   19    3    8   49    1   64   74   31   20   52    3   72    6   22   31   31   50   82   66   40   68   75   26   81   49    8   87   67   20   33   51   83   12   17   32   88   52   11   92   83   10   27   46    5   60   22   61   24   70   39   33   37   93   29   82   91   72   73   64   27   82   30   87   80   57    0   97   74   24   50    2   86   33   96   16    7    2   37   42   34   56   84   53   67   76   87   56   31   80   14    3   67   84   25   36   83   53   73   96   41   38   18    6   33   85   55   10   46   78   58   61   94   83   93   22   57   76   27   32   13    1    5    5   17   89   50   86    8   65    8   60   62   92   18   67   40   77   27   32   45   78   81   23   83    5    0   38   26   21   62   56   49   96   96   74   37   78   62   12   42   32   54   49   11   45   49   31   34   49   20   92   42   81   74   28   99   71   85   49   97   79   29   90   69    8   79   27   24   55   63   98   14    5   94    0   94   13   15   24   69   85   97   22    7   36   78   39   50   14   33   14   35   15   36   14   18   81    2   61   54
  15   49    7   70   73   39   24   88   56   73    0   64    4   47   67   15    7    5   33   70    8   10   84   10   56   29   97   91   79   68   22   70    0   76   89   78   25   99   70    8   85   10   54   97   75   46    2   89   61   54   52   69   89   53   36   93   98   11   80    8   37   88   10   17   18   90    0    0   12   96   20   14   54   16   69   20   19   80   85   36   13   44   20   34   51   38   22   40   45   76   36   56   11   78   40   57   43    5   89   86   83   21   51   26    2   41   98   81   22   28   21    3   26   82   23   53   39   16   92   84   90   88   90   47    7   84   53   37   46   88   98   31   47   95   75   74   31   79   53   96   27   71   49   18   97   88    7   57   70   88    4   26   69   17   17    1   90   55   52    8   43   61   92   42   10   95    4   17   93   44    3   96   10   83   88   27   98   94   85   81   93    5   35   11   20   79    7   87   87   90   95   68   88   59   82   61   49   37   28   97   14   72   79   25   48   83   15   27   96   94   96   65   79   33   59   48   50   42   37   78    6   40   96   78   12   52   15   93    4   65   51   40    6   46   25   68   95   81   98   30   81   18   84   26   80   41   37   10   12   99   78   33   50   98   80   75   82   13   59   21   47   46    9   70   39   61   27   60   68   70   55   36   42   62   54   93   29    0   59   70   48   30   79   89   90   89   39    1    8   97   33    0   27   46   68   16   59   57    9   46   78   38   61   90   21   48   90   17   12   66    5   48   43   21   26   22   58   78   76   93   43   52    5   68   51   12   67   45   54   45   54   15   62    2   68   67   56   36   76   38   12   95   69   17   68   80   32   89   23   73   16   34   81   36   97   13   51    4   56   28   82   32   74   18   50   78   44   55   44   15    1    5   44   97   62   62   13    0   55   26   12   65   69   86   26   90   22   63   25    4   39    9   89   16   48   32   42   86   78   88
  32   35   14   30   57   47   41   28   94   93   53   41   36   88   60    2   56   25   91   62   39   80   11   35   58   38   43   73    8   19   10    4   67   14   10   73   35   71   85   13   12   16   20   88   65   76   63   43    1   54   20   91   50   24   54   26    2   64   72   39   72   32   24   76   60    0   31   43   42   28    5   94   42   50   40   79   25   76   68   84   99   11   70   93   26   43   12   18   18   45   55   79   47   57    9   62   47   29   21   85   18   58   91   51    2   80   55   51   74   35    2   96   10   25   28   22   39   68   37   40   77   14   51   17   22   54   67   85   51   99   82   78   30   19    7   67    5   19   40   15   24   16   21   15   54    6    7   38   38   30   25   91   78   85   70   23   41   51   27   52   84   40   47   43   11    8   42   60   77   50   28   48   62   92   80   85    5   38   42   51   41   38   58   55   18   89   18   55   53   94   16   83   30   29   53   49   29   43   34   10   95   28   83   45    4   83   41   92   47   40   84    6    7   88   16   60   14   86   89    9   62   81   49    2   59   88    3   96    7   64   49   52   86   60   49   76    5   80   67   27   39   24   16   39   32   45   40   29   44   37   24   99   58   59   33   49   89   48   29   44   48    0   19   13   61   70   19   85    1   48   29   93   34   14   46    0    1   55   98   18   55   26   74   46   58   19   80   11   35    4   77   47   98   91   48   71   72   59   88    9   26   61   15   62   79    7   40   70   89   51   37   99   75   14   32   11   48   67   96   61   83   27   57   56   15   98   59   17   90   61   41   11   93   79   79   51   49   15   80   30   39   80   56   42   45   95   83   50   45   53   20   17    2   88   51   75   62   11   48   16   18   52   72   77    3   74   52    7   34   69   39   97   56   60   52   55   64   62   11   54   65   22   20   55   64   73    8   58   31   47   72   68   36   85   73    0    7   88   43   52
  67   40   46   70   24   99   49   29   18   79   89   90   88   20   10   87   92   92   87   60   64   19   91    9   82   60   37   19   97   19   12   49   71   38   69   26   28   71   14   44    6   52   49   13   20   88   38    4   36   80   37   14   75   66   76    4   82    1    4   19   18   59   90    3   52   29   18   93   98   57   33   38   28    5    7    4   51   56   43   99   44   13   20   23   28   96    4   96   46   52   79   56   64   61   22   11   48   33    2    0   65   28   63   46    0    4   51   32   56   26   76   88   85    8   15   30    9   86   18   52   11   26   27   69   14   45   67    1   37   54   32    6   76   11   66   72   14   71   18   38    7   22   65    2   63   73   57   69   33   76   52   10   56    5   73   20   47   79   31   15    1   60   92   64   15   78   92    0   73   63   85   92   50   45   27   74   27   39   97   13    0   34   83   69   70    9   73   43    2    5   79   87   42   89   25   42    6   37    8   80   84   87   88   63   53   88   67   51    0   14   67   99   38   89   21   81   85   89   43    0   72   99   76   43    3    2   22   64   34   10   81   28   24   32    6   88   71   68   95   96   27    2   28   84   55   17   39   31   89   85    5    5   65   99   84   64   74   47   28   97   59   61   76   23    5   65   49    8   86   90   20   64   99   64   51   45   16   81   66   76   91   57   90   49   41   42   46   85   93   93   37   67   82   98   60   96   52   59   64   48   61   52   65   42   20   83    3   70   74   59   70   81   23   60   31   90   79    1   84   54   12   76   44   83   27   46   57   27   86   22   11   37   42   91   82   54   80   72    1   42   75   70   80   97   86   57   68   95   28   82   40   23   35   22   18   88   28   24    5   23   45   38    6   67   54   28   29   72    4   17   20   91   14   24   70   24   31   28   83   84   28    9   64   42   37   78   57    3   63   52   11    1   10   52   99   77   81   68   93    4
   1   18   79   11    5   41   37   53   46   30   59   66   21    3    0   11   44    8    6   59   82    3    2   24   77   98   45   30    4   24   33   55    2    0    7   14   50   80   36   22   91   14   55    8   63   44   70   90   91   26    0   53   20   76   82   10    0   64    6    7   84   25   77   76   50   18    3   99   53   44   67   32    3   42   41    8   38   12   72   37   20   76   30    0   30   15   69   12   18   45   62   41   87   62   97   32   52   17   99   64   60   67   92   58   78   62   42   39   73   14   19   93   11    9   89   79   88   46   72   52   88   25   86   82   90   82   15   67   75   29   49   30   17   69   75    2   35   99    5    4   44   47   34   83   33   58    8   44   11   35   32   21   62   76   64   69   72   83   13   76   14   12   66    1   21   19   96    2   54   87   92   34   11   94   27   12   23   66   32    8   77   70   40    1   62    8   13   26    9   56   94   50   36   63   36   81    3    8   38   53   48   26   76   49   98    7   70   42   25   35   67   92   79    8   41   10   31   45   41   95   96   78    2   32    7   71   26    7   43   98   24   18   68   16   33    1   67   29   72    6   52   92   74   35   64   53    0   25   17   15   24    6   56   46   84   33    9   55   90   90   86   97   78   92   29   30   71    6   31   53   29   63   39   12   70   71   15    5   66   23   41   94   33   75   99   78   88   89   85   33   16   61    6   67   41   65   32   20   21    5   66   36   90   91   28   63    2   37   34   37   15   59    3   95   88   29    4   42   34   99   97   54   70   49   20   65   51   75   20   37    5   83   40   23   95    7   47   54   49   59   64   30   78   28   52   46   24   48   94   78   13   63   27   83   69   68   88   22   77   82   99   23   57   57   38   24   49   51   26   38   65   51   93   49   70   42   39   78   15   78   78   42   56   85   91   36   97   57   14   11   14   84   67   17   25   62   38   94   38   34
  10   21   47   54   65   85   28   88   57   22   85   97   62   58   44   64   91   24   70   35   97   10    5   74   24   35   23   61   45   77   76   60   35   16   91   12   99   44   14   43   11   33   97    5   77   18   90   53   10   94   35   22   64    3   92   16   11   59   93   18   49   14   60   84   52   58   48   93   33   75   79   31   30   57   64   33    9    1   34   43   24   96   35   79   77    0    0   35   31   68   22   67   17   24   69   40   93   73   21   95   95   32   88    9   91   62   58   41   91   57   44   29   20   59   17   15   70    5   45   86   65    3    3   39   59   41   49   46   64   94   71   38   99   63   86   47   37   65   40   97    7   91   64   92   85   80   32   63   90   62   17   58   73   20   53   80   50   69   10   67   31   69   30   71   74   16   86   89   24   19   80   63   45   49   44   21   55   91   37   39   17   81   15   40   60   92   59    2   25   89   16   93   11   84    7   57   48   98   45   32   37   68   19   56   32   16   19   58   69   39   71   13   68   30   65    0   74   98   53    2   75   45   35    3   85   43   21   68   94   58    8   52   66   13   79   48   45   17   40   52   87   31   58   47   76   17   93   27   50   59   33   23   96   50   18   90   75    0   98   71   83   60   83   95   50   97    1   81   29   85   57   58   89   41   80   70   35   16   12   69   18   58   23   18   13   32   69   19   35   15   61   39   80   91    1   19   46   10   99   96   13   45   33   30   35   62   50   89   49   81   13   21   37   59   48   42   53   63   11   12   83   83   62   81   40   61   63    9   53   90   58   69   51   30   35   63   74   46   49   64   84   57   47   21   70   46   91   53   15   47   26   54   86    4   74   88   93   38   95   66   70   58   33   91    1   84   62   77   61   56   55   51   11   34   31   34   17   16   77   35    0   77   36   56   91   47   96   83   58   66   58   42   94   16   98   96   27   23   31   74
  79    2   97   77    8   71   22   63    2   22   29   89   98   35   35   27   84   14   97   55   41   78   49   18   82   49   78   89    8   72   76   24    7   40   32   10   10    7   90   70    1   10   67   65   34   87   33    8   44   21   16    4   84   62   35   26   12   58   73   75   64   36   53   15    8    7    2   59   15    6   79   69   56    5   89   28   41   80    0   80   20   28   92   48   56   61   70   57   87   88   74   53   41   61   69   66   76   38   99   83   89   16   91   71   78   15   79   22   69   79    1   63   82   62   98   36   68   94   32   32   66   15   95   33    4   14   80   97   36   92   56   77   51   73   84    8   17   38    4   29   81    8   74   84   90   93   58   68   52   18   88   86   62   73   64    8   22   69   20    8   47   34   48    4   63   75   24   57   14   45   97   80   11   79   65   59   97    0   16   99   47   91    4   47   93   87   93   34   56   19    5   34   73   79   18    4   91   90   11   89   86   10   61   38   37   79   39   97   10   81   50   15    1   30   78   36   45   27   22   49   76   56   10   63   61   12   63   11   71   74   12   96   24   48   38   80   25   10   75   21   57   92   11   85   24   44   48   98   45   80    0   47   46   21   88   39   63   55   46   17   53   21   80   41   22   26   35   35   54   91   23   66   99   65   32   80   45   55   66   49   96   22   56   99   18   72   13   68   76   33   20   19   85   69   99   43   34   61   93   11   47   84   16   76   50   78   62   75   53   22   75    1   68   59   79   54    3   50   69   41   85   61   13   53   63   75   28   86   81   17   97   56   95   52   25   59   47   17   99   19   33   31   17   47    4   31   51   39   35    9   25   53   91   19   73   82   44   53   58   31   83   32   51   21   27   40   89   85    7   46   82   63   67   85   21   65   69    6   77   41   40   18   73   35   64   61   89   16   13   41   28   66   13   46   45   65   22   99   27   29
  36   85   47   39   58   94   23   85   60   72   31   58   75   37   45   37   65   77   59   35   98   93   40    0   18   81   73   76   94   51   27   88   67    4   11   47    1    1   14   23    2   77   15   38   63   38   10   43   60   68   86   62    7   84   12   63   63   92   76   82   70   17   91   20   62    4   52   78   89   37   85   79   81   71   58   84   19   49   86   81    7   92    4   78   29   17   88   22   89   51   23   48   18   68   25   28   41   72   79   76    2   74   52   61   42   78   89   83   90    7    4   47   81   16   16   97    8   28   22    8   55   68   87   33   89   12    0   56   45   15   29   15   97   28   46   37   70   98   63   10   71    2   96   72   49   69   78    3    8   61   48   85   81    4   34   72   36   94   36   86   23   27   10   65   12   24   97   82   26   52   10   62   29   31   58   78   89   15   99   71   27   71   26   15   11   40   93   80   22   79   35   91   76   93   34   91   49   69   45   20   34    0   95   73   98    2   82   15   55   65   55   57   70   64   67   69   46   87   65   48   39   35   82   69   26   45   99    0   79   21   65   58   33   72   24   52   13   10   63   65   81   40   78   22   11   37   86   68   67   56   97   29   64   86   13   82   60    4   29   78   32   56   99    6   39   46   88    0   37   96   22   72   95   88   53   51   41   91   46   21   79   62   19   11   34   88   33    9   90   57   63   55   48   16   89   54   69   41   77    4   56   73   85   33   82   16   24    8   95   68   44   41   50   96   75   95   93   19    6    9   64   50   37   18   72   45   11   12   34   44   29   11   14   98   20   13    2   15   84   15    8   35    0   17   54   44   64   41   47   75   48   70   19   90   67   93   91   27   59   22    1   81   64   34   32   82   17   97   11   44   62   87   49   40   17   50   71   78    8   84    5    0   98    6   16   70   83   39   58   63   34   36   73   91   95   55   21   45   70   88
  30    7   60   68   49   24   26   20   61   46   90   84   11   42    9    4    3   48   68   38   18   60   52   46    7   35   32   92   13   63   89   70   96   24   75   49   53   25    4   55   19   10   37   94   61   13   59   31   98   14   56   29    1    9   25   91   60   34   55   54   83   58   23   19   35   97   26   89   91   20   41   94   15   95   82   59   94    8   40    2   29   55   54   56    3   88   96   72   69   39   93   74   62   72   95   37   10   51   20   62   89   24   39   25   98   49    4   86   35   70   69   20   74    4   19   93   26   32   49   50   35    3   28   39   91   26   38   96   38   34   10   16   53   70   10   38    2   78   91    2   17   37   69    1   42    4   76   32   54   12   24   53   18   98   16   90   66   49   80   43   12   89   32   62   39   75   89   53   43   22   63   34   88   93   80   53   23   34    1    0   20   39   70   30   51   41   76   48   61   63   27   91   32   56   64   88   18   98    9    4   14    5   75   92   50    6   18   18   53   14   76   55   74   51   53   11   49   61   37    1   61   84    5   21   59   22   93   68    8   54   88   66   58   15   36   35   18   33   76   97   81   76   87   95   44   59   29   68   42   24   44   11   87   54   14   72    2   64   80   91    7   36   56   17    2   14   18    3   28   55   23   32   18   43   16   39   24   53   36   42   37   77   37   40   78   98   11   48   59   26   38   80   18   34    6   46   20   27   19   79   31   56   55   31   70   72   34   19   28   38   33   32   11   77   74   73    4   75   44    5   16   64   87   23   44   96   26   53   78   88   89   58   30   31   63   90   95   47   69    0   65   38   81   95   73    2   81   16   36   12   66   61    1   80   78    0   51   82   98   14   35   36   46   73   85   93   13   96   79   23    6   99   41   81   72   49   25   63   62   62   64   88   28   39   25   84   80   78   70   14   94   47   84   83   43   96   78    8   67   97
  63   87   92   68   31   37   82   89   51   27   11   10   31    0   86   40   41   60   71   22    7    5   35    2   74   72   73   38   41   63   49   31   26   15   12    8    3    0   80   45    6   10   66   95   19   37   65   88   97    8   83   11   40   49    8   80    8   74   62   22   69   39   48   59   44   30    1   16   51   44   24   46   91   22   35   37   63   16   80   51    2   81   22   23    1   91   91   11   81   96   98   95   57   55   16   67   36   78   47   19   47   33    3   32   79   30   65   29   23   66   34   38   49   29   67   72   10   80   72   13   11   47   85   30   47   58   28   43   16   58   31   78   34   40   48   49   40   30   36    8   82   23    6   23   75   48   65   66    5   41    2   45    8   53   59   29   87   80   31   47   12   45   50   55    8   36   21    9   68   43   27   80   57   98   89   82   54   26   73   22   87   85   97   66   12   70   19   23   13   25   56   50   39   32   64   37    1   99   21   37   18   85   77   81   54   50   32   94   78   39   18   43    1   18   35   62    6   28   28   44   15   85   65   78   94   10   22   75   56   64   97   74    4    3    3   58   44   10   11   69    9    6   23   11   95   15   87   59   92   48   38   61   11   37   36   65    0   39   94   48   95   89   54   29   99   67   56   16   38   77   36   15    3   83   34    4    4   28   73   67   28    9   61   91   61   50   55   42   25   56   97   87   39   25   50   44    7   16   86   91   84   98   39   35   48   66    5   70   76   35   17   90   88   49   31   84    2   53   98   71    4   36   30   60   87   93   19   60   37   30   96   70    1   76   63   87   90   61   17   30   40   59   77   33    5   49   35   23   53   33   90   79   93   55   93   63   20   70   91   32   19   23   95   15   24   16   58   22   21   24   14   75   37   27   45   90   11   38   74   56   61   26   32   50   22    4   83   12   49   39   68   63   81   90    2   77   97   76   99   58
  12   42   27   92   98    3   30    3   87   86    6   88    7   24   23   48   68   29   95   42   28   53   10   82   55    4   60   69   73    8   12   99   46   49    4   56   64   62   98   92   97   16   34   49   49   42   54   86   10   45   73   55   34   58   53   18   37   91   42   45   74   46   49   92   59   17    4   44   52   29   98   89   37   36   52   71   17   37   18   85   87   60   46    2   20   52   53   12   76   44   62   28   53   97   66   88   70   19   56   75   31   14   77   64   66   41    8   50   49   88   11   44   51   20   74   51   21   59   91   21   62   13   61   72   73   30   83   65   85   30   55   21   80   10   56   93   26   70    9    9   40    9   12   15   22   49   11   45   51   68   58   63   18   81   18   32   18   86   65   63   25   22   26   93   51   82   78    7   67   64   17   51   38   90   88   37   12   32   80    0   26   25   64   70   16   35   61   99   69   96   94   71   11   50   86   43   59   43    7   74   86   36   99   98   37   62   90   71   31   89   41   86   68   63   55   31   71   73   20   49   90    6   50   52   58   30    6   13   59   72   59    2   31   41   75    9   73   23   14    3   77   59   57   77   27   27   54   51   64   25   18   67   77   64   44   54   22   14   52   14   91   36   37   76   31   29   17   63   39   96   52   92   21   32   44   35   30   97   61   56   76   58   57   44    9   10    3    2   87   56   82   35   67   54   23   92   52   92   42   23   98   92   92    2   28   69   43   24   26   21   52   43   49   18   97   80    5   21   94   99   54   72   32   56   85   17   27   78   49   59   83   22   98   12   90   98   64   57    2   59   16   31   44   26   28   34    6   16    7   69   84   79   26   51   36   97   75   56   27   28   88   33   58   50   45   82   93   99   32    4   55   49   35    9    0   20   43   60   47    6   77   61   85   81   22    4   29   31   57   35   31   21   48   68   61   60   40   41   14   25
  70   38   38   74    1   84    0   27   70   92   68   14   26   13   40   68   84   36   89   27   69   49   50   85   98   78   43   76    7   62   98   44   55   31   32   57   18   80    8   58   44    4   18   67   19   45   36   65   57   93   85   79   37   18   13   33   34   99   81    5   96    3    7    6   22   77   47   58   36   19    0   70   58   77   14   72   69   29   41   26   45   22    9   38   88    7   65   57   25   24   60   54   55    2   65   26   58    2    3   30   68   34   87   44   74   18   59   86   26   78    4   83   10   54   16   62   51   28   38   33    9   79   31   55    0   75   45   42   43   98   50   40   33   83   74   16   30   11   15   79   99   49   50    8   23    9   83   48   16   75   77    1   13   38   97   26   10   49    0   98   23   36   48   55   35   87   99   71   63   77   32   19   64   51   17   93   10   30   68   30   50    7   49   58   75   50   35   87   98   47   64   59   92   67   87   69    2   99    0   19   84   30   34   72   81   54   56   37   56   19    1   32   96   94   10   55   98   75    2   27   68   51   69   18   68   56   92   14   58   83   69   12   54   80   83    6   67   92   58   84   56   69   66   66   96   39   62   99   98    0   29    4   66   71   63   59    9   25   19   38   60   59   61   41    1    6    5    3   28   44   27   47   97   66   66   98   50    7   80   27   79   58   66   34   14   29   83   30   13   21   81   61   95   63   35   70   11   13   75   17   42   99   87   24   49   61   70    8   30   73   11   13   83   39   98   22   42   42   48   92   25   25   41   17   60    7    5   19   32   78   28   20   53   95   19   28   64   24   36   82   28   60   44   45   89   17   42   70   40   62   42   94   30   96   55   60   26   28   71   89   56   17   77   60   89   17   11   46   40   15   62   99   68   16   53   60   79   29   56   92   32   91   10   86   42   60   47   37   51   65   12    8   32    1   98   48   19   38   83   86
  47   71   64   91   90    8   85   71    8   53   98    0   29    5   57   97   85   24   62   12   70   57   94   12   37   64   55   37   45   75   42   45   25   77   63   61   17   74   20   89   12   58   14   31   69   64   40   29   80   41   62   24   87   58   68   34   22   13   26   62   22   92   73    9   87   99   90   76   21   40   85   74    7   99   37   46   23   18   60   11   37   90   21   90   67   67   21   88   63   94   78   67   42    0   37   31    3   20   74   56   63   61   27   95   10   93   72    6   49   75   37   46   42   86   70    0   57   48   52   35   24   49   78   74   44   71   67   22   85   15   83   54   67   76   36   99    9    0   75   29    9   82   10   51   14   10   56   21   24   36   26   99   39   56   88   41   95   69   60   33   13   32   52   13   75   54   74   81   95   51   58   98   24   63    9   54   97   50   93    7    8   98    3   86   41   15   57   98   82   16   29    7    9   47   55   22   28    8   79   26   48   37   19   53   73   91   13   50   51   99   43   59   85   84   84   52   38   30   87   99    8   66   50   95   41   63   27    2   31   71   26   99   34   61   13   65    1   21   33   83   69    0   91   75   22   27   92   22   64   80   98   33   38   39   92   38   57   62   34   89   67   82   55   68   16   76   74    9   91   96   12   30   13   11   20   91   82   26   11   14   11   99   68    1    6   69   95   38    9   81   93    6   80   31   33   24   40   12   12   58   89   31   87   39   43   65   81    7   12   79   40   39   78   26   77   81   93   24   59   63   43   19   36   55   51   40   57   86   69   39   72   68   31   98   12    0   52    8   66   57   30   24   90    0   44   94   76   28   53   99   19   20   11   92   86    0   97   60   62   74   37   69   72   78   12   86   46   33   27   60   79   71   46   85   94    2   61    2   60   99   97   12   32   25   20   28   29   41   72   74   44   93   15   54   90   57   59   39   72   59
  97    4    6   53   69   92   85   77   24   38    0   78   17   24   55   71   75   25   62   73   65   23   88   34   38   28   99   87   67   81   91   71    9   22   53   52   24   80   69   58   58   24    6   23   16   70   29   66   83    5   84   14   71   27   48   45   48    5   16   42   30   83   89   88   91   28   22   76   98   73   10   70   47   82   24   85   46   60   38   72   83    1   12   14   57    7    0   29   71   23   74   90   49   28   62   10   51   38    1   46   59   84   15   51   21   10   88   35   76   93   93   97   39   55   66   51   82   18   18   32    3   38   39   36   81   45   98   18    0   78   69   63   86   55   71   18   35    4   77   47   96   50   44   56   42   10   88    0   67   61   71   90   84   25   76   59   58   14   41   33   38   11   87   26   51   65   42   17   17   71   77   32   69   82    3   39   12   68   89   49    9   40   61    8   50   24   41   67   64   48    2   89   42   74    0    1   42   61   71    1   55   95   90   49   47   54    1   32   61   32   50   72   26   43   80    8   11   54   16    7   77   67   28   37   85    0   63   35   57   93   46   60    5   59   12   82   13   61   63   52   67   88   85    3   44   77   37   90   49    2   15   89   24    3   60   21   31   91   31    9   66    9   61   78   99   97   97   97   73    2   66   70   73    0   98   70   17   90   59   23   38   40    4   20   86   18   14   91    3   15   63   58   38    6   63   45   79   80   97    8   36   33   67   12   95   55   20   98   77   26   48   11   48   19   19    5   40   21    7   42   75   15    2    0   43   53    5   29   11   82   68   52   43   46   90   88   57   29   36   54   67   48   73    7   36   34   49   68   55   97   36   60   67    3    6   46   84   19   58   43   42   93   78   90   16   35   94   90   38    5    5   89   72   70   98   92   74   37   70   57   45   85   67   59   14   22   72   68   97   18    0   21   74   14   73   11   98   34   48   73
  12   72   59   54   57   90   44   27   70   26    8   75   99   71   80   32    3   91   24   81   60   26   16   45   57   26   45   24   84   91   48   61   24   14   50   10   94   38   72   34   93   95    8   81   25   98   25   93   34   76   52   59   30   39   95   81   66   20   69   79   82   38   36   75   62   47   68   45   39   90   97   18   42    7   53   49   41   12   87   43   48    1   80   57   33   55    2    6   89   47   11   33   70   83   11   41   53   24   98   16   51   83   52   17   40   89    3   36   26   37   82   67   55    1   22   30   96   71   92   88   61   59   78    8   84   88   48   88   36   79   94   41   20   50   96   33   95   25   68   60   57   34   16   10   48    1    5   60   41   59   48   11   28   88   10   18   55   41   66   98   16   29   83   21    0   78    6   79   86   39   54   81   75   83    3    4   30   73   39   75   61   84   19   81   53   12   34   14   35   25   26   66   97   79   80   56   68   32   51   96    8   92   30   15   82   38   72   45   72   22   55   63   69   14   67   93   17   76   58   51   21   64   69   14   68   95   78   82   48   58   34    5   59   91   77   73    3    8   12   58   31   14   52   12   19   51   85   81    7   61   98   22   40   20   15   36   86   43   13   86   66   79   30   39   10   77   39   86   55   49   12   76   95   30   91   12   49   76   17   86   39    4    2   64    1   49   41   68    6   26   21   90   71   43   83    5   56   10   21   99   55   74   83    0   88   41   62   92   27   41   34   46   32    1   55   83   76   41   53   90   16    0   30    1   19   50   92   12   80   70   53   10   19    1   63   66   68    6   20   25   17   58   51   36   51   27   52   81   35   50   38   60   81   18   14   51   31   98   12   99   25   23   82   16   59   77   79   67    0   16    1   92   33   87   32   52   79   79   79   23   35   59   37   46    0   83   35   90   33   76   37   27   90    2   66   95   65   46   30   16
  20   78   58   81   82   44   79   85   64   75   85   41   90    9   74   37   55   94   24   55   38   45    8   20   45   32   48   42   71   79   68    2   71   88   65   76   48   14   57   59    7   98   36   97   41   73   97   97   22   48   66   63    7   49    4   85   25   31   79   14   81   51   31   36   73   82   77   51    8    8   61   71   15   15   94   41   74   26   59   44   28   94   79   50   12   27   48   61   91   71   77   98   64   15   13   36   64   63    3   77   10   70   77   59   20   38   66   92   86   80   52   58   45    1   46   90   47    3   98   86   82   68   71    6   45   12   60   98   40   49   96   43   41   21   74   18   18    0   17   28   37   67   88   65    1   72   91   70    3   46   24   94   20    5   20   55    3   84   40   35   21   51   25   70   38   83   22   23   71   30   22    1   28   78   55   24   33   32   29    4   65   45   36   89   12   17   85   82   18   33   27   10    8   91   97   84    8   47    1   76    8   22    3   28   91   78   27    2   70    1   60   57   53   83   83   21   98    7   72   11   65   50   39    0   34   92   39   23   32   91   90   36   83   19    4   15   69   94   95   69   20   70   24   20   14   63   51    8   47   13   38    3    5   60   41   89   36   73   12   10   54    7   89   28   35   44   83   19   29    3   97   76   37   79   48   41   19   62   19    6   59   28   60   24   35    5   50   76   16   50   18   43   74    7    5   59   10   52   55   57   65   40   13   35   38    6   86   76   74   46   85   22   35   17   48   31   22   95    2   45   58   45   47   15   46   86    0   40   47    9   35   10   17   32   33   18   53   47   63   55   79   83   63   31   26   39   34   29   89   95   14   90   51   21   98   65   32   13   41   74   12   82   53   24    0   97   89   83   74   49   70    9   71   39   34   47   78   83   27   43   35    1   41   36   98   35   48   66   94   24   81   15   36   41   67   60   96   27   69   44
   0   70   68   62    3    0    8    6    1   47   77    8   46   81   18   60   57    4   39   53   16   36   80    3   65   86   87    9    1   94   26   67   14   59   79   62    9   80   13   40   71    2    3   77   65    1    9   10    0   30   96   89   49    0   53    9   61   59   74   22   43   28   56   59   51   17   46   68   74   58    8   48   73   47   34   82   11   36   87   45    9   25   25   30   15   81   40   66   75   94   27    2   69   74   18   91   73   56   51   31   25   63   27   10   63    9   26   97   30   79   78   49   42   90   11   32   22   97   41    7   51   63   97    1   36   63   20   84   22   91   70   86    6   85   51   79   56   27   48   62   66   93    7   35   41   14   21   75   29   99   87    1   39   49   60    0   58   58   49    6   28   69   72   22   38   78   36   79   43   94   98   71   76   24   43   33   67   77   71   49   65   75   82   90   38   68    3    8   77   63   69   60   98   14    2   46   17   29   70   74   23    7   47   10   19   56   16   75   47   67   81   80   93   25   59   54    7   73   16   18   69   39   76   53   38   96   55   91   17    2   24   36   42   62   91   82   49   92   86    4   12   98   88   58   73   23   82   80   44    7   44   71   50   98    9   96   46    2   62   44   48   25   37   82   56   92   24   56   16    8   42   79   62   31    2   78   60    6   72   33    0   90   12   14   84   90   22   88   41   21   87   35   34   23   55   90   80   93   57    1   68   82    7   82   24   34   54   91   83   55   25   43   37   16   39   10   60   99    9   29   95   56   51   21    6    2    4   24   21   78   31   53   87   90   92   60    9   81   23   73   81    7   54   41   95   50   62   62   83   80   60   49   14   59   36   85    4   10   78   21   59   59   34   43   26   79   50   45   90   99   25   44    4    9   17   47   49   78   50    5   17   39   61   43   55   95   54    9   77   15   94   48    0   89   82   44    3   82   38   25
  71   17   84   85   59   41   16   80    6   86   79   36   16    1   47   79   21   35   88   74   81   53   77   70   58   50    0   41   85   49   77   74   27   33    5   86   44   37    6   80   25   21   46    5   62    5   98   42   35   99   32   93   51   73   60    3   41   99   17   59   47   41   40   61    4   37   52   60   89    8   90   43   17   79   59   23   92   24   10   21   94   38   39   72   94   27   10   44   78   45   55   47   73   43    3    5   15   55   39   31   54   82    5    3   84   38   89   20   52   48    4   27   99   35   23    7   98   12    5   25    2   67   89   35   56   50   27    4   72   72   16   59    1   78   94    1   41   68   58   70   24   36   27   72    4   91   70   26    7   33   14    6   40   78   99   72   37   14   87   81   65   78   11   55   16   92   27   43   17   42    6   48   65   50   73   24   31   79   11   28    7    2   62   64   89   89   34   88   95    7   80   80    3   30   26   17   86   81   56   12    0   48   58    5   34   58   29    9    1    4   20   78   33   83   79   62   72   38   69   96   40   52    0   39   90   80   16   65   86   90   27   83   74   78   64   67   92   85   75   83   27   46   47   46   32   66   27   27   22   91   36   64   88   12    0   88   79   31   63   81   22   19   62   89   77    5   63   21   72   34   38   91   47   69   85   17   86   98   80   27    1   59   54    5   14   83    8   85   23   48   70   45   76   80   74   14   88   77   84   87   62   62   80   25   29   28   61   47   67   80   15   17   58    1   77   97   75   40   73   72   92   59   21   76   60    8   78   77   92   87   18    6   90   48   98   84   48   61   21   21   34   19    0   27    9   58   48   73   95   59    3   51   45   37   34    7   31   87   32   16    0   53   54   90   11   10    4   40   43   11   85   72   30   64   53   38   88   78   33   97   49   70   21   97   39   43    8   34    7   19   34   72   96   95   66   36   20   34   22    8
   0   84   19   27   62    4   47   42   85   47   10   79   33   72   52   83   71   73   17    5   88   79    4   67   79   62   45   62   21   48    2   77   80   28   89   30   55    3   34   89   98   24   29   99   38   79   87   82    5   13   93   61    6   10   47   19   97   98   24   26   10   70   40   54   15   34   47   87   65   84   21   81   55   96   27   41   48   35   11   82    9   46   30   94   76    1   68   52   22    8   40   94   54   40   50   87   88   46   82   78   32   30   70   30   19   80   24    3   91   20   63   14   80   67   58   44   15   86   27   40   50   82   89   28   80   48   85   48   31   71   76   72   53   35   25   66    5   46   80   77   33   95   49   21   28   58   48   90   92   66   91    4   58   40   13   31   29   90    9   54   94   19   49   49   30   64   53   37   61   14   16   41   11   11   46   87   15   58   49    7   12   65   14   44   92   23   33   19   21    0   99   34   90   90    1   36   71   72   60    2   29   55   82   74   69   86   25   35   43   23   68   37   78   15   31   53   55    9   37   53   49   39   29   90   20   76    2   13    9   93   71   81   53   76   17   30   28   65   48   56   17    5   94   77   85   98   47   29   72   51   52   78   58   90   66    0   29   60   63   69   24   57   60   35   64   52   99   35   12   92   38   79   80   60   28   37   48   22    3   27   71   40   55   42   86   27   40   27   86   54   87   76   61   28   42   83   40   60   10   42   62   73   90   21    8   60    2   69   86   97   19   50   29   60   56   66   58   11   14   92   92   70   54   42   44    8   97   46   78   69   43   33   65   60    4   23   39   11   67   89   28   20   99   63   79   64   99   84   46   38   59   27    6    9   89   79   17   92   24   39   43   29    2   26   60   91   43   39   98   73   88   62   45   48    9   28   39   72   69   43   66   13   15   44   19   89   22   49   65   84    4   42    7    2   29   47   27    2   30   21
  24   18   79   23   75   23   71   86   29   37   20   79    0    5   36   10   73   17   92   30   20    2   10    2    0   65   89   98   89   59   95   57   11    4   58   70   98   72   43   41   19   78   46   52   62    3   84    0   67    7   77   12   90   78   13   94   29    6   27   68   50   58   88    9   85   38   71   59    8    9    9   19   42   36   15    1   27   65   24   28   40    7   15    9   86   22   47   37   45   62   34   87   12   94   53   68   31   59   31    3   37    1   68   14   72    9   25   46   60   46   68   99   39   92   47   14   39   92   43   84   32   72   51   48   58   93   79   19   65    6   75   77   18   48   32   46   46   38    3   99   32   41   26   22   63   43   34   59   40    4   90   37   70   33    2   57   36   60   50   40   71   78   63   69   37   94   81   70   88   89   70   31    6   92   85   73   19   31   79   59   18   93   80   74   22   66   63   83   66   25   66   99   88    1   12   93   66   49   66   96   98   12    5   89   10   63   37   94   16    1   37   60   80   72   86   70    9   94   71   18   75   51    4   68   99   44   61   29   59   48    2   58   59   82   17   32   87   45   77   19   77   60   20   57   84   58   42   13   50   55   46   76   82   21   21   20   66   73   22   86   99   78   89   35   24   42   53   51   26   42    0    1   69   32    5   80   47   25   98   78   87   84   23   69   90   56    6   56   24   36   65   52   33   29   94   67   51   50    7   69   33   78   25   61   77   15   66   53   16   72   62   54   11    0   23   37   11   72   25   10    4   58   63   14   52   70   64   55   37   94    5    0   81   33   38   37   88   58   37   94   63   76   94   79   88   23   51   19    3   40   23   30   79   75   33   46   62   76   82   11   90   89   56   51   87   99   22   48   29   23   17   16   56   63   52   79   47   91   32   16   42   19   77   44   14   23   22   80   29   32   81   41   20    0   17    4   71   58   68   85
  52   44   88   89   49    4   69   89   29   58   43   33   11   10   27   23   88   82   13   98   89    7   36   15   70   36   19   97   32   13   30   93   16   30   20   46   21   29   78   71   85    7   75   84   68   49   87   11   54   26   44   10   23   56   44   92   82   24   97   92    6   25   75   16   71   86   54   54   61   34   65   69   22   45   40    6   48   66   52   67   36   49    4   55   55    2   34   27   96   19   84   81   18   18   78   76   59   57   58   38   56   74   97   44   42   73   88   82   80   27    4   82   43   48   67   71   97   96   85   19   68   68   49   96   83    9   38   40   20   21   86   68   54    3   90   95   59   19   83   75   14   97   90   40   44   59   80   85   87   22   36   67   93   90    9   14   72   58    1   90   23   99   29   55   45   49   52   22   58   38   38   74   49   58   46   83   21   37   45   65   44   19   99    8   65   12   42   78   17   98   77   99   26   83   40   90   27   67   11   45   37   85   62   11   96   17    7   43   88   68   92   73   95   59   84   57    9   43   22   45   49   26   37   73    8    5   33   99   79   33   86   47   58   51    0   27   10   58   40   94   28   22   10   99    1   49   59    0   27   20   44   53   45   28   31   63    6   83    0   18   96   97   41   29   61   87   99   48    7   22   43   22   41   11   11   87   74   28   46   40   54    9    5   14   56   32   91   63   51   72   59   19   43   88   68   35   15   74   82   11   91   53   59   87   74   51   97   45   96   51    5   31   74   15   45   59   36   61   54    8   86   47   13   13   39   76   66   64   99   88   11   74   51   66   85   62   65   50   31   84    3   43   67   56   64   79   42   83   58   47   26   85   70   55   83   40   56   96   95   69   91   33   84   34   39   92   88   33   68   56   89   27   67   68   75   53   86   42   88   75   62   21   47   85   53    6   70   14   16   55    4   47   33   44   12   98    7   26   81   63
  36   58   50   23   43   56   32   99   20   17   35   17   22   27   20   54   90   47   42   76   62   91   59   70   72   55   30   11    3   21   15   75   85   60   12    1   93   62   63   42   71   83   38   39   62   50   32   62   90   62   70   95   90   46   26   82   55   80   69   79   82    4   34   45   16   74   88   44   44   56   23   94   35   66   86   87   16   54   53    9   64   68   52   51   52   67   35   69   31   68   99   78   77   91   28   67    8   48   92   60   93   63   28   25   75   55   61   83   56   16   37   15   47   75   80   97   27   57   61   30   99   74   30   82   36   13   61   43   83   76    4   59   51   86   24   21   11   94   87   58   41   26   39   71   54   75   74   37   90   49   64   60   50   94   72   59   24   22   34   99   23   87   48   31   20   14    2   84   87   13   21   36   58   95   27   16    6   64    1   35   49   65   16   41   47   91   38   87    4   21   51   98   72   66    4   44   88   13   52   62   21   47   35   85   40   59   30   44   61   87   83   12   16   32   66   45   15   36   55   47   36   42   69   41   61   67   57   55   24   19   74   78   63   88   58    7   82   99   75   77   89   44    0   78   44   27   61   20   95    7   49   73   23   72    6   12   55   33   37   72   84   25   59   48   16    6   70   29   46   19   19   97   80   74   21   57   94   13   24   56   85   69   24   11   92   63   63   76   51   53   80   50   79   32    2   37    8   78   64   27   63   78   13   28   49   79   93   72   13   94   54   34   13    6   80   29   18   21   25   22   89   70   13    1   98   40   48   17   97   95   22    1   40   88   47   66   44   69    4    7   83   67   51   41   67   61   48   23   95   25   28   19   48   54   46   28   43   15   51   48   50   93   60   88   93   97   80   61   36   46   49   72   65   47   56   74   35   36   95   91   81    1   96   64   21   56   76   98    6   35   75    8   12    8   32   72   82    3   79   72
   3   60   94   30   95   19   23   71   96   97   12   91   49   81   88    9   16   35   95   93   55   81   97   32   79   50   55   26   92   66   46   68    8   95   34    1   87   26   74   46   33   65   38   80   51    9   16   52   48   80   37   12   19   43   99   29   18   27   82   27   45    9   77   12   61   92   76   78   96   16   58   53   77   76   23   30   49    7   93   47   55   87   94   28   63   56   69   15   15   15   12   75   68   24   48   34   65   90   51   64   57   48   61   51    0   23   44   46   14   72   14   56   37   71   41   74   58   31   93   65    1   54   74   34   77   36   56   97    0   82   22   67    0   67   57   95   25   12   30   20   85   82    1   79   87   88   83   85   58   14    3   16   65   26   77   32   15   15   94   39   32   72    7   63   74   80   95    5   24    0   11   91   49   34   34   18   11   20    5   41    1   68   69   40   50   64   45    5   65   66   30   33   56   37   78   63   42   48   87   76   84   46   80   79   67   37   73   94   63   10   31    8   35   94   27   83   84   76   63   62   48   35   38   17   77   68   16   98   51   40   90   84   72   88   81   42   52   43   57   25   51    3   24   70   78   89   78    8   45   23   98   91   39   50   51    3   90   42   18   75   88   34   22   64   45   42   67   13   98   42   63    5   60    8   70   63   29   82   99    2    6   40   38   36   97   31   24   18   56   89   54   51   85   64    9    4    7   70   13    7   33   73   86   65   34   10    0   14   62   54   48   60   90   24   56   25   24   98   76   63   85   37   26    7   58   58   41   65   11   68   56   20   61   36   29   45   58   21   45   67   49   35   93   30   91   57    5   18   45   75   69   81    8   83   60   23   33   21   46    6   26    5   81   47   81   91    8   60   91   66    1    3    8   33   76   81   63   50   72   40   50   33    8    8   11    8   51   38   55   35   26   37   16   84   70   96   33   24   58   36
  97   23   17   42   65   42   59   95   52   12   72   26   76   18   10   91   17   76    0   55   98    4   54   91   48   59   73   98   43   69   98   92   58   20   34   94   68   39   56   21   73   41   68   71   65   49   29    3   32   14   86   59   36   42   42   25   67    3   50    9   46   54   98   51   85   42   71   30   36   11   41   71   50   57   59    0   91   93   51    1   13   91   71   75   40   65   11   69   95   57   49   97    0   11   88   65   47   30   11   94    5   34   14   11   12   69   13   94   47   50   48   15   35   21   86   98   96   50   66   15   22   99   79   49   95   49    4   37   74   50   97   90   43   86   92   40   99   49   36   39   16   53   16   55   89   13   62   99   80   83   67   37   41   29   49   23    2   25   43   30   82   77   28   31   59   10   82   69   15   86    4   27   57   77   30   32   43   43   63   39    0   27   64    5   95   78   28   76   30   22   24   67   62   15   27    2   94   44   69   64   51   28   84   77   75   41   28   71   49   86    0   27   41   30   12   73   90   40   54   79   62   39   81    2   27   23   66    2   16   39   64   92   37   45   90   53   41   98   49    7   86   39   85    5   46   10   67   37   80   72   69    7   22    3   63   57   15   54   93   70   35    3   28   52   67   58   46   86   54   23   55   59    8   60   14    6    5   83   38   77   93   80   25    1   52    6   60    2   75   75   87   45   46   33   44   60   54    5   71   72   93   89   21   36   60   63   26    9   40   62   19   56   52   70   22   56    2   77   52   10    0   97   87   30   64   64   28   23   23   58    7   61   86   68   44   61   19   49   54   42   92   68    6   66   88   36   90   71   21   59   99   73   16   66   36   46   74   71   34   76   67   98   91   60   51   63   65   20   98   56   16   70   69   43   99   64   51   12   92   30    7   71   96   92   54   50   40   11   91   38   12   99    4   24   20   80   75   57   49   92
  18   54   21   81   26   61   99   12   13   52   10   49   26   84   36   94   72   71   77   42   51   24    6   29   10   20   66   15   90    8   64   58   55   99    8   66   66   94   87   50   99   65    6   18   70    1   68    9   98   36   27   97   35   39    7    6   52   19   81   50   34   61   47   90   87   80   93   40   98   69    4   43   82   59   88   72   43   12   60   31   78   34   49   32   97   84   34   98   84   29   43    2   69   75    6   42    4   51   21   45   16   11   41   76   11   89   94   51   19   50   95   19   15   87   18   69   61   72    8   43   89   94   12   84   44   21   90   68   16   66   77   77   76   15   41   53   76   48   44   14   46   77    0    3   73    8   58   71   78   91   58    7    5   54   10   61   13   44   97   47    2   45   69   83   85   91   17    7   85   10   69   46   25   64   83   64   65   82    5   90   76   47    5   82    1   48   23   98   48   40   92   30   42   76   37   12   97   87   12   80   74   77   83   36   61   57   14   97   58   13   36   30   82   87   19   67   75   11   72   60   99   25    4   89   86   69   51   51   36   44    9   63   30   94   46   21   13   46   53   44   35   97   84   23   97   28    0   98   30   58   44   85   83   92   92   12    3   90   93   81   32    1    8   59    2   55   40   22   62   46   77   24   86   84   36    4    3   77   49   23   83   76    8   87   67   89    0   40   39   10   22   81   79   30   82   91   10   19   33   30   80   58   59   52   95   62   81   71   56   48    9   92   27   65   20    5   17   94   31    9   79   94   30    4   59   45   65   50   82   35   68   22   54   34   10   37   25   23    4   42   90   62   46   29    1   91   91   84   24   92   98   20   74   91   80   34   38   34    5   40   36   57   75    7   80   94   41    6    8    9   79   56   85   27   76   42   10   49   35   41   78    1   43    6   81   41   90   63   70   70   48   48   89   42   76   50   98   96   58   47
  79   85   22   96   90   29    2   35   91   74    3   70   33   23   11   62   68   48   19   91   89   98   37   14   66   18    5   36   79   85   52   99   92   65   74   87   88   39   86   28   30   13   31   14    7   39   91   10   49   19   81   91   41   73   57   22   64    9   42   36   22   11   46    2   75   81   71   94   81   50   62   85   21   41   11   95   52   78   29   83   27   19    8   67    0   99   33   90   89   94   90   98   24   40   10   18   84   25   53   54   64   75   85   36   66   21   82    1    9   32    9   22   33   93   39   91   72   28   52   35   60   27   94   34   99   39    8   22   32    4   20   77   78   20   99   85   78   93   31   56   89   54   22   20   12   43   91   45   17   80   76   35   35   32   49   98   68   54   67   73   74   64   32   62   37   53   67   21   97   26   66   88   71   62   70   74   62   94   15   23   52   99    6   29   45   23   50   15   96   72   31   57   19   95   72   21   94   33   63   19   95   34   99   38   98    2    4   28   96   85    7   11   11   74   81   14   73   68   19   16   43   71   65   22   41    2   49   41   38   12   32    7   11   66   65   57   94   73   94    8   30   24   76   60   97   82   74   40   84   47   58   34   45   73    1    7   76   88   64   91   72   29   58   75    4   47   52   39    0   17   85   98   63   74   78   84   72   54   78   53    6   85   81   42   14   98   91   68   55   54    4   87    0   21    5    4   21   40   80   16    6   12   90    4   28   86   73   44   90   30   52   90   81   27   18    2   14   69    4   17   79   88   26   77   13    9    3   88   51   22   12    1   48   18   82   23   77   37   68   25   29   63   33   38   92   45   69   68   55   55   90   23   93   87   28    5   21   55   85   39   40   79   86   99    7   59   37   41   11   50   44   48   81   73   16    0   28   82   95   48    1   51   72   83    9    2   95   92   79    5   28   40   81   91   55   90   50   31   69    6
