   8   77   65   43   43   85    8   69   20    9   52   97   73   76   71   78   51   12   83   45   50   37   18   92   78   64   40   82   54   44   45   22    9   55   88    6   85   82   27   63   16   75   70   35    6   97   44   89   67   77   75   19   36   46   49    4   54   15   74   68   92   74   36   96   41   32   90   37    7   46   79   18   46   12   68   47   33   22   56   66   94   43   16   83   62   70    9   31   76   83   43   80   84   38   89   28   23   68   63   13   83   19   80    0   79   78   78   66   47   70   27   78   55   45   50   56    3   13   24   11   43   66   65   47   85   56    7   76   57   63   56   55    9   55   79   30   60    3   34   43   98   21   27   40   99   85    3   23   82    5   85   28   91   29   43   66   12   55   50   78   99   66   40   40   41   81   32   16   33    2   10    9   77   72   69   46   71   16   90   50   93   15   49   69   49   44   16   38   23   30   68   63   60   36   95    8   34   11   33   96
  36   90   49   69   45   26   76   96   26   77   26   71   78   44   73   27    7    9   44   90   12   45   70   20   72   30   80   57   54   17   46   85    1   75   49   71   66   43   30   62   14   58    9   64   62    8   75   41   78    4   17   49   18   32   66   14   67   10   17   58   79   17   29   92   98   58   44   34   61   59   29    2   15   95   41   48   46   78    6    8   27   48   67   49   44   93   16   57   54   47   80   26   95   33   54   52   84   43   28    2   36   82    0   89   54   14   30   55   31   10   66   67   11   28   24   65   73   72   93   76   32   10   61   91   97   23   23    3   14   55   54   37   30   82   46   80   96   31   20   95   63   29   62   51   90   25   99   93   18   16   53    4   29   43   96   99   15   89    9   74   84   89   22   89   11   51   46   31    2   77   33   66   41   37   88    9   73   74   37   26    0   93   94   24    3   12    6   83   89   15   74   17   36   59   71   87    4   19   28   31
  99   77   32   97   49   50   43   14   93    1   17   22   27   13    1   67   96   12   29   50   92   69   76   58   41   19   86   80    2   71    8   73   82   13   43   12   56   92    8   39   97   30   13   48   50   66   31   95   52   28   96   92   49    2   59   55   14   63   84   10   72   14   74   41    0   96   16   59   18   93   73   80   43   46   63   78   84    1   66   10   28   82   25   79   46   23   33   53   76   60   93   86   75   60   28   41   11   37   92   42   11   65   96   86   27   45   53   24   26   23   99   74   84   81   95   10   88    6   47   59   35   14   19   82   31   31   92   14   91   92   59   16   15   28   57   15   45   11   54    2   70    5   19   17   83    5   42   59   51   68   80   39   82   31   98   50   73   87   79   85   53    4   49   18   88   23   22   24   64   57   94   41   28    4    0   37   92   52   89   10    9   83   10    5   40   92   68    9   83   84   80   90   23   97   32   80   57   77   62   64
  61   77   73   13   82   53   32   51   96   85   83   46   78   38   68   63   24   26    6   13   43   47   16   41   60   23   33   36   50   36   73   32   43   37   18   68   23   29   79   94   67   91   85   48   77   32   46   53   96   84   48   65   20   80   55   53   76   63    7   28   17   73    3   20   59   69   50   86   91   13   95   61   63    9   62   72   58    8   52   93   72   13   95   95   16   80   40   59   44   78   99   79   93   94    9   25   72   59    5    9   52   61   16   17   12   56    0   57   47   46   67   52   72   76   92   79   51   49   23   59   13   93   84   11   78   11   72    8   48   65   72   41   92   77   20   67   73   33   73   89   81   76   63   27   79   36   53   31   31   15   96   14    8   93   55   43   73   38   12   72   17   55   94   93   36   78   61   47   13   37   65   98    0   71   84   95   42   11   27   85   87   63   12   12   47   58    3   68   54    1    9   45   72   82   43   29   96   45   31   44
   1   30   51   91   73   78   54   11   39   99    4   87   68   28   77   83    4   10   66   99    2   66   13   65   62    9   68   89   86    2   24   24   45   14   85   77   80   19    1   91   28   65   90    3    0    0   15    5   81   60   98   80   96   23   28   84   24    5   66   80   96   92   12   77   84   69   81   83   44    4   45   20   11   12   69   50   53   74   54   63    8   85   44   15   81   73    5   19    1   27    9   70   52   98   74   61   50    5    7   61    0    4   21   88   45   70   41   17   37    9   77   18   37   98   59   45   54   78   25   63   87   57   44   14   24   94   54   30   41   57   53   69   25   64   44   94   15   14   46   50   69   40   91   47   12   11   97   13   94   27    9   30   61   42   78   61   40   63   97   41   15   40   84   21   94   58   60   31   92    3   29   41   47   47   14   22    9   57   35   56   58   70   54   64   58   65   61   31   24   78   34   54   19   43   52   62   52   36   96   51
  80   73   55   88   12   92   85   50   73   52   26   79   24   31   51   83   38   49    4   11    5    7   86   84   82    5    7   28   56   33   48   17   73   31    6   74   90    1   43   82   70   85   41   37   70   15   23   60   66   11   50   36   50   95    7   99   44   77   42   31   77   68   14   70   75   38   92   64   33    1   67   20   75   52   46   16   71   16   41   83   92   98   95   55   20   83   80   99   65   14   50   44   84   39   32    8   83   75    4   43   47   46   91   15   30   18   24   90   94    4   63   23   19   29   19   49   99   58   72   49    1    8   26   24   84   84   85   63   55   64   40   67   79   76   61    5   72   36   74   53   88   33   93   84   33   48   53   76   68   85   36   50   43   90   30   58   12   85   38   34   58   49   84   53   51   10    2   39   99   91   62   63   39   17    0   33   31   19   25    2   60   92   69   44   42   30   14   59   56    0   41   27   17   70   52   63   71   98   80   62
  87   47   98   76   65   90   51   72   28   96   62   78   46   86    7   11   50   73   80   44   64   55   96   65   41   96   10   98   15   28   82   73   97   74   63   34    0   12   29    4   50   77   96   48   87   98   85   46   32   97   24   41    7   79   64    8   22   55   54   80   26   92   44   82   23    3    5   37   95    4   36   10   93   67   76   71   65   77    0   86   73   73   39   80   38    4   90   23   10   62   23   85   44    0   95   51   26   67   53    2   75   40   69   89   61   67   25   23   41   85   52   34   77   85   90   29   70   59   44   39   11   27   54   88   86   18   67    8   67   34   44   71   42   80   53   99   63   29   77   40   53   13   11   57   18   99   85   70   73   59    6   39   49   91   21   49   34   13   10   36    8    6   35   20   55    1   30   45   96   63   88   34   44   42   88   95   96   75   50   54   98   28   34   89   38   23   56   32   89   90   30   52   98   74   21   59   61   65    2   29
  85   24   29   32   17   15   34   87    0   28    6   56   25   79   58   78   63   43   86   47   94   99   58   67   25   81   67   90   26   78   47   18   17   56   31   10   42   65   31   95   77   51   93   43   13    3   93   95   73   10   29    4    5   24   57    6   98   45   26   51   79   31    4    5   85   11   63   38   77    6   89   69   44   20   97   30   49   39   23   41   15    0   28   11   41   86   16    0   11   50   27   48    2   33   41   43   55   78   46   84   52   26   22   32   59   24   91   47   86   68   33   22   74   33   24   93   48    4   49   46   86   71   19   15   60    4   31   13    2   91    8    0   93   18   81    3   15   11   70   62   47   24    8   56   23   59   68   84   49    0   28   85   53   61   45   16   89   77   99   85   29   25   24   91   55   45   96   60   90   98    7   36   73   81   14   31   54   79   11   60   29   21   51   41   63   31   82    7   86    2   73   34   38    1   70   16   65   72   84   70
  30   73   82   31   12   89   14   59   23   12   77   14   67   69    6   17   79   50   12   99   26    0   92    1   55   99   57   58   38   12   57   89    9   88   41   53   16   62   18   27   72    5   44   59   13   29   34   66   97   83   18    1    5   59   15   23   84   87   83   25   61   61   18   55   52   39   75   67   53   72   76   56   26   75   71   98   14   41   92   51   94    1    3   79   35   52   42   40   93    9   77   88   65   39   16   68   46   14   35   96   26   17   68   19   91   85   98   91   24   21   34   46   87   73   64   87   64   37   41   51    8   74   65   73   53   78   94   56   44   10   77   90   69   86   86   79   50    9    0   20   43   74   45    2   21   97   98   37   80   71   93   88   62   39   62   31   34   60   57   58   38   40    1   60   57   93   50   46    6   19   33   37   36   39   76   13   33   16   30   68    4   33    2   95   72   24   19    9   47   75   58   88   34   27   47   20   97   18   47   52
   5   46   45   25   12    4    0   48    8   95   24   65   67   49   88   11   23   25   13   29   31   76   30   87   77   90   10   98   61   98   35   95   58    7   41   13   94   30   22   55   42    9   81   84   74   61   40   54   52   16    8   25   45   16   10   85   37   58   52   73   73   29   84   37   83   40   11   76    3   77    4   20   60   94   40   12   23   89   72   10   38   26   17   84   61   17   65   41    6   44   18   24   87   71   13   85   57   87   74   33   53   53   71   24   33   24   29   16    3   94    7   88    0   77   32   51   28   49   45   52   39   53   82   43   36   13   35   12   18   95    8   48   83   95   14   16   37   55   95   20   16   25   87    3   38   11   15   91    0   32   91   60    7   46   97   40   52   53   66   18   83   98   14   81   81   74   37   46   83   15   82   92   68   34   55    5   93   34    5   79   65   62    5   75   63   79   82   21   21   92   53   43   28   63   75    0   55   99   28   28
  87    6   39   45   79   12   43   15   78   63   49   39   15   92   64   31   41   72   71   46   30   65   65   59    7   47   61   95   52   34   55   17    9   67   98   84   58    4   98   44   28   89   74   74   27   99   45   53   75   65   17   30   36   94   71   36   73   73   39   40   89   56   14   71   58   50   72   90   33   41   18   64   40   34   69   40   46   44   25   12   82    9   32   66   13   65   73   66   30    1   88   32   80   19   16   77   93   86   75   24   91   66   17   12   87   27   76   13   28   28   28   67   91   91   74   20   96   54   54   70   76   95   58   61   74   25   30   62    6   32   71   97   51   39   44   68   54    2   53   40   70   87   96   61   36   44   17   93   84   85   32   32   85   54   70   48   44   63   81   33   80   24   40   91   95   92   31   84   93   97    2   74   99   76   23   76   10   48   62   45   69   24   60   64   63   28   30   25   46   58   36   40   28   21   65   81   29   86   57   16
  36    0    3   33   45   79   13   83   23   13   69   77   60   11   11   39   45   99   28   19   94   15    2   42   40   61   87   93   28   98   63    6   93   13   58   79   24   27   47   88   22   66   45   11   71   83   57   17   15   42   50   55   24   50   29   68   79   65    0   99    2   99    3   51   10    9   68   72   11   97   32   31   29   46   17   42   20    5   36   67   76   35   32   78   68   83   90   82   93   41   39   32   23   74   71   80   16   49   22   89   26   14   56   87   91    9   32   15   30   53   28    6   51    5   22    0    8   43   85   77    9    3   33   65   74   82   34   16    2   14    6   86   26   82   55   53   45   81    4    9   42   39   54   73   58   25   32   75   20   50   53   75   71   46   30   36   41   21   62   20   64   75   96   11   75    8   33   17   16   17    4   82    6   39   69   99   85   13   98   65   17   44   91   39   18   87   95   97   95   87   45   19   61   22   47   65   94   28   25   73
   0   56   74   55   38   82   37   71   46    2   53    4   93   60   37   48   61   26   28   41   25   75   10   82   34   56   15   38   75   27   13   52   16   31   45   56   63   67   84    6   36    0    0   21   59   89   77   64   77   17   83   89    9   46   83   47   84   93   47    5   34   21   47   58   46   19   30   67    2   21   89    9   41   20   10   42   52   17    7   13   65   86   18   32   34   36   24    5   52   35   34   26   92   61   41   20   80   88    3   92   69    9   75   10    5   11   45   61   40   12   19   85   96   75   10   81   69   52   14   99   44    4   20   40    6   32   46   94    8   57   91   80   92   17   80   97   32   49   53   49   28   97   95   38   80   39   79   58   47   12   65   32   21   19   98   10   79   86    3   58   57   35   66   40   43   43   80   63   37   92   80   93   73   39   77   32   27   45   96   56   38   46   29   65   35   55   36   32   97   34    7   37   53    9   30   16   50   72   96   38
  86   21   78   56   75   75   53   25   52   82   97   92   18   59   10   66   99    5   65   94   84   39   10   92   92   57   97    0   61    3   93   68   91   56    8    2   33   74   15   85   23   49   20   46   45    0   56   78   93   33   88   87   98   37   85   56    5   27   67   16   43   77   14   49   21   53   24   96    7   96   79   85   85   18   93   59   96   87   57   37   11   10   38   81   50   48   24   56   63   98   72   60   91   42   93   36   12   41   12   11   88   79   22   83    6   28   70   30   73   87    6    2   94   52   50   46   43   69   57   16   62   66   11   37   79   61   13    4   58   46   96   52   93   21   44   13   57   18   49   34   18    9   51   94   19   40   22   80   41   97   24    8   58   65   99   87   88   63   35   42   13   43   36    3   20   53   36   99   47   95   66    4   20   70   54   30   52   90   38    4   31   93   76   83   91   11   28    5    0   83   93   15   72   53    6   91   87   56   70   39
  79   44   98    6   17   96   28   31   79   18   51   28   19   96   19    9   67   86   12   70   54   83   12   97   61   84   36   94   62   12   92   79   30   54   38   54   96   89   21   97   43   70   76   48   45   45   86   38   27   36   19   39   11    8   72    7   56   77   72   44   19   93   83   61    8    3   31   15   86   20   28   97   81   21   38   51   66   93   87   97    4   23   56    4   35   15   93    6   14   19   14   56   36   91   26   53   66   62   79   20   50   80   86   61   65   86   62   94   12   34   11    9   47   22   40   43   62   94   84   37   32   77   12   54   42   18   61   32   18   65   17   67   16   43   80   22   76   72   90   16   71   93   76   18   82   10   58   49   53   51    3   50   93   43   27   99    9   48   51   47   92   42   97    6   73   59   24   22   71   63   61    5   59   98    1   46   49   89   28   47   71    6   80   82   71   64   74   78   90   42   45   63   19   85   77   63   30   34   43   66
  77   67   92   96   70   37   59   42   62   81   36   50    4   73   48   45   53   21   59   74   34   13   38   19   37   62   11   74   22   89   73   27   56   11    9   95   80   15   28   19   39   29   32   52   18   88   72   76   16   70   83   17   75   35   78   47   80   14   38   27   24   30   38   12   70   55   82   70   14    6   42   48   24   78   58   74   10   81   20   44   43   82   27   24   33   36   18   17   23   46   34   39   71   24   90   75   17   31   18   27   36   13    1   43   70   30   86   36   90   23   53   76    5   93   36   49   62   64    2   86   62   99   47   61   44   88   83   90   50   79   35   46   76    8   71    1   58   47   46   49   49   40   45   56   76   55   64   83   98   10   71   22   19   79    6   84   77   99   66   87   11   88   16   31   12   40   74   26   82   60   62   93   43   34   99   55   61   29   21   16   22   19   74    5   62   94   76   40    5   83    0   68   67   19   73   17   22   81   97   26
  92   91   76   14   29   67   99   81   42   23   96   27   34   96   56   26    0   42   98   43   69   25   77   77   60   77   57   37   73   83   84   21   67    0   57   57   36   99   88    3   20   20   89   51   72   80   76    8   14   39   33   74   15   37   23   18   17   19   56   41   43   47   74   86   52   64   73   69   13   98   16   41   65   40   24   92    7   24   99   72    8   75   96    9   41   46   13   20   17   18   40   46   23   28   19   79   21   90   53   80   63   26   60   27   11   25   27   13    2   94   51   40   92   22   40   84   63   39   25    3    8   16   78   63   43   78   16   21   39   91   61   85   24   84    7   22   52    5   85   86   54   30    9   61   53   75   60   12   12   78   15   93   10   72   97   44    5   87   18   52   98   74    4   82   16   74   62   28   42   11   98   23   30   50   67   50   50   58   85   39   83   78   96   91   79   24   77   73   28   67   25   52   79   18   33   79   45   96    0   72
  81   91   15   98   39   35   35   63   65   47    7   98   22    9   59   41   61   87    9   28   51   78   60   38   61   97   48   88   77   30   24   77   20   33   23   60   29   65   93   82   94    2   45   22   91   71   32   56   60   49   47    5   45   34   81   86   75    3   84   39   41   94   86    5   35   74   53   25   52   86   22   74   73   88   29   21   54   53   40   77   79   24   79   23   40    2   34   95   44   71   10   63   37   74   92   53   10   47   12   44    6   64   31   20    1   88   83   81    5   34   97   57   12   14   26   97   16   90   67   92   82   33   82   16   29   21   13    9   18   12   38    7    6   98    8    7    3   13   52   82   73   58    8   77    3   63   40   88   30   63   43   52   93   71   41   44   70   34   16   46    6   16   42   79   78   26   42   15   75   24   79   84   68   33   95   68   64   85   88    7   88   76   20   30   75   21   45   68   65   90   11   29   98   56   24   28   33   55   28   62
  44   61   15   62   92   13   32   69   61   67   55   68   60    7   75   44    5   40   43    8   99   22   33   44   83   74   77   23   84   82   46   54    3   76   96   47   54   49    8   61   72   92   92   49   95   52   64   60   99   73   12    7   40   51   66   48   51   92   33   49   55   46   96   96   51   45   58   18   42   21   14    9   58    0   64   43   36   76   53   73   70    3   21   56   97   15   10   94   96   16   40   62   19   32   39   64   30   41   28   75   15   23   24   90   94   50   15   75   49   84   35   99   80   22   72   28   34   25   68   26   63   58   75   99    0   99   10   52   34   63   72   85   40   93   32   20   37   52   66   83   22   30   93   43   24   98   44   98   91   90   58   79   96   26    3   32   63   54    8   56   17   50   57   63   41   40   67   74   80   33   42   33   52   12   43   18   53   85   98   44    5   22   10   75   98   55   17    2   97   31   11   17   25   65   89   27   68    6    1    5
  92   58   80    2    2   84   10   15   51   60   22   44   67   44   38    7   45   80   62   89   12    1   54   17   59   90   33   54   68   15   89   20   80   65   14   72   19   59   95   95   87   49   55   30   92   47   77   35   74   22   73    4   10   35   48   71   35    1   32   43   54   64   24   61   63   77   52   81   22   71    4   10   86   47   62   60   69   24   17    4   86   22   57   45   16   41    8   17   13   82   56   92   43   20   60   92   53    1   30   92   51   95   50    1   87   76   71   97   19   90   23   97   19   55   78    7    6   84    6   61   93   61   48   41   63   57   50   15   66   73   70    7   70   72   18   84   52   47   72   50   54   31   92   96   13   73    2   36   96   17   37   21   72   46   59   94   52   73    9   21   94   85   65   37   19   85   78   24   58   61   47   92   12   25    9   69   64   98   54   15   45    8   67   67   85   33   31    7   41   47   75   75   14   28   51   33    2   84   73   52
  31   84    3   44   80   95   25   65   18   11   35   88   68   48   28   14   27   15   18   68   13    4   54   28   45   13   20   44   69   41   54   52   26   27   42    3   68   61   30   37   32   65   75   10   41    1   45   24   33   45   32   39   76   81    0   37   84   53   20   59   14    2   63   51   75   34   85   42   73   10    9   78   83   94   32    2   97   60   24   76   90   28   76   78   50   63   26   92   98   98   73    4   36   44   95   54   53   14   79   33    9   98   19    1    7   45   10   84   51   32    0   47   15   97   29   47    1   13   20    5   72   94   98   26   78   50    4    9   54   42    0   93   73   50   98   97   97   25   88   50   72   85   16   44   12   27   41   85   86   38   32   53   91   97   22   18   70   30   19    3   40   39   56   20   71   68   46   18   50   67   37   26   50   35   40   34   30   71   46   46   65   36   10   85    5   57   26   21    4   90   42   34   74    3   56   49   55   12   95   23
  67   74   34   13   29   80   90   93   22   60   15   71   41   71   68   99   48   34   52   16   11   51   82   53   78   17   44   61   34    1    7   92   60   26   25    3   94   10   75   24   33   27   82    3   35   27   27   19   91   37   41   38   98   33   34   32   32    8   60    2   22   20   29   75   59   99   35   92    4   50   79   53   93   31    3   77    6   76   73   84   47   89   16   43   12   76   71   80   76   30    6   92   49    9   92   99   44   77    3    9   27   65   13    3   66   77   73   79   80   60   51   85   34    9   75   27   97   41   85    4   65   44   46   26   97   39   85   42    4   87   18   27   86   89   91   42   75   32   74   50    5   41   46   25   37   50    4   15   76   35   60   56   55   41   48   82   96   25   66   96    0   78   49   96   57   83   16   14   92   52   55   16   22   81   30   58   31   26   16   92   94   11   35   56   38   72   26    5   33   59   18   81    1    6   50   51   29   25    6   66
  37   11   39   93   26   89   25   18   26   32   12   58   33   71   49   44   47   15   71   10   72   99   76   45   31   87   25   48   77   92   92    8   89   11   58   92   65   94   34   31   32   35   68   45   73   41   30   19   55   89   85   25   47   70   61    6   59    3   11   65   10   33   58   65   44    9   79   94   88   74   40   87   48   13   85   32   93   36   86   53   46   29   83    6   46   36   54   25   66   38   18   19   69   26   30   62   32   38   24   34   69   53   99   77    1   37   28   58   26   96   29   52   12   90   91   79   35    5   71   42   99   69   53   98   80   45    1    9   44   56    3   12   70   75    2   50    8   72   83   86   59   62   92   61   44   75   59   84   52   86    4    3    9   55   70   21   15   86   75   64   48   42    2   18   89   33   70   70   30   20   69    9   49   88   71   76    8   19   27   29   19   97   16   70   58   61   21   30   60   29   69    3    7   72   61    4   89    0   95   72
  98   94   31   75   21   47   24   48   87   43    9   32   78   52   56   43   29   59   63   89   61   99   82    7   39   38    0   18   76   35   14   28   27   17   10   76   82   49   61   91   84    3   95    6    2   40   74    8   29   26   39   98   33   20   12   19   13   57   42   49   83   58   15   37   31   82   30   13   73   42    9   68   21   86   83   36   55   56   65    6   32   17   69    6   51   72   94   28    0   72    0    6   99   86   70   83    7    8   30    2   88    5   54   85   73   23   47   54   76   42   28   79   88   48    2   50   88   98   40   15   57   83   94    5   29   47    9   88   11   66   91   68   76   26   82   41    6   36   34   52   26   46   42   32   69   30   76   25   86   36    4   14   80   87   21   60   57   13   45   69   96   84    9   23   43   15   57    0   11    4   29   76   17   98   26    4   33   74   10    7   84   59   34   75   84   35   56    1   30   59   19   99   97   25   39   18   50   12   39   55
  61   59   22   79   69   75   46   89   38   80   20   24   52   55   74   29   87   32   53   93   53   68   90   97   49   41   19   53   91   48   34   10   38   23   97   52   13    6   85   93   76   12    9   19   75   76   83    9   15   90   92   72   10    6    5   69   84   63   26   75    5   82   89   71   87   58   46   32   92   69   19   95    5   58   19   66   41   43   67   75   38   99   49   16    0   20   69   53   33   48   83   57    5    4   48   40   85   58   75   58   34   65   62   72   18   64   28   79   79   62   94   53    2   60   77   10   10   27   84   52   97   87   55   67   33    9   39   59   18   22    1   73   89   82   37   59   96   59   29   33   72   44   83   86    3   72   36   51   26   36   33    5   78   14   37   19   16   37   91   94   38   50   98   23   94   10   22   33    3   81   85   38   83   77   80   80   57   11   92   60   90   95   18   40   19    5   96   92   93   88   64   52   99   55   64   21   74   81   67   49
  19    3   62   68   77   95   49   82   71   27   84    5   59   94   65   93    5   53   78   64   88   46   68   41   87   11   25    9   70   23   31   83   36   14    2   22   91   54   99   21   35   16   39   56   80   36   77   62   29   91   43   15   96   91    4   90   94   82   25   63   53   62   61   63   51   69   52    1    3   95   90   58   17   78   14   37   32    1   80   50   31   50    0   43   51   33   83   24   13   52   88   37    4   96   44   17   61   31   93   29   55   54   24   49   10   64   75   95   32   28   54   69   99    2   23   26   25   46   87    3   81   61   61   67   11   74   24   51   67   60   32   39   47    4   72    9   45   65    8   99   37    1   65   55   64   75   47   82   37   54   15   61   26   69   80   85   92   12   13   92   38    2   28   83   35    7   72   19   35    0   60   44   86   33   20   16   20   45    8   40   85   76   63   89   78   65   86   12   81   29   73   91   49    8   37   40   93   94   56   95
  43   41   83   66   52   45   70   75   49    3   10   14   46   61   80   23   78   66    5   35   30   88   92   81   52   49   31   77    8   27   13   49   29   19   37   86   55   82   91   90   35   87   90   95   35   22   58   93   90   57   14   42   71   56   34   34    5   28   66   24   99    8   58   49   83   88   54   63   69   52   18   42   24   46   61   20   24   82   37   19   71   71   82   75   99   57   28   86   26   29   82   88   33   72   92   79    0   66   16   84    6   99   17   42   23   81   39   74    6   45   91   92   20   39   40   56   53   10   76   22   31   84   68   39   91   39   56   24   18   49   56   80   39   89   60    7   73   57   38   46   30   61   56   44   28   39   49   47   30   58   22   50   12   47   78   81   69   74    6   34   65   80   58   85   27   15    8   58   66   28   78   73   36   23   74   67   17   25   48   51   16   94   38   38    6   87   23   98   49   87   17   16   80   81   54    3   94   39   93   87
  85   68   67   53    2   38   73   81   55   70    2   46   50   89   31   22   35   17   55   64   80   97    7   24   30   24   82   13    2   86   96   22   33   50   52   99   40    1   42   55   51   51   92   80   25   35   66   41   42   16   25   74   84   78   30   13   15   39   51   89   89    0   70   29   19   55    3   33   55   27   59   46   79   18    5   52   25   70    9   57   98    9   30   84   53   17   21   76   86   36   47   78   17   20   77   18   77   49   99    3   94   22    3   72   53   83   10    8   56   88   40   79   90   86   50   69   52   67   56   52   43   65   75   91   61   10   58   31    2    7   59   94   50   44    8   67    5   84   81   99   28   16   29   79   21   88   15    4   21   75   60   35   65   64   55   51   10   25   52   13   47   11   78   10    9   63   22   35   31   21   76   69   23   68   71   53   57   93   45   38   53   83   70    7   45   73   22   98   80   84    8   57   52   62   85   35   53   67   75   77
  33   99    0   49   60    6   45   59   60   11   27   24   63   32   57   73   79   18   90   16    2    4   20   87   20   69   41    3   44    2   47   55   52   28   76   59   25   43   10   92   75   28   67   67   60    5   87   95   97   98   92   73    5   46   24   21   83   81   52   73   12   22   86   45   54   46   20   82   75   68   35   64   95   64   49   27   52   37   61    4   19   78   38   43   54   43   75   24   75   20   37   58   88   23   58    6    7   76   71   37   62   38   27   43   31   81   41   32   53   75   27   93   46   66   95   43   19   74    0   45   97   41   68   52   21   31   52   10   41   41   83   12   84   41   65   55   29   93   22    3   75   62   89   45    1    2   43   24   92   11   88   21   11   27   14   40   33   52   53    0   12   16   19    9   31   54   30   32   46   54   33   22   40    2   49   94   39   10   70   12   19   14   88   98   56   61   64   61   54   98   73    8   39   97   40   20   86   62   56   42
  12   38   43   93   30   14   42   99   48   37   66   64   29   96   59    5   40   92   39   56   61   70   87   14   51   53   15   67   11   45   33   15   82   24   25   85   87    3   27   70   77   99   55    0   87   16   12   67   60    5   16   58   25   68   41   58   47   36   34   69   51   59   57   20   91   56   71   88   92   66   78   47   73   32   71    8   91   24   65    1   15   98   83   22   13   81   99   16   66   28   74   41   12   32   53   79    2   95   64   87   93   15    9   77   18   14   46   91   79   51   19   33   68   15   52    1   32   24   68   91   14   79   65   96   91   10   74   59   11   25   92   54   33   32   83   28   15   57   99   18   25   46   19   65   25   12   26   93   93   50   40   81   19   65   68   71   21   71   61   87   17   61   82   27   74    9   71   60   19    6   74   24   49    6   96   54   93   16   20   61   60   79   92   82   14   30   91   54   86   56    4   47   82   65   13   21   85   97   75    9
  61   82   64   59   46   24   28   74    6    8   39   77   65   58   53   11   33    7   75   75   25   29   31   88   48   76   44   69   52   27   87   70   76   94   24    9   58   32   43   23   39   39   35   74   59   47   11   57   17   31   41   14   38   26   84   85    0   60   64   37   46   78   37    6   37   25   38   23   14   98   12   70   71   61   91    0   30   18   57   63   89   37   23   92   67   76   44   44   38   74   21   97   17   46   31   64   68   91   78   24   20   88   48    9   82   64    2   78   60   61   86   49   46   61   19   15   84   21   50   26   23   59   80   44   13   24   16   88   31   37    7   44   91   40   65   18   14   73    6   44   31    1   53   96    6   81   53   72    9   86    1   90   65   33    0   61    8   60   77   26   23   22   22   11   24   65   30   78   81   76   53   31   92   20   46   45   74   54   79   91   39   87   16   91   17   85   39   96   12   46   90    4   26    8   32   39   61   25   15   16
  93   95   22   19    5   95   70   76   29   64    5   67   57   33   71   64   43   18    2   93   28   30   68   25   37   71   59   65    0   45   47   63   15   15   76   67   81   27   99   27   65   16   91   33   80   33   79   45    6   19   68   19   27   54   25   12   62   68   73   94   12   42   23   90   53    9   69    4   27   72   50   76   57   84   56    5    7   77    3   37    1   30   59   17   46   99    7    6   27   82   40   63    3   73    6   71   14   85   29   18   33    0   16   59   30   35   80   12   39   18   48   33    4    7   85    5   78   91   46   31   77   98   12   96   94   14    5   71    7   60    6   69   23    9    6   18   54    7   80   60   29   98   65   67   17   71   55   98   47   67   34    4   12   86   73   36   69    0    3   50   62   93   75   25   81   49   82   17    2    5   99    8   93   72   14   86   14   14   57   28   29   19   60    2   24   55   48   69   21   64   75   38   25   55   57    9   56   15   56   93
  53   76   30   92   81   91   74   64   52   92   84   41    8    0   23    6   21   10   98    9   62   35   17   70   97   79   97   59   67   14   85   74   25   35   61    1   81   28    7   33   83   27   53   81    3   75   28   69   18   13   78   80   98   67   46   19   29   64   34   48   16   43   23   11   13   51   36    9   51   16    1   13   44   95   24   28   24   35   71   32   65   89   94   56   71   91   78   29   13   11   88   55   29   34   28   80   61   87   30   47   12   97   51   55   41   27   94   48   67    3   27   80    8   10   80   30   27   56   19    4    0    7   15   69   29    7    1   47   84   33    6   22   49   18   97   76   34   95   32   14   93   95   31   59   17   64   69   70   56   70   55   81   17   48   41   53   14   32   95   10   63   66   47    3    3   27   10    9   16   19   83   63    3   62   13   42    3    9   13   43   46   35   62   72   72   57   54   49   23   48    1   96   37   75   95   49   86   47   13    2
  13   94   47   31   44   25   87   99    8   71   33    4   92    6   20    2   47   59   32    7   11   93   80   93   53   54   78   61   43   29   48    6   19   73   86   10    9    8   79   31   32    1   97   43   79   70   14   80   55   60   20   84   93   40    9   84   88   50   57   22    6   94   48   27   69    2    7   24   45   36   18   35   33   52   56   88   80   29   90   52   18   34   74   82   37   15   19   10   69   50   45   67   82   79   13   58   88   77   32   39   89    3   52   11   89    3    2   32   20   49   29   35   56   56   93   48   56   67   17   66   86   31   17   34   27   58   86   59   12   31   68   33   58   69   32   64   39   13   37   44    0   89   52    3   86   85    1   16   36   50   72   42   61    1   65   91   52   45   29   95    3   28   13   86   48   92   66   55   51   20   56   68   96   54   93   94   52   43   14   26   87   13   39   69   24   97   64    2   24   74   86   92   85    7   72   11    7   69   47   64
  85    6   52   83   44   52   49   90    4   87   81   81   41   51   36   25   87   50   72   10   78   65   99   13   54   51   53    5   47   29   61   23   43   62    6   78   71    5    6   85   28   86   49   34   27   65   10   40   34   15   35   52   67    8   87   87   69   92   42   82   72   56   17   55   90   98   44   24   74    7   15   56   99   32   44   32   44    0   59   59   31   26   76   18    4    4   88   36   10   87   14   33    2   67   69   75   26   32   93   82    3   69   81   55   63    0    3    3   15   99   63   78   29   93   19   90    3    2    7   79   25   45   47   78   34    0   38   28   73   75    9   79    7   61   38   30   48   31   79   96   81   43   50   44   79   55   46   40   37   55   68   43   80   82   42   90   17   93   29   56   28   44   34   70    8   83   90   56   54   69   19   74   21   67   30   74   79   20   61   49   29   58   99    0   95   85   52   61   36   12   57   81   23   71   74   75   34   39   41   85
  90   41   96   57   38    0   61   64   96   71    2   56   74   49   42   80   61   68   46   27   51   95   60   70   12   98   24   97   44   91   89   75   91   60   84   17    7   54   80   76   52   52   60   86   84   10   59   38   79   50   99   43   67   10   93   15   37   83   96   48   48    4   97    1    2   47    0   16   62   70   29   79   60   22   71   59   81   15   23   30   34   88   73   54   54   88   44   22   13   33   65   47   42   48   97   99   16   11   24   85   45   86   64   55   28   34   14   51   28   29    3   79   93   49   53   92   51   62   42   51   52   71   60   50    7   90   88   18   29   97   32   81   78   86    1   48   56   83   22   30   17   76   99   14   23   30   88   44   28   32   59   38   14   82   42   25   72   74   15    7    4   76   62   79   62   40   58   72   39   91   89   80   99   39   11   48   74   77   38   29   44   80    6   32   22   80   46    8   26    4   47   99   56   86   74   88   31   95   23   43
  68   28   26   13    0   50   98   22   44   93   77    0   50   14   24   24   61   19   25   22   35   65   39   32   51   61    1   89   91   60   57   69   44   36   35   15   84   32   28   96   50   62   24   27   72   45   14   83   40   66   34   56   77   88   20   67   91   64   14   18   20   10   75   96   51   59   77   41   47   58   30    6   56   82    7   21   26   80   50   53   64   27   71    3   11   81   65   17   43    5   67   75   27   35   23   38   27   24   43   85   76   29   94   21   91   30   54   20   76   31   87    8   50   15   88   41   67   87   53    5   22   21   91   90   47   89   24   67   39   24   25   41   33   21   33   12   96   37   10   57   88   35   84   61   73   29    3   34   92   79   78   87   37   32   92   57   29   27   87    5    6   73    0   17   99   42   72   48    9   18   76    9   59   34   37   95   60   61   35   38   68    3   23   60   62    9   78   54   23   75   99   42   28   29   59    4   48    2    3   43
  74   88    8   24   42   57   98   68   53    6    8   15   66   33   24   67   81   43   88   73   71   86   18   75   95   99   57   75   88   85   89   83   38   73   41   80   81   93   58   47   16   63   56   51   67   85   14   43   72   81   77   79   85   96   60   24   56   70   10   75   54   93   21   90   44   57   66   57   90   16   72   97   22   25   47   72   95   79   79   44   64   21   46   18    2   85   80   51    1    9   11   71   20   25   86   87   76   30   57   20   85    8   74   51   75   45   15   75   63   46   37   34   48   26   28   27    1   92   23   16   15   98   47   32   40    8   31   24   80    5   42   79   83   51   22   33   22   66   29   63   65   93   37   96   40   68   66   81   46   79   35   49   49   70   61    7   80   75   10   96   66    8   49   83   27   93   41   22   35   52   68   92   19   96   52   12   92   34   62   69    1   22   68   32    0    2   82   15   10   56   11   65   54   64   49   77   64   41    1   27
  13    1   27   20    7   31   50   17   27    2    5   15   45   66   78   62   61   93   25   79   93   56   84   13   87   56   22    6   71   43   31   39   99   42    7   27   14   68   80   84   63   76   41   62   10   53   55    3   54   72   36   54   28   27   12   32   80   93   63   62   61   47   42   62   78   41   56   47   28   29    7   43   71   68   98    3   76   79   43   28   35   68   86   64   51   65    7   60    4   95   88   50   37   73   63   70   51   23    7   28   52   42   50   27   93   36   84   39   44   60   26   21   37   80   14   43   67   70   43    8    1   46   81    2   88   67    0   34   22   94   55   32   27   56    0   25   16   62   66   46   14   37   84   20   16   11   81   11   58   99   64   41   20    0   15   95   14    1   81   41   35   71   52   91   46   71   87   46   28   97   22    3   57   98    8   84   83   92   42   25   51   14   84   66   48   51   71   52   83   92   94   62   74   31    3   40   87   13   54   19
  42   14   73   81   75   70   23   53   10   37   50   66    9   81   45   88   52   54   69   81   15   51    2   47   81   86   28   38   55   39   17   30   40   51   92   54   38   66   77   43   48   21   86   86   17   34   27   92    6   20   31   56   24   53   74   82    9   13    9   90   65   53   79   58   23   51   70    3   60   49    6   26   44   34   29   64   40   49   79    9   35    7   92   18   81   19   32   60   83   17   21   88   32   20   74    9   86   87   85   29   11   42   33   95   63   94   75   71   11    6    4   59   20   98   13   94   66   10    5   39   33   31   52   12   12   69   99   27   93   34   33    9   42   49   66   15   18   43    6   14   62   95   57   14   99   52   71   19   57    7   62   20   90    5   65   13   68   49   96   65   37    8   59   44    5   58   20   23    0   37   21    7   43   22   13   46    6   99   47   99   88   97   54   42   71    8   84   32    0   23   24    1   66    9   84   45   71   33   13   18
  64   71   26   35   94   85   41   24   30   53   56   18    6   49   79   15   40   16   24   61   28   26   99   17   18   92   55    4   42   56   25   54   64   25   81   45   96    8   32   72   89   22   98   19   41   31   42   90   73   79   25   94   43   65   69   66   60   48   64   90   38   51   18   35   77   64   21   54   81   12    6   39   65   31   82   84   53   37    4   82   89   44   51   75   69   13   67   92   75   48   52   25   66   24   34   26   33   36    8   71   44   94   18   66   17   54   49   44   65   82   31   84   18   29   31   95   11   39   42   80   48   96   74   70   75   16   44   58   20   11   13   78   65   28   73   69   81   91   88   18   76   39   40   64   60   41   99   17    9    2   81   40   43   64   43   57    5   15   93   45   16   36   33   27   29   72   10   30   46   54   88   92   29   53    2   61   15    7   67   17   47   10   74   76   57   83   43   18   15   21   20   32   21   59   14   62   33   68   51   90
  43   29   58   65   43   55   47   30   31   90   67    9   96   71    5   72   58   91   48   51   31   32   61   82   89   77   60   50   33   76   31   26   86   58   35   86   96   31   52   48   70   95   54   79   59   88   40   38   42   99   61   15    4   51   80   47   56   79   51   90   63   73   78   62    5   42   14   51   14   50   34    2   12   50    7   85   75   70   17   79   63   39    0   52   79    3    5   38   51   47   42   25    5    3    9   69   78   43    7   41   98   24   49   53   32   43   47   47   71   58    5    0   41   90    3    7   67   45   23   20   66   52   63   28   52   86   31   39   16   63    3   24   71    1   98   40   39   53   63   45   88   96   20   70   30   99   25   29   71   78   12   55   34   61   55   98   93   65   67   89   18   72   77   12   88   69   34   48   48   91   96   80   65   10   91   13   16    6   94   49   23    8   41   72   99   55   60   83   90   27   99   51   93   11    9   88   67   17   89   10
  68   20    7   80   84   10    9   61    2   74   91   75   23   19   68    6   53   44   74   20   76   69   23   35    6   44   26   11   55   56    8   18    8   67   33    7   19   97   25   68   46   18   30    1   74   33   49   15   82   21   56   87   71   60   88   17   96   55   40   25   74   97   69    3   46   73   39   77   70    6   55   17   48   38   80   86   46   53   62   65   63   78   98   82   13   47   46   50   52   71   42   26   45   85   31    2   97   19   60   80   27   34   28   14   15   18   45   53    1   84   67    7   84    3   56   46   50   95   92   27   57   95   72   88   43   28   51   81   92   68   70   51   31   42   49   81   55   79    2   75   50   99   47   47   12   80   70   86    9   21   87    4   50   40   93   85   89   28   58   70   96    0   97   35   12   61   78   12    4   89   93   15   90   90   99   21   57   99   90   60   19    8   25    6   19    7   76   58   51   80   41   40   20   44   17   58   99   53   29   68
  82   47   25   71   18   99   31   35   72    1   20   12   39   55   17   34   77   93    1   62    2   52   87   79   23   25   78   81   28    0   44   61   44   93   81   78    2   85   75   39   58   82   90   55    4   61   68    5   81   20   89   55   32    5    1   74   37   84   23   92   94   10   64   93   32    6   87   47    2   84   67    7   25    1   95    2   79   51   58   81   89   12    1   12   68   56    8   23   53   73   34   94   99   76   45   87   72   51   44   83   55   18   99    6   69   65   58    5   49   89   23   69   85   95   51   31   69   48   62   74   71   24   75   54   93   65   89   97   99   74   59   11   38   47   78   58   43   14   71   43    3   28   87   11   40   51    8   16   94   59   21   16   42   72   73   19   72   89   22    2   95   52   77   32   29   22   21   47   10   84   51   91   50   30   51   15   82   72   14   58   53   20   12   76   26   51   24   65    4   35   54   43   61   18   44   75   33   15   84   77
  68   79   77   74   50    1   59   27   77   46   90   59   55   91   47   37   37   87   75   16   49   37   64    5   71   74   22   15   62   25   94   77   95   53   93    1   28    0   67   51   28   30   64   18   51   61   23   22   35   59   25   37   54   18   56   13   14   23   28    2   96   30   80   90   80   83   10   37   74   57    0   56   80   82   38   23   30   29   34   30   45    4   27   31   15   87   67   91   56   10   90   45   68   38   49   48   28   55   73    2   13   84   56   97   60   65   89   66   32   52   23   33   68   14   67   58   30    4   70   82   73   42   65   41   35   32   21   96   66   17   86   15   59   16   36   65   99   99   89   23    9   90   92   27    1   64    7    4   93   49   11   65   36   53   89   23   64   82   42   97   44   45   88   63   86   79   71   24   39   86   61   28   32   77   17   11   76   28   76   53   99   52   86   85   21   99   74   10    0   27    1   35   99   47    2   49   21   85    9   77
  44    1   67   45   77   61   78   46    0   13   45   39   79   41   86   18   38   75   12   32   75   58   77   51   85   87   97   12   59   11   22   30   64   43   86   29   61   76   98   24   73    8   54   41   95   77   92   85   41   73    3   55    4   72   96   68   83   23   99   55   67   77   63   31   61   65   85   48   50   50   11    9    2   66   41   86   70   14   10   36   92    4   18    2   41   98   68   49   14   35   52   27   70   98   20   25   12   72   46   28   21    7   47   68   23    0   47   67   34   25   15   74   86   76   51   72   39    2   36   70   64   99   99   24    0   27   87   81    9   16   56   66   98   75   21    3   63   55   92   57   50   30    8   87   82   16   70   36   43   84   84   19   30   82   91    7   83   48   59    7   68   67   66   79   94   84   74   98   67   67   54   76    7   50   42   91    7   64   18   88   85   23   87   49   97   72    3   20   40   21   13   97   86   43   21   18   91   33    1   39
  45   62   33   92   64   98   36   65   36   69   74   32   93   85   89   21   71   10   10   97   15   86   43   30    7   67   72   46   80   32   55   28   58   13   47   54   55   44   64   51   28   21   64   93   75   63   92   89   50   10   63   62   27   84   86   33   47   19   17   26   36   27   15   44   62   32   53   27   70   64   96    5   85   34    6   68   17   17   97   22   54   20   12    0    1   47   43    3   34   27   57   99   69   91   19   21   75   31   84   46   20   84   55   80   45   12   68   12   66   41   79   87   40   88   11   10   99   57   45   15   28   68   82   91   40   45   16    8   43   57   10   40   64   81   93   34   39   87   69   27   68   15   44   30   99    3   85   28    3   66   67   14    3   11   40   13   70    7   78   87   71   94   93    4   34   76   33   73   77   99   32   34    2   28   28   45   42   85   77   72    0   47   72   24   42   72   79   85   42   39   38   66   41   40   16   47   23   52   88   77
  47   97   98   44   76   34   87   37   25   13   84   29   81    8   50   42   43   16    7   34   47   79   46   24   26   61   43   90   43   56    6   19   85   34   42   59    5   50   34   14   41   44   18   54   74   26   96   61   77    7   76   33   71   80   25   25    5   60   77   41   16   31   40   91   12   34   63   23   88   90   38   74   75   68   18    4   34   13   29   63   58   20    1   22   45   77   36   28   55    7   22    3   52   44   58   61   39   86   91   11   92   19   24   52    2   36   19   48   81   92   21   54   47   41   63   98   40    6   91   93   32   50   86   50   48   92   82   50   16   43   67   27   53   65    8   56   73   21   54   70    4   64   25   39   64    0    1   44   94    0   78    7   48   43   46    8   75   27   77   65   55   30   65   99   92   91   21   58   39   96   95   86   16   31   71   74   35   13   13   68   45   49   81    1   75   27   93   95   50   31   23   18   99   18   44   47   67   84   55   75
  56   43   15   20   43    4   31   46   47   81   96   72    7   40   72   59   45   43   40   57   17   51   20   68   86   50   38   94   65   42    2    1   22   23   72   50   99   54   90   55   35   71   44   27   47   66   37   70   98   41   29   40   83   17   97   41   84   78   78   90   18   59    9   29    4   68   60   74   17   33   67   82   88    7   40    1   81   12   82   15    1   87   43   42   64   27   69   42   27   39    0   30   59   13   11   65   42   13   74   77    3   20   37   73    7   80   31   12   86    8   12   94   51   46   68   63   61    2   55   27   80   50   12   88   28   27   93   77   85   66   91   11   59   29   39   23   20   44   91   63   34   43   52   24   52   69   24   58   70   51   29   55   79   22   57   68   32   38   88   36   59   14   92   59   76   60   35   34   70   85   12   84   83   10   10   69   84   39   64   99   32   22   99   28   47   44   52   26   67   69   20   48    5   22   98   50   62   88   71   79
  71   49   63   28   89   17   88   87   14   71   98   57   34   87   51   12   24   68   45   21   79   12   21   46    3   38   90   94   87   32    6   81   37   74   11   66   58   92   10   40   98   38   65   16   72   27   57   87   66   47   19   34   84   21   65   48   32   71   36   28   52   75   86   62   66   78   26   25   48   63   64   15   78   36   87   72   98   63   52   18   39   85   38    5   24   59   62   98   93   53   55   80    4   59   47   78   80   65   65   69   58   22   28   74   61   23   87   98   62   22   93   23   43   85   52   24    8   36   67   71   22   15   70   15    6   48   57   24   21   23   34    0    1   37    1   31   58    3   61   62   57   62   80    7   16   31   68   87   91   58   41   41    5   46   51   20   76   81   30   91   10   91   76   22   65   31   79   16   24   30   19   33   60   63   55   18   20   91   25   10   45    0   34   85   26   70   48   35   66   59   31   22   91   16   95   47   99   35   56   61
  33   21   52   66   26   76   63   16   93    4   65   43   65   77   68   65   84   70   81   40   20   23   61   53    7   20   96   72   75   19    6   29   85   50   78   48   49   60   95   43   59   91   37   83   53   87   46   62   32   63   32   60   78   43   42   32   73   59   51    2   11    0   85   85    6    4   78   52   30   61   23   19   36   89   76   19   56   88   95   76   12   24   21   15   17   31   55   39   42   24   15   99   59   22   80   83   96   15   63   98   80   22   89   42   48   55   77   12   53   81   54   27    5   54   70   54   97   60   50    5   55   16   72   16   90   30   43   14   21   92   28   51   98   62    4   35   38   27   24   50   37   29   41   34   22   45   94   50   59   98   61   22   39   48   47   14   10   34   91   71   84   17   41   58   43   41   35    5   85   93    8   41   51   78   98   41   74   93   83   29   81   41    1   75   83   34   45   36   11   99    2   55    1   68   90   64   60   82   97   86
  23   56   81   29   67    2   87   61   74   82   21   45   85   16   82   28   57   50   68   83   34   17   42   61   75   75   33   93    8   11    2   92   18   60   81   76   94    5   40   50   69   62   55   30   10   43   25   55   79   55   58    4   64   43   12   21   78   91   50   97   18   29   93   17   65   21   33   47   35   87   97   50   52    5   23    3   85   22   34   84   71   62    3   56   56   31   74   92   25   33   32   83    7   89   77   48   58   89   76   27    5   65   14    8   98   47   65   21   10    6   35    0   42   32   52   58   30   45    7   30   97   99   48   93   50   12   86   41   61   64   30   73   50   36   29   74   24   12   88   33   64   71   83   62   70   83   94    4   74   17   89    4   24   19   60    0    1   50   97   52   44   65   55   38   58    0   24   67   34    5   12   86   32    2   72   53   45   89   31   57   74   60   20   68   74   12   16   67   11   88   10   97   67   44   26   34   74   75   20   54
  99   25   69   17   83   17   29   45   37   17   64    1   98    5   33   92   15    7   74    7   89   45   86   24   14   96   76   91   31   40   57   44   24   37   60    3   33   29    7   12   49   10   34   56   87    9   43   10   42   48   79   44   93   13    5    0   35   19    9   23   97   80    1   91   20   40   32   40   76   71   59   62   72   18   39   10   70   43   63   56   27   13   97   29   10   30   90   26   98   46   86   65    4   50   41   20   54   10   69   82    9   47   65    6   38   25    3   80   44   75   58   87   99   60   35   42   82   42   51   19   99   65   33   58   40   15   87   88   83   36   25    4   73   32   89   86   12   91   14   49   47   95   65   87   59   82   85   85   41   38   98   75   91   57   92   71   74   17   56   73   76   95   32   30   96   98   17   37   94   19   78   11   17   78   60   55   85   30   50   60   73   33   63   44   54   86   39   66   94   76   98   58   28   99   64   24   31   26   83    9
  73   55    7   61   75   72   52   33   16    1   35   63    3   99   58   29   96   18   95   28   37   42   99   25   97   34   28   63   69   34   13   39   54    4    7   91    3   40   76   32   49    8   79   63   85   86   35    4   34   14   53   14   92   60   25   92   76   43   14   34   58   76   26   74   28   24   44   16   40   35   28   77   33   69   72   66   26   82   23   27   87   33   69    4   61   86   70   58   84   29   37    6   69   72   75   74   12   66   76   20   47   91   41   75   53   65   62   65   77   90   29   92   62   59   32   41   65   36   28   81   41   64    3    7   84   14   79   90   48   88   42   95   23   42   38   78    4   82    2   31   59   14   49   99   82    3   59   59    6   65   52   68   29   25   73   72   16   21   58   82   20   21   80   69   90   78   95   18   27   23    5   77   66    8   19   19   40   45   28   93   21   56   43   38   82   97    0   46   11   43   61   41   30   31   29   32   37   68    9    4
  51   68   25   20   62   38   73   14   12   55   39   72   50   35   15   16   75   22   50   81   89   26   10   77   68   33   59   18   70   72   29   46   33    3   12   95   45   14    4   35   98   38   99   48   76   78    2    0   92   93   13   64   92   95   29   81   64   92   14   60    2   35    1   44   81   65   31   42   36   73   26    9   50   82   47   20    4   94   76   15    7   12   37   81   15   81    0   73   28   96   47   27   24   82   40   35   73   53   66   44    6    0    3   57   51   74   89   17   95   93   61   53   17   17    1   64   43   19   13    6   64   68   63   11    4   10   75   73   29    5   31   80   14   79   46   14   93   51   67    9   37   63   64    6   60   94   78   20   91   68    5   12   92   20    9   45   52   57   65   99   75    2    8    0   39   35   93   36    3   88   26   91   77   88   81   14   62   41   62   74   50   31   91   66   88   23   83   32   46   86   35   25   91   96   31   30   22    2   55   25
  84   17   63   50   61   11   46   62   34   87   52   36    3   16   47   40   87   78   15   59   45   10   66   53    8   46   73   32   35   11   20   98   62   17   48   19   44   14   61   57   63   44   28   24   21   42   45   67    5   28   85   91   93   30   13   19   13   95   88   81   72   34   47   84   81   51   83   34   41   83   37   75   45   29   21   60   47   36   74    0    9   96   66   54    1   59   43   59    4   55   57   29    5   97   70   62   76   67   13   45   88   28   97    6   33   35   61   17   22   66   28   87   87   30   55   33   34   67   29   14   25   92   25   36   62   10   26   17   92   93   75   24   61   66   86   15   73   19   56   87    6   14   81    1   68   50   34   86   84   32    0   12   10   98   59   67   23   85   72   75   46   69   54   38   59   32   95   71   73   71   44   95   20   56    6   29   57   48   94   61   41   42   61   79   27   58   57    0   91   56   24   63   67   91    3   41   18   57   50   47
  98   53   41    6   28   89   45   91   53   54   42   55    6    5   47   59   55   42   29   70   60    4   45   71   78   28   92   65   43   62   87   22   15   44    8   83   97   60   97    6   63   44   27   31   54   64   16   61   92    1   87   60   34   73   61   76    8    5   64   30   23   42   72   17   97   42   15    7   85   11   41   66   51   26   10   71   49    4   18   56   16   39   12   79   63   78    5   37   26   62   82   22   76   58   82    8   99   43   28   18   98   88   13   44   73   59   18   36   36   28   96   20   70   91   79   79   15   13   78   74   74   41   52    1   29   52   12   13    4   20   99   69   94   25   59   89   35   65   69   83   96   61   58   86   68   36   63   54   22   51   62   90   58   16   98   57   28   75   38   37   83   86   52   37   86   17   74   58   85   42   83    1   75    6   64   19   96   76   10   89   25   54    8   10   24   53   54   85   16   74    0   29   17   12   58   90   66   85   59    5
  34   82    4    9   83    6   95   75   66   53    8   41   80   90   44   83   77    5   62   61   54   77   88   55   32   98   96   68   64   10   40   19   51   82   22   99   12    9   97   10   73   76   33    6   30    6   67   88   99   80   77   88   76   65   99   32   41   90   31   29   15   27   59   88   13   68   76   89   75   15   48   95   90   61   96   66    6   91   16   38   23   71    2   64   86   78   30   89   36   68   50    6    0   18   93   95   41   96    4   96   23    3   75   38   29   75   33   75   19    8   32   60   22   14   74   49   43   23    1    5   68    8   24   91   34   74   34   93   82   46   68   41   94   35   83   61   64   35   83   74   81   80   15   87   84   24   98   52   32   22   36    3   69   70   66   54   36   72   87    8   38   99   86   99   18   46   13   86   51   24    9   73   81   87   97   81   78   81   99   46   75   81   11   69   33   13   17   11   89   77   10   62   66   51   60   90   51   65   57   39
  89   41   79   60   68   76   73   56   61   50   33   72   87   70   77   83   36    6   33   75   81   51   77    7   64   67   50   71   49   52   60   79   24   30   41   20   33   35   31   41   50   69   30   84   47   72   11   17   45   36   49   15   47   68   72   24   34   52   51   79   39   67   88   29   82   33   33   65   62   54   23    9   90   87   88   51   88   47    7   19   27   37   93   33   61   27   64   56   15   46   10   88   70   94   87   21   70   10   96   78   68   99   84   86   10    2   96   25   42    4   62   82   84   58   66   51   44   55   93   25   47   60   57    3   28   64   69   73   99   67   57   33   37   82   46   71   12   12   21   19   60   63   55   28   57   11   47   15    7   16   11   47   54   60   43   17    2   71   98   28   20   31   21   22   49   78   71   95   35   49   38    4   38   26   47   15   74   84   96    8   11   96   84   58   32   51   53   84   52    2   69   77   29   11   14   84   44   52   96    6
  20   83   54    2   70   13   78   79   82   46   26   88   55   63   13   62   58   29   76   13   71   96   56   10   55   52   55   27   62   26   55   59   64   79   88   77   79   86   24   29   53   46   70    0   13   74   82   30   31   56   47   16   50   81   72   81   64   87   24    4   11   99   64   24   85   30   59   24    9   26   22   55    2   23   56   39   63   65   96   83   22   69   62   59   79   14   37   81   89    3   47   26   16    5   53   66   53   36   77   65   90   34   23   45   50   45   83    4   52   43   21   64   80   54    8    7   42   66   31   30   86    1    7   15   98   49   15   31   96   69   22   24    7   77   13   28   34   62   60   79   29   38   38    4   73   53   47   99   17   96   68   22   67   75   36   34   83   16    1   66   90   50   13   53   25   82   61   33   62   66   67   36   57    4   40   37   53   95   95   48   64   10   48   68   68   96   46   90   97   57    9   37   76   58   93   81    6   86   35   81
  50   45    7   11   59   56   55   15   50    6   14   49   61   65   98   85   37   78    9   85   38   76   97   70   92    1   17   62   54   12   71    5   99   15   44   82   51   74   70   94   46   97   51   89   73   13   64   87   12   83   10   87   78   15   72   11   56   92   20   17   42   36    4   45   25   12   27    2   91   99   36   87   46   91   17   28   73   22   82   42   40   45   79    0   75   77   82   99   78   52   46   38   82   39   57    9   31   26   43   50   71   43   15   54    5   84   77   22   26    2   36    3   93   13   65   57   23   80   10   88   74   63   87   40   28   15   92   40   82   33   95   87   30   48   79   22    2   28   59   13   33   91    7    5   42    1    2   18   10   81   12   52   70   62   65   35   88    6   10   85    6   19   17    3   11   57   66    8   94    9   68   80   52   49   10   24   85   34    3   72   68    6    5   11    5   61   13   60   17   97   72   37   42    6    5   53    2   63   38   13
  53   55   74   19   54   84   26   83   72   42   88   96   23   97    0   12    4   36   93   60   61    8   51   38   47   26   20   95   55   41    7   76   47   38   66   13   53   86   46    0   22    5   50   36   13   68   17   34   98    6   24   31   50   24   97    0   94   53    3   11   10   28   33   64   31   72   29   26   27   32   83   24   27   95   65   19   86   18   16   44   69   18   75   15   78    9   46   64   26   61   68   65   39   77   73   32   73   91   81   73   76   80   28   72   19   35   93   28   84   42   20    9   54   45   51    4   26    0   30   93   15   68    0   56   92   34   19   57   27   89   84   65   63   60   73   46   96   34    0   69   66   98   39   42   56   39   78   42   78   42   22   99   52   70   59   35   97   37   99   43    2    3   97   52   38   81   61   66   68   19    8   72    2   71   12   26   70   62   78   61    4   83   21   13   87   19   53   48   76    4   10   41   47   78   60   14   97   45   96   98
   5   50   42   49   30   55   49   18   28   14   84   67   38   39    7   28   92    3   14   84   52    3   48   74   34   38   63   59   90   24   27   15   66   53   34   69   37   19   53   43   40   44   91   21   27   56    4   14   56   50   65   11   85   48   15   31   22   45   46   43   46   90   95   48   96   81   81   22   43   35    9    7   62   42   82   66    8   83   49   56   96   64    2   17   42    3   16   79   14   16   50    9   25   93   63   96   35   61   23   37   17   83   18   20   46   42   31   35   29   91   58   91   98   65   82   11   94   48   71   24    9   88   44   13   65    5   45   70   72   45   36   83   18    7   15   80   46    3   16    2   81   46    6   22   61   59   81    2    6    3   39   72   66   21   65   65   19   74   42    5   39   76   69   26   75   38   46    8   99   83   19   56   78   50   21   96   26   33   37   89   50   71   90   92   85   90   94   99   64   13   11   79   31   80   93   64   76   27   43   96
  81   20   93   49   84   52   60   16   33   72   84    8    7   69   44   84    6   34    3   70   85   15   32   84    4   95   88   15   13   69    1   50    6   53   35   70   88   48   64   60   98   23   23   37   73   86   27   10   60   59   37   18   84   84   74   57   26   40    6   24   45   43    8   95   26   50   46   46   84   74   86   37   26   42   56   33   46   15   58   71   52   87   99   90    9   88   33   45   41   28   87   63   96   95   41   72   50   49   73   68   91   77   62   91   10   76   39   43   78   27   88   49   34   32   42   94   10   50   83   47   56   34   13   63   91   52   43   12   94   86   90   35   62   43   23   20   38   55   12   70   45   88   27    5   31   97   32   70   84   28   64   20   36   29   67   87   25   29   82   46   51   70   13   87   36   65   43   75   61   17   18   87   51   27   14   12   91   97   39   20   41   13   54   62   98   31   19   13   37   60    6   75   46   79   46   15    2   55   53   81
  87   16   31   20   10    0    8   52   15   19   11   72   63   96   11   20   45   64   13   21   42    1   39   75   52   43   48   94   52   53   93   15    9   44   31   20   11   87   61   69   11   34   62   52   69   66   41   78   25    8   91    2   28   11   23   39   12   46   92   13   92   41   59   44   31   10   59   91   52   59   64   38   12   50   86   31   87   85   24   57   74   49   69   91   62   83   80   81   85   22    1   15   24   69   50   46    0   68   36   76   11   29    5   28   92   49   43   27   26   66   98   74   73   47    9   72   80   51    9   71   92   22   15   73   33   71   70   26    4   55   40   85   35   24   86   73   61   95   78   86   79   40    6   60   76   99   68   56   57   11    0    4   90   79   26   42   48   24   42   34   69   75    9   46   99   86   79   73    0   97   73   88   90   25    1   65   45    2   27   99   36   26   65   66   33   84   58   16   32   84    8    1   65   44   25   47   18   37   23   58
  67   91    6   32   26   57   53   87   91   77   19    4   89   94   25    4   68   58   88   57   76   78    0   14   78   17   20   75   20   14    1   46   63   73   90   65   75   21   34   30    6   96   24   44   35    4   90   21   10   34   14   99   18   30   27    2    1   51   23    8   29   27   42   99   30   70   76    5   50   44   50   17   46   12   94   58    3   50   92   74   27   89   18   24   15   92   71   51   66   25    7   84   96    3    5   55    4   72   94   27   29   86   35   24    8   83   92    7   80   15   13   38   43   85   69   14   58   87   66   22   12   45   47   35   10   11   52   94   59   43   93   69   71   57   76   50   62   61   75   89   29   69    3   53   89   64   26   60   35   43   22   62   19   44   93   75   41   96    1   95   35   82   94   60   61   74   23   17   34   47   74   25   56    0    3   96   85   86   32   51   67   25   74   69   40   43   30   80   98   99   77   34   78   24   89   26   40    9    8   39
  55    1   84   11   99   27   37   15   82   73    7   10   60   86   10   22   54   10   30    1   49   71   41   25   42   50   16   11   18   98   72   12   30   41   18   85   94   24    1   26   58   80   33   27   24    0    1   42   61    1   20   90   99   64   52   58   37   20   37   69   66   67   60    6   62   88   64   57   22   79   45   26   48   12   92   70   32   79    5   38   65    2   70   81   59   20   74   33   73   62    9    9    1    7   29    2   93   91   17   31   74   66   58   98   62   66   50   52   29   52   91   37   13   59   78   95   54   78   25   42   41   33   71   88   32   13   82   84   93   25   71   71   79   80   95   47    7   19   88   84    1   36   24   32   63   51   48   43   64   68    4   13   34   43   99   89   64    3   10   45   58   66   14   88   49   59    3   82   54   22   31   35    2   94   80   88   35   55   45   47   58   45   77    5   19   89   88   81   36   45    2   27   72   34   48   12   49   72   57   55
  91   23   29   62   48   97    5   12   34   45   89   49   43   16   43   53   58   60   42   15   15   15   61   85   88   31    7   63    3   62   38   83   62   73   40   84   52   62   36   44   84   39    2   37   39   41    7   12   32   42    2   38   32    3   25   27   14   75    7   57   66   80   54   54   76   85   21   79   46    9   61   97   14    1   91   59   21   79   39   33   28   59   13   36   30    6   76    0   95    9   35    9   36   61    8   52   77   45   11   69   18    1   43   27    2   77   59   90   48   43   84    8   36   79   29   88   28   41   89   24   96    4   26   59   59   90   95   67   65   31   80   64    2   83   35   47   48   81   26   39    3   34    8   58   89   46   91   97    5   51   52   38   83   39    5   54   20   35   50   72   27   38    6   38   58   61   29    6   57   65    8   50    9   45   64   71   71   75   24   84   34   37   78   32    7   71   66   58   14   63   19   55   50   77   97   19   11   55   95   15
  48   40   31   66   29   49   84   37    2   88   27   77   76   52    8   95   68   42   85   78   76   16   63   28    7   33   10   10   72   50   39   19   77   63   58   19   12   12    2   96   36   65   98   93   32   48   46    3   76   57   37   55   73    1   64   86   72   61    9   74   75   49   58   61   12   25   79   97   27   40   91   16   26    5   23   63   34   98   89   89   72   70   50   99    9   72   14   33   25   60   78    7   60   22    7   41   58   20   38   95   34   99   83   37   57   70   46   40   32   13    2   33   79   23   17   32   59   21   22   11   33   21   83   90   37    8    8   32   46   52   30   35   28   51   69    4   47   64   67   56   52   68   37   56   31   43   12   35   14   22   41   50   94    2   89   32   72   67   97   10   96    6   87   65   48   39    9   80   72   93   73   95   88   42   70   26   79   60   44   62   27   62   47   32   97    6   75   21   22   15   10   12   83   92   58    1   86   60   52   94
  40   36   77   52   71   69   83   31    7   47   64   81   26   74   83   80   80   98   66   37   43   74   23   60   57   66   42   73    7   74   81   88   92   34    4   65    9   28   70   59   60   75   16   79   58   42   46   50   55   33   22   16   34   26   51   91   10   30    4   97   70   24   41   72   95   57   27   69   68   64    4   70    1   90   88   56   64    6   87   27   26   70   93   49   50   54   29   59   96   38   77   77   85   72   92   71   97   71   83   89   98   59   71   96   38   11   88   63   42   71    3   47   26   28   96   55   14   36   24   90   29   35   33   17   78   57   43   39   66    9   93   56   22   53   85   17   52   59   81   56   73   77   89   36   70   24   84   95   29   56   82    2   70   82   87   19   75   78    0   70   62   96    4   96   57   27   38   76   99   31   98   62   19   59   80    5    7    0   57    5   93   12    7   25   76   90   25   51   77   79   15   83   86   73   52   39   88   86   51   74
  39   74    8   90   51   59   18   52    0   89   74   45   83   81   11    5   25    0   57   52   53    7   91   97   59    0   39   71   74   24   82   96   50   38   52    2   52    2    3   55   51   98   50   97   80   33   92   48   59   10   21   52   27   59    7   25   66   61   98   89   81    0   60   22   26   20   45   12   53   16   50   62   17   10   80   73   26   88   22   92   11   66    1   19   40    8   45   23    9   96   98   96   15   38   32   32   41   51   48   29   97   97   33   22   53   36   98   42    3   12    7   38   31   85   89   14   94   58   30   40   44   17   86    1    6   27   14    6   38   37   12   81   88   71   52   94   35   42    1   70    9   66   78   21   61   30   39   52   24   79   39   46   81   22   45   99   39   11   28   95   75   80   25   83   39   79   88   20   93   63   73   75   16   74   21   27   11   18   97   32   38   47   71   57   53   83   49   76   91   67    3   26   61   47   28   33    7   23   78    1
  83   33   80   25   82   57   85    6   79   27   35    4   95   64   98   56   15   33   43   14   93   95   56   58   70   67    6   53   77   80   59   89   58   38   44   69   88   22   29   65   76   39   64    0   29   95   57   86   21   29   97   99   87   31   80   45   84   85   43   30   97   45   43   66   93   13   98   42    2   30   46   67   56   13   48   23   26   71   80   15   60   42   33   71   24   76   40    9   79   85   56   72   14   33   34   76   35   72   30   60   20   55    8   73    2   99   83   57   90   80   14   74   37   85   86   95   45   19   12   16   99   58   35   44   17   57   42   79    2   93    6   41   34   71   65   19   49   53   46    2   17   50   26   54   16   73   18   64   83   35   13    0   36   11   88   97   98   92   58   32   44   25   84   43   38   68   37   35   22    6    3   40   99   26   64   32   30   16   56   65   35   52   47   27   69   55    6   49   38   79   30   95   61   13   40   88   25   70   78   69
   9   37   34   34   87    0   53   98   87   60   99   40   61   54    4    4   89   17   35   62   57   51   97   78   94   65   97   60   54   81   86    6   91   69   89   71   92   27   18   19   25   21   44   19   15   52   79   13   51   65   70   10   73    2   23   31   85   19   78   98   95   30    9   22   76   19   64   37   76   60   58   78   95   36   52   62   82   48   37   84   95   56   10   28   46   70   66   82    2   46   70   98   14   87    0   19   84   78   97   60   61   53   51   51   29   85   35   61   66   53   61    4   31   44   39   90   89   71   35    5   75   88   48   82   93   54   20    2   75   56   15    5   96   32   32   62   36   91   68   35   26   86   59   91   34    2   89   23   84   70   23   75    8   39   35   65   53   61   47   73   16   71    5    8   72   15   77   13   14   93   17   91   34   79   93   11   33   57   86   18   18   36   20   26   12   82   79   14   53   64   62   98   64   68    3    7   61   90   39   64
  21   45   75   65   11   87   92   47   34   53   80   45    3    7   81   78   77   12   17   39   23   38   55   28   12   40   72   61   32   31   58   17   83   86    2   97    2   45   66   32   20    4   72    3   48   39   96   93   81   73   54   34   16   96   38   42   14   27   63   42   58   21    8   88   43   36   28   65   56   38   93   90   19   64   96   48    3   13   66   90   12   54   49   28   63   87   23    5   35   31   72   53    1   33   73   47   56   26   31   13    8    3   62   15   57   95   69   57   11   48   89   38   82   70   26   14    1   27   33   65   57   47   72   77   71   89   35   82   42   18   14    9   95   16   83   78   43   91   90   92   49   29    4   84   87   53    7   82   29   54   65   14    6    7   95   95   42   42   40   35   54   35   61   37   62   94   20    6   52   11   23   78   41   54   77   12   47    3   49   22   91   26   20    1   13   21   22   73   88   85   95   89   45   38   64   31   60   99   19   76
  93   53   35   25   16   32   74   51   22   54   80    1    2   95   74   57   90   58   52   21   81   76   29   73   72    9   16   59   62   65   37   83   44   20   11   87   70   46   20    9   15   10   52   19   12   28   69   49   15   74   48   18   69   99   54   16   30   59   99   92   93   83   57   64   73   71   63   13   87    0   42   43   99    8   47   35    9   22   42   91   38   88   73   81   85   71   73   15   71    4   73   65   75   64   36   36   59   47   34   48   53   23   63   31   26   41   10   60   73   95   28   53   50   73   62   80   85   11   35   65   54   48   17   57   74    3   59   90   57   95   35    0   68   21    0   18   93   78   27   59   33   17   98   81   36   35   81   46   37   38   44   52    4   48   43   27   35   42   36   90   52   50   26   91    2   55   16   76   37   29    5   79   39   26   84    1   46   16   12    2   18   94   44   99   26   76    8   10    1   89   67   74   92   33   72   50   54   66   46    2
   7   50   56   73   57   18   36   44   98   53   63   73   36   96   67   84   74   62    3   58   12   60   70   54   30    5   67   69   47   71   77   51    4   87   46   67   91   36   62    1   88    5   54   35    3   46   93   16   29   18   12   23   57   78   69   77   71   38   90   17   69   11   76    8   21   39   69    4   25   33   73   96   61   50   33   82   10   12   20   26   46   94   65   38   21   64   25   97   47   55   90   30   47   53   27    5   28   11   67    0   31   88   56   67   66   29   63   22   63   68   87   91    2   29   54   32   61   85   25   89   88   91    7   29   12   12    5   43    8   29   98   88   93    3   66   63   13   90   40   97   11   65   13   94   60    7   21   35    1    0   92   98   53   90   65    2   71    1   81   36   14   25   68   84   57   16   90   79   40   55   96   37    2   14   60   99   73   61   32   43    3   37   62   90   92   82    2   81   21   61   94   88   66   29   52   70   51   40   40   59
   3   99   10   98    3   51   41   57   43   89    1   98   68   77   13    6   39   32   78   89   42   76    5   74    9   66   38   41   27   40   87   80   34   29   50   68   18   72   94   84   54   31   32   74   45   10   67   13   98   41   34    5   16   94   53   90   95    4   38   83   49   50   57   70   93   88   62   57   36   11   70    0   69   49   78   94   55   57   48   37    8    3   72   91    5   32   60   70   73   69    8   25   46    6   34   38   97   31   97   70   69   81   84   22   42   52   97    4   47   21   20   76   20   79   99   77   16   14   43   55   77   42   16   99   90   65   69   93   47   14   60   45   79   77   47   36   42   63   63   51   53   99   25   17   79   93   60   40   34   46    5   52   26   26   56   96   20   91   51   97   38   99   65   66   56   45   52   85   79    2   69   83   74   49   33   67   66   37   40   36    4    3    8   42   51   40   95   22   39   24   29   58   30   31   67   83   21   11   23   57
  95   16    4   52   99   55   92   64    3   42   77   50   19   18   66   46   57   37   33   66    0   43   37   77   72   42   26   23   21   27   76    4    2   53   22   83   75   76   45   43   42   19   56   86   25    5   56   39   79   85   95   39   90   11   37   26   92   60   36   15   78   65   85   43   14   33   62   24    7   82   53   39   55   73    0   44   25    9    3   44   54   50   78   45   58   81   65   91   22   78   69   58    0   54   85   64    0   28   56   81   44   85   79   26   19   90   58   84   92   42    4   90   58   12   52    2   28   34   45   56   83   35   73   94   74   25   67   28   47   63   29    0   83   72   12   37   26   97   94   69   44    5   24    9   78    8   67   95   30   68   87   42   44   20   42   87   66   20   52   70    7   76   20   29   41   50   91   22   25   37   85   96   45   69   91   84   68   54   98   23   36   71    2   50   85   17   80   41   86   63   15   73    5   24   88   87    4   37    9   27
  96   19   64   80   88   35   69   48   10   22   74   68   52   78   69   33   29   94   97    3   79   13   86   58   68   70   60   25   80   55   54   31    1   55   34   65   36   97   68   45   70   64   62   57   93   31   43   25   56   98   60   20   92   79   44   14   40   80   57   18   15   96   44   68   36    9   41   69   33   60   43   33   25   26   25   71   33   74   31   32   92   87   40   26   71    6   45   59   67   10    0   27   11   50   91   28   45   21    4   70   25   54   68   83   18   58   91   48    4   26   79   79   31   19   29   24   74   84    4   74   75   61   87    3   69   12   89   49    9   74   74   46   31    1   90   18   84   58   68   69   85    3   99    4   99   26   84    8   46   54   95   12    3   64    4   77    3   97   53   94   12   27   45    2   10   32   73   70    8    5   65   35   79   29   36   21   26   70   47   65    7   53   45   91   42   10   69   14   90   38   78   65   46   58   18    7   76   95   86   30
  35   35   70   62   79   94   39   66   50   95   35   18   37   61   95   82    1   50   15   36   94   98   15   14   69   41   43   87   92   90   78   98   71   88   54    5   81   92   31   42   57   65   67   39   85   81   94   57    7   84    7   19   28   18   72   44   21    0   21   69   79   29    7   55   78    7   79   17   25   62    5   30   13   21   77   22    4   21    8   62   97   16   72   36    7   68   20   51   50   59   13   25   73   93    1   41   88   28   44   90   96   65   69   61   28   88    3    5   60   83   81   67   37   35   42   25   41   10   31   94   70   14   28   25   28   69   89   71   48   16   14   81   67   51   57   84   81    8   39    4   38   63   20   15   49   52   71    1   24   77   68   89   81   83   51   95   41   90   39   44   68   39   14   89   45   92   39   97   60   76   75   20   81   94   66   94   84   66   47   85   18   56   81   94   26    9   33   86   52    5   11   33   34   13   49   47   19   23   66   95
  99   55    3   89   95   27   40    2   80   77    2   70   41   54   21   81   40   84   14   58   31   96   55   71    8   67   10   36   22    0   58   24   51   76   17   70   29   33   57   62   65   19   57   26   27   94   10   41   43   24   78   48   71   38   89   72   33   96   86   59    1   59   69   36   14   56   80   31   45    0   70   86   77   42    4   49   94    8   21   83   56   17    2   41   59   84   88   45   42   93   77   20   68   71   23   97   29   54   49   69   90   39   38   75   95   90   75   70   76   93    1   58    3   57   39   30   89   70   56   88    9   64   15   23   18   54   62   75   44   93   37   15    3   12   44   41   85   12   26   98    2   42   19   53   97   22   37   44   79   98    9   48   75    0   80   24   51   97   63   98   60   21   69   61   31    7   64   57   77   12   53   81   89   93   21   17   57   46   23   10   14   33   73    6   10   26   87   99   44    4    1   85   44    7   83   52   34   45   22   93
  78   19   73   17   45   74    3   72   22   69   49    2   76   25   95   83   19   60   36   60   55   29   65   26   90   94   16   72   92   12   73   93   22   58   79   33   23   39   33   72   37   37   94   57   92   71   88   19   93   94    4   35   41   41   77   69   21   60   97   44   92   64   92   90    1   80   18   82   80   25    6   41   30   55    8    4   43   76   31   32   16   28   29   25   34   28   68   33   75   60   64   58   92   25   98   20   13   82   89    9   59   51   22   52   68   57   51   88   22   62   31   97   25   87   63   21   75   24   26   34   68   39   56   55   19   23   30   22   91   38   40   67   78   68   55   97   89   20   16   39   83   96   70   69   23   59   18   53   19    7   96   89   68   62   23   57   74   53   28   39   84   25   96   75   89   50   22    3   53   39   11   92   97   37   66   41   49   62   41   80   18   66   98   85    4   11   62   92   84   90   14   51   72   62   77   21   45   44   93   20
  32    2   15   98   84   25   70   59   90   30   99   37   71   39   67   33   84   63   28   96   70   42   13   97   75   66   83   60   23   23    7    6   72   85   16   57   12   41   79   81   94   31   94   78   33   32   10   92   20   26   41   13   80   69   15   16    2   94   43   65   14   23   54   20   61   92   30   60   91   89    0   11   98   92   32   52   57   66   75   37   88    5    3   95   17   99   28   36    2   94   35   16   48   15   78    7   49   39    3    5   51   39   12   13   80   73   60   83    6   68   75   20   53   76   60   24   66   75    0   56   50   36    4    8   75   82   41   93   92   66   58   96   60   93   97   19   66   73   82   34   86   48   38   15   32   97   71   72   89   26   66   37   84   42   85   74   77   92   79   32   52   47    6   59   43   39   10   50   57   10   63   16   14   40   38   91    6   34   73   24   98   74   94   94   10   45   74    0   45   68   79   41   86   67    4   27   93    0   10   34
  99   70   14   39   93   21   57   46   76   75   83   11   45   69   41   66   63   37   10   97   82   89   29   31   32    3   16   30   98   20   50   54   35   91    9   87   74   30   76   42   97    3    2   54   93    6   77   93   48   86   75   21   85   69    1   56   65   80   77   47   29   19    8   63   95    8   70   58   17   21   28   68   29   82   36   10    9   40   40   73   47   16   21   56   33   67   92   35   55   83   21   51   30   62   74   14   18    2    1    5   70   90   40   88   72   80   73   19   52   52   64   79   11   67   83   11   41   89    2   16   80   17   70   90   49   48   42   37   38   55   89   98   86   11   30   75   54   33   31   11   33   42   41   54   27   20   88   40   25   63   54   57   22   72   19   83   42   40   38   42   66   49   12   56   26   10   83   31   59   17   33   38   13   97   31   58   56   42   58   56    8   66   11   43   36   44    7   70   41    6    0   54   66   54   72   75   87   98   88   79
  43   50   61   16   67   58   52   83   68   93   97   82   29   18   29   71   86   88   68   68   95   68   14   50   35   63   63   29   29    8   29   82   65   94   92   85   17   33    5    9   23   28    1   84   52   65   65   96   14   34   30   55   52   79   56   23   56   96   57   59   17    0   20    2   45   88   44   64   85   76   65   78   28   42   39   79   40   93   18   17   71   76   67   30    0   32   46   41   92   86   77    2   12   43   62   68   29   11   32   79   98   94   59    9   96   15   26   97   50   19   50    7   31   95   29   89   54   65   70   55    3   91   47   65   55   65   35   84   22   65   57   50    2   38    4   50   68   52   75   36   30   44   22   80   80   41   79    2   15   28   38   23   51   79   45   44    5   28   80   81   10    1   83   17   57   82   78   55   37   77   69   83   51   94   76    6   29   79   11   70   34   20   53   93   89   40    0   88   89   60   62   52    1   15   14   91    4   55   36    0
  91    1   85   77   79   16   88   59   40   68   34   27   28   56   60   24   24   94   51   86   33   28   28   52   77   50   29   96   57   39    0   56   62   92   23   16   99   55    2   10   47   61   24   36   73   96   49   41   36   13    5   83    3   82   24   69   95   74   72   26   59   64   42    3   91   19   97   93    1   73   63   23   81   11   24   94   74   11   14   25    7   18   57    0   28   31   97   97   84   34   52   50   86   74   90   55   91   74   73   66   33   60   35   64   25   79   57   71   22   79   80   14   35   67   87   73   47   29   90   87   89   30   43   24   95   86   17   24   55   41   45   36   67   89   91   45   82   69   19   79   35   62   72   94   94   80   50   40   44   95   20   52   67    2   63   26   28   62    0   15   45   58   10   36   30   53   30    0   53   84   58   36   48   14   23   43   59   48   96   63    2   52   58    4   38   87   35   45   22    7   31   77   98   66   83   64   65   42    6   41
  86   53   76    5   20   29   35   98   46   66   64   41   96   22    3   74   65   26   86   16   25   15   18   72   70   64   86    6   62   11   95   63   75   57   38   68   83   17   87   72    8   93   18   60   12   19   64   67   68   34   82    4   85   30   62   90   25   41   82   86   23   50   33   51   37    0   92   63   46   10    7   47   64   26   74   39    1   53   18    1   13   28   51   98   21    5   19   31   20   32   96   37   63   68   13   24   41   46    1   64   30   32   60   94   86   97   41   11   21   34   30   20   15   18   65   49    3   56   84   42   31   27   37   27   92   99   34   92   85    7   49   65   42   45   49   68   29   59   24   88    8    6    3   34   60   98   45   18   36   12   47   72    3   77   22   67   81   77   66   69   18   13   38   60   61   77   30   86   44   24   73   12   40   78   77   25   16    3    8   82   78   50   57   32   19    1   67    3   10   79   58   48   21   14   46   35   53   16   23   11
  42   27   22   54   49   21   69   34   34   47   13   42   58   12   56    3   60    3   17   35   61   71   46   13   38   78    9   71   38    0   69    2   36   19   58    5    9   53   99    3   46   80   29   49   83   72   29   75   67   50   44   92   87   99   67   35   10   12   95   36   11   22    2   53   59   37   74   48   95   76    7   27   75   53   75   33    3   78   78   63   40    0   72   66   66   17   73   72   85   56   73   40   69   69   77   85    0   77   79   54   51   72   45   41   80   78   20   82   32   13   87   23   20   26   49   16   15   39   21   19   91   59    1   10   81   26   15   66   83   39   74   42   10   79   91   98   10   56   62    7   95   10   26   96   55   67   49   75    8   67    6   17   50   44   15   79   30   86    1   23   29   59   40   15   57   95   13   25   47   72   13   23   23   61    8   65   42   32   86   81   80   88   23   85   17   33   55   74   57   55   37   59   47   47   58   60   32   13   29   40
  16   17   95   28   73   12   97   21   39   78   20   54   78    2    2   78   26   90   92   88   99   82   38   99   34   58    0   96   59   94   35   31   52   86   54   79   21   77   73   89    5   38    8   40   75   64   75   73   99   87   58   87    4   72   52   95   50   17   72   95    1    6   66   55   54    9   57   56   84   39   34    8   56   64   28   73   93   17   57   69    1   17   39   13   35   14   89   59   32   77    1   59   68   80   22   59   76   79   17   97   27   39   19   14   25   13   73   59   39   54   60   18   29   88    1   95   96   25   32   20   56   21   79   38   96   85   40   59    2    6   50   47   39    9   83   40   47   40   49   64   76   54   16   87   28    1    3   77   38    2   81   30   97   87    4   69   60   17   34   49   14   72   27   93   80   63   11    2   14   49   78   15   70    4   26   59   82   77   53    3   29   78    8   70   70   75   21   24   19   39   52   11   56   23   56   30   95   31   87   17
   8   18   41   90   17   78   69   34   33   94   71   23   91   40    7   81   86   44   70   23   85   36   26   50   26   62   74   40   78   43   97   26   70   53   94   21   19   86   90   74   47   41   66   74   27    0    7   34   68   44   61   46   25   74   72   96   82   37   70   35   87   61   83   28    1   14   53   96   62   80   46   95   94   21   86    1   59   43   30   93   66   13   13   11   30    6   26   76   87   78   49   69   94    5   90   72   38   44   43   15   23   29    0   50   47   32   17   96   67   47   72   37   21   67   77   65   56    0   63   61   41   24   97   37   27   70   48   55   64   36   15   16   93   50   41   31   72   91   76   53   47   86   85   39   96   82   84    5   13   29   76    7    8    3   19   91   72   71   29   62   77   53   85   56   32   63   94   82   49   59   97   74   50   28   90   97    7    3   11   38   15   88   91   18   82   14   78   36    4   42   82   93   12   83   29   46   10   97   79   64
  72   87   14   24    3   48   49    2   66    0   79   70   81   11   87   54   86   69   65    3   69   44   84   68    7   88    6   29   21   97   15   84   22   65    9   39   62   71   87   81   51   30   26   99   60   90   43   48   82   72   20   52   21   76    2   82   92    2   63    7   36   33   51   91   46   39    9   88   31   46    9   28   55   90   32   56   87   36   29    4   90   11   21   13   70   36   70   60    1   30    0    6   47   26    8   40   45   99   66   39   47    8   38   58    2   91   51   78   27   83   36   92   52   63   20   99   19    3   43   83   92   85   55   91   49   47   18   78   31   19   36   60   27   35   33   59   71   67   14   34   64   21    6   32   67   66   12   67   19   74   56   12   35   81   43   68   74    3   93   33   79   46   57   36   85   11   89   20   88    2    1    9   54   26   59   81    2   52   73   42   92   66    3   54   38   13   95   22    8   22   82   59   81   46   11   38   19   55   26   97
  37   31   98   52   17   48   25   71   57   73   94   72   34   20   52   44   31   81   90   38   68   98    1   36   73   49   79   47    6   43   40   84   14   15   14   56   99   61   81   85   60   60   24   96   78   87   98   34   14   85   47   95   69   25   35   61   39   28   20   64    3    9    4   73    2   41   12   58    3    2   41   69   10   49   81   62   75   31   94   14   60   43    3   94   70   22    5   67   54    4   98   71   46   23   27   45    5   36   21   11   12   34   38   35   68   52   19   97   73   47    4   91   74   46   16   10   28   23   20   40    4   32   87   86    0   67   99   57   39   49   21   39   93   61   43   12   90   16   72   30   27   17   37   67   41    2   26   16   40   90   96   99   11   48    4   49   57   77   33    3   45   42   62    9   61   40   73   98   22   75   12   98   48   74   77   60   38   75   47   65   61   46   11   29   93   52   63   25   70   48   21   14   39   56   28   24   26   29   73   49
  46   16   54   96   74   44   30   35    2    2   77   84   96   62   92   41   25   24   23   74    0   94   77   38   70   13   43   10   11    0   79   74   89   98   96   99    1   78   72   16   13   97   88   32    7   33    0   68   38    4   97   82   90   99    1   77   78   78   26   39   92    6   64   79   79   59   76   90   76   11   24   30   34   36   21   68   11   78   65   96    0   29   89   49   56    2   76   25   96   37   18   59   47   47   94   36   39   62   17   82   22   24    1   34   58   70   89   77   32   82   19   20   35   53   20   90   27   39   60   42   40   98   43   11   73   70   21   85   39   15   17   71   21   46   73   85   48   90   30   87   25    6   72   75   92   92   10   62   70   60    1    4   67   85   17    4   40   31   98   92   55   94   22   99   44   47    5   17   19   48   18   10   60   87    6   56   96   40   18    7   93   40   10   86   80   70    8    8   21   15   53   39   76   10   72   93   13   65   50    9
  29   78   86   36   10   24   84   56   43    1   78   46   54   84   56   92   55   34   92   64   76   22   67   56   10   25   91   57   77   17   21   94   42   88   80   33   94   77   12    9   12   74   14   28   43   13   33   67   97   46   74   53   46   52   95    5   51    5   87   60    4   62   43    4   97   37    2   61   37   65   16   82   42   42   80   54    0   57   64   31   18    5   84    0   58   83   35   20   71   63    1   57    0   39   30   83   97   69   73    2    6   77   42   50   69   34   68   72   24   68   16   31   78   98    6   64   56   60   78    6   73   27   15   44    2   63   56   51    3   76    3   26   39   70   40   81   93   76    3   77   20   88   97    8    9   69   14   96   54   57   86   21   55   99    2   17   14   33   12   17   85   46   35   41   97   49   46   92    3   47   74   51   86   88   33   81   24   23   97    1   35   62   41   84   25   55   12   21   17   74   20   66   34   56   87   86    1   78   95   66
  18   66   63   66   42   52   65   46   77   70   30   61   75   48   71   12   38   70   89   64   66   34   70   35    5   24   61   96   49   86   77   56   80   40   44   73   63   52   43   97    6    5   47    3   34   56   40   20   28   60   95   78   54   13   24   44   24   68   36   83   26   49   71   20   76   58   64   45   93   77   19   55   90   27   53   75   27   51   55   17   17   56   17   94   52   70   39   29   48   71   39   28   14   54   67   52   25   24   37   34   20   94   32   25   60   80   46   66    9   53    6   13   59   20    3   17   77   58   38   97   38   87   34    2   11   27   18   15   38   97   20   23   99   20   83   62   92   55   59   22   57   67   98    9   15    1   79    8   91   36   28   97   72   54   88   75   63   32   98   71   94   96   54   35   94   99   12   63   60   74   97   25   97   64    8   51   13   95   76   90   60   39   42   94   15   88   42   59   66    8   14   16   77    7   61   10   76   97   41   21
  44   69   72   63   58   63   21   20   93   57   86   62   45   57   69   18   46   72    8    7   16   59   23   43   13   25    1   80   46   17   52   93   82   88   40   36   31   30   91   13   85   91   84   62   85    3   81   51   95    8   93   57   10   50    3    8   53   81   10   26   39   54    0   63   49   96   30   49    8   91   83   35   46   85   29   23   24   70   21    8   16   98   87   95   27   44   49   52    2   59    3   27   29   67   89   69   43   52   51   14   95   91   24   11   16   62    2   10   64   14    6    2   70   36   28   63   17   52   48   67   62   67   21   14   53    5   45   62   82   65   99   55   44   24   67   81   32    7    1   63   66   12    2   65   39   41   26   71   74    5    8   55   60   14   15   68   45   11   60    7   23   71   22    6   95   22   51   82   98   80   33   85    1   32   19   52   89   77   99   13   75   72   45    9   10   91   29   63   94   49   20   48   22   18   81   34   68   72   54   54
  18   52   75   19   23   69   98   39   82   18   56   94   44   50   15   52   58   98   20   36   64   94   23   69   87   63   42   23   28    5   15   43   14    1   69    7   14   59   92   72    3   16   74   73   39   94   88   74   74   78   14   70   93   22    1   36   26   94   44   66   98   78   74   96   68   23   72   32   33   64   31    2   99   57   67   80   63   61   79   29   82   72   18   14   87   89   99   10   89   86   76   49   50   42    2   50   23   20    5   45    4   84   88   80   30   16   50   67    2   85   43   81    7   42   45    4   70   93   54   39   63   36   35   75   59   26   40   83   52    7   85   74   26   96   95   99   37   92   80   87   54   27   22   96   50   92   55   53    7   40   55   10   16   59   24   70   46   40   11   40   54   57   27    2   93   95   90   28   60   14   90    0   47   85   72   86   49    9    0   15    5   44    5   18   41   73   67    5   90   54   34   38   84   46   24   42    6   15   31   22
  34    6   61   11   21   97    0   27   50   30   32   12   42   75   58   92   69   78   43   61   57   81   50   40    7   85   43   79   67    0   65   48   23   26   63    8   60   84    8    0    6   73   84   98    2   48    4   37   30   60   90   80    6   24   27   25   35   60   73   93   70   29   18   37   79   99   39   17    0    7   63   58   64    2   43   18   33   62   27   65   28   51   45   38   12   57   99   64   74   80    3   79   24   66   98   89   41   83   61   13   23   95   91   89   38   32   80    2   89   60   63   43   97   74    5   52   85    7   73   24   50   88   49    3    2   73   93   29   93   45    5   53   97   25   96   65   39   69   40    8   87   37   56   74    8   72   36   54   45   77   18   10   41   11   24   65   81   69   31   81   40   18   75   51   37   66   72   22   11   51    5   63   43   21   59   37   38   21   67   90   61   23   83   12   28    3   84    4   54   19   21   60   80    1   15   28   94    5   17   40
  32    4   54   60   17   68    5   73   25   22   19   86   50   69   20    5    3   44   32   76   78   31   43   38   67   62   65    5   33   96   34   17   19    2   78    0   59   39    9   88   74   81   93   91   70   53   69   44   18   38   46    4   84   90   41   49   84   45   68   51   27   79   19   22   69   70   95   71    2   84   41    0   57   17   41   47    7   85   51   96   46   59   81   21   90   18   99   63   51   21   56   55   98   83   48   38   38   37    1    3   75   25   41   69   60   36   75   15   47   10   53    9   94   65   24   61   34   51   16   50   10   15   58   50   29    5   42   92   70    5   93   42   57    0   31   78   33   16    9   92   81    4   92   82   35   65   25   24   71   20   35   35   15   82   67   86   52   17   27   35   94   23   69   12   95   64   43   34   35   22   59   86   24   74   56   77   76    3    2   91   15   57   75   50    0    1   66   89   34   54   93   82   54   65   96   79   41   69   32   92
   9   22   34   20   59   71   89   50   62   59    0   70    2   54   99   78   50   31   83   85   36   10   58   63   93   89   22   25   99   32   45   30   39   56   29   41   35   10   78   89   49   20   64   53   55   59   71    4    9    9   15   97   73   66   69    3   21   79   46   50   75    7   79   68   40   49    7   20   24   87   11   29   13   28    1   27   72   76   37   70   61   90   80   22   58   78   30   57   40   30   19    3   74   81   65   24    1   63   19   54   97    0   57   99   33   81   82   48   30   68   61   47   19   74   21   13    6   44   12   33   24   45   77   45   55   14   11   97   61    1   56    1    7   37   65   62   79   17   19   53   86   72   66    9   87   98   58   33   66   64   92   11   51   70   34   84    6   10   79   12   41   28   68    1   35   98   36   59   98   60   75   95   61   83   50   81   64   33   55   33   39   29   49   34   62   36   49   14   38   35   96   44    2   30   72   16   16   37   35   48
   3   72   21   71   56   20   46    3   70   30   38   15   36   39   22   97   27   18   54   31   45   72    7   50    2    4    9   16   34   93   90   10   99   63   55   79   48   26   52   72   68   16   93   28   81   31    6   99   58   21    0   12   16   92   17   16   83   87   20   65   53   57   31   75   88   72   90   11   65   99   53   94   34   89   93   62   70   52   31   53   96    1   20   49   33   62   36   65   10   33   69   47   71   63   32   42   96   96    3   70   49    0   63    2   31   69   81   41   80   83   44   17   65    1   89   38   76   73   47   97   79   88    9   48   95   81   45    7   28   57   64   92    9   39   27   96   16   22   29   10   64   52   55   90   43   31   37   80   52   16   68   74   24   55   56   17    0   71   61   71   37   51   98   22   65   13    6   95   12   65   51   80   54   69   89   82   72   16   16   49   65   66   78   10   17   14   54   63   11   86   30   66   75    3   86   97   95   13   39   23
  45   97   76   77   42   93   92   80   81   65    9   28   76   32   17   94   48   86   28   35   34   37   43   29   81   32   44   86   43    1    0   43   64   94   13   54   28   45   44   31    1    7   52   22   32    9    4   12   37   16   23   30   29    1   11   95   66   12   28   38   90   87   77   10   49   48   63   84   32   55   26   21   31   73   43   68   69   36   95    4   89    0   38   82   68   32   88   13   67   51   20   92   76    0    8    5   41   41   72   67    1   47   78   89   29    4   15   34   44   35    9   34   28   48    7   79   41   31   90   74   13   14    0   56   35   37   50   53    0   10   78   95   83   90   46   82   88   89   14   14   40   50   95   31   83   88   96   18   24   21   73   68   40    8   52   73   47   26   59   66   59   87   31   60   85   21   28    4   37    4   74    8   69   57   98   34   34   24   53   21   11   94   67   11   61   30   18   47   78    0   35   92   39    9   42   68   99   62    5   80
  78   65   89   76   23   42   50   48   63   70   10   56    3   51   42   20   99   25    5   35   75    0   49   41   86    0    1   56   17   70   27   56    3   69   51    0   26    5    4   69   42   80   25   71   61   66   82   70   74   73   44   72   84   73   60    7   43    6   10   36   46   52   90   76   42   33   71   27   88   78   68   24   62   82    7   17   51   35   70   40   99   29   36    0   24   23   76   33   20   31   56   78   97    4   84   38   80    3   62   93    3   79   11   98   74   91   89   31   41   69   17   30    9   88   24   41   45   37   77   91   57   83   11   96   11    6    2   24   83   30   79   42   10   47   23   29   51   79   58   22   71   69   23   85   84   60   29   35   43   18   30   13   15   74   12   46   42    4   83   98   63   67   23   84   78   43   70   95   60   19   33   18   33   89   18   89   28   49   52   12   18   30    5   75   54   84   86   34   81    6   42   66   46   73   85   42   27   58   86   98
  81   24   20   57   40   61   92   54   35   86   43   60   13   50   42   12   21   70   18   13    5    2   43   48   62   57   53   99   24   71    7   84   36   34   13   50   39   97   17   41   90   80   76   52   87   22   80   58   34   21   52    0   71   23   38   19   46   37   18   88   75   38    5   84   69   55   60    0   47   18   65   93   53   60   66   92    3   31   26   71   44   77   47   97   76    1   98   95    4   39   97   83   46   54    2   56   66   35   30   82   44   26   37   49   25   56   86   74   23   47   54   68   75   48   31   65   12   67   89   70   43   82   53   54   85   19   77   67   52    7   76   21   89   79   36   43    2   49    5   98   64   23   80    1   54   11    5   24   29   72   89   77   73   56   37   25   94   52   56    1   45   68   49   61   80    2   90   81   41   76    6   30   10   63   85   60   71   14   93   19   52   68   85   93   59   57   41   56   67   64   59   44   19    5   42   39   60   90   70   80
  57   92   93   15   63   50   97   58    1   20   12   20    9   78   49   67   99   64   47   26   75   50   75    2   16   12   68   51   31   30   60   96   99   47   67    8   94    1   34   72   96   17   66   18    5   42   57   26   97   61   43   48   46   11   60   78   42   42   91   61   29    0   82   62   62   28   18   49   75   29   52   99   21   23   23   91   52   91   94   42    5   30   54   38    0   98   30   61   94   54   69    3   69   84   91    8   22    4   91   27   53   47   68   89   32   79   29   19   10   37   56   78   84   52   40   17   91   39   76   62   93   97   70   66   13    1   54   70   74   25   50   86    9   38   94   19   31   46   68   25   79   23   36   57    1   76   66   83   27   39   89    6   49   48   44   43   74   19   89   89   17   97   26    5   39   79   84   64   81   26   87   63   13   12   26    6   28   99   24   63   97   25   69   45   28   95   65   43   81   90   78   86   32   34   23   69   80   66   59   77
  18   36   70    5   91   17   78   61   84   77   51   75   34   58   91    8   35    1   53   78    3   54   41   78   22   16    9   40   48   91   46   17   69    6   34   65   25   59   45   95   28   90   62   74   16    1   73   48   30   89   32   43   72   96   89   65   11   10   69   50   13   69   94    6   82   34   39   71   24   15   96   34   16   68   21   77    7   51   40   95   52   92   24   47   81   16   92   77   67   24   81   84   29   58    6   39   15   55   54   53   67   92   19   21   21   92    9    3   16   76   57   91   20   39   55    7   91   80   14   84   44   33   94   51   22   80   71   19   67   62   27   43   83   17   72   83   93   32   26   93   46   56   51   51   62   42   39   40   65   81   55   67   41   77   39   42    5   26   73    8   22   77   87   41   40   50   77   46   17   43   25   68   14   60   12   97   64   13   95   57   60    6   18   80   46   61   98   42   38   80    6   45   85   22   30   47    7    7   25   89
  22   73   42   76   33   87   37   79   83   43   66   11   49   37   95   93   78   94   97   76   59   20   81   19   18   87   11   14   51   58    4   37   22   30   18   67   47   95    0   77   90   48   69   44   59   90   53   57   98   49   17   68   69   23   72    6   32   85   61   60   62   16   96   29   78   98   24   63    4   63   44    7   67   96    8   89   84   54   90   30   72   69   58   83   87   78   58   97   55   63   18   32   90   49   51   81   32   26    0   23   51   72   32   44   22   81   52   14   60   33   86   26   86   69   13   75   72   45   16   47   60   13   34   70   55   99   21   77   42   22   95   62   53   29   88    3   11   17   65   10   79   19   67   79   87   29    7   75   44   94   18   57   11   48    0   75   60    9   49   42   67   49   45   83   51   81   88   84   95   69   56   53   20   82   69   87   70   48   29   98   73   87   58   51    3    6   70   22    8   77   62   11   49   46    0   60   39   87   11   84
   0   76   78   40   28   14   33   66   72   18    1   56   58   98   76   55   59   64   45   67   19   83   86   43   45   49   81   17   34   61   69   29   11   50   63   76    0    1   38   56    0   17   41   27   71    3   88   16   44   98   66   99    1   71    7   61   32   77   12   89   48   51   57    3   31   70   96   98   53   25   47   46   39   36   86   39    2   72   66   37   62   94   92   78   58    2   51   81   84   77   98   51   10   49   31   83   77   42   38   15    4   31   24   26   99   68   55   17   84   64   51   46   55   83   72   48   66   92   32   90   60   18   96   68   38   21   91   82    4   63   11   29   56   24   51   42   58   80   15   79   22    3   44   30   18   42   86   58   72   14    7   33   77   88   10   47   39   74   20   48   84   46   78   62   59   25   99   24   93   98   51   86   71   73    6   13    6    3   83   17    0   93   27   81   96   52   92   96   14   14   36   55   78   18   19   30   27   94   39   86
   5   10   80   24    8   59   14    6   40   55   52   58    2   29   34   29   55   22   63   93   66   38   43   58   72   30    3   70   66   10   62    7   64   74    1   72   12   26   70   35   97   95   98   10   17   18   58   43   74   28   19   64   61   69   31   52   92   61   93   43    4   76   46    4   13   31   19   68   61   32    8    7   94   34   10   71   86   12   94   72   25   77   41   63   12   24   77   80    1   21   60   90   67   70   38    5   76   79   44   50   23   45   24   42   13   60   24   72   51   89   22   27   24   63   10   68   81   67   13   49   53   39   46   76   83   30   32   20   40   54   71   26   21    3    9    5   20   69   77   97   54   45   89   14   63   81   50   26   62   99   23   56    5   23   76   49   19   33   12   77   94   10   23   85   87   76   71   86   37   89   88   22    7   52   75   84   14   37   76    6   72   29    2   24   74   87    8   46   20   68   78   96   35   29   30   76   44    2   94   10
  92   16   53   31   68   40   36   47   97   24   21    6   73   67   60    2   79   80   94   92   26   71   40   59   33   65   95   65   92   93   11   96   81   42   60   61   78   80   10    0   24   52   84   65   13   71   46   36   77   29   61   18   38   55   62   91   29   89   81   35   14   25   65   78   61   72   10   50   87   38   89   12   97   78   62   61   93   37   16   91   10   65   26   92   97   47   53   45   42   93   28   95   65   96   61   81   48   46   25   21    3   38   98   93   69   36   52   75    0   92   87   97    9   94   61   55   17   49   36   98   33   21   94   18   90   96   30   68   79   53   69   13   51   51   56   94   82   60   40   40    2   55   25   88   77   91   99   40   42   60   43   27   70   45   94   21   44   53   90   57    6   33   88   27   34   15   71   13   36   71   89   22   33   11   43   99   30   25   39   89   54   60   78   71   59   56   53   18   41   84    3   82   56   34   11   76    0   54   16   90
  18   80   57    4   72   87   22   96   79   74   33   11   42   80   58   64   78   33    3   88   61   56   57   85   76   67   78   28   71   97   23   57   68   51   96   40   21   13   84   68   57   43   40   93   68   96   80   76   55   24   65   71   52    2   96   82   35   49   12   93   23   37   42   26   63   99   85   53   13   86   25   91   39   51   43   45   16   55   40   84   47   96   29   32    3   73    7   28   91   61   55   80   77   88   66   44   13   36   70   25   67   13    6   36   22   87   37   41   40   31   91   73   15   21    8   25   65   93   48    8    4   41   26   57   11   23   55   28   36   22    5   34   32   89   89   43   28   41   60   38   75   96   40   11   12   87   41   32   61   95   42   31   86    8   84   52    2   22   67   75   19   65   98   68   70   19   63   70   11   31   88   99   17   73   50   59   51   86   44   58   66   55   87   23   94   67   96   37   47    4   92   81   29    5   69   67   52   15   91   43
  72   85   54    9   88   66   89   61   90   86   21   17   16   79   24   45   78   42    6   36    9   38   73   51   67   10   75   42   28   65   13   49   42   16   95   36    4   44   96   66   63   90    8   55   32   67   85    7   15   95   49   31   15   35    0   22   18    8   96   79   94   24   28   28   55   18   23   97   35   78   22   92   69   86   51   90   36   47    6   17   77   32   10   29   35   71    9    2   72   14   41   68   51   12   72    4   23   10   51   69   64   13   34   14   34   23   74   75   81   20    1    3   84   90   21   87   52   18   31   26   76   18   18   71   30   25   80   93   55   82   84   58   82    0    3   88   14   72   42   78   66    7   33   70   92   80   89   95   89   58   33   50   79   42   83   70   20   92   84   59   19   22   83    1   48   61   23   86   52    6   32   39   22   94   36   50   53   22   56   35    1   40   58   11   77   66   30   59   30   64   15   61    5    1   25   17   49   16   24    9
  88   73   21   12   85   66   88   17   35   11   42   16    0   50   97   64   75   81   97   12   25   61   82   77   72   31   36    7   31   15   93    9   36   88   95   37   46   52   82   76   52   37   37   64   83    7   76   48   14    9   33   24   10   29   83   71   20   67   45   74   24    6   31   99   55    5   97   82   54   74   18   59   91   43    3   75   73   73   64   13   11   79   85    7   58   50   35   64   91   82   15   46   93   23   85   49   52   25   91   52   57   46    8   78   32   24   78   19   68   47   79    5   77   22   87   35    0   48    5   26   71   56   70   87   46   54    5   28   72    6   35   13   85   56   64   68   22    4   39   18   32   31   78   31   15   95    4   20   34    6   89   35   78   13   52   12   23   40   86   30   75    9   25   60   46   50   67    7   69   86   76   28   35   96   78   93   91   43   12   22   29   83   27   36   85   16   66   55   98   48   52   85   99   72   69   87   97   73   29   64
  23   50   44   98   55   95   80   84   16   77   25   57   48   25   98   87   57    1   18   22   97   40    4   58   95   56   44   17   87   10   93   22   13   34    0    1   18   69   81   24   64   35   43   33   89   51   50   85   65   14   18   34    9   69   49    4   40   82   90   96   92   60   92   95   63   41   96   41   16   10   56    3   11   24   52   47   51   50   99   21   47   61   27   18    4   32   25   19   27   69   82   51    6   73   15    5   56   42   31   96    9    5   58   41   80    4   41   14    4   46   73   15   84   51   48   92   32   20   78   10   87   82   97   46   62   88   13   30   47   62   67   92   48   17   18   80   46   63   56   81   21   17   73   43   81   12   27   96   84    6   81    6   12   89   12   30   13   59    5   28   32   64   49   19   46   45   35   53   32   33   78   25   32   14   69   70   67   16   45   29   76   33   41   45   76   70   81   42   81   87   52   67   90   83   27   71   44   14   37   97
  95   78   99   57   75   16   29   17   93   61   93   41   40   67   56   37   31   51    7   18    4   15   19    7    5   81   18   55    9   94   23   74   64   76   62   50   77   81   37   94   98   72   92   10   54   65   92   12   80    7   35   69   29   83   93   15   25    7   71   88   60   13   17    3   48   72   15   84   25   51   66   53   47   33   43   23   29   75   88   84   33   32    5   27   58   26   73    5   41   28   49    2   41   78   85   25   42   69   46   54   34   83   63   96   77   36   32    8   62   74   35    2   82   22   58    5    6   89   67    0   10   49   68   42   87   65   61   28   68   87    4   73   87   43   76   35   19   81   31   75   31   39   68   34   80    3    1    8   25    5   38    2   75   15   97   85   69   79   77   84   55   62   46   62   38   12   93   69   70   28   77   51    7   95   99   87   47   23    1   73   89   10   68    2   77    2   97   17   40   69   84   36   98    1   47   98   27   53   44   39
  76   51   71   51   99   47   79   61   80   88   22   30   30   48   49    0   89   85   60   30   82   27   30   99   92   58   16   12   96   26   68   35   49   98   59   43   41   23   55   56    9   40   64    5   97   86   63    1   51   89    2   79   83    7   23   72   91   77   52   60   52   57   77    4   20    5   79   72    5   10   26   24   51   49   35   16   64   78   64   80   91   84   65    4   33   42   71   84   64   36   78   69   79   58   64   34   39   27   25   65   38   13    3   86   43   57   90   11   93   70   64   43   70   20   30   96   27   71   93   59   29   84   82   54   11   44   43   18   40   15   69   43   73   45   71   73   16   44   74   59   22   83   19   99   70   32   19   90   52   80   83    6   68   33   90   21    3   66   55   55   26   49   96   76   98   33   87   38   93   86   16   97   60   77   57   21   98   11   80   20   78   42   23   23   31   90   76   67   62   41   90   27   94   38   34   47   74   71   76    8
  16   84   98   12   90   26   97   99   63   19   78   10   33   63    6   39   79    9   36    0   65    7   28   52   21   23   83   77    8   85   46   14   90   33   32   14   88   28   59   23   89   78   50   34   65   49   94   67    2   82   19   30   43   20   94   97   15   32   37   67   59   67    3   51   21   22   77   14    3   48   73   51   16   77   38   70   20   91   28   97   37   72   50    7    9   40   19   60   13   59   20   18   36   58   39   34   34   33   40   83   57   42   74   52   94   56   21   56   77   21   20   59   88   33   50   65   66   14   39   99   88   77    2   41    5   30   86   38   16   72   75   65   80   70   63   88   32   45   56   66   47   44   16   63   12   47   40   77   47    0   50   21   38   29   16   94   25   50   82   36   93   40   94   45    1   86   86   96   12   84   34   84   96   19   37   26   30   59   41   65   67   20    4   74   18   19   60   26   18   30   52   84   98   73   89   53   40   81   30   81
  99   38   63   78   78   20   96   50    4   11   72   42   10   52   59    7   35   46   78   65    8   61   90    5   98    9   62   35   73   84   85   86   81   30   46   71   16   57   53   98    4    9    3   54   55   59   24   30   41    4   75    5   66   45   99   69   47   70   11   18   49   85   82   37   28   96   56   11   22   83   89   90    0   82   11   80   88   36   19   71    6   57   33   42   82   99   40   29   83   41   19   90   99   28   15   15   59   30   62   75    0   85    2   11   72   62   97   56   41   66   76   67   37   95   30   34   27   29   21   58   72   42   92   47   46    6   90   14   16   93   51    6   44   59    1   75   66    1   61   22   73   37   20   50   44   34   87   64   48   22   56    2   88    0   69   34   71   36    2   94   76    4    3   53   95   57    1   69   42   63   35    0    1   63   63   32    8   77   15   18   45   71   99   62   96   65   84   17    5   66   97   73   34   48   11   34   68   16   48   28
  49   76   88   40   82   70   92   74   55   67   31   67   70   61   10   51   71   19   78   84   53   96   85   46   88   93   10   99    0   48   93   72   26   64   21   23   91    4   96   45    6   78    4   32   24   78   39   65    7   69   71   28   88   47   66   18   93   24   62    8    4   12   94   21   87   58    8   44   47   26   60   86   88   52   89   92    8   63   77    1   60   91   26   85   93   63   62   53   40   45   52   48   82   76   34   51   21   17   36    5   85   12   32   25   20   36   71   89   18   23   46   31   79   22   40   54   38   61   79   53   45   95   98   99    1   83   89   80   74   36   72   57   83   35   74   78   83   17   86   21   93    3   22   60   54   68   40    0   61   51   50   37   89   79   18    3   18    4   70   62   46   59   80   83   43   59   57   94   76   31   88   39   75   97   80   10   20   79   12    1   25   48   12   15   33   59   54   79   98    3   68   16   36   34   70   25   89   38   81   95
  51   10   70   42   33   45   29   28   98   27   45   71   22   61   89   81    2   40    0   60   32   89   17   85   34   92   19   26   35   98   73   81   55   79   62   66   83   98   57   44   65   74   98   69   95   73   95   75   88   19   99   34   79   39   45   74   54   71    7   83   40   78   28   59   58   13   47   63   83   88   38   64   17   89   86   99   48   35   75   72   21   53   64   45   37   23   41   24   30   18   37   63   37   14   80   43   58   52   50   43   75   85   90   44   34    8   44   99   26   84   75   66   56   75    9   12   19   76   43   20    4   48   39   17    2   75   77   24   49   25   40   10   94   72   90   29   87   51   19   33   81   77   72   22   64   94    4   32    8   10   99   24   17    7   98   46   79   25   64   88   67   51   21   23   59   45    4   19   43   17   55   30   29   10   50   18   63   93   91   66   80   92   68   25   50   85   66   36   16   14   37   80   55    5   91   40   39   81   37   61
  92   51   61   35   89    7   27   99   48   17   41   25   52   23   39   90    8   76    7   45   66   95   25    5   75   89   56    6   50   39   45    5   31   99    4   91   51   58   93   21   98   27   34   44   60   32   79    2   66   65   53   61   74   90   21   47   56   34   97   51   59   19   41   62   42   77   13   15   33   31   81   86   47   50   29   53   70   72   96   57   34    6   68   80   55   92   31    5   63   12    8   70   43   60   74   38   61   53   58   70   38   50   59   14   21    8   19   43   93   92   76   55   20   35   76   90   96   38   48   50    5   11    4   73   22   70   37   79   11   32   20   43   56   16   66   96    4    8   95   64   91   70   71   15   51   36   83    4    1   55   97   99   59   42   27   99   18   12   50   39   49   90   26   87   21   32    0   67   85   88   16   76   14   62   70   15   11    7   70   61   11   50   79   23   60   29   26   39   35   49   20   39   62   38   65   11   13   86   46   60
  73   14   97   42   88   41   40   60   19   60   98   64    7   69    3   10   28   30    0    1   78   45   19   42   69   73   28   16   95   63   98   30   11   38   32   71   71    7   58   34   61   39   53   71   29   19   70   94   44   99   18   81   98   29   14   66   86    8   64   87    3   51    7   17   48   32    8   80   20   87   17   51   72   48   41   75    1   82   68   76   42   38   57   64   92   85    5   15   94   38   58    5   10   40   71   77   89   19   20   54   54    3   44   89   16   82   44   52   64   70   63   10   29   84    4   71   52   11   12   98    3    2    1   62   92   17   79   71   22    7   48    8   11   46   81   99   62   27   32   61   17   51   76   84    5   28   25   55   18   95   91   33   40   43    4   88   77   33   54   38   22   30   10   80   65   93    0   63   56   62   98   39   14    1   49   17   14   14   27   11   48   65   28   13   57    8   73   38   40   24   28   14   55   14   68   25   56   53   63   75
  56   85   25   75   34   62   49   90   27   51   16   63    3   41    0   32   48   33   38   14   71   79   45    5    6   67   92   86   40   49   16    7   76   42   49   34   31   98   81   69   38   72   33   51   14   70    6   72   60    6   50   22   47    1   72   50   36   87   64   60   14   50   70   92   60   17   67    7   31   91   80   90   35   68   70   24   94   96   11   76   44   67   55   22    9   51   83   82   27   86   35   56   32   52   52   69   47   52   65   41   52    8   86   12   87   76   94    2   21    5   41   90   76   70   84    0   78   31   69   76   68   41   61   46   62   45   39   20   38   72   87   10   18   50   70   16   32    4    5   14   72   86   49   17   92   27   15   13   35   73   39   44   34   94   68   66   43   53   88   65   81    4   85   95   66   95   56   27   60   62   14   20   29   54   14   77   10   93   67   33   37   69    8   71   55   22   89   62   16   65   41   76   49   99   92    4   41   20   45   14
  53   15   62   45   99   87   60   44   71   66   13   37   99   31    1   83   93   65   63   35   35   91   85   49   31   18    1   48   55   67   80   36   16   84   76   53    3   46   61   85   50   46   37   41    1   10   75   36   85   39   99   18   18   58   80   14   50   22   73   56   65   26   28   63   35   69   15   30   10    8   26   48   14    9   87   51   71   72   10   62   86   44   86   94   54   10   61   88   57   80   53   41   94   15   44   15   65   92   99   23   72   87   83   50   17   46   77   61   38   21   65   42   47   93    0   23   91   92   30   99   21    5   30   53    0   17   79   62   60   98   22   89   35   92   78   21   20   54   50   23   26   89   75   19   72   15   44    1   64   18   23   18   18    7   55   86   30   77   54   25    6   78    2   42    3   77   98   32   31   56   50   38   36   18   25   58   73   75   51   75   59   35   35   51   30   76   18    5   49    7   19   37    0   22   54   37   89    9   71   59
  64   67    5   79   33   65   29   39   70   93   87   72   53   52   96   20   95   64   61   59   81   68    9   78   72   91   93   94    4   63   93   96   54   91   88    0   88   63   57   17   91   29   41   29   96   48   11    1   98   23   77    2   89   65   22   88   29   99   59   44    5   26    5   85   10   11   12   97   97   71    7   50   94    9   79    1   80   54   88   41   78   84   32   64   46   43   79   22   11   48   82   16   34   66   47   60   52   81   87   44   43   27   44   83   50   69   41   70   71   52   93   87   15   22   95   40   31   79   60   13    9   80   76   35   86   12   86    7   63   84   61   77   34   28   26   11   27   24   75   21   16   73   53   21   70   21   78    3   59   59   37   68   37   65   22   56   75   96   36   47   47   86   96   64   82    8   75   81   71   58   89   65   84   18   66   43   86   88   84   21   49    0   97   25   62   48   90   82   77   64   11   91    6   45   37   39   97   23   57   21
  91   73   41    8   15   24   40   88   11   57   34    4   61   70   95   50   32   85   24   68   94    0   92   20   48   25   14   70   48   50   48   74   96   51   15   32   49   10   22   20   97   40   87   55   50   93   69   23   28   66    0   15    7   71   44    1   74   65   71   16   87   18   57   55   21   37    5   47   67   30   53   95   23   29   11   54   20   85   29   66   18   32   17   55    2    8   50   54   32   43   41   75   44   84   21   19   40    8   67   39   36   53    8   37   97   62   57   50   46   93   93   40   92    8   31   30   69   60   47   25   50   26   49   33   88   74   17   94   65   35   53   19    4   42   78   35   38   99   98   46    4   67   71   91   94   62   10   24   71   60   43   40   70   42   15   97   34   27    6   46   98   15   24   17    9   60   29   75   40   63    8   32   41    5   41   47   40   50   79   77    1   64   90   87   32   78   80   36   86   63   75   74   78   95   85   42   56   64   85   39
  31   73   95   91   14   91   78   15    0   20   92   75   57   63   41   90   15   31   20   84   54   68   91   19   96   12   75   70   82   15   95   79   11   55   81   47   38   27   51   98   60   72   77   77   40   76   32   58   30   93   73   58   45   52   77   27   82   28   14   73   70   33   64   72   78   95   85   43   23    9   57   66   69    0   70   78   72   52    1   48   64   56   57   51   55   32   60   28   49   41   71   89   63   13   66   32    4   19   99   42   20   13   65   76   35   10   35   66   11   26    0   47   17   19   11   73   48   94   39   22   20   95   58   32   65   55   11   70   11   19   71   44   22    6   59   69   20   41   34   89   79   27   51   92   34   14   29   60   99   30    5   18   41    9    3   65   82   23   52   57   66   97   88   31   97    3   96   14   11   11   12   46   64   74    1   29   13   14   74   64   20   30   92   57   23   93   19   29   69   51    6   80   22   69   33   75   89   77   92   53
   6   53   46   71   24   69   44   67   41   38   21   82    6   23   42   15   91   34   24   25   19   66   48   23   87   65   40   51   65   15   80   25    2   52   87   73   30   39   59   23   82   29   21    9   69    2   80   97   11    9   93   12   40   87   13   66   38   43   93   64   31   93   58    9   39   24   64   86    3   78   91   99   66   31   14   94   41   34   73   71   80   88   87   17   16   20   62   58   85   84   81    7   69   85   98   34   77   40   16   33   25   91   17   13   57   57   56   14   49   92    8   79   12   23   89   29   52   38   61   40   44   81   55   56   80   42   82   71   88   45   55   12   11   10   63   32   28   60   39   13   55   55   13   26   23   69   24    2   26   46   76    5   88   33   34    1   27   46   62   76   52   10   39   73   63   58   50   50   99   59   59   33   49   71   85   77   66   77    3   26   24   65   75   14   19   49   96    0   87   19   26   63   72   87    0    4   47   55   26   63
  26   93   17   65   53   10   60   14   53   63    7   21   29   92   22   92   53   94   83   29   55   71    7   66   45    3   86   26   87   20   54   37   89   95   77   84   76   29   92   53   34   19   70   27   65    6   63   64   52   65   99   83   43   87   95   16   35   74   51   13   47   37   73   51   13    4   28   15   87   27   63   12   44   93   64   28   74   50   23   99   93   56    3   41   51   92   73   22   51   17   47   53   50   42   43   79   50    4   74   61   69   71   17   97   99   14   21   24   96   93   26   63   24    3   23    7   84   78   18   56   20   56   89   87   83   24   19   16   12   61   65   88    9   26   72   68   42   15   48   17   53   90   19   11   73    2   98   77   40   36   38   39   83   79   20   17   54   65   72   31   48   10   45   68   30   31   46   86   60   91    6   84    4   32   42   23   98   89   57   45   76   70   48   82   19   27    1   11   19   62   85   59   44   27   10   58   14   79   40   35
   2   24    1   72   48   78   56   95   78   14   11   88   26   76   62   70   26   31   55    2   31   50   20   28   98   28   90   92   67   15   20   93    0   50   59   83   89   28   50   63   96   55   12   92   51   17   19   20   72   94   44    9   88   63   57    6   97    7   61   59   51   55   39   57   36   47   67   74   15   99    9   27   34   32   35   32   43   76   82   34   25   67    5   44   22   60    7   82   26   51   57   47   44   26   77   51   21   26   43   84   96   38   39   12   54   23   81   53   22   91   81   30   12   26   37   40   82   96   74   84   12   14   90   61   23   79   17   76   88   48   65   73   88   58   29   20   35    5   69   36   71    6   32   39    8   82   59   84   80    3   86    6   87   66   81   49   16   14   11   80   53   21   12    7   25   74   89   60   99   39   33   69   13   91   78    3   18   62   73   21   74   47   67   42   45   38   15   19   16   80   42   37   85   88   23   35   41   83   67   54
  23   38    2   70   91   78   30   48   95   42   83   57   49   58   22   42   30   75   61   39   82   45   95   60   88   98   32   26   83   23   75   17   86   68   52   44   63   38   39   20   15   89   74   44   83   60   59   11   53   10   68    6   51   36   13   47   20   24   88   34   40    0   30   35   71   11   92   12   65    0   81   69   83   93   83   62   83    9   64   98   37   97   50   46   30   10   87   72   40   96   18   77   45   62    3   61   67   97   34    7    6   14   29   83   19   14    3   38   60   28   49   24   80    2   20   56   84   40    6   55   27   30   92   94   25   59   54   96   94   35    2    0    0   78   73   82   13    5   17   62    0   66   88   14   73   55   94   24   22    1   70   86    1   49   72   78   93   72   92   99   92   43   40   42   95   28   75   62    6   48   19   72   44   35    6   13   76   86   29   82   55   35   45   69   90   49   34   76   52   39   45   53   14    5   66   17   53   78   21   38
  97    3   75   16   90   41    0   71   14   36   50   74   41   85   48   34   33   80   66   12   75   41   34    9   99    5   99    6   50   10   49   83   59   54   11   94   37   53   89   62   73   18   46   54   17   38   83   93   82   93   99   19   85   62   85   63   12   56   76   12   50   65   46   79   12   34   95   51   18   11   59   93    4   10   37   20   12   29   64   82   30   70   82    0   85   18   68   75   84   40   65    2   44   96   15   15   70   51   45   24   17   73   35   77   44   39   23   65   28   90   40   81   46   41   45   44   47   88   70    3    5    2   69   20   38   82   13   15    7   28    8   62   73   18   52   30    8   46   69   22   78   99    5   16   28   84   14   47   53   12    4   11    5   50   93   35   25   23   98   95   64   46   15   92    0   16   67   18   10   59    2   26   64   18   75    9   61    7   73   75   79   28   23   97   72   18    2   35   66   37   80   50   99   87   47   83   44    0   30   40
  97   82   14    0   52   53   73   25   81   41   33   42   94   39   56   89    1   53   70   90    6   72   80   35   74   49   65   38   17   82   21   18   88   93   60   58   36   61   60   51   65   55   87   66   38   65   23   21   82   58    5   35   98   63   86   54    4   17    9   73   75   45   72   55   73   67   45   65   31   74   91   20   66   11   37   66   27   23   38   11   62   13   33   31   96   99    7   15   73   29   64   92   16   96    5   22   50   88   55   13   24   76   56    1   50   40    0   24   93   70    7    1   34   46   45   69   17    4   67   89   16   36   62   16   85   22   53   33   66   19    9   51   86   63   75   43   14   42   98   78   70   30   59   62   65   89   68   22   22   61   86   94   60   52   81   97    2   31   33   56   29   31    2    0   44   99   29   24   26   97   66   65   18   90   19   96   95   56   86   99   58   76   59   52   33   65   26   19   27    1   93   25   79   43   33   22   82   51   44   65
  80   65   46   89   89   96    9   89   19   62   65   20    0   94   89   17   60   15   56   31   75   57   49   68   47    1   59   77   49   17    0   29   76   32   95   33   42   76   61    4    7   19   87    2    7   77   62   98   21   65   13   59   10   90   41   25   98    6   79   50   68   26   88   45   41   45   29   31   14   48   47   38   98   11   91   86    2   70   20    4   86   11   29    9   14    6   84    5   75   15   91   84   62   82   29   78   22   61   91   72   26   73   88   88   73   73   78   73   13   80   17   55   33   21   28    8   43   41   40    9   60   16   85    2    5   30   40   96   52   37   83   24   89   40   31   30    0   67   57   63   65    2   87   51   69    3   76   67   36   93   65   90   82   20   99   74   18   79   42   86   17   25   34   45   63   22   70    2   33   65   26   43   60   24   96   84   97   49   34   99   72   79   18   86   52   77   82   10    9    6   64   91    3   13   48   39   10   60   90   21
   0   22   18   46   10   36   11   67   46    7    4   48   59   17   32   60   47   11   39   19   92   80   31   23   13   73   91   27   63   23   91   29    9   88   94   39   90   24   27   53   60   38   79   79   12   99   15   52   42   45   12   34    3   97   14   48   21   17   39   96   47   96   82   43   90   34   50   68   58   82   16   49   66   33   86   30   30   32   67   11   14   77   20   10   26   39    3   83   11   40   20   29    4   94   93   12   19   88   41    6   13   41   55   63   15   37   26   53   32   20   81   56   47   13    7   79   96   58    3   48   28    5   14   49   42   56   69   26   28   67   19    7   85   20   12   73   53   14   85   24   67   65   82   72   70    5   93   12   25   44   28   59    5   45   34   64   51   75   16   94   39   34   54   16   81   26   92   14   86   39   60   87   12   34   94   14   10   52    2   99   90   18   17   77   52   82   96   40   25   61   63   43   29   26   52   42   45    9   88   70
  91   82   61   30   65   56   92   23    2   12   17   66   14   13   39   78   42   27   28   81   43   36   77   36   35   75   32   51   66   20   12   85   29   34   58   10    4   41   96   57   57   60   86   83    2   54   54   22   97   26   83   10   60   73   50   10   12   60   86   59   10   78   45    7   36   20   98   90   10   57    0   45   15   74    7   90   23   26   88   90    9   10   85   97   48   16   15   26   68    9   64   80   14   98   98   29   11   32   25   27   92   15   31   78    5    6   30   96   83   92   86   11   40   52   16   99   60   85   25   71   10    2   64    6   27   79   49   37   29   66   95   73   35   42   10   14   26   38   99   87   11   33    5    6   37   95   18   68   39   54   86   82   82   41    4   98   99   85   47   28   17   37   33   27   95   65   22   63   70   52   94   96   43   47   21   78   93   65   20   51   79    4   59   65   53   64   89   12   57   79   82   46   99   32   44   82   43   34   55   62
  96   61   18    5   96   42   20   22   10   19   78   65   59    1   67   96   92   39   60   29   88   91   22   48   23   61   29   69   98   87   18   12   81    8   40   99   44    0   97   70   33   61   61   55   96   78   25   99   96    4   29   61   87   71   57   30    9   89   53   45   97   16   25   85   28   94   85    9   45   75   48   21    4    0   17   26   30   85   50   14    8   13   31   73    4   40   44   14    5   23   15   79   91   62   75   76   87    9   99   45   54   79   49   26    1   16    8   38   77   33   59   18   59   95   31   48   96   60   39   12   93   61    5   55   96   93   19   41   98   78   56   30   76   57   52   92   37   62    4   71   54   87   33   92   57   20   16   19   30   55   86   99   67   49   61   33   24   53   82    6   11   17   20   14   13    2   34   72   15   32   97   16   98   51   72   32   32   39   12   31   89    0   57   68   14   11   55   21   97   19   13   33   33   16   66   34   52   24    9    6
   5   87   26   30   57    9   60   52   79   12    1   77   37    6   55   46   95   94   53   15   74   20   83   60   35   97   51   38   18   64   26   15   11   64   92   25   21   61   14    8   63   52    2   23   19   68   66   74    9   84   20   99   87   45   78   67   77    1    8   90   78   61   31   42   39   43   62   75   38   83    9   80   67   51   37   37   36   94    2   63   98   54   63   59   50   62   90   71   84   55   77   87   21   85   68   44   77   16   69   57   88   62   52   52   55   89   78    9   53   28   16   86   85   93   39   42   77   19    5   42   62   45   21   51   94   27   40   31   29   65   37   62    1   66   10   37   87   33   69   35   90   95   90   39   31   60   81   52   73   87   75   36   24   43   57   84   30   16   31   59   23   39   25   98   51   72   52    1   26   83   51   70   76   56   57   23   24   14   29   62   92   43   60   86   67   26   28   63   28   24   59   63   25    4   76   39   63   17   31   60
  12   31   71   77   35   11    2   55   69   59   40    2   22    3   46   30    7   60   37   96   41    9   70   70   92   69   36   66   79   51   79   96   75   50   49   83   87   26    0   80   23   99    3   91   67   30    3   84   11    9   79   67   12   34   66   65   36   41    7    0   96   23   92    4   98   42   80   84   35   73   33   78   95   80   72   37   10   50   12   50   86   11   90   59    4   72    0   61   50   74   37   11   38   76   95   20   35   87   31   24   83   49   58   48   60   26   73   36   52   18    1   57   13   91   95   31   28   50   20   86   10   45   18   83   14   44   83   44   18   15   60   12   35   61   37   82   68   13   81   91   20   35   39   42   46   89   65   89   35   52   10   27   58   17   96   27   16   78    9   32   19   69   84   19   41   47   69   35   52   50    1   56   56   99   51   89   34   69   90   15   56   91   55   89   41   88   62   47   21   17   28   75   46   38   46   34   80   39   47   55
  64   33    7   68   56   64   54   50   94    5    9   93   88   41   54   44   99   45   75   36   38   67   39    1   17   87   36   10   93   99   49   62   75    6   29   56   54   33    0   95   61   75   43   50   44   42   67   99   77   66    1   51   95   39   54   32   19   70   31   58   59   84   93   55    5   58   88   47   56   76   43   41   48   85   48   32   59   69   91   89   78   76   44   34   56   70   51   20    1    5   42   79   78   80   70    2   88   94   84   44   21   90   18   78   96   90   52   83   83   97   36   62   81   22   22   38   36   75   93   15   32   92   59   20   60   87   37   48   61   84   56   95   75   42   48   69    7   22   23   80   82   81   10   29   31    2   25   43   88   17   86   81   15   26   45   94   78   97   31   90   95   59   15   26   12   80   31   70   26   97   77   37   47    5   13   99   81   83   64   22   10   72   33    0    2   55   84   36   99   38   73   24   60   27   77   45    4   24   35   46
  27   57   96   71   31   67   96   24   23    3   84   83   41   87   65   97   92   95   39   63   16   89   31   44   59   78   73   95   71   79   57   41   91   37   62   29   48   36   25   82   76   70    8   24   21   71   89   37   33   55   98   37   27   52   91   72   51   73    1   75    9   39   34   69   24   23   88   47   74   58   61   68   66   91   78   30   16   84   37   31   11   55   51   82   74   72   53   86   98   81   34   27    0   99   73   93   78   43   14    4   79   30   37   83   48   95   54   83   12   39   18    5   99   51   35   37   24   12   91   10   38   15   92   20   39   75   57   38   56   43   28   59   36   96   46   75   23   64   55   74   46   71    5   69   75   49    3   56   78   46    9   39   99   27   52   35   71   42   38   57   57   49   25   10   69   33   61   37   85   70   40   33   74    0    5    8   34   49   29   18   31   49   29   57   38   93   99   65   55    3   62   38   28   79    4   26   77   92   51   52
  96    9   48   24   47   90   59   99   50   86   16   32   27   76   51   22   17   38   15   69   84   96   23   43   50   49   45   22   11   40    9    6   52   85   54    2   84   68   30   27   89   47   14   28   26   40   34   54   32   64   49   94   82   33    4   58   33   90   40   29   33   86   11   95   23   84   54   56   20   72   64   48   45   59   47   97    4   25   85   79   34   50    2   17   94   64    3   79   40   56   85   83   13   36   27   91   78   64    5   80   56   27   44   44   29   90   91    5   93   40   79   78   59   74   68   85   42   73   97   94   14   49   51   62   64   84   53   70   89   10   64   36   90   55   60   75   24   54   77   77   22   83   16   26   85   61   54   55   96   22   29   48   84   54   72   81   89   46   45    8    8   48   74   83   40   57   81   31   15   92   54   15   25   32   20   43   81   73   91   83   31    5   15   79   34   72   45   89   50   90   25   77   52   19   23   31   15   93   21   59
  57   53   62   91   96   87   45   72   18   88   19   11   82   75   13   96   11    4   95   22   23   79   60   52   98    8   92   26   62   32   29   32   55   87   11   66   86   73   98    1   36   42   53   31   25   85   23   95    3   42   60   97   76    1   74   32   85   77   19   36   82   92   60   21   38   79   59   20   28   19   46   44   54   94   65   58   36   63   95    0   34    5   20    6   59   81   94   23   69   32   31   60   67   58    9   41   28    0    4   44   10   73    5   23   98   70   55    1    4   90   79   95   80    0   80   45   69   41   72   84   97   54   27   61   49   20   72    7   40   69   92   62   97   83   23   84   33   63   20   53   67   91   94   80   55   88   10   99   20   40   90   71   84   68   60   17   99   63   66   42   95   45   19   18   69   74   20   69   99   53   97   15   40   55   35   10   45   33   20   37   41   88   49   41   38   59   27   87   41   42    6   88   47   13   17   36   78    9   12   56
  49   95   75   65   33   62   58   27   37   93   53   47   79   26   21   98   80   42   94   37   67    3   69   17   24   80   20   48   92   95   44    8   28   61   33   71   99   62   62   52   18   57   93   68   75   86   38   33   96   45   73   63   12   31   32   17   77   96   96   19   44   23    6   61   85    7   64    3   84    6   43   12   41   42   53   82   99   34   92   42   11   60   72   30   58   43   14   38   42   34   91   38   62    1   31   88   89   97    5   86   26    0    9   75   59   57   88    9    8   93   60   77   52   14   52   96   11   12   34   45   62   15   93   15   20   96   37   57   43   25   50   77    1   87   18   91   96   93   65   90   85   63   89   34   83   92   63   12   21   16   53   43   82   28   16   61   13   90    8   49   94   55   80   42   75   70   51   10   97    4   35   64   76   53   40   40   97   33   85    5   65   68   67   42   69   44   59   89   67   73   96   21   58   65   69   13   76   19   40   71
  26   12   67   28   82   89   34   73   22   92   24   88   78   31   82   63   66   37   23   69    5   34   14    0    0    9   93   77   98    8   99   59   79   85   26   74   64   41   49   20   18   92   73   56   69   40   24   94   98   21   80   44   70   10   47   12   81   39   26   69   95   33   71   68   48   80   12   87   40    4   98   77   81   14   75   69   90   37   92   70   25   21   90   64   11   12   82   16   21   61   86   33   66   70   60   68   22   62    0   73   79   79    2   91   43    8   53   57   40   74   54   21   62   26   11   26   90   57   31   36   85   66   77   61   99   65   40   25    4   76   93   66   48   13   64   20   62   30   86   93   23   32   92    1   51   14   43    3   14   40    6   79   57   45   47   83   84    4   68   46   78   78   70   67   21   85   70   27   23   50   34   67   40   16   39   81   83   31   79    9   98   76    4   70   49   88   23   89   87   27   43   64   24   99   19   24   50   47    5   91
  24   10   51   92    0   48   91   89   17   62   83   67   65   77   45    6   63   62   85   92   33   95    0   96   13   64   68   63   99   55   13   60   29   61   38    4   63    8   32   61   88   31   29   30   57   19   52   80    8   96   53   62   61   94   66   88   28   21   64   15   11   21   27    9   72   58   20   28   92   91   12   61   32   35   59   98   58   95   82   77   79   79   25   97   91   60   71   88   15    6   99   55   72   50   51    3   28    8   43    2   80   29   74    5    3   42   78   81   54   61   68   67   74    3   42   83   43   14   66   30   51   51   69   92   69   99    1   78   41   72    8   52    2   66   21   14    7   26   95   98    8   97   58   32   94   24   18   22   14   48   14   22   37   64   85    7   63   10   99   27   85   77   32   32   31   47   44   65   46   78   46   30   32   73   14   28   31   64   12   45   67   92   43   98   60   77   24   91   25   13    7   65   62   19   87   27   60   52   59   74
  92   72   90   86   35   55   19   92   96   88   74   84   79   22   26   53   42   73   73   97   78    1   34   32   63   34   97   28   43   81   36    4   33   35   61   71   54   40   50   14   18   61   86   52    6   98   32   74   89   98   11   18   64   76   83   55   15   71   66   46   63   21   81    4   83   83   68   81   91   16   54   64   94   73   59   55   14   31   43   88   86   64   10   72   45   65   43   72   21   14   21   92    7   28   34   83   35   89   98   65   34   59   66   10   83   43   84   61   86    8    4   11   87   99   99   33   26   34   81   25   54   64   36   47   66   79   18   51   15    1   64   48   25    5   94   82   93   11    1   21   10   45   64   19   39   53   31   46   59   95   31    8   86   57   47   72   98   12   86   63   58   86   30   78   57   93   46   72   49   39   37   92   83   22   86   58   10   76   16   87   45   91   48    8   76   72   30   20   86   77   29   70   24   18   66   83   91   46   14   54
  68   97   11   65   51   58    9    1   60   19   61    2   80   33   45   34   41   53   64   68   99   17   87   60   30   91   70   18   17   65   72    4   62   53   96   74   90    3   76   33   55   87   86   22   24   72   87   61    5   16   74   74   89   53   42   11   78   94    4   49   35   74   76   21   95   13   78   74   16   67   27   27    8   74   80   50   77   34   56   78   43   61   14   50   85   77   30   54   61   93   82   81   75   35   37   46   42   95   87   89   60   19   14   27   65   36   65   87   33   92   51   80    5   27   93   88   57    3    5   42   89   37   88   53   13   56   36   22   67   20   90   80   78    7   96   49   73   19   76   31   70   27   93   70   45   45    0   29   78   83   99    8   25   76   36   24   28   91   85    0   84   55   84   62   68   57   73   81   50   11    9   41   47   86    3   88    5   49   42   55    4   76   13   77   56   88   97   84   45   41   66   64   79   48   46   11   16   82   98   60
  34    5    4   67   64   28   18    6   68   60   33   73   84   51   26    0   79   57   34    0   81   92   48   26   61   87   58    1   19    9   41   45   53   75   11   94   26   52   21   35   83    4   48   58   56   38   37   90   24   48   36   76   80   84    8    9   37   44    6   89   89   42   76   56   65   87    9   23   42   89   59   39    2   59   26   32   99   52   13    4   38    6   42   41   87   33   27   61   63    3    8   16   77   20   99   44   93   24   42   13   84   59    7   74   88   68   80   27   43   85   60   61   76   61   12   21   77   24   66   47   62   23   31   68   17   30   99   15   57   15   70   12   57   43   69    0   51   54   24   29   70   55   57   93   40   86   97   57   21   41    4   69   27   92   65   48   18    9   67   76   26    1   31   76   58    8   11   10   75   78   40   68    2   56   27   82   48   85   56   45   94   99   45   35   64   17   38   84   89   41   39   87   20    6    7   11   87    4   33   60
  60   83   98   40   23    9   89   37   89   34   75   64   71   65   30   10    1   42   89   64   67   25   48   40   13   61   36   40   59    3   93   22   67   77   15   24   41   81   63   46   84   47   88   77   17   38    2   23    2   10    0   67   40   46   76   80   53   45   64   41   44   29   18   19   65   83   42    9   61   90   52    2    8   52   86    5   75   77    5   21    0   56   17   91    9   64   78   17   25   79    9   44   25    1   45   48   34   81    9   42   18   75   55   70   10   45    5   32   94   72    7   36   87   17   75   32   47   87   67   28    0   23   41   13   88    5   54   97   33   53    7   72   97   77   14   35   72   79   40   96   20   74   49   71   59   43   81   84   81    8   42   74   86   36   74   56   22   89   44   60   28    2   45   72   32   92   75   64   80   86   72   82   71   86   10   34   88   47    1   84   65   91    1   14   51   18   52   34   21   77    3   87   15   58   99   11   92   30   74   85
  23   34   86   10   10   30   60   80   56   49   87   17   90   31   27   95   64   43   33   44   79   15   17   30   48   81   21   78   90   43   96   89   79   38   30   86   44    3   71   34   93   85   10   90   94   75   27   66   86   81   43   70   38   25   67   46   22   66   32   58   36   88   85   47   71   17   99   21   86   84   17    0   73   86   71    5   64   39   91   80   79   40   32   82   11   10    6   51    7   58   16   89   43    9   69   33   26   65   95   97   43   84   20   84   94   51   52   56    7   85   73   86   11   80   36   81   99   87   91   11   32   29   51   97   68   54   80   17   66   50   20   64   84   82   84   81   46    4   96   45   63    2   88   88   92   17   84   62   14   57   47   62    8   56   67   71   76   62   70    9   79   36   54   54   97   32   38   76   63   31   34   82   83   14   39   76   11   18   15   52   45   32   13   63   80   21   66   79   55   57   16   95   95   71   90   60   66   82    3   21
  20   63   24   39   49   74   51    2   68   42   11   65   27   46   96   23   88   46   93   84   83   20   79   36   91   99   61   91   53    3   87   53    4    6   72   92   69   44   30   41   32   27   12   56   21   14   27   79   57   49   59   56   49   84   73   18   81   17    7   42   39   78   69    5   49   79   73   50   61   56   23   56   67    5   69   24    0   75   38   41   62   56   62   94   65    4   22   44   47   36   18   10   14   95   39   96   33   31   48   94   56    3   27   98   15   83   92   21   55   59   79   79    6   31   94   35   24   62   19   14   79   11   89   24   10   74   17   36   35   50   47   19   23   19    5   65   47   10   33   66   28   40   74   67   70   38   48   84   87    5   83   89   94   26   50    4   10   56   20   22   29   45   15   80   66   79   92   60   36   97   56   46   41    3   95   81   69   22   92   17   24    7   28   32   79   32   95   30   52   59   82   75   86   93   11    9   44   15   49   58
  27    9   96   37   83   62   66   78   26   21   99   66   29   64   39   85   50   31   69   75   37   75   23   23   82   62    3   67   30   27   42   45   89   43   29   77   54    0   63   50   57   18   47   64   67   68   99   50   42   54   32   31   69   31   74   74   95   13   36   77   42   65   73   88   22   26   47   50   90    3   24   91   61   67   24   62   36   73    9   28   64   60   84   80    1    9   35   95   47   89    5   96    6   80   87   29   30   58   72   12   23   75   80   15   88   86   86   24   66   16   19    7   49   71   19   18   27   19   83   16   27   30   20   94   20   48   56   26   47   17   48    1   43   36   35   11   99    2   14   10   97   31   43   75    5    6   18   67   97   62   87   88   27   18   16   79   66   86   50   97   89   80   80   12   74   94   29   81   35   21   73   16   48   93   15   15   94   77   46   40   96   72   90    9   53   72    3   51    5   90   68   18   52   10   80   19   60    7   15   98
  38   12   69   20   58   80   68   24   23   22   63   67   52   39    6   83   66   63   10   28   30   59   78   86   52   36   40   73   31   41   78   54   46   73   28    6   78   45   32    9   92   72   27   60   46   32   31    7   97   92   87   31   99   27   82   10   31   57   96   26   43   84   47   68   41    0   28   56    1   23   95    1   24   61   56   20    5   89   55   57    5   20    7   97   76   54   68   16   98   51   51   95    9   42    8   42   26   46   70   28    5   16   71   57   97   89   16   73    9    9   79   40   99    0   50   30   98   66   77   29   89   84   78   47   92   66    6   88    2   68   24   89   72   80   69   56   86   29   52   29   11   87   49    5   82   94   66   32   85   73   28   33   98   95   67    3   22   35   53   86   84   27   10   27   23   89    1   83   65   10   68   58    0   22   34   21   57   61   16   12   65   46   26   25    3   85   84   55   34   21   30   92    8   82   30   26   80   96   99   26
  59   29   19   38    6   16   59   68   27   55   76   89   56   24   71   17   13   35   32   14    5   94   67   71    6   79   36   74   49   24   26   14   82   42   78   82   16   33   12    0   98   66   45   20   59   54   22    1   46   50   79   39    9   88   41   72    4    3    2   78   24   79   94   66   98   92   72   80   60   21   10   38   47   34   10   50   49   95   95   61   85   31   96   94   12   70   45   26   41   90   92   34   46   51   73   47   39   92   37   26   32   33   55   66   13   88   25   11   66   20   75   94   69   77   49   34   61   35   87   46   49   67   18   56   75   77   22    5   19   81   26    5   59   88   22    4   14   12   20   18   63   22   54   40   65   65   59   89   19   52   39   53   13   31   94   80   42   11   64   30   32    9   28   21    3   58   96   12    5   10   54   82   30   11    9   60   35   35   23   89   37   70   74    5   24   89   88   41   15   29   94   67    7   71   14   30   48   35   69   15
  87   59   30   95   47   41    2   99   84   17   94   79   42   92   55   68   18   10   52   32   98    8   76   60   87   99   87   37   69   16   48   26   25   57   12   56   40   22   56   75   61    8   56   62   68   42    9   12   33   63   73   67   31   44    4   79   35   50   44   28   16   95   11   94   11    9   90   94   89   77   49   10   59   51   73    3    7   58   85   93   56   36   47   50   61   22   38   54   85   80   75   21   40   55   96   35   91   74   63   70   79   69   67   37   42   59   84   65   98   68   40   57   62   86   25   24   20    5   67   96   61    6   36   90    5   61   44   91   51   56   72   82   51   72   80   52   71   36   35    0   66   25   81   95   87   27   65   75   50   50   43   30   57   99   21    4    5   58   26   46   95    7   17   21   45   69   18   10    8   80    2   62   57   10   55   28   51   13   66   79    0   53   64    0   72   54   30   48   68   64   77    3   78    3   65   34    6   68   55   66
  37   27   62   21   81   68   99    2   58   55   85   42   93   23   85   52   94   21   26   56   55   14   65   40   15   51   69    3   92   61   26   75   84   95   79   20   16   20   87   30   33   89   20   40   29   30   59   74   26    3   63   54   65   45   77   62   75   73   49   32   58   63   57   52   34   13   42   88   71   75   73   92   22   72    6   24    2   43   14   38   13    3   47   41   41   34   40    0   47   84   13   14   78   50   25   78   32   60   55   16   75   61   20   75   62   85   82   31   93    3   33   60   53   22   19   78   87   67   53   77   24   96   12   58   34   90   24   64   15   18   41   79   27   69   57   97   30   24   90   33   21   82   81    6   85   63   27   53   23   16   13   16   58   81   48    1   42   74   83   73   36   64    6   40   53    2    1   80   22   12   59   28   97   94   82   30   87   25   23   97   67    8   88   16   68   43    1   78   68   88   61   75   90   97   56    1   34   61   10   11
  39   91   32   93   80   30   23   82   75   63   97   10   38   60    7   97   57   30   23    0   59   97    3   41   66   43   65   71   96   60   70   30   15    9   10   82    4   48   61   67    6   86   43    1   13   85   94   75   33   94   27   23   76   32   51   66   16   92   16   99   27   41   25   53    0   17   51   69   96   83   92   79   77   34   90   96   51   12    4   49   63   55   89   53   66   75   89   60   55    7   64   17   36   53    8   69   28   51   35   35   39    5   19   78   12   49   14   53   64   46   77   26   55   27   50    6   26   70   77   27   25   29   27   99   65   38   46   51   55   38   97   29   42    0   49   85   99   47   13   71   64   95   50    0   90   67   80   11   45   45   26   84   18    7   23   98   11   58   18   39   55    1   24   58    1   49   60   21   16   49   71    1   33   99   33   33   73   48   39   78    3   71   38   88   72   94   12   18   90   39   81   68   49    4    7   71    9    0   21   91
  62   71   65   56   25   42   54   98   89   73   81   80   66   82    7    2   44    5   33   19   95   65    4   62   73   32   88   97   98    9   44   77   44   48   32   41   69    2   79   72   13   77   52   31   45   51   21   60   62   36   46   61   50   43   95   87   37   71   81   11   59   79    5   33   79   93   99   60    4    2   81   73   19   13   14   87   76   94   11   69   92   53   77   60    0   42   26    8   59   92    5   32   66   31   11   19    2   99   49   94   68   34   94   26   18   80   55   42   58   96   28   90   91   75   15    8   12   70   39   98    0   37   26   88   12   40   86   97   91   65   16    9   41   47   51    4   67   39   10   91   35   23   49   95   82    9   68   66   88   96   74   65   35   89   94   99   95   64   95   78   24    3   98   42   87   28   36   82   52   67   32   61   48   93   49    8   73   95   88   10   99   34   83   63   97   34   60   68   15   77   14   82   12   17   49   18    7    5   28   49
   4   13   61   31   75   84    3   94   68   82   47    0   88   56    3   16   20   37   44   42   86   94   67   63   86   26   55   64   28   95   23    5   32   81   37   21   87   15   15   89   32    0   43   74   75    8   28   61   66   62   33   86    7   82   93   68   42   38   43   16   22   63   55   49   47    7   86   95   24   31   63    0   10   90   17   57   88   73   27   15   71   40   96   64    1   25   74   70   74   23   24   20   69    1   81   28   48   24   42   76   19   56    5   17   68   56   61   22   20   42   12   88   26   71   15   65   20   28   41   12   12   75   34   56   64   62   62   97   63   34   28   80   42   55   81   23   22    5    7   61   50   29   21   69    8   70   90   45   49   53    9   62   36   46    2   87   33    7   78   97   51    3   99   20   24   70   33    8   68   26   86   15   90   72   23   57   93    6   81   46   94   20   71   96   34   10   39   59   63   48   93   57   64   95   93   34   28   74   52   44
  69   66   91   36   75   22   93    8   75   10   88   95   81   78   47   24   98   52   81   71   70   35   42   43   60   71   19   22    4   52   66   21   71    0   86   69   68   70   35   99   74   18   92   73   31   94   24   64   67   96   57   99   28   80   24   99   76   62    6   49   14   91   37   83   90   11   75   30   10   26   54   85   69   23   29   30   73   51    2    7    7   96   50   49   76   19    3   27   20   79   81   63   90   46   24   33   14   90   60   77   28   71   33   44   65   98   55   71   59   42   93   96   31   89   45   73   51   76   87   42   70   50   79   19   72   59   45   36   70   34    3   94   44   16   22   82   33   28   48    2   56    4   83   42   21   45   17   32   13   66   97   48    9    7   83   34   29   10   66    6   90   20    6   70   35   69    3   86   30   75   93   53   33   31   68    0   14   64    2   28   64   25   93   97    3   17   90    3   48   94   58   30    0   39   54    8   52   40   32   97
  89   69   59   47    7   30    1   36   47   61   35   25   71   15   12   69   58   86   73   90   66   84   16   53   94   78   40   92   31    2   79   41    3   20    7   99   84   92   18   80   56   29   66   95   46    2   84   18   18   61   79   79   86   88   12   30   72   39   71   45   45    2   60   86   81   33   67   19   63   40   92   71    7   87   72   21   28   17   31   94   90   55   36   36   95   19   75   99   85   71   89   21   98    9    1   19   60   24   63   11   69   22   52   11   97   37   60   48   59   45    7   82   64   25    8   88   33   90   76   95   65   18    3   24   43   62   89   14   63    8   48    7   37   60   73   80   52   25   91   93   96   79   77    7   57   40   25    6   21   91   90   74   10   68   12   68    3   28   12   93   56   92    2   73   47   46   87    4   94    2   36   13   52   59   64   79   75   94   44   17   15   27   60    5   95   98   16   78   59   48   73   57   32   56   13   25   97   18   59   29
  46   24   56   55   61   30   57   72   71   56   29   53   53   95   37   32   74   63   42    0   70   73   93   50   51   20   45    0   50   70   78   66   80   66   77   43   60   63   57   57   78   23   31   51   64   51   19   82   54   43   87   43   16   98   38   89   51   24   37   91   94   13   98   85   64   18   58   42   12   98   60    9   34   83   44   49   14   11   97   95    9   54   68   88   55   86   12    1   46   26   75   33   40   53   96    7   55   38    3   81   91   17   75   70   70   46   32    7    3   17   52   14   68   61   34    8   51   82   39   80   28    8   64   88   88   95   10    4   56   95   99   27   37   66   91   17   97   81    6   84   64   97   20   99    4    7   44   65   16   27   38   12   17   14   95   93   62   68   13    5   37   98   47   80   36   30   81   47   73   72   72   67   80   46   30   51   32    4   36   50   52   34   72   28   64   26   98   64   55   42   75   42   80   15   82   96   24   22   95   40
  69   19   42   70   89   43    7   41   64   87   83   75   16   51   57   46   92   95   21   95   84   70   38   76   58   89   71   96   41    8   49   99   65   70   62   59    6   41    8   33   71   80   22   65   22   20   95   60   19   14    4   49   10   58   43   63   20   14   10    9    7   25   80   60   25   93   76   77   89   74   95   33   85   11   30   89   13   50   34   10   23   53   63   67   13   31   10    0   39   62   37    4   21   43   35   82   59   99   17   37    8    2   92   49   65   27    5   89   65   71   53   40   42   76   22   34   30   52   96   92   54   20   94   31   35   88   26   46   91   31   62    3   99   41   67   50   43   40    1   27   38   36   27   64   82   89   97   64   41   64   13   81   53   16   42   30   34    5    1   34   30   99   26   32   91   85    5    8    9   45   57   35    1   20   61   37   12   65   61   49   94   84    3   90    4   48   90   98    2    7   24   27   27   41   31   58   85   54   33   56
  62   89   94   27   91   81   12   55   15   49    4   29   58   30    1   38   54   76   13   47   19   15   12   75   91   66   37   94   49   52   63   65   49   47   31   68   67   43   71   13   41   98   73   72   86   60   66   48   82   71   52   12   80   32   35   12   21   12    9    2   29   75   86   22   42   83   70   90   42   16   14   70    2   46   35   91   99   48   58   37   77   29   74   90   17   22   37   82   64   19   36   64   96   45    7   10    2   12   41   28   30   76   47   72   54   20   94   47   83    9   84   71   24   79   74   89   20   88   76   33   35   25   47   89   83   14   13    5   61   31   76   76   19   69   76   98   72   35   99   27   80   37   93   78   59   21   18   94   80   51   87   78   38   82   79   47    1   74   33   36   71   81    8   82   29   56   86   21   22   97   37   94   35   61   51   98   55   50   46   37   44   46   76    4   50   54   75   66   43   10   37   25   20   72   47   79   13   98   47   25
  36   84   70   17   99   13   27   72   52   44   92   79   96   28   85   21   80   54   59   11   87   27   59   16   92   32   76   76   55   12   27   61   53   58   24   53    8   48    9   66   56   85   46   16   23   81   95    6   67   48   25   51   93   19   83    8   72    7    6    3   80   57   69   15   92   80   48   89   14   29    4   16   84   40   64   88   76   39   34   10   82   98   50   49   84   34   40   89   37   92   16   49   48   30   96   48   87   21   34   47   56   22   31   62   27   75   47   96   23   84   49    8   70   21   13   53   78   25   62    1   18   75    1   35   50    6   97   50   33   97   55   67    9   15    4   51   83   90   57    5   62   63   59   72   55   70   48   15    7   90   44   32   29    5   94    8   21   45   35    3   32   77   25   86   36    1   10   81   40   98   78    3   31   72    6   99   16   79   84   50   80   88   73   70   38   29   86   22   41   51   39   37   59   32   98   17   38   84   47   70
  64   33   74   23   74   12   69   11   86   62    4   10   18   96   58   27   27    2   20   85   59   36    2   34   38   11   60   66   99   35   27   82   35   63   73   87   31   62   13   77    4   69   20   46    7   68   48   66   34    0   58   69   66   26   71   54   21   11   32    2   71    1    4   15   32    1   62   13   80   55    8   40   14   98   59   80   37   14   23   41   77   43   92   36   23   49   11   66   10   64   38   35   61   70   92   28   81   83   99   96   79   29   69   78   29   81   70   49   86    8   68   78    4   40   51   20   87   62   27   43   11    8   74   98   27   24   68   51   13   66   20   11   46   73   52   64   23   49   71   52   23   95    6   91   72   11   25   36   95   51   25   91   11   81   83   38    4   88   96   37   18   27   13   60   51   35   65   62    1   40   86   79   85   95    6   27   45   51   78   72   70   15   67   79   75   58    8   14   74   86   82   42   58   17   59   19   79   78    5   93
  79   37   45    7   93   10   92   65   91   37   89   42   35   33   95   46   47   64   55   54   37   16   99   49   97   46   59   54   96   11   51   15   86   53   92   27   16   62   14   37   31   22   13   65   75   39   28   15   67   80   54   43   64   91   98   19   47   87   63   81   99   10   61   53   28   65   10   49   41   39   61   94   94   70   33   96   99   84   87   81   76   72   63   64   38   88   63   61   74    7   91   58   94   10   23   94   69   64   40   55   54   19   56   51   31   34   76   67   46   60   24   49   56   25   16   52   94   46   90   85   74   89   41   75   14   31   56    3   76   92   10   99    8   12   76   68   93   42   57   14   69   99   59   93   39   98   53   14   36   49    6   89   23   67   91   43   60   51   76    3   35   61    9   85   63    0    1   15   66   51   48   56   49   34    0    2   68   74   23   24   40   64   59   55    3   43   75   59   80   69   89   57   56   55   26   43   16   43   14   49
  95   45   73   43   90   21   83   72   88   13   89   90   29   62   58    4   52   65   20   36   58   92    6   93   81   84    4   56   36   91   74   64    2   87   48   16   87   90   49   66   61   30   74   99   93   68   36   90   92    0   33   55   57   71   51    1   16   76   69   65   44   27   30   68   50   13   39   82   59   86   50   48   94   50   13   40   64   34   41   87   43   30   10   40   76   29   47   65   92   81   28   16   67   25   39   10   77   16   38   40    4   77   61   54   17    5    5   62   74   79   80   39    0   24   78   76   50    2   77   81   22   80   63   88   62    8   64   10   25   87   96   47   29   39   24   57   42    5   61   64   66   94   70   67   21   46   43   96   47   68   54    5   93   67   23    5   93   30    1   61    1   21   89    3   75   61   30   28   47   53   89   26   59   68    1   89   99    8   26   78   80   15   91   32   29   35   67   20   54    7   14   76   38   79   73   99   13   93   89   43
  13   13   51    1    9   53   56   86   97   26   33   19   22   43   99   89   91   45   65   72   24   46   55   37   47   44    6   76   90   75   93   43    5   26   85   13   54    0   32   11   11   16   53   68   28   81   39   73   52   72   97   99   58   96   70   26   93   14   46   15   78   89   81   10   27   34   11   53    3   61   57   59   91   78   25   57   80   85   64    8   43   85    7   59   54   22   34   97   59   93   47   84   61   91   32   38    4   22   13   18   30   87   37   82   81   98   50   84   41   63   81   14    5   16   72   47   28   76    1   17   46   91   74   68   71   31   44   88   72   59    8   73   36   38   67   39   57    1   18   53   95   76   41   96   27   89   40    8    0   98   64   14   99    4   33   74    5   90   67   94   83   82   22   20   24   15   66    5   42   58   53   48   22   10   98   46   59   56   36   72   37   41   80   31   69   66    3   68   80   27   91    1   17   94   85   75   60   20   48   56
   8   59    8   12   17   19    8   95   80   50   36   19   94   79   75   47    2   63   48   29   31    5   87   16   81   97    4   62    6   83   50    2   77   76   92   48   93   66   52   35   29   62   73    3   41    4   39   79   69   12   71    1    1   91    3   26   13   58   52   83   98   74   46    4   92   56   21   54   39   35   45   75   16   96    6   14   67   14   77   73   42   45   99   79   63   14   58    3   25   69   40   99   93    9   88   86   10   38   94    1    5   51   95   27   77   69   14   28   62   48   23   20   55   82   41   92   66   40   70   44   75   98   78   14    7   80   84   56   24   88   44   29   36   29   28   32   67    1   36   16   64   99   78   24   51    1   41   27   50   40   68   54   93    6   94   79   71   82    5   21    0   79   35   36   61   42   63   93   33   89   53   37   91   48   12   28   84   51   56   68   19    9   44   91   12   71   97    9   13   86   10   74   79   31   29   52   50   86   59   96
  23   28   24   65    3   86   77   98   95    7   74   50   73   87   58    0   86   43   45   58   91   52   20   73   63    6   53   78   88   28   52   82   58   41   18    4   69   96   60   78   67   34   52   27   22   58   64   98   23   29   16   94   78   33   96   70   47   38   56    8   17   93   20   16   85   94   81   10   83   26    1   92   26   65    7   18   88   59   99   18   89   87   92    4   10   52   11    6   81   69   84   93   14   83    4   37   29   23   71   12   80   87   66    8   59   62   37   36   46   99    0   50   31   54    0   91   45   96   15   58   67   79    0   63   14   42    5    5   76   71   89   70   59   11   76   23   10   73   58   14   54   69   49   71   50   35   22   25   80   37   71   35   52   60   47   74   92   86   92    2   75   72   41   31    5   83   84    7   58   55   17   54   81   32   72   97   45   10   29   13   35   64   20   51   99   26   87   30   61   15   26   86   58   56   51   24   92   39    1   90
   4   88   26    6   22   65   54   15   30   21   65   86   25   89   40    8   32   87   80   72   39   77   71   79   55   50   96   94   53   20   40   50   67   31    4   82   94    8   31   43   76   77   34   31   40   24   43   26    6   71   78   28   40   40    2   54   45   94   37   79   39   18   34   88   25   84   66   74   75   51   60    6   69   71   10   51   50   30    6    0   20   23   21   60   42   11    8   65   93   81   75   31   70    8   17   13   18   35    4   81   71   63   17   86    0   99   72   20   19   69   80   46    6   49   47   32   90   34   24   67   61   62   50   31   25   11   18   57   40   73   80   55   10    0   22   28    7   77   36   74   20    1   13   47   47   43   95   65   73   12   46   62   58   94   47   37   94   33   57    2   16    5   41   93    7   97   86    0    1   90   58   17   95   56   63   67   20   35   12   52   98   62   69   19   54   99    8   20   71    1   20   94    1   42   32   39   25   27   76    2
  12   26   82   39    3   52   62   45    8   87   85   91   96   31   42   95   44   86   64   92    1   70   80   19   73   19   90   90    0   50   38   89   32   72   11   21   98   38   76   96   96    1   23   71   92   97   72   10   74   27   80   54   18   84   98   50   81    5   27   12   28   37   43   32   54   21   34   84   56    2   32   82   18   92   29   63   47   62   79   14   35   56   26   37   88   22   18   58    9    0   86   27   12   65   48   45   43   14   85    0   48   27   64   54   38   53   22   13   90   61   65   99   90   58   79   52   23   62   91   87   50   94   19    4   40   20   95   11   53   77   11    4   55   90    1    2   92   60   70   27   31   47   21   44   95   74   86   49   78   42   61   73   82   92   10   79   70   73    1   48   96   90   23   48   86   93   33   80   83   15    3    4   14   74   38   68    8   60   74   97   31   54   48   34   63   56   83    2   22   57   57   90   67    0   48   84   87   80   47   10
  21   84   34   76    3   49   95   24    3   28    6   61   19   24   58   32   65   93   93   72   96   73    6   95   56    0   62   24   53   65    2   43    5   11   21   78   41    4   74   54   14   56   24   63   94   31   74    2   40   88    7   92    9   48   18    2   34   58   72   31   49   18   72   16   86   17   66   33   99   28   94   83   46   49   35   42   46   14   32   87   97    5   73   23   65   62   87   70   82   80   64   41   33   34   35   28   31   56   27   34   70   32   10    1   76   94   68    6   56   27   32   92   82   73   50   57   91   66   57    9   99   80   36   25   96   95   42   23   79   62   90   54   55   14   60   36   20   78   34   21   96   96   49   29   16   62   61   61   76   47   68   65   79   74    3   61   97   55   52   60   55   40   99    7   81   15   20   60   63   92   29    2   25   54   35   25   91   56   67   74   40   73   96   72   29   77   23    7   44   50   46   26   27   92   29   78   25   10    6   24
  84   45   69   96    4   10   92   56   61   34   82   64   25   64    0   24   20   78   73    9   90   81   43   21   42   58   63   34   10   60   70   26   63   56   50    0   30   37   83   82   87   46   32   49   79   62   60   43   69   86   66   40   83   94   79   87   26   42   24   36   73   67    0   75   19   18   54   24   96   14   15   76   28   71   68   18   57   53    9   76   85   94    8   17   82   30   62   34   21   62   20   13   53   19   19   78   52   54   14   16   39   38   45   13   89   36   81   40   47   11   67    5   74   88   36   88   69    0   20   64   70    9   68   81    9   87   53   61    5   61   45   37   78   24    5   49   74   13   98   67   93   47   12   17   50   58   73   79   76   58    1   52   81   84   83    1   43   61   24   40    9   19    0   97   85   40    0   33   43   16   66   99   84   85   83    6   55   56   10   14   56   71   20   48    7   11   58   55   75   91   18   34   85    5   82   94    9   14   68   47
  98   54   65   23   32   17   14   11   89    6   51   50    5   84   50   12   12   70   61   41   40    3    3   53   36   25   37   60   29   34   28   66    5   91   55   24   75   93    5   20   14    7   73   19   38   81   61   67    9   97    8   70   63   41   83   89    7   95   24   79   82   55   86   82   52   17   43   90   20   99   18   66   64   19   47   14   36   95    5   87   67   74   28   94   25   50    3   88   70   16   66   18   44   51   93   33    1   43   92   79    5    5   75   72   55    8   28   84   13   20   45   73   82   59   49   38    4   26   21    5   74   35   50   20   59   13   67   73   31   21   78   22   17   34   96   46   26   51   34   66   43   58   43   48   44   39   96   26   80   70   52   31   48   84   18   58   76   63   14   50   18   92   35   42   85   42   19   89   64   60    7   44   45   26   56   24   47   80   73   27   20    0   34    1   12   97   85   55   77   48   60   91    7   35   11   79   82   72   60   47
   2   77   89   96   34   20   65    1    6   82   95   40   50   54   13   22   29   84   43   72   19   95   88   47   22   97   80   51   26   62   37   67   83   48    4   56   85   22   95   36   68   70   18    3   94   70   63   30   10   27   54   69   31   21   24   96   63   99    0   45   45   40   39    7    3   77   44   16   34   93   46   99   16   12   56   68   98   46   20   54   30   17    8   72   64   16   55   88   81   45    5   63   51   92   55   73   52   54   31   40   29   46   95   34   46   94   15   25   49   40   34   77   49   36   47   88   98   24    4    3   44   62    5   50   39   93   60   42   58   13   47   32   18   39   63   58   96   27   69   55   87   90   70   42   53   65   80   22   87   80    8   26   23   57   20   30   18    6   45   31   50   21   28   89   80   26   16   97   68   49   69   22   42   39   72   18   48   83   19   11   82   87   43    4   54   29   58   13   80   68   64   51   22   93   26   36   92    4   12   76
  36   57   58   82   62   42   54   73   37   17   48   99   11   17   99   82   11   21   69   78   73   86   50   87   59   47   63   42   60   83   95   57    0   62   25   23   88   44   79   36   60   66   89   19   56   40   46   84   13   54   38   89   21   23    9   43    1   50   22   40   60   68    6   14   31   51   88   13    6   62   97   83   56    1   57   45   44   49   56   72   19    7    5   40   50   78   43   53   97   74   69   36   15   92   55    7   48    9   98   52   78   47    1   63   65   22   71   22   69   74   13   29   16   72   23   64   41    8   88   71   26   87   70   81   17    0    6   53   78   91   96   59   63   29    0   19    5   68   50   77   14   91   71   90   64   33   62   60   18   10   65    9   10    7   62   92   49   15   51   48   59   43   53   32   90   53   31    0   67   38   24   47   48   80   54   70   64   84    0   37   71   14   44   40   80   96   10   21   77   17   49   94   97   94   13   14   17   76   17   42
  81   49   94   49   37   96   54   18   63   77   83    0   10   62   74   65   38   75   57   92   36   75   14   73   73   25    6   99    7   46    0   41   82   50   23   39    9   59    0   34    6   23    6   92   77   92   68   49   17   96   91   41   22   38   39   91    6   63   76   76   19   41   34   40    8    8    2   96   41   22   79   49   36   11   38   64   62   39   61   76   93   52   22   12   15    1   55   21   22   72   31   82   13   34    5   53   12   24   73   88   54   96   75   75   99    8   23   43   61   99    9   22   29   67   95   93   74   77   41   60   17   50   29   92   36   39   40   90   93   43   99   75   84   91   33   55   28   30   46    5   21   80   16   62   76   26   45   87   83   92   62   88   39   60   66   97   36   87   50   10   65   98   45   54   92   92   40   76   63   64   72   32   30    2   85   27   67   68   70   86   86    0   84   20   64   67    5   28   91   14   23    8   16   63   84   59   28   85   36   31
  50   13   35   79   60   98   77   36   76   86   63   76   50   91   23   42   25   10   61   11   22   76   24   86    4   45    6    5   79    6   89   59   48   91   38   39   40   65   84   54   28   88   59   83   43   19   94   67   30   84    0   93   57   58    1   17   72   55   12   66   74   27   68   97   48   22   96   91   45   42   83    0   31   54   65   62   37   86   64   54   93    9   70   92   66   56   36   27   54   89   46   12   48    9   93   53   21   62   53   51   59   92   85   26   23   99   64    1   52   11    2   18   25    7   83   43   55   86   83   82   19   74   99    0   86   86   84   39   19   73   62   72   25   17   90   51   85   92   45   26   89   71   66   95   24   36    3   38   44   45   15   80   48   43   86   48   89   22   85   98   75   89   74   60   76   96   60   68    7   95   77   16   28   22   31   88   46   41   77   37   88   75   25   63   48   34   90   39   11   40   51   12   74   22    9   53   16   78    6   41
   5   38   93   65   53   15   31   38   57   20   99   65   31   11   59   44   67   59   64   83   52   72   35   94   40   67   99   34   10   23   24    5   54   27    9   13   27   36   97   70   71   69   80   31    9   50    0   21   75   50   69   51   54   30   21   25   79   97    8   53   47   56   23    0   20   18    5   35   68   96   65   17   36   30   21   99   65   48   43   31   41   63   92   49   18   95   31    8   54   79   25   27   28   80   95   84   22   84   30   86   99   71   95   14   65    5   65   34   96   49   76   30    7   74   22   72   46   97   35   40   74   78   12   74   49   98   63   77   34   28   78    1   58   96   99   71   49   81    1   79   18   73   34   75   60   92   78   91   15   37   43    3    2    3   76   44   75   83    3   84   22   40   96   30   93   50    1   83    4   63   45   13   51   36    9   55    4   53   22   83   95   93   93   10   50   22    9   39   42   29   11   40   15    4   45    6   96   83   92   10
  46   82   57   30   83   30   97   10   70    1   91   35    2   83   96   91   48    6   22    3    4   15   56   76   58   20   60   23   46   88   13   87   27   67   26   16   45   38   50   23   97   67   84   77   72   14   58   89    9   46   18   79   93    5   80   36   96    1   19   71   77    7   16   33    3   78   66   74   46   64   57   69   45   65   64   64   87   34   87    2   48   44   86    4   21   46   81   46   63   17   94   78    4   70   12   55   70   92    7   28   69   26   71   18   16   54   68   20   87   86    8   30   55   49   25   52   96   30   21   73   57   69   64   76   72   60   45   46   26   44   60   71   77   37   73   43   35   16   26   67   21    7   27   99   14   14   40   38   92   23   41   29   24   32   25   71   79   17   49   26   86   10   40   33   36   94   54   38   80   77   14   46   41   44   34   82   99    2   85   86   36   48   10   35   23   90   10   33   48   97   81   93   31   26   57   34    1   81    9   19
  94   73   64   12   25   20   64   50   36   74   77   73   10   60   21   27   97   41   78   24   97   27   18   32   17   59   14   20   70    4   44   69   44    2   15   97   77   35   87    0    4   88   67   59   34   81   60   43   38   35   57   65   80   40   25   55   58   27    7   33    7    8   96   78    3   34   25   97   43   25   63   47   18   30   12   69   97   80   37   48    6   36    3   74   90   19   67   59   41   73   67   26   79   65   31   73   64   11   16   32    4   40   46   77   17   56   66   44   90   31   40    0   41    2   98   24   81   11   27   11   36   60   41   60   80    4   42   59   52   14   20   37   65   98   36   52   30    3   39   34   15   67   25   22   38   96   63   42   82    2   33   54   48   67   70   45   92   92   47   90   64   13   11    7   21   31    6   60   41   60   50   27   61   95   31   30   51   80   53   83    7    9   40   23    2   21   27   91   78   35   95   83   25   47   92   45   37   90   66   44
  86   74   34   42    4   10   95    5   83   20   54   72   99   37   92   45   86   10   26   62   70   80   35   62   62   98   11    1   57    1   19   50   26   26   34   68   36   79   15   10   16   91   27    2   31   68   36   38    8   66   22    9   71   93   61   93   40   51   35   50   89   63    2   58   37   54   55   58   86   85   97   61   28   19   84   91    3   21   67   16    5   99    9   21   98   10   79   56   53   82    2    6   19   49   96    6   42   42   19   34   20   13   52   93   40   63   67   84   82   90   81   93   96   74   49   30   57   82   75   52    7   27   57   38   45   30    7   46   44   78   11   48   85   26   31    8   57   85   48   41   74   44   39   76   28   84   26   51   25   63   43   23   74   93    2   56   71   71   22   11   51   63   28   36   53   45   48   68   98   79    0   34    0   87   64   21   83   56    5   15   80   28   52   89   28    1    8   91   59   32    7   69    3    9   59   64   56   90   26   55
  30   36   15   79   70   71   14   11   78   66    2   66   98   75   27   31   75   40   73   96   40   57   48   50    7   98   54   22   57   39   82   75   38   71    3   96   51   65   64   31   68   39   68    8   14   92   73   12   21   54    0   40   32   13   29   29    6   63   27    3    2   96   11   90   16    8   54   86    7   32   75    6   16   30   80   80   70   66    2   23   92   71   24   70   72   74   98   54    5   81    1   64   79   12   79   81   65   32   20   70   15   67   16   33   50   16   79   69    1   84   71   83   60   62   38   22   23   31   29   75   52   41   72   73   93   30   24    0   15   60   80   60   99   62   88   26   32   81   66   48   95   76   29   61   39   41   80   67    1   57   64   51   29   64   94    8   60   91   40   33   24   22   39   77   18   23   99   99   22   42   40   29   15    6   61    4   62    9   15    0   39   32   33   31   93   43   80   23   48    6   25    7    2   18   15   31   74   14   61   36
  40   92   46   26   23   16   80   66   26   49   50    4   90   78   53   71   10   97   64   93   86   58   28   68   51   40   71   88   17   55   77   32   34    0   32   58   97   52   29   81   18   18   52   81   21    1   72   58   68   39   11   33   46   43   88   22   31   18   57   80   88   22   42   73    4   71   13    3   11   88   68   78   69   79   49   80    5   58   75   99   35   17   72    7   77   70   69   29   12   60   36   39   18   33   83   89   34   14    3   18    0   66   64   78   33   83   16   23   91   88   59   60   70   82   23    6   18   35   23   52   13   57   71    9   28   53    6   66   75   36    0   50   86   29   84   87   28   59    4   55   87   94   19   66    6   27   83   64   39   96   75    2    7   62   87   15   53   81   86   64   99   93   83   66   98    1    8   51   67   90   67   23   90    8    9   71   96   50   13    4   97   27   63   32   21   66   73   47   50   48   59   80   71   27   24   67   64   36   83   41
  33   55   19   69   89   94   44   26   47   10   66   42   12   54   71   22   40   89   70   79   44   49   49   45   14    4   83   53   53   59   41   89   46   50   53   15   17   18   25   15   22   93   36   79   39   82   75   84   28    9   30   70   65   70   99   22   44   49   14   66    4   89    8   11   17   89   86   92   83   92   47    0   43   22   24   69   16   32   39    6   70   76   55    2   78   44   26   94   85   44   44   91   19   40   57   34   31   10   26   35   83   33   16   84   35   91   10    2   92    9    0   64   31   48   40   29   48   25   22   22   11   52   54    1   45   73    0   30   96   42    1   52   41   21    7   88   81   68    1   87   47   47   87   43   23   23   92   54   57   59   22   41   95   14   95   27   29    1   66   31   45   58   63   95   55   17   70    5   84   29   72   15   40   69   62    0    3   98   52   85    7   49   57   92   71   62   29   99   32   27   72   99   85   18   81   35   22   93   94   37
   2   20   54    5   22   14   95   35   38   42    1   54   91   81   25    1   77   84   92   57   47   75   69   75   28   90    3    9   65   57   55   90   87   71   16    9   13   61   71   79   10   27   33   63    4   84    8   52   93   19   68   54   81   58   84   40   16   67   96   43   81   87   64   79   56   80   33   52    7   19   57   72    2    6    0   51   33    5   79   52    1   68   91   41   94   41    7   12    6   30   38   44   48   86    1   89   23   95   13   10   12   29   94   46   16   64   50   70   74   78   15   49   63   55   97   96   81   24   52   80   26   71   24   14   23   92   99   85   27   77   21   12   25   13   64   68    3   10   47   11   82   40   41    0   70   72   75   54   26    7   31   54   11    5   21    7    1   48   74   49    9   33    3   62   23   38   90   58   76   34   93   71   51   57   62   16   25   68   44   78   52    6   66   60   36   79   35   11   12   90   37   41   30   73   60   89   89   98   32   58
  34   70   74   25   85   29   98   85    1   39   38   82   72    5   84   21   36   17   15   52    8    8   78   34   64   98    5   79   10   76   30   13   22   36   72   68   72    2   97   43   11   92   79    8   43   90   68   19   70   18   35   19   69   93    4   60   24   75   13   36   20   87    8   58   12   59   76   75    3   77   29   68   96   11   36   86   14   26   54   99   29   38   79   11   32   31   40   57   22   39   91   82   95   68   58   21   15   53   40   78    0   89   17   39   35   92   72    3   85   67    6   78    3   42   16    1   55   68   47   34   51   15    4   15    5   76   60   18   56   48   11   97   93   75   80   54   80   52   16   16   85   44   72   14   44    8   22   10   20   60    0   19   69   14   55   86   78   12   14   70   34   41   47   57   44    2    9    0   26   81   97   47    2    7   81   34   88   50   87   13   85   54   43   52   32   60   77   81   97   41   76   88    1   47   70   45   10   65   40   61
   0    1   60   98   63   94   84   28   10   55   62   77   52   92   84   58   55    1   78   68   89    9   14   67   48   58   43   64   65   18   76   49   57   61   74   30    0   18   96   22   24   85   23   46   37   66   59   51   50   83   58   50   88    9   83   19   33    1   57   83   38   66   39   75   99   71   34   82    3   98   83   65   62   25   43   10   33   58   36   77   85   56   34   30   54   71   12   44   44   28   23   84   43   57    3   28   22   32   84   57   90   42   77   16   81   61    3   68   47    0   84   53   60   57    9   33   70   33   88   31   45   44    1   81   13   46   90   99   23   37   56   69   25   54   83   76   82   88   86   51   97   49   70   94    4   93   82   99   77   15   30    0   60   43   47   73   82    7   91   37   75   58   44   21   18   73   32   22    0   84   39   34   37   59   48   54   27   29   86   43   97   84   71   54   83    5   49   71   10   18    6   48   54   46    5   48   88    3   77   27
   7    5    1   41   49   62    8   65   73    6   67   11   43   66   87   53   43   83   21   20   46   12    2   36   15   63   54   48   49    9   40    7   35   67   98   29   26   66   91   29   83   31   63   20   26   98   38    1   77   12   11   83   34   13   97   28   63   26   58   69   75   41   61   84   84   74   39   53   96   24   69   79   48   86   42   83   64    5   82   69   22   70   51   94   30   26    5   78   98   68   36   87   25   69   59   85   97   35    9   15   73   36   13   81   64   13   71   63   98   98   97   89   79   67   54   79   96   11   13   49   29   53   31   78   89   28   77   10   79   69   71   49   10   84   10   48   17   84   57   50   31   78   21   72   96   26   68   30   92   89   31   23    8   69   91   14   81   75   47   22   65   59   81   56    4   20   38   49   34   87   28   68   36   99   91   78   76   64   58   56    2   93   98   52   87   40   11   83   50   94   21   47   66   13   99   60   17   74   87   37
  60   74   14   53   55   30   29   62   75   38   14   78   17    0   32   81   75   30   51   95   71   75    8   24   10   97   34   49   55   52    5   90   38   91   76   69   70   97   30   32   67   23   80    2   89   34    0   60   27   30   48   57   13    4   46   35   58   74   61   10   99   71    4   76   88   56   83   88   96   95   19    3   65   67   56   23   94   40   74   62   89   71   63   84    5   70   58   77   22   59   28   11   57    2    9   52   89   71    1   10   43   42    3   25   12   56   65   39   57   20   85    0   50   32   45   51   64   92   56   22   52   51   86   56   86   64   57   32   25    9   54   92    1   95   85   43   31   58   85    2   44    4   64    7   31   73   75   22   51   18   59    0   81    2   60   40   22   54   14   57   64   45   36   45   95   75    0   28    2   23   77   85   45   68   37   47   82   27   31   13   21    3   81   85   42   59   24    4   51   15   84   27   73   26   12   54   18   39   29   88
  50   71   58   91   43   86   89   92   69   98   74   31   15   20   57   16   23   62   33   68   99    8   64   82   14   78   50   62    5   43   36   15   76   50   87   15   73   60   65   30   69   24   76   44   47   58    8   36   20   96   42    0    2   91   15    0   21   21    7   99    5   72   83   64   13   72   32   40   25   78   57   15   40   79   93   93   13   85   56   73   38   65   25   52   22   39   40   86   62   64   28   43   47   78   18    5   50   81   73   81   39   22   65    3   89   71   50   19   25   99    1    0   34   22   67    4   78   78   22   57   67   84   73   96   11   61   77   23   21    9   98   86   12   24   45   89   82   87   82   62   29   60   49   95   44   75   17   68   45   43   75   48    5   38   96   94   61   63   26   78   59    3   94   85    8   41   74   73   16    4   98   89   73   65   68   45   68   30    8   31   29   30   47   13   40   46   18   45   67   41    0   70   57   41    2    8    7   85   30   42
  69   65    6   92   26   76   83   53   16   54   24   84   75   82   82   17    3   62   61   86   63   80   34   12    3   43    0   51   40   25   59   67    3   47   93   29   78   33   27   85   35   86   65   81   81   91   55   95    5   49   39    9   87   80   74   63   60   38   68   97   25   33   10   90   53   59   26    3   80   86   34   76   57   64   17   61   16   21   35   21   90    2   90   15   87   33   92   54   48   13   43   55   98   26    8   25   24   94   15   99   11   81   41    5   61   72   83   17   61   56   44   89   42   38   52   92   86   70    8   30    1    9   83   81   10   45   27    7   38   10   73   96   42   24   49   96   15   68    9   30   43   38   17   77   67   43   41    7   66   22   30   86   64   69   26   50    1   24   80   47   63   78   93    8   58   99   19   85   58   31   78   87   14   68   93   66   54   13   45   90   79   45   30   80   96   29   81   30   82   96   66   49   31    5    5   83   66   22   55   87
  64   91   11    7   66   58   68   98   10   93    6   52   83   68   22   60   90   20   93   65    8   33   86   33   94   41   34   85   78   23   78   25   89    0   66   15   67   97   66   43   82   19   54   96   35    2   44   48   81   80   34   77   14   18   60   70   80   62   12   67   42   26   33   81   17   55    8   72   14   93   88   85   34   78   13   28   13    5   36   57   86    3   40   71   20   73   57   56   12   16   87   87   45   59   54   51   71   56   12    8   85   74   19    6   21   57   58   16   17   20   44   23   45    1   93   89   33   80   53    3   28    5   70   78   61    0   23   46   14   10   30   59    8   99   45   17    2   95   59   86   77   98   88   76   85   85   25   59   98   86   10   11   20   74   39   62   13    5   77   29    4   21   32   40   89   19   60   27   49   29   34   59   58   13   15   24   89   31   57   44   35    3   44   99   94   30   53   28   92   55   92   85   32   45   56   24   83   56   20   48
  82   42   71   98   33   99   41   56   77    6   70   56   65   95   48   92   56   21   65   19   89   15   49   81    0   49   50   33   67   32   37   27   62   88   17   40   22   24   97   71   94   63   66   71   65   82   32   10   48    0    4    5    7   70   59   93   28   33   49   78   93   72   50   97   18   47   24   16   39   76   31   81   61   70   24   86   20   37   78   69   29   26   43   44    5   24   15   15   35    3   67   67   22   87   59   31   19   42   96    0    2   41   91   28   74   57   19   90   16   50   66   67   85   70   65   15   30   34   37   11    9   44   72   88   94   48   89   45   47   20   62   31   48   93   54   30   67   73   60    4   22   12   95   31   47   90   99   21   85   72   61   16   69   61   44   58   21   62   15   28   49   16   91   88   47   56   29   21   96   41   95    6   10   47   78   42   83   13   85   44   28   63   77   92    8   70   31   50   46   77   39   27   48   66   84    0   56    7   61   62
  85   19   79   68   66   63   54    6   81   39   10   61   94   71   24   81   84   33   52   83   15   35   45    0   16   61   26   24   29   12   63   25   65   82   47   91   19   96   32   30   97   45   74   80   44   31   49   38   41   23   91   57   79   65   35   31   98    2   29   73   54   61    2   21   59   31   47   95   63   63   19   59   96   63   78   95   90   33   29   28   77   37   82   80   66   12   71   20   55   22    6   63   45   64   49   37    1   27   88   75   46    3   98   73    2   21   17   90   95   41   17   64   27   12   25   25    5   70   35   55   55   77   76   56   83   56    2   85   76   42   38   89   42   37   73   32   40   77   22    1   33   17   36    7   58   51   27   62   14    1   47   16   85   30   42   29   43    9   93   17   39   84   42   70    6   29   75   26   41    8   50   34   86   39   82   90   83   74   58   47    8   13   38   65    0   93   99    7    9   84   19   18   18   70   13   18   39   60   99   23
  25   54   41   60   24   61   92   68   73    6   90   70   62   15   55   67   62   12    4   47   71   38   68   96   88   63   72    8    8   70   80   19   59   28   10   37   44   77   86   94   10   92   51   17   64    6   46   82   97   28   17   58   15   97   32   18   23   37   74   86   73   64   27   93   99   63   78   30   44   80   42   75   85   93   29   47   38   50   74   32   23   26   76   99   10   97    3   52   13   95   76   35   68   84   21   63   29   71   56   71   63   63    8   85   17   39   51   84   62   18   28   19   59   71   70   75   70   90   90   27   30    5   26   50   65   87   59   97   55   85   80   48   87   86   31   21   12   92   44   56   27   38   40   58   17   78   39   24    1   10   26   73   85   95   29   63   26   14   54   64   76   11   74   30   27    3   20   48   18   32   53    9   87   30   75   64   75   28   17   14   22   54   62   75   96   83   35   47   95   71   41   83   13   67   94   52   61    5   60   29
  99   31   31   39   69   95   34   20   76   54   45   99   49   61   98   20   90   96   47   33   16    4   98   43   66   24   32   81   65   21    0   81    8    3   30   92   64    4   91   93   69    7    1   87   82   83   48   59   17    3   22   62   40   61   44   55   95   63   95   96   61   99   24   52    7    9   13   13   41   72   98   98   17   43   43    9    3   35   85   38   38   99   37   68   98   11   51   33   11    4   64   65   56   67   71    5    3   33   56   90   97   82   29   57   11   48    9   99   45   72   10   95   52    7   36   21    6    3   71   86   66   69    3   17    3   97   73   95   90   22   51   64   74   66   45    0   93   68   83   22   10   90   80   83   44   90   22   75   49   16   71   36   15   70   77   32   96   71    2   33   97   17   95   51   67   68   51   51   56   64   73   43   43   77   75   64   46   57   57   43   17   53   44    5   95   66   11   20   57   86   48   81   12   52   82   84   24   67    3   14
