  48   60   48   73   41   90   68    3   18   29   19   79    1   79   38   57   19    6   98   58   52   82   30    2   43   21    3   84   78   23   92    5    7   71   23   77   60   39   46   72   94   57   68   24   23   41   39   61   92   84   87   23   26   13   77   86   34   95   88    5   62   96    0   74   18   92   98    2   73   94   43   18   71    7   97   86   97   79   69   44    7   84   37   88   23    0   32    6   75   58   18    4    1   63   66   34   87   50   62   91   11   74   49   35   65   90   94   48   52   38   93   94   50    2   36   54   81   93    6   93   21   15   94   81   91   37   50   77   65    0   82    2    9   20   68   57   86   94   12   81   76   17    2   18   69   88   28   74   23   57   90    4   24   14   39   57   66   84   15   64   80   49   62   91   91    5   60   14    2   23   18    0   49   44   47   39   60   13   20    5   30    8   63   45   51   72   25   14   36   74   12   16   95   57   85   31   67   11   92   74   97   49    8   48   35   47   80   23   50   37   72   58   67    1   91   99   33    8    8   93   84   98   59   97   59   90   98   62   38   28   41   36   33   85   78   20   56   10   51   13   42   91   90   46   82   93   89   59   41   42    3   26   21   33   79   33   73   28   31   15   42   16   67   54   18   69   86    2   20   35   24   28   96   58   21   68   88   72   76   55   51   31    2   93   51   29   29   43   45   65   66   63   31   52   14   24   21   94   34   35   36   70   57   40   84   18   26   20   34   27   68   11    6   64   20   89   64   62   45   77   63   42   92   28   67   19   11   62    3    1   51   12   81   78   36   79   95   69   23   24   85   44   24   13   63   60   50   53   52   87   17   76   46   26   52    7   40   47   27   69   64   38   76   99   40   59   39   93    3   89   97   52   14   90    7   49   57   79   74   53   35   82   87   70   98   35   76   31   71   77   91   96   66   38    3   85   97   57   65   89
  58   94    5   80   15   12   72   50   11   93   43   57   38   10   51   61    1   92   88   47   15   85   59    1    1   62   89   98   92   13   14   52   84   10   16   41   99   73   51   86   56   87   50   78   71   85   21   46   52   79    7   79   24   58    9    2   97   27   15   49   38   69    4    8   18   35   18   33   27   14   91   44   68   74   93   99    2   81   98   85   78   37    0   80   91   67   36   32   79   39   56   79   91   20   32   73   12   52   79   16   75   41   95   63   37   53    2    0   78   82   37   72   47   29   88   59   98   65   38   21   49   55   92   11    9   63   66   86   31    8   14   93   46   16    9   46   91   31   49   14    9   37   21   37   96   97   80   57   88   29   44    9   75   72   15   94   66    4   62   97   21    5   17   45   21   76   63   98   34    8   43   85   90   36   11   88   89   98   42   45   87   93   86   50   79   36   48   38   50   16   10   64   18   41   46   51   36   98   76   57    0   37    8   54   41   68   39   68    4   30   82   26   15   60   86   84   42    9   73   38   78   27    5   60   97   78    5   65   96   21   78   63   61   76   58   36   33   54   71   12   50   31   41   65   36   55    9   98   98   40   25   79   34   99    8   41   55   12   62   97   35   13   74   51    8   15   90   98   17    3   54    3   11   33   17   85   11    4   31    0   27    6   58   53   57   60   52   40   50   57   75   10    4   13   17   72   98   49   90   90   64   59    3   61   58   23   56   87    6   86   62    1    9   59   18   87    6   78   17   33   73   39   89   28   72   82   76   30   34   77   81   90   18   68   27   28   31   37    4   88   74   91   26   56   78   49   85   55   79   58   66   48   51   23   12   72   18   70   53    7   57    6   94   50   24   60   40   88   33   22   46   43   59   31   20   98   10   66   19   58   21    6   56   69   84   37   13   63   25    7   54   56   10   19   36   94   21   13   39   25
  95   42   24   47   17   88   16   85   32   20   69   52   45   86   29   52   98   29   57   46   32   14    4   47   73   53   29   20    8   35   75   28   18   95   60    4   88   75   63   21   61   36   27   69   41   86   41    2   42   11    6   36    9   50   76   97   23   54   21   56   70   86   23   53   47   25   10   20   73   48   69   30   21   25   61   42   74   29   53   50   37   91   68   45   43   19   61   43   72   68   24   86   89   64   61   57   72   46   16   55    7   82   87   30   29   73   56   72   35   71   63   58   65   12   21   93   84   98   57   89   80   91   52   86   91   23   80   16   64    9   70    9   55   74   62   30   87   32   73   75    7   19   94   58    0   65   23   32   77   48   91   48   58   61   70   53   34   36    0   88   41   79   40   61   73   47   43   47   60   46   74   64   79   78   78   25   39   67   36   63   41   43   74   11   83   59    0    3   36   96    1   61   69   22   11   71   76   57   77   57   52   54   46   77   27   73   39   40   19   71   71   32    5   50   90   20   79   18    0    8   81   63   89   84   39   55   85   39   17   60   82   85   92   62   22   87   65   11   16    8   82   10   94   65   81   35   84    6   55   79   12   83   31   34   85   62   79   87   82   83   87   76   73   18   24   36   32    6   59   42   53   56   60   80   79   11   68   11   29   34   61   34   24   89   90   76   88   38   45    4    3   29   48   96   20   39   53    0   59   33   68   45   97   97   30   60   65   92    5    0   65   40    5   98   41   55   51   16   30   48   43   19   16   50   85   43   31   88   98   54   97   50   17   30   42   31   10   91   61   40   46   88   37   42   30   70   41   91   42   88   98   62   11   56   70    1    7   87   84   14    5   34    6   72   77   50    1    2   11   10   29   74   35   51    2   59   23    9   20   15   14   33   77    6   94   61   43    1   85   67    6   21    7   54   51   29   63   17    3   82
  35   42   24   68   46   38   14    4   63   93   36   56   73    6   43   92   50   79   12   69   47   63   20   45   52   92   61   40   18   73   39   86   89   59   91   47    4   13   27   67   33   34   46   98   76   93   84   27   36   57   16   20   97   66   68   96   59    7   65   28   18   61   97    8   58   61   56   81   36   47   77   14    1   35   71   16   82   88   15   56   97   72   58   55   61   97   90   96   53   48   68    9   59   73   90   68   37   50   14   16   59   82   92   10   52   24   64   60   92   47   65   83   14   83   33   13    1   56    2    6    5   77    6   31   39   79   81   58   91   62   67   87   41   18   64   54   43    3   69   75    1   37   74   13   81   30   88   88   96   13   52    1   20   64   50   52   55   51   49    0   11   51   81   54   42   36   12   85   43    0   16   99   75   40    5   10   40   42   72   42   38   22   95   68   82   72    9   89   46   84   33   87   97   52   91   19   75   49   21    4   77   93   17   60   43   88   21   17   27   14   73    1   35   51   68   75   52   90   81   41   36   57   74   22    4   26   49   49   49   94   49   27   71    0   79   50   49   52    2   10   45   36   72   21   28   59   48   86   26   68   10   76    4   77   76    0    5   50   26   29   61   70   43   81   63   20   12   92    5   89   94   79   70   90   48    1   69   28   34    9   93   99   42   39   47   92   99   57   35   86    0   24   66   11   78   12   27   74   73   42   36   27   67   72   90   26   60   86   70    8   85   32   81   28    6   91   53   46   99   61   74   86   70   73   26   40   14   42   81   89   72   73   25    9   91   74   95   18   23   80   35   56   35   68    1   61   44   32   35   89   58   97   21   66   10   21   62   34   64    2   38   45   71   82   42   65   45   28   21    1    6   29   38    6   45   74   93   93   24   23   70   32    6   62   69   10   91   70    2   52   73   98    6   10   39    7   16   13   60   50
  50   58   40   43   32   60   23   82   58   87   82   15   36   41   61   10   53   34   66   67   97   49   47    7   83   17    6   62   66   17   81   73   64   81   53   31   98   84   24   23   43   85    0   56   97   10   51   89   68   40    4    0   54   37   85   43   19   67   37   33   90   77   78   99   41   26   36    1   91   80   15   42   13   54   63   60   61   37   76   87   17   82   61   84   62   38   76   79    1   66   23   12   47   33   18   40   54   81   30   38   26   55   55   87   45   80   44   31   72   19   99   80   31   33   54   56   62   19   84   43   46   33   32   17   13   69   43   69   66    4   58   68   97   72   57   75   79   18   64   41   21   47    3    0   43   57   75    5   44   59   60   99   87   17   76   22   28   97   88   11   56   37   37   48   97   51   20   78    9   30   46   17    5   35   36   19   50   58   23   72    1   47   66   93   51   29   58   48   70   15   79   12   77    1   72   78   74   60    2   89   80   14   10   69   25   42   41   90   58   15   14   69   85   84   51   35   26   27   79   97   98   66   47   61   18   55   34    7   15   85   10   24   13   93   56   50   43   37   40   90   20   86   88   16   42   98    4    5    3   26   37   52   56    9   42   55    8   55   68    6   54    8   99   82   70   54   34   83   52   96   28   39   27   20   12   10   69   43   44   17   80    6   12    9   73    6   77   80    1   87   34   61   26   39   20   52   47   40   64   39   86    6   72   45   44   18   46   39   71   94   69   67   13   28   28   72   70   74   18   89   37   26   65   10   31   58   16   64   33   60   79   15   33    9   47   60   26   58   54   53   22   37   77   96   79   20   58   12   29   12   57   59   46   85   44   37   84   87   55   79   64    9   15   39   85   59    3   90   67   43   61   78   36   92   59   71   98   60   79    6    5   50   25   30   26    9    6   23   65   64   66    2   17   18   78   64   32   44   41   48
  67   18   83    1   52   49   78   48   24   91    9    4   89   18   75   21   41   12   43   70   31   31   27   83   85   35   58   49   79   70    1   89   52    6   38   71   16    2   23   50   43   54   33   61   70   56   53   24   54   83   45   42   71   62   30   49   76   51   66   44   90    4   89   43   82   96   85   77    1   69   56   11   38   42   24   76   53    4   44   12   56   38   50   73   39   21   33   36   21   32   40   54   71   52   55   72   31   22   10   75   30   87   87    4   18   39   16   18   44   47   47   77   30   50   20   16   60   12   90   78   20    2   81   97   79    4   48   22   26   38   43   72   41   83   44   14   57   64   32   29   95   90   15   58   89   23   98   16   78   96    4   87   74   40   71   17   95   77   26   23   52   86   21   95   65   53    4   60    1    8   15   56   76   50   11   60   32   72   24   42   76   34   31   20   45   18   68   85   63   13   39    9   95   71   11   67   75   82   86    5   96   36   87   31   34   17   67   15   10   92   71   12   97   55    2    4   27   94    5    6   29    8    7    8   35   81   37   64   51   94   70   16   89   21   90   42    9   75   96   64   55   19   59   79   23   86   78   98    3   27   23   50   82   24   76   22   87   54   49    3   29   13   73   47   83   46   95   67    4   16   64   83   63   72   18   17   86   36   57   97   43   89   36   14   48   81   26   15   44   50   75   77    2   85   12   18   11   18   71   70   11   83   39   76   16   97    2    3   88    5   94   99   96   42   66   72   50   14   64   37   55   99   33   77    0   82   60   46   40   15   55   95   67    0    5   89    2   21   42   98   40   10   96    2   28    5   58   30   15   84   64   52   66   28   56   23   28    5   98   92   67   52   67   80   18   17   64   93   67   23   45   16    3   57   48   10   55   72   89   93   46   59   25   72   48   40   79   49   40   18   60   39   24   56    6   33   42   65   96   44
  76   55   36    2   43   87   57   14   71   78   16   73    3   47   88    6   34   56   70   16   12   83   85   53   96   42   71   69   15   99    5   52   91   90   51    2   66   52   47   17   54   84   71   35   90   50   81   83   26   94    7   15   62   20    3   64   55   92   13   29   22   40   49   17   78   90   78   84   83   58    1   13   44   60   45   56   20   39   87   18   14   97   69   56   93   49   72   19   94   77   89   96    0   88   14   89   47   29   42   20    1   84   40   18   81   13   13   41   70   94   93   88   82   33   66   53   89   29   35   62   14   35   53   46   65   91   45   88   58   40   71   43   41   32   46   60    9   91   18    4   41   35   34   99   80   18   65   66   76   12   72   22   91   88   70   75   92   97   93   24   67   40   54   34    4   28   82   90    4   11   61   97   65    8   64   78   59    4   88   31   59   46    1    7   43   12   20   63   40   11   99   93   73   16   59   72   35   80   75   37   16   93   38   41   80   30   85   71   64   34   99   73   35   23   47   23   31   35   18   67   10   92   55   76   99   35   99   42   77   51   68    7   25   49   79   47   99   59    1   83   36   92   70   88   36   54   35   94   12   98   52   10   53   13   31   60   26   79   48   61   51   48   49   62   82   30    8   70   37   92   53   92   96   81   81   59   84   38   56   50   72   26   32   56   72   92   93   58   98   50   49   50   81    4   64   62   65   51    8   72    6   24   11   42   64   79   65   44   85   93   89   52   94   65   62   10   80   42   16   28   49   11   93   79   17   85   42   83   50   31   24    7   82   56   10   92   81   49   28   70   58   73   50   48   91   66   85   82   23   12   76   28   49   59   18   54   49   43   21   36   85   76   29   71    2   22   76   88   83   97   88   50   80   74   10   70   27    9    8   79   25   23   73   18   87    1   97   27   77   35   33   38   16   50   63   49   74   38   41   61
  39   84   23    5   59   48   59    2   95   49   32    5   13   25   55   30   62   40   85   99   85   74   89   85   17   91   68   29   90    7   13   24   23   94   37   73    7   60   30   97   95   43   73   80   11   52   84   83   55   86    9   11   86   42   48   35   99   65   57   40    4   76    5   38   37   36   11   26   35   47   56   62   71   62   41   48   94   87   84   23   25   31   34   48   91   44   44   60   55   21   79   24    6   64   36   95   88   73   47   70   73   43   36   21   10   67   92   78   99   28   98    8   75   96   52   90   33   89   27   36   58   46   36   23   83   69   83   96   96   13   39   61   20   48   14    2   85   35   76   84   41   26   35   98   56   79   97   26   77   14    1   22   88   79   85   24    8   31   71   12   13   70   11   47    3   73    9   34   54   88   64   44   43   58   12   47   71    4   76   12   21   39   25    1   73   98   13   71   11   71   77    6   91   74   44   35   84   65   25   53   90   39   89   98    9   80    8   42    0   88    5   37   31   14   20   17   43   49   45   23   38   29   55   46   19    6   50   54   77   39    9   35   45   17   94   93   72    6    4   77   49   76   96   76   33   36   25   79   40   58   48   18   57   57   46   41   71   63   45   65   15   59   57   66   35   20   50   63   77   71    4   86   21   90   23   98    3   51   96   74    9   90   17   96   27   53   50   40   10   26   95   67   66   32   78   68   32   76   20   78   10   66    8   29   29    1   59    3   65   28   44   12   10   20   80   12    0    5    9   97   56   32   72   50   98   32   22   39   55    1   78   89   58   36   31   67   68   42   62   45   95   46   59   10   45   63   87   47   13   38   67   80   47   22   88   22   54   91   82    8   35   95   65   68    6   74   87    5   28   98    5   44    9    6    4   57   39   37   56   69   36   20    3    1   67    6   15   39   60   20   51   82   57   18   12   13   80   26   27   88
  14   68   69   23   10   42   62   17   15    4   37    8   53   41   72    5   43   30   82   61   45   63   33   18   78   86   42   13   19   76   35   80   27   16   66   62   40   87   49   20   68    8   57   21   48   81   72   30    4   77   33   35    9   85   80   39   49   70   25   69   58    2   23   20   40    0   96   86   11   91   40   30   35   27   35   30   45    2   87   33   24   44   12    8   42   11   60   32   96   39   21   82   24   84   11   81   54   63   68   95   38   42   96   71   65   69   65    7   79   76   77   51   15   73    5   62    9   62   24   92   92   53   39   23   71    2   68   36   41   33   85   87   29   11   56    7   80   16   27   41   69   37   17   77   72   94   28    7    9   23   94   61   94   68    3    8   76   93   27   21   55   73    7   11   32   81   39   44   16   81   22   12   87   98   74   79   10   89    3   29   76    6   27   37    0   24   94   16   21   96   44   63   25   44    3   94    2   45   16   76    1   56    9    8   65   88   26   19   80   22   51   42   31   48    0   37   69   28   92   70   26   38   95    6   19   73   32   89   92   25   65   27   52   20   97   87   36    5   80   23   76   59   53   48    2   71   35    8   22   25   11   14   46   13    8   76   73   95   80    2    2   32   27   84   91   47   93   16   27    2   64   20   23   35   32    0   36   46   73   88   75   11   67   16    0   14   56   97   39   88   65   12   87   45   14   63   50   97   25   14   32   79   62   80   42   68    2   41   46   99    1   90    1   38   25   53   26    4   82    4   30   78   71   35   53   66   60   57   53   87   85   57   89   49   80   64   29    9   32   15   69   68   40   57   86   40   55    8    6   12   88   15   14    9   50   82   45   84   21   28   44   15   21   42   86   99   28    6   57   91   35   48   77   46   75   10   56   32   84   17   22   85    5   61   94   79    9   80   31   61   37   67   72   73   16   68   75   45   30   51
  65   99   77   99   23   60   38   16   29   11   93   35   14   79   59   31   18   26   42   66   96   39   18   55   65   76   78   78   23   54   32   90   67   85   68   10   34   67    6   67   24   24   78   28   80   57   31   95   85   21   16   86   96   27   12   63   86   32   26   79   10   74    0   85   98   93   80   11   80   29   98    9   32   79   49   32    8   77   24   95   27   59   54   46   21   15   77   53   23   28   27   91   29   78   37   94   87   95   69   72   81   30   90   29   46   21   93   90   40   61   28   41   87   31   42   77    7   77    4   68   24   14    8   22   68   97   91   79   87   30   39   22   73   93   92   34   38   50   93   90   93   70   44   68    1   24   10   77   74   74   71   44   35   42   57   54   53   91   38   43   85   91   76   68   95   18   76   52   69   10   61   73   39    7   52   15   54   56   82   81   10   51   60   87   75   94   10   97   63   51   33   61   56   60   70   84   79   39   55   55   50   66   75   41   15   93   84   41   99   58    9   57   62   61   31   47   38    4   56    7   11   73   18    9   74   19    2   34   76   33   87   36   64   41   65   13   19    8   65   73   31   16   92   88   70   14   40   54   30   89   85   34   13   84   69   18   57   47   18   18   31   85   73   45   36   65   90   65   47   53   57   80   84   32   42   59    1   95   35   76   89   72   44   15   21    7   45   34    9   25   65   56   18   60   49   62   49   68   52    8   68   44   28   94   24   53    8   64    0   72   45   74   70   89   54   79   17   20   95    3   60   81   33   46   48   61   66   53    8   97   18   86    2   62   76   20   37   61   46   94   81   13   31   62   25   91   69    4   42   39   23   31   54   31   43    6   37   72   48   33   66   14   93   99   52   76    1   31   99   15   86   90   87   80   21   39    3   83   32   72   93    2   39   64   41   80   61   65   56   59   95   55   96   21   81   63   86   25   97   24
  73   23   29   46   78   46    9   69   23   40   24   49   75   25   41   76   18    5   38   12   23   40    1   34   12   51   63    7   65   39   75   78   57   51   97    8   98   33   29   55   67   37   47   23   30   27   74   14   63   44   53    0   85   79   36   29   62   93   98    6   96   87   52    7   20   76   30   61   75   66   78   35   39    2    1   54   99   42   50   32   94   36   57   85   10   15   20   84    1    6   53   73   92   36   95   15   82   25   23   59   89   79   81   68   13   40   64   78    8   21   29   74   64   58   80   92   88   75   46   64   77   27   71   21   97    7   36   29   56   31   85   82    9    6   62    7   25   43   51   52   71   31   97    1   72   46   45   73   73   57   43    4   61    2   53   94   50   95   23    1   41   66    9   52   38   72   61   22   80   14   95   78   51   46   54   23    4   40   47   16   29   93   56   55   23   48   27   69   58    4   40   13    1   91   24   46   30   97   76   50   98   44   27   20    3   49    1   37   20   14   79    3   94   74   18    4   31    4   76   60   96   42   17   81   12   59   96   10   73   54   27   78   27   68   70   65   33   94   63   61   28   26   22    2   12   43   38   45    6    6   91   69   88   38   38   44   33    5   64   13   13   50   33   17   79   90   49   34   18   77   24   65   41   13   69   56   36   59   44   84   10   50   33   28   16   53   59   83   39   15   68   36   32   53   57   55   11   95   71   95   98   39   35   80   93    6   49   54   16   18   34    3   35   91   92   96   15   96   75   86   90   17   59   12   34    6   96   49   94   95   76   89   38   70   11   86   31   93   99   78   88   94   12   94    2   39   83    4   97   23   59   95   34   25   81   19   53   64   42    8   52   87   73   30   95   86   20   47   14   48    7   53   86   44   30    0    9   82   81   66   75   23   44   45   49   80   52   98   99   37   74   64   82   70   86   10   31   28   45   92
  16   44   88   26   88   57   72   23   51   79    6   92   23   65   94   65   79   33   11   51   72   81   13   55   49   10   58   53   12    8   79   35   14   94   34   44   71   90    6   47   59   39   84   55   47   62   71   71   15   27   32   11    3   47    0   63   34   15   65    3   67   75   44   42   16   67   54    0   65   83   80   90   75   11   33   14   29   54   74   16   37   26   86   81   65   75   37   95   38   89   32   30   11   98   20   43   85   55   73   36   73   57   30   50   97   29   59   52   81   71   70   50   47   83   33   87   23   41    7   75   71   91   18   75   39   47   34   70   59   41   48   32   81   62   99    6   70   16    8   56   63   40   35   18   35   93   41   99   96   38   39   70   14   81   32   25   29   22   55   65   77   36   87   30   95   76   95   85   80    6   43   38   30   84   82   73   65   94   88   56   39   77   36   23   95   14   32    9   88   87   54   68   43   40   87   74   16   86   10   70    2    3   89   28    4    8   24   73   39   90    0   47   17   58    7   74   62    0   25   37   74   12   26   52   76   12   72   93   35   51    6   89   12   54    1   82    7   14    3   27   80    3   30   99   56    3   20    0   88   50   40   91   13   66   88   15   92   41   71   39   62   89   79   40   30   23   27   28   82   84   18   54   56    6   39   73   50   91   55   90    8   28   21   28   73   52   55   26   56   70   83   78   98   83   60   69   29   84   18   82   16   16   13   83   38   39   49   14   28   72   32   67   83   82   99    9   84   91   10   23    0    8   75   51   61   41   52   28   37   89   20    3   89   83   28    9   16   82   63   25   81   22   29   36    6   47   68   18   77   92   16   30    6   19   32   81   14   28   63   90   30   83   29   33   71   83   28   45    9   22   88   21   10   32   19   86    4   71   82   65   63   47    1   79   92   35   39   16   49    7   89   87   66    0   93   98   79   99   88   24
  19   85   74   44   84   90   75   38   89   51   76   74   45   62   61   20   28   39    3   48   24   73   41    3   25   97   76   42    7   40   94   87   44   48   41   59   93   71   79   29   31   98   65   82   38   80   10    8   57   47    5   49   94    6    7   71   15   35   15   39   68   63    9   62   89   84   89   88   84   50   37   79   28   62   80   20   39    1   78   10   61   31   92   41   46   64   78   47   61   91   84   14   12    8   56   93    4   17   54   77    7   43   34   24   28   22   19   89    0   56   83   77   66   54   36    8   76   34   80   53   81   50   33   78   91   74   38   64   96   91    9   97   55    5   30   94   94   36   68   77    0   65   13   35   68   83   91    8   44   23   80   78   20   51   65   10   42   64   62   40   82    6   41    4   53   10   26   34   30   58    0   69   95   65    6   10   26   79   35   79   81   33   75   76   70   19   71   15   21   49   77    9   73   57   36   53   78   12   50   67   85   50   12    8   98   59   68   42   79   58   73   61   17   39   72   12   88   62   40   98   81   48   70   79   54   91    9   63   66   20   80   66   80   31   68   18   57   65   80   70   29   91   40   70   44   51   59   64    7   97   29   60   99   44   86   61   18   72   32   87   10   19   53   11   67   47   62   75   42    9   77   90   38   95   73   99   80   63   71   73    1   36   37   91    8   11   46   33   31   94   16   52   85   71   57   52   71    0   84   25   80   21   88   18   58   44   98   76    7   47   16   83   69   28   77   35   70   82   22   72    5    3   33   49   31    5   68   77   84   47   97   64   68   39   93    3   59   14   22   23   99    4   24   31   17   30   54   78   59   27   75   88   14   25   16   38   40   20   42   69   78   21   64   30   15   76   29   56   99   41   70   93   51   37   86   67   66   73   24   90   98   36   80   33   65    6   66   17   33   32   56   31    4    6   59   10   16   27    9   30
  79    2   59   59   51   24   63   42   84   72   68   23   17   67   44   83   48   97   19   56   79   39    2   35   56   35   90   28   61   54    6   21   51   18   81    7   93   71   21   55   65   63   96   83   89   73   94   46   19   19    4    6   87   51    6   17    6   62   26   41   37   22   82   62   58   70   84   38   39   36   79   33   65   11   87   81    9   20   14   24   41   17   80   78    9   46   14    0    2   22   15   26   67   17   56   41   17   88   56    0   22   15   38   33   77   43   70   17    9   49   93   38   33   92   93    2    3   91   55   71   25   16   36   48   57   89   24   23   26   52   45   85   95    9   44   64   81   17   84    5   41   79   81   63   27   86   26   97   52   16   51   25   21    2   45   59   29   36   30   12   65   25   42   62   96   28   19   37   54    6   29   20   46   48   68   51   46   24   36   84   57   96   10   76   21    0   71   46   49   17   89   70   59    9   35   14   60    7   53   52   90   12   98   68   57    9    1   38   86   86   57   31   90   53   18   55   74   59   85   28   56   17    0   84   97   95   74   91    6    6   24   21   47   66   29   16   56   85   94   84   68   18   15   74   27   34   52   72   91   61   51   20   67   69   54   33   95   48   82   26   50    1   93   40   77    2   64   19   23   90   57   87   21   50    4   55   32   54   89   80   29   55    4   56   76   55   90   48   90   55   48   92    4   30    4   93   85   55   89   36   55   12   35   97   68   44   91   78   85   64   78   11   32   15   15   74   89   54   51   31   19   21   90   90   74   19    1   92   81   69   82   29   30   58   39   67   33   35    9   67   48   45   36   21   80   88   70   19   24   74   41   43   13   35    5   10   32   59   84   60    5   81   64   98   60    0   26   63   57   18   76   75   74   70   16    5   36    3   24   96   98    1   70   28   74   78   16   52   79   24   23   98   17   69    6   43   32   86   52   83
  86   48   35   73   45   26   65   12   53   22   35   84   11   20   22    3   84   54   48   20    0   42    5   94   78   74   46   11   57   88    9    2   46   36   23   56   21   65   72   92   76   42   90   42    0   64   88    1   77   67   18   37   17   20   20   23   98   10   30   34   25   65   28   81   25   28   73   49   25   58   48   51    2   91   39   61   56   93   93   75   97   14   42   14   97   79   60   88    1   74   44   25   79   47   64   25    0   25   14   85   11   95   46   33    4   17   55   10   10   30   85   62   76   34   76   94   28   11    7   44   94   67    9   39   71   71   23   45   53   77   55   27   73   86    3   17   69   23   64   24   94    7   97   35    5   80   71   69   13   95   95   45   71   50   20   14   85   23   11   91   94   99   18   69   95   31   47   86   66   66   73   24   42   47   97   48   50   95   91    0    0    3   54    9   63   84   69   15   82   21   49   30   64   24   72   90   21   97   49   36   33   56   77   29   59   95   69   35    7   94   14   15   56   31   13    4   13   46   46    2   95   15   23   37   33   93   20   20   51    6   62   75    5   67   64   92   22   84   13   92   52   74   83   87   89   73   61   55   60    7   74   47   48   72   86   45   27   90    7   92   49   37   62   57   48   28    9   56    6   15   62   67   40   99   26   31    0    9   27    1   83   59   64   79   83    9   58   51   38   60   50   75   37   67   25   85   10   88   69   26   62   29   27    6   12   97   86   69    1   96   60    1    1   40   54   99   68   57   14   72   58   90   92   33   75   33   22   89   65   67   72   39   72    7   67   69   59   76   52    6   56   44   59   28    3   71   20   96   18   21   86   19   31   11   62   89   36   61   45   52   28   54   72   47   51   93   44   71   92   71   76    7   50   98   16   49   18    1   67   79   63   71    7   69   25   39   49   51   15   71   60    0   77   29   40   86   87   17   27   35
  21    8   47   26   48   45   33   88   15   68   36   57   54   75   96   58    0    8   40   58   69   78   71   79   76   18   32   63   14   19    7    9   10    7   54   53   60    6   80    0   16   49   51   87   87   84   78   45    0   10   60   53   92   15   70   12    0   13   28   54   66   21   82   42   81   50   64   96   54    9   13   35   25   90   70   39   58   57   10   81   51   73   67   67   94   20   20   66   22   78   91   40   50   89   98   56   61   78   69   10   61   18   99   86   51    4    6    6   11   94   17    3   50   59   81   53   31   55   58   64   20    7    6   82   84   61   13   70   64   68   53   46    0    7   82   46    7   65   31   49   24    0    1   94   38    0   44   20   44   89    5    9   42   68   64   57    6    6   40   52   34   49   55   81   28    5   98   34   35   76   32   73   15   54   51   90   69   98   52   28   23   21   75   33   33   99    4    9   86   54   80    4   29   11   68   57   17   70   17   89   42   49   42   62   81   86   70   10   80   78   61    4   82   11   98   11   13   53   72   89   18   10   41   66   52   84   98   38   13    8   43   45   70   11   81   47   27   81   92   89   82   61   38   37   46   45   57   27   34    2   93   76   70   29   18   34   95   60   79   62   88   33   63   19   40   10   69   89   15    3   46   96   71   26   31   33    9   49   91   68   84    9   97   81   65   72    3   51   27   53   21    1   15   45   62   32   93   39   82   95   41   86   33   54   57   26   55   28   80   72   79   91   43    9   68   90   60   52   23    1   88    6   83   77    8   57   47   31   96   67   56   70   74   97    5   34   17   70   21   56   53   76   72   95   66    3   79   42   90   20   24   60   74   79    4   89   47   79   17   68   11   24   55   73   27   35   56   45   82   83   63   57   21   66   35   89   87   33    8   20    9   73   68   56   95   65   65   97    4   94   71   24   49   47   23   43   18   84   31   23
   1    7   26   76   87   94   89   10   60    1   17   79   49   88   62   46   86   56   60   50   42   70   81   68   27    5   30   47   97   24   17   32   83   47   30   32   24   15   73   33   17   77   21   62   36   26    4   83   38   91   32   26   59   76   61    3   96   95   24    6   26   88   86   53   89   32   10   98   36   77   54   73   82   68   34   65   59   63    9   81   65   21   60   11   86   53   41   89   13   60   42   61    4   77   72   68   79   15   29   22   74   34   33   84   55   68   48   70   75   26   38   66   36   66   40   77   17   96   38   88   55   65   65   57   27   94   50   38   90   45   75   23   17   74   81   54   56   43   25   22   84   45   75   61   54   70   73   90   34   40   52   30    3   75   33   40    8   61   96   65   12    3   42   75    0   91   76   17    8   67   63   58   13   24   25   15   36   14   48    0   60   38   54   43   30   51   88   99   34   15   96   75   65   95   25   82   39   33   52   42   83   52   41   79   93   19   58   37   18   44   58   60    9   69   38   46   24   70   56    4   86   51   93   71   99   10    4   70   29   71   35   69   40   97   28   90   63   85   74    7   88   96   96   88    8   57   78   78   14   78   16   80   93   69   39   61   27   56   11   74   34   83   19   50   98   46   46   88    0   29   88    2   41   10   77   46   73   10   12   99   88   78   40   28   23   33   18   41   75    7   81   22   65    0    8   70    1    4   81   20   17   78   34   46   22   56   28   69   84   99   16   25   98   43   72   62   14   59    6    0   91    0   92   66    8    9   46   64   81   67   52   88    2   47   54   82   92   39   86   92    4    9   22   51   75   89   88   50   68   80   49   45   80   40   22   59   93   90   74   89   30   72   25   53   39   49   15   42   46   93   40   75   92   26    5   90   74    7   55   11   15   64   86   49   15   32   96   46   91   47   43   68   24   20   21   72   57   60   74    0
  66   50    9    7   92   49   14   29   23   52   64   39   93   41   60   37   26   77   46   38   52   45   86   76   20   64   99   18   77   79   77   65   61   51   79   57   79   58   84   47   15   16   62   43   91   17   26   87   13   98   65   82   21   81    6   16   28   28   47   36   65   52   43   63   89   25   34   55   81   72   84   21   18   90   42   47   22   80   61   40    4   46   63   82   50   27   67   13   52   94   37   56   84   33   10   50   74   53   53   72    9   86   71   31   16   47   81   10   10   79   89   38   14   26   29   69   54   66   51    0   12   81   71   30    2   76   83   45   80   25   17   92   31   36   62   94    2   84   83   40   90   75   42   70   82   15   28   51   71   50   82   19   10   83   80   32   37   97   69   38    5    5    6   59   98   78   11   61   19    5   45   79   56   74   27   20   43   75   48    4   55   73   24   36   80   54   19   33   62   49   47   73   95    2   22   89   71   46   25   45   30   41   29   97   29   75   75   84   91   31   13   92   65   52   52   94   80   19   53   92   66    8   88   46   79   13   22   78   16   22   61   37    6   24   97   89   14   80   61   56   63   76   22   22   73   58   39   43   31   38   90   49   54   16    5   13   89   68   16   33   54    3   42   59    9   38   99   19   28   89   65   68    0   96   97   97   77    3   96   89    7   55    7   32   68   97   83   99   86   53   77   33   96   31   35   53   82   58   70   45   90   54   37   34    5   84   73   55   33   36   20   84   59   75    0   72    1    7   80   27   73   44   61   11   73    2   83   26   49   45   40   36   63   86   98   77   94   79   40   16   77   86   65   97   52   41   23   51   43   42   39   21   20   20   76   32   82   35   17    9   45   10   83   62   46   62    2   17   52   24   86   52   79   66   59   94   53   91    4   30   15   29   38   38   80   87   56   20   29   75    2   29   95   52   54   45   88   73   35   67
  66   52    9   58   36   62   77   82   92   29   42   43   22   63   81   97    3   76   24   77   23   15   54   70   19    9   61    4   46   44    4   77    2   76   95   20   82   23   60   83   71   71   64   71   83   16   21   91   18   88   16   34    1   67   66   87   77   76   47   52   67   16   17   21   97   26   38   17   51   70   86   20   22   18   32   37   28    5   74   78   15   79   26   66   77    0   38   16   63   96   12   60   41   39   98   66   58    6   90   65   53   98   60   16    6   41   90   32   57   21   68   51    6   95   61   51    3    2   11   78   67   73   10   74   42   96   64   87   31   49   10   48   25    5   26   64   74   36   84   74   88   58   81   44   26   57    6   28   77   40   84   31   30   82   91   12   21   66   11   12   19   44   38   27    5   92    2   58   79   57   84   70   54   62   25    8   24   59   37   80   95   94   19   13   52   10   73   84   78   17   11    6   32   61    5   33   84   92   73    2    5   46   61   10   51   74   38   98   31   74   26   25   45    5   67    3   56   69   61   64   57   67   69   90   84   11   44   80    3   67   23   45    6    6   53   42   15   23   32   81   56   68   11   44   85   74   31   37   14   51   38   14    3   53    1   95   57   91   29   46   37   47   64   24   87   82   35    9   61   99   47   66   41   34   37   64   80   88   44   76   16   15   75   50   56   53   46   51   23    8   15    7   64   86    8   16    0   21   29   38   61   81   20   32   61   23   12   99   54   87   90    0   45   51   40   53   38   47   93   32   32   70   46   37   32   76   11    4   36   26   78   33   91    2   37   23   10   67   27   17   96   74   79   98   90   50   61   18   91   59   64   34   47    2   53   50   80   61   96    9    5   39    1   56    5   33   69   74   52    1   82   47   41   94   30   83   94   83   83   12   17   12   97   71   76   75   13   21   13   28   97   76    6   37   54   69   24   45   50   92
  52   75   54   64   24    1   45   92   63   56    9   15   47   60   35   73    0   94   17   31   27   35   81   74   24   93   21   97   30   54   66   28   41   18   71    0   76   86   14   96   11   75   52   78   91   62   27   88   72   34   86   51   31   12   90   75   68   89   43    7   65   24   47   73   28   15    6   32   70    3   93   37   24   96   19   42   96   40   53   97    4   61   56    9    5   94   98   67    2   67   66   72   37   29   89   98   13   78   51   15   97   50   19    5    2    0   15   67   51   31   23   35   19   76   33   40   80   71    5   72   84   71   78   40   76   47   97   41   87   29   95    1    1    9   94    5   84   29   38   53   60   64    1   22   78   31   58   94   41   46   12   44   38   68   29   75   85   32   13   43   12   27   89   63   59   95   68   20   91   98   76   72   12   91    0   58   18   64   56   75   10   46    5   79   38   66   29   70   92   57   35   30    9   90   78   95   67    8   50   29   77    9   92   21    3    2   33   26   31   77    8    8    5   82   88   53   57   56   52    2   61   41   86   74   88   49   33   60    8   28   56   27   39   20    7    3   95   40   23   82   46   89   87   52   79   54   14   20   59   58   45   51   99   56    6   62   25   98   58   44   50   51   77   49   13   48   25   84   21   21   95   94   85   21   67   91   84   39   17    5   41   67   78   89   16   70   12   11   45   34   26    7   80   99   73   18   47   86   14    9   65    3   69   83   60   44   86   53   45   65   33   16   37   43   58   13    5   24   83   73    3   59    4   14   92   46   45   12   46   50   66   40   10    5   45   57   59    6    4   15   62   48   22    0    8   92    2   26   43   20    4   93   58   17   30   14   11   82   56    2   77    0   19   72   22   86   22   29   66   60   35   87   92   50   89   94    0    7   36   23    2   60    8    9   64    2   52    1   66   86   16   49   79   96    0   20   79   44   89    0
  63   33   64   80   45   72   18   80   80   93   14   59   59   90   41   24   26   53   80   64    1   49   28   63   73   50   95   95    2   77   26   60    4   35   17   22   12   54   58   38    5   94   37   47   64   79   89   42   14   45   82    0   87   99   49   26   59   50    1   97   66   30   13    2   48   13   64   68   21   57   12   41   57   97   79   97   84   19   65   56   74   65   52    8   46   28   70   16   39   56   72   73   27   72    0    7   42   21   53   70   91   24   30   83   80   55   26    7   28   42   66   81   48   74   40   60    5   26   45   90    5    5   98   30   53   54   52   34   64   80   80   63   17   27   73   48   77   22   45   35   74   76   33   39   26   59   14   59    3   81   52   31   89   19   52   96   47   43   73    4   11   81    2    3   11   61   29   40   21   82   35   94   12    8   15   17   21   70   39   64   70    4   71   31   47   39   14   20   75   58   76   37   77   14   41   90   40   30   11    3   33   81   33   82   97   98   11   15   31   84   60   44   71   30   56   27   60    5   15   24   24   63    7    2   59   28   21    3   83   47   33   90   69   65   25   11   92   76   42   56   43   48   25   94   63    4    0    6   66   76   31   84   37   60   45   29   55   42   86   70   26   82    4   94   84   90   89   75   41   82   12   57   84   99   35   12   26   31    8   76   48   26   31   11   30   68   28    8    0   51    2   13   34   61   95    4   15   12   80   75   73   19   21   58   77   52   65   48   48   51   90    8    3   66   26   26    1   78    1   44   39   54   53   87   25   25   70    4   19   95   56   26   40   66   24   89   10   98   87   35    2   79   54   55   76   61   70   50   30   94   17   94   48   70    1   62   50    3   54   12    2   42   59    0   30   12   39   26   97   27   15   41   59   14   54   76    5   84   47   88   81   28   78    3   90   28   41   52   70   82   20   88    0   86   85   10   11   25   99   78
  26   65   90   39    2   99   47   34    2   82   20   53   46   46   84   14    2   95   77   54   95   59   39   77   94   27   29    8   56   12   78   65   19   69   66   33   35    6   76   17   28   95   64   88   35   49   46   13   85   81   40   50   37   44   34   61   75   67   36   27   50   59   86   15   91   99   46   52   36   55   99   98   39   53   94   53   40   66   48   58   34   58   61    1   46   69   19   48    3    6   16   16   50    5   91   31   81   24   60   96   17   78   13   28   76   82   38   68   37   43   83   89   21    3   66   57   92   67   36   81   91   61   83   53   51   49   93   43   61   60    5   21   41   57   22   43   50   70   84   69   41   88   53   25   60   30   15   63   69   15   62   67   16   52   61    8   87   63   95   51   36   27   53   37   54   40   30   94   44   92   11   12    4   47   58   21   15   27   96   60   60    2   94   84   46   52   13   77   57   15   72   71   71   98   50   56   12   77   12   75   69   55   86   73   57   47   74   70   53   10   22   54   27   56   76   45   83   12   97   42   19   98   25   31   12   99   18   76   25   33   53   63    6   19   35   11    3   79   68   76   36   46   87   70   22   48   97   64   18    8    7   60   72   95   97    5    7   89   69   36   19   35   46   69   23   89   89   15   18   43    4   11   90   24   97   55   18   97   97   34   72    2   53   75   47    1   45   28   42   57   31    4   42   68   96   32   30   19   77    6   43   80   34   16   48   91   90    7   92   31   98   92   28   45   65    0   73   10   74   40   66   94   40    4   44   90    1   42   87   56   73   41   54   43   22   63   88   59   58   67   48   21   63   86   18   79   79    7    5   38   99   27   15   12   81   69   74   96   83   11   56   17   82   54   33   87   53   91   18   43   26   26   39   47   35   77   31    5   41   80    2    3   23   42   39   98   84   88    2   11   65   77   11    4   16   91   39   41    2   88
  70   16   96   76   27    6   20   66   48   80   26   45   37   87   66   93   80   39   43   85   37   40   30   73   46   89   14   66   85   22   39    8   22   20   15   25   20   70   52   84   17    8   73   98   72    8   73   58   73   57   93   82   62    0   27   44   70    4   41   46   96   47   67    2   82   37   14   47   19   74    1   57   21   65   74   74   98   94   22   40   98   48    5   99   70   34    8   70   27   89   53   19   18   19   54   54   71   78   99   56   63    2   64   49   79   33   22   33   90    6   61   93   25   79   45    3   52   40    1   11   29   49   20   21   58    5   88   83   92   28    7   81   98   31    6   84   77   12   56   43    4   90   19   31   37   14   75   57   88   39   35   10   45    4   42   84    0   80   25   13   60   96    1   11   16   17   35   79   43   47   75   36   87    6    8   75   76   26   54   90   11    4   14   22   65   59   27   52   99   67    0   52   26   46   12   36   13   18   51   75   83   65   85   35   93    5   63   60   10   64   45   98   57    6   71    5   56   73   25   99    9   86   41   79   35   90   59   41   70   12   53   22   91   56   78    5   82   61   73   70   56   31    2   65    3   87   77   50   12   47   84   82   74   39   45   79   11   84   56   20   61   75   13   19   64   75   85   33    5   47   22   15   15   66    1   93    7   55   95   63   45   64   95   45   63   71   60   80   59   31   65   93   37   53   26   70   92   80   27    2   55   92   17   82   12    8   22    6   36    8   46   89   37   61   80    5   24   93   65   67   18   32    9   69   33   94   12    9   45   84   59   56   87   34    5   63   10   72   34   88    6   46   58   77   67   67   71    7   68   68   64   62   78   35   45    2   51   31   78   79   22   80   66   43    3   89   13   79   99   61   70   83    5   63   25   56   15   40   39   27   72   12   47   58   96   42   30   35   59   26   90   67   33   93   49   29   51   19   14   45
  54   40   95   75   75    4   32   53    3   92   38   98   68   37   97    0   40   72    8   24   39   63   14   47   85   61   33   34   56    7   13   95   96   87   54   73   16   21   78   90   74   17   21   37   14   92   94   35   52    3   18   65   94   77   53   43   33   75   64   67   60   29   50   20   85   52   71   30   70   59   13   98   60   17   51   57   81   18   14    0   55   98   27   76   84   19   11   22   30    4   86   57   88   94    6   28    7   43   52   22   35   93   95   97   95   45   83   17   85   77   46   70   87   12   13   91   27   94   10    8   59    7   70   87   10   24   43   46   70   46   72   21    2   53   65   19   48   95   36    2   78   66   66   92   77   53   28   90   29   83   75   17   32   12   79   43   10   42   92   96   48   50   70   75   88    3   50   72    8   84   82   38   48   47    0   52   77   20   17   38    7   47   65   18   61   98    2   33   63   47    6   17   56   95   25   74   61    7   31   51   32   40   86   79   28   13   75   27   54   75   22   10   21   81   89   84   24   31   70   80    1   20   88   55   87   15   37   37   58   17   65   74   45   55    8    4   55   88   16   69   36    1   51   82   39   30   85    6   54   13    6   95   69   63   36   98   93   95   97   23   92   25    8   72   53   43   57   12   19   34    1    1   31   30   71   34    3   12   61   60   57   26    2   88   49   99   92   21    3   97   67   25   91   17    0   47   26   26   74   44   13   19   45   69   68   93   19   90   94   74   56   69   28   89   76   20   33   64   61   21   61   73   21   88   32   37   45   35   27   81   49   58   88   82   80   37   27   22   85   45   10   70   64   64   29   21   97   73   42    7   24   85   76   23   60    5   13   93   10   80   24   43   13   71   25   71   93   62   53   36   63   32   13   82   70   33   22   99   85   85   25   30   12   42    0   18   90   55   67   25   96   71   26   65   93   24   71   34   43   97
   9   69   69   47   46   42   68   76   75   84   17   71   45   71   28    7   27   86   30   66   97   43   27   43   98   55   58   11   78    4   17    9   73   22   74   42   35   49   76   97   20   40   94   96   73   40   17   85   31   96   96   62   79   13   12   54    5   48   82   88   23    2   33   96   36   80   28   77    0   73   68   34   78    8   90   99   47   78   66   37   18   70   40   10   72   49   86   61   56   89   11    3   23    5    2   56   32   75    0   24   12   40   41   38   47   72    9   47   82   10   98   92   67   78   92   19   53    5    2   62    1   92   42    1   93   66   80   74   73   12   77   57   40    3   75   24   26    6   31   35    3   60   62    7   13   84   38    6   29   71   52   58   77   25   81   40   85   57   87   70    6   10   15    7   98   30   68    1   60   75   12    8   26   74   13   56   58   69   14    8   23   10   92   89   44   84   46   53   47    0   95    7   82   14   16   44   35   83   82    0   45   69   77   79   11   74   64   30   17   63   20   54   61   69   71   72   75   91   84   95   96   21   79   96   37   77   98   58   78    4   54   16   86   15   69   36    4   57   55    4   76   11   46   56   71   26   32   49   59   55   67   53   21    9   82   52   55   56   77   44    5   74   25   10   49   73   11   90    7   73   11   74   89   50   76   87   67   88   78   36   44   58   94   40   56   22   94   10   63   49   25   38   53   22   56   70   82   53   81   58   59   61   31   19    6   50   43   59   70   12   98   98   79   49   99    5   44   97   43   77   56   61   88   49   21   64   33   66   67   47   72   30   17    3   79   89   66    5   51   58   65   37   95    3   51   74   53   26   10   67   72   45   46   81   95   62   28   35   91   70   28   68    4   46   45   83   28   92   17   31   80   19    9   26   90   31   29   45   15    4   21   13   49   43   64   64   33   85   86    9   80    6   17   42   80    9   74   15   39    9
  70   41   71   57   11   48   22   58   89   85   47   64   55   19   73   33   91   55   84   58   44   75   37   55   50   54   90    6   80   39   74   11   78   41   93   28   35   68   10   10   33   59   64   90   74   36    6   27    0   72   29   88   80   89   68   76   90   38    9   26   34   54   60   62   42    1   47   32   33   36   51   42   77    9   46   91   11   94   41   85   83   83   64   12   56   80   77   35   98   15    5   66   14   79   93   24   67   18   33   12   78   74   26   51   35   75   95   35   76   45   12    3   36   57   13   67   42   93    5   95   49   25   43   54   26   62   18   22   98   18   67   19   51   56   69   98   20   18    9   84   83    0   47   71   15   45   64    1   87   92    1    4    1   31   47    3   57   95   83   65   65   12    5   69   36   98   67   51   51   25   84   58   33   61   79   48   32   88    7   57   69   69   64   70   71   44   67   37   37   70   85   14   36   56   38   38    5   41   87   84   80   19    1   34   25   58   69   30   22   92    9   51   61   40   34   65   51   54   22   22   59   28   17   92   28   48   48   34   54   94   62   61   49   69    0   27    1   20   15   45   95   41   78   78   49   22   30   60    3   45   49   73   86   94   68   17   50   85   21   80    2   67   77   15   48   73   46   37   93   96   41   44   51   15   65   76   61   78   62   42   28   80   69   63   17   67   29   36   98   21   84   12   10   76   65   96   85   57   76   45    7    2   27   90   11   89   31   41   64   72   15   73   77    9   86   54   68   27   72   67    8   17   76   74   25   46   75   81   18   78   42   68    7    4   39   77   75   61   80   13   52   31   43   99   60   90   99   30   70   49   46    4   56   98   64   96   20   11    9   34   18    5   89   80   69   46    9   94   98   13   66    7   19   92   38   92   68   85    5   27   26   99   59   13   85   44    6   32   94   83   23   76   94   44   78   59   85   89   28    8
  89   92   18   96    5   15   56   83   98   13   72   38   77   45   14   63   45   45   53   26   94   39   32   78   83   10    5   49   86   70   67    1   92   52   77   11   98   16   50   19   52   92    4   33   40   84    9   98   90   40   78   91   33   83   59   51   48   84   15   53   82   13   73   99   13   26   63   80   41    1   26   10   88   45   79   69   86   48   65   64   36   52   75   38   95   84   45    3   42   76   27   77   86   28    7    4   18   27   83   65   77   87   70   25   12    2   16   38   16   84   83   12   13    3   50   82   55   81   55   31   24   90   17   42   96   51   53   98   94   45   44   83   12   35   82   33   89   13   49   76   22   44   85   45    2   59   48   86   69   29   21   90   91   67   35   55   37   47   94   68   59   68   13   25   33   19   66   41   94   71   36   87   19   29   72    9    1   34   86   81   95   53   47    9   47   35   49   48   81   96   55   92   96   42   32   98   65   21   78   85   49   90   83   59   26   72   64   73    0   93   87    0   90   29   98   24   19    0   71   98   31   23   84   37   53   32   88   91   99   98   47   30   48   99   97   27   63   84   94   88   73   38    0   20   34   22   69   47   99   70   96   94   98   40   15   44   75   16    1   49   53   12   92   14   78   72   58   52   51   73   73    1   16   16   35   25   96   63    8   98   98   49   75   10   50   20   75    2   73   40   19   69   65   25    7   65   56   43    3   47   18   99   61   78   90   41   13   34   97   82   23   34    7   25   78   48   69   53   61   30   95   30    9   79   14   95   78    5   73    9   62   71   48   68   27   39    0   59   36   17   34    9   62   75   90   68   58   29   93   86   22   27   90   30    2   50   97   35   23   89   50   56    5   62   32   12   73   12   69   46   51   56   20   37    3   28   14   54   79   41    9   25   24    8   73   22   95   67   67   45   89    0   27   56   88   55   72   77   10   58
  84   61   44   70    8   73   13   13   72   34   14   54   39    9   75    2   59    1   37   49   68   63   23   24   25   13   42   14   58    8   37   11    9   80   58   64   91   35   60   35   83   87   38   62   66   16   50   89   58   70   37   23   43   81   13   41    7   95   70   76   70   28   43   77   98   24    1   84   93   32    5   62   86   23   92   63   91   21   41    9   39   19   98   84   91   13   52   75   85   89   29   30   35   83   83   27   67   36   42   86   71   65    9   54   19    6   75   95   10    0   16   50   40   76   46   45   39    5   19   75   37   93   75   90   10   72   30   42   43   30   48   26   16   79   67    0   36   60   93    8   97   64   43    0   99    4    1   78   51   47   39   69   61   57    1   79    9   96   85   16   40   45   13   46   16   28   76   52   16   14   17   93   25   19   45   71   42   18   37   28   15   82   87   83   79    5    5   32   13   51   68   79   11   12   63   39   85   86   88   75    0    7   66   56   72   71   37   72   41   59   18   37   19   88   88   43   48   36   93   46   82   85   55   46   83   69    7   73   61   68   17   70   48   36   68    1   70   76   48   58    8   90   25   68   79    5   63   71   38   27   34   97   39   51   76   47   10   45   31   21   91   41   31   42    8   90   38    2   74   65   46   35   62   41   10   94    0   39   42   91   79   83   99   44   46   93   49   51   40   87   93   45   46   91   23   91   99   26   60   54   62   99   53   51   29   56   74    1   67   45   84    8   13   80   58   97    2    8   17   47   16   25   73   78   30   59   14   19   56   39   13   86    7   85   79   88   24   72   71   25   42   31   56   88   40   25   40   22   38   88   92   28   29   65   62   11   31   30   38   70   52   87   30    1   73   24   77   95   94   50   82   73    7   88   59    6   63   27    6   71   41    3   77   47   52   14   74   74   32   96   48    6   96   56   50   16   16   74   70   77
  97   94   67   17   21   12   47   51    5   57    3   94    3   47   20   99   31   35   73   59   31   29   27   23   22   62   77   72   79   36   21   11   83   50   19   37   64   35   31   84   18   50   21   72   99   26    4   20   12   14   80   41   77   62   42   70    4   11   21   14   25   63   44   90   78   74   84   84    0   21    8   89   10   35   17   57   43   88   64   19   86   96   54   87   82    4   50   74   63   83   34   60   53   52   58   70   58   18   44   73   39   76   31   87    5   77    7   27   89   38   26   94   49   97   77   54   37   48   47   31   61   62    9   44   94   84   67   33   66   90   69   98   76   98    5   80   66   58   49   11    2   51   23   98   63   50    0   73   70    9   66   95   51   98   84   18   30   24   46   41   65   76   32   74    5   44   72   75   86   83   97   44   25   86   30   35   93   19   63   28   72    0   93   14   35   36    2   66   64    8   71   28   82   57   34    9   46   29   68   22   61   19   49    3   96   93   27   92   16   51   15   50   89    2    0   26   23   77   38   87   41   76   84   47   38   60   92   38    0   57   44   23   52   82   87   35   32   47   67   77   25   91   10   14   80   10   91   68   20   30   41    2   84   60   60   22   44   73    0   83   28   58   68   76   60   44   97    7   38   38   77   74   65   12   99   31   67   84   95   56   97    7   69   65   81   10   52   43   54   52   12   49   71    8   37   59   82   40   77   72   48   78   70   34   75   47   80   58   70   76   29   36   13   56   69   76   45   46   73   19   92   22   74    0   29   72   98   18   14   34   15   29   18    7   30   89    3   25    8    9   39   69   26   28    6   15   20   58   30   70   42   15   12   12   87   57   71    4   29   11   96   18   38   13   18   42   84   61   23   44   94   85    5   55   43   80   65   64   42   11   32   99   14   39   61   47    0   93   60   43   74   22   88   32    1   12   71   19   78   62
  49   93    0   64   19   85   99   34    7   59   31    1   31   32   25    0   88   71   65   84   55   57   45   20   13   13   60    2   61   66   92   31   79   97   77   72   99   71   29   17    7   34   99   67   15   37   81   48   70   64   29   39   88   33   39   65   57   49   72   13   26   80   15   54   14   96   63   31    2   54    7   61   82   80   74   97   91   47    5   50   39   48    4   14   50   85   21    6   99   79   49   79   66   93   25   42   65   49   72   98   55   41   14   20    3   19   58    9   78   27   44   71   32   32   51   66   57   12   53   41   74   18   27   70   58   74    6   68    4    6    5   81   79   67   10   86   15   89   31   70    2   70   50   63   81   69   66   27   49   69   77   87   80   28   74   41   46   40   55   65    6   65   35   67   94   11   26   91   64   15   86   29   65   61   64   60   64   17   62   32   56   79   13   53   67   92    1   47   25   36   22   69   17   57   43   56   97   32   92   42    4    0   59   24   68    4   82   90   52   41   94   98   23   47   43    9   67   71   72   61   84   61   79   95   38   84   75   68   57   37   68   84   79   51   18   91   94    0   42   87   67   17   55   52   22   69   13   72   80   67   43   42   67   44   30   85   47   59   32   46   31   13    6   38   74   47   79   96   14   40   50    3   34   15   79   20   64   13   95   31   94   35    0   59   50   17   80    6   44   98    2   78   40   27   94   63   13   98   60   11   40   92   10   66   61   30   17   88   34   74    6   15   94   14   13   29   13   61   22   45   37   69   99   76   59   13   21   29   10   38   38   17   56   98   48   57   16   26   57   36   12   25   77   97   59   88   87   33   53   80   59   71   61   95   31   20   16    9   74   64   15   74   29    8    7   68   21   84   73   61   71   64   46   64   49   68   95   77   36   62   33   40   98   31    2   40   94   27   38   72   14   14   70   93   22   33   67   25   82   96
  70   15   61   80   21   22   88   74   67   52    8   39   39   70   51   38   29   38   84   51   39   70   24   99   86   90   38   93   73   89   88   53   32   50   37   68   29   90   94   90   73   47   98   83   76   88   85   55    4   96   47   66   92   58   20   99   44   32   73   22   17   49   98   24   85   80   31   76   78   69   52   42   45   31    6   99   26   43   52   74   52   37   59   56   46   41   90   46   79   99   82   86   39   32   77    0   80   42    2    8   90   54   89    8   20   54   37   81   35   23   78   15   21   11   40   41    8   50   59   16    8   69   61   50   66   25   23    2   46   67   85   42   48   46   39   65   48   84    4   35   53   68   84   68   26   27   35   19   88   89   14   22   98    8   95   18   26   84   27   87   80   86   19   36   39   91   26   93   43   47   82   72   82   18   48   46   95   11   31   87   22   35   68    5   32   52   16   20   93   64    2   76   36   33   27   49   26   14   25   64   33   54   23   11   79   94   28   88   68   31   41   65   64   87   50   16    2   45   37   65   93   85   23   92   12   23   52   96   29   36   17   62   21   23   39   63   38   51   50    6   61   17   33   35   30   16   15    9   57   36   77   66   82   78   34   45   81   20   17   81   80   50   80   77   33   72   32   12   45   28   84   89   12   79   77    1   29   47   93   66   77   56    7   43   52   74   95   13   72   91   93   61   74   88   36   95   61   58   69    0   10    8   38   81   92   65    7   48   12   51   87   34    8    9   24   52   69   53   89   22    0   32   63   32   53   12   86   28   67   97   41    0   10   21   84   81   94   40   60    4   51   76   47   90   85   10   80   18    4   94   85   59   51   15   45   70   75   72   99   15    5   36   37   83   57   24   98   63   16   79   69    9   68   75   58   68   39   82   72   46    1   66   56   54   79   75    4   74    6   67   82   14   10   87   26   91    3   33   70   67
  39   31   62   33   80   13   97   31   52   16   51   20   11   85    2   97   59   55    4   93   87   84   43   23   81   66   59   85   38   16   29   69   74   69   11   74   99   21   77   81   64    5   62   34   94    2    3   71   30   40   83   31   34   32   73   10   49   22    7   78   76   96   61   91   40   14   89   37   36    1   42   33   46   28    0   66   76   74   92   45   42   46   61   65   85   55   27   91   26    0   87   61   26   24   41   55   15   36   82   61   33   62   44   84   95   15   99   96   63   76   61   61    8   40   89   55   54    4   53    7   38   30   54   98   88   27   84   91   62   85   46   77   78   72   53   43   14   25   64   21    4   74   30   83   57   98   70   35   55   19   13   54   37   37   46   19   96   55   97   90   66    4   23   37   12   11   18   28   56   70    1   33   15   21   96   97   97   42   39   20   91   22   21   13   36   67   55   77   94   68   27   83    0   78    8   33    3   36   27   37   48    8    0   88   12   93   37   98   86   58   64   94   44   24   15   67   60   50   58   35   49   56   12   53    3   85   51   59   17   80   85   71   61   62   28   15   18    8   41   82   98   24   45   53   76   21   19   26   22    3    7   47    3   65   72   83   10   99   77   64   24   38   77   53   78   68    4   19   86   64   50   52   52   43   94   69   56   94   10   72   24    0   88   78   46   13   26   41   83   96   90    2    8   57   51   28   43   98   60   25   21   80   95   53   62   64   79   37   30   11   58   59   56   12   42   68   76   26   33   14   10   23   99   30   72    6   31   51    2   99    8   71   91   75   68   33   99   38   35    1   25   24   19   75   91   85   55   76   37   68   74   94   80   37   91   15   30   69   38   49   95    4   89   49    0    5   10   46   81    5   84   93    0   82    7   95   92   69   73   20   31   57   49   29   94   63   48   95   78   92   10    5   90   60   22   83   50   20   38   68
  16   54    6    5   54   80   51   64   72   86   37   46   25   76    7   26   19   65    7   90   31   92   28    5   31    1   81   99   65   42   93   18   64   47   96   40   80   79   55   15   69   63   41   20   31   74   53   97   28   88   84   47   63   38   98   76   10   22   22   11   86   74   74   53   22   59   56   61   17   73   25   90   14    5   16   49   64   63   48   96   22   71   86   70   41   31   48   84   68   26   11   89   35   59   80   22   73   22   48   49   73   41   34   29   69   15   83    0   62   40   46   24   51   11   99   26   20   54   80   62   59   39   69   85    7    0   32   37   70   84    4   68   65   56    9   12   72   85   11   16   15   96   42   89   90   22   33   13   90   40   78   99   72   23   59   76   34   54   97   27   87   84   23   57   27   83   35    3   17   42   84   17   92    9   81   87   49    2   35   59   52   70   99   47   42   77   72   62   35   60   67   28   39   22   59   93   76   30   57   71   67   96   19   93   55   90   87   89   83   15   59   38   57   98   32   20   73   28   46   88   81   16   69   10   60    8    4   27   47   98   28   67   95    8   81   48   25   11   83   25   31   15   32   73   55   14   50   43   52   60   56   59   77   56   57   12   77   53   58    2   75   13    1   45   61   48   71   87   17   62   92   21    6   20    5   72    3    5   73   68   98   15    9   85    8   43   98   59   25   87    2   34   91   51   96   21    6   41   37   71   93   37   10    4   38   28   43   57   84    1   35   63   90   87   59   29   23   64   13   54   49   58   63   59    2   51   32   66   52   58   11   52   70   22   69   90   87   21   39   10   19   71   87   12   61   22   40   86   67   44   61   66   53   38   42   64   17   83   70   51   22   61   41    7   45   23   73   62   25    4   44   52   62   77   19   92   32   67    0   94   80   90   59   42   87   71    5   36   16    9   56   24   31   62    7   42   50   53   69   37
  92   33    2   10    2   24    5   46   90   14   73   64   83   56   43   29    9   71   56   17   58    8   35   77   67   64   80   12   22   43   62   19   79   49   96   14   18   98   11   43   65    6   55   81   70   96   25   72   75    7   23   96   61   44   98   83   98   38   13    9   51   33   51   99   26    4   15   57   50   76   88   23   99   41    6   85   73   32   56   51   47   88   47   54   41   52   31   37   17   70   67   96   47   30   62   36   26   24   16   31   81   13   93   24   43   97    1   92   92   74   49   47   65   92    5   38   21   23   45   83   50    4   31   71   89   11   43   57   42   75    0   43   45   14   59   44    9   48   36   58   37   23   76   38    0   41   32   18    0   53   96   25   85   95   91   67   92   55   51   64   46   13   63   21   51   26   99   45   30   96   99   56    0   71    1   34   72   54   65   10   29   47   56   13    2   74   99   14   87   29   70   94   54   93   13   62   50   71   62   94   26   94   75    3   38    0    0   81   20   17   40   55   85   92    9    6   19    9   50   30   39   16   18    4   45   20   28   46   76   98   48   11   64   92   12   55   49   99    2   67   15   66   57   20   76   41   36   24   50   30   60   47   63   47    5   63   92   49   60   62   78   30   21   77   49   15   28   72   11   36   28   40   18   77   62   26   63   72   55   37   52   60    8   91   65   94   94   65   99   27   93   44   30   16   28   60   19   43   71   50   54   76    6   82   82   12   52   66    7   43   47   47   20   64   48   95   92   98   52   37   65   76   70    2    7   63   96   50   87   76   53   57   97   58   15   76   59    0   13   74   46   57   81   15   12   24   79   28   98   87   37   85   89   90   77   78   16   88   78   96    8   78    3   54    4   76   49   39   16   60   19   85   50   16   17   19   70   86   67   34   46   16   23    6   97   41   37   55   78   38   41   60    1   71   17   20   27   15   67   69
  36   63   53   76   21   14   41   27   89   86   54   19   29    7   30   18   11   55   68   22   12   84   40   52   91   38    7   36   92   25   67   93   16   65   12   87   85   96   47   75   49   61   70   95   38   84   64   47   89   51   16   67    2   73    8   19   73   30   84   84   18   92   68   68   78   56   85   11   59   75   72   54   34   81   50   22   95   62   76   22    6   17   10   46   69   55    3   91   41   91   94   73   78   28   36   81   20    4   36   52   38   51   24   71   39   22   26   87   65   14    2   12   16   40   69   68    3   47   34    9    8   49   90   21   90   99   71   65   78   28   47   78   54   12   22   59    7    2   64   16   14   98   93   39   97   14   66   32   42   77   20   62   78    4   16   63   57   94   64   48   46    2   93   12   44   72   58   68   35   35   82   45   14   53   93    8   38   79   96   22   97   14   13   24   57    4   26   92   63   74   52   46    6   64   47   94   65   54   46   56   25    2   32   40   69   66   17   27   77   89   76   61   99   54   32   22   76   48   43   23   85   80    4   47   21   88   14   56   95   66   38   22   99   34   19   67   89   81   67   70   46   96   73   15    7   15   90   39   85   31   96    8   58   65   44   61   57   17   95   60    6   98   89   49   35   69   19   62   68   26   91   57    2   59   31   93    2   84    0   40   65   89   25   25   82   48   28   82   40   59    1   63   75   71   59   99   42   28   75   86   31   34   65   47   52   74   76   32   45   63   50   86   27   65   84   69   80   29   43   86   37   21   37   17   24   11   62   44   65   84   79   57   77   53   85   43   53   80   64   16   46   55   50    6   83   76   77   78    1   10   22   79   27   21   50   90    2   50   11   35   36   69   78   13   88   65   77   47   59   43    7   14   73   77   25   50   50    0   89   37   95   93   38   37   35   36   64   16   77   43    2   14   14   76   95   64   67   26   24   12
  48   68   85    1   53   98   90   20   51   15   36   12   17   75   87   96   51   70   50   88   67   34   76   14   69   64   76   31   76   39   58   86   70   39   39    2   48   52   84   30   65   29   79   87   28   41   46   99   18    8   68   72   16   82   37   63   56    8   99    0   32   81   56   92   82   89   20   58   92   29   75   26   55   78   92   82   38   64   47   99   38   95   74    2   10   55    4   81   58   86   58   22   37   67   61   39   73   97   23   19   96   49   24   63   90   56   49   76   52   57   34   61   82   83   46   11   38   78   78   49   88   68   23   62   83   34   89   31   27   16   50   17   23   23   16   10   20   61   31   34   18   73   28   99   63   56   35   39    4   29    5   26    4   22   58   44   12   19    1   17   16    1    2   34   24    3   33   22   59   46   71   11   55   40   98   71   97   24   71    0   36    0   73   74    4   67   54   97   12   44   78   65   60   67   41   16   17   19   13   71   61    8   98    5   36   98   94   58   26   28   39   62   23   84   91   41   88   80   80   67   71   26    2   38   14   71   28   89   36    2   52   47   62   38   37   81    1   78   85   92   67   68    5   96   21   99   58   63    9    3   57   26   50   26   55   77   31   70    8   24   57   17   79   31   75   18   60   97   21   13   18   49   86   54   22   74   58   45   64   47   45   88   46   55   49   47   12   91    7   76   75   11   70    4   40   75   24   43   12   80   96   86   52   72   46   59   75   95   89   59   54   97   25   90   37   46   31    8   69   41   57   72   83   33   87   48   86   45   94    0   35   63   71   36   96   91   40   11   94   72   62   57   75   83   13   38    0   14   27   24   76   53   81   46    4    6   65   48    4   23   80   59   84   65   80   15   86   44   61    2   13   78   25   11    5   48   38   63   38   52   82   88   67   73    3    3    6   57   32   33   46   38   87   25   61   60   17   87    0   58
   8   19   88    4   20   23   64   67   21   86   87   92   22   91   65   94   54   62   82   11   73   14   80   57   59    9   61   63   15   69   23   13    7   75   31   43   62    6   33   32   84   97   59   86    6   80   17   81   25   48   33   53   12   90   46    6   66   37   13    5   20   32   95   21   77   54   54   70   32   52   76   81   24   22   34   83   79   76   73    0   55   84   24   88   69   40   61   36   62   49   95   24   98   73   21   55   36    8   42   85   83   31   29   24   31   77   32   49   98   93   52   24   56   59   92    3   16   98   50    1   51   27   70    1   40   27   76   94   50   37   99   45   56   89    5    1   67   91   41   98   44   44   13   19   56   69   46   77   35   41    8   81   30   23   52    4   61   63   68   52   16    3   20   21   26   58   15   65   57   67   63   40   96   74   90   68    4   13   82   58   26   18   48   67   55   61   55   92   97   19   46   43   68   10   57   31   74   68   96   18   15   83   53   44   86   36   61   79   11   81   67    9   79   98   40   78    3   37   28    5   37   21   87   13   64    4   29   36   78   15   50   54   45   69   69   29   44   19   47   55    5   96   37   72   87   44   13   23   46   40   23    9   98   58   42   24   70   15   97   76   75   39   66   76   77   25   17   53    4    5   45   54    0   61   90   91   17   96   96   42    8    4   31   59   23   71   65   18   64   24   89   79   58   46    3   30   98   84   74   16   80    4   52   21   84   77   54   66   37    4   37   16   95   14   36   30   22   17   13   68   88   83   37   87    6   47   95   13   90    4   65   39   89   49   66   14    3    2   21   10   73   73   71   19   15   81   17   91   23   32   70   64   63   28   48   72   54   21   21   40   29   86   13   62   24    7   37    7   45   98   69   36   80   20   81   46   24   36   49   65   99   50   15   63   97   85   28   46    5   70   95   47   41   83   46   43   26   28   36   92
  52   50   41   71   84   66   67   69   70    9   87   39   52   94   78   50   63   11   24   29   26    9   84   41    9   14   50   82    0   43   13   87   15   66   34   50   74   10   85   20   36   48   81   33   11   80    2   60   96   33   49   47   79   36   65   54   24    8   22   48   16   32   90   79   69   34    1   74   36    8   55   92   20   45   97   40   60   57   30   38   58   29   37    5   40   43   57   31   63   76    6    9   42    4   51   46    0   63   52   34   51   89   82   33   11   38   13   35   45   28   20   70   65   95   97   83   61   44   27   30   26   82   49   69   11   64   43   93   80   19   65   62   66   57   14   91   48   19   70   46   58    0   37    5   32   16   84   98   87   41   21   23   36   54   57   80   64   15   72   63   51   47   16   72    3   38   28   31   66   72   47   94   27   35   47   72   55   71    2   19   52   98   88   31   20   11    2   97   50   58   83   67   19   59   39   98   24   72   90   73    0   52    9    1   20    3    2   84   95   25   56   20   26   11   81   39    6   94   22   12   27   62   99   21   24   21   68   63   92   90   68   63   89   91   56   99   68   91   91   27   89    6   16   68   95   62   12    8   58   64   40   17   74   61   86   29   86   89   88   20   60   43   78    4   55   73   70   90   38   92   48   20   50   63   25   75   25   40   65   43   15   31   38   61    0    1   37   78    6   94   55   84   43   85   71   96    7   28   42   45   98   35   45   53   97   87   58   48   88   51    8   90   22   50   36    1    4   81    0   42   16   72   16   75   65   33   62   91   19   69   86   17   37    7    5   18   93   59   44   15   67   44   27   20   57    2   71   40   12   23    4   44   44   54   98   41   92   34    4   37   15   11   59   59   63   21    1   40   37   67   46   64   45   97   23   73   48   18   18    1   90    3    7    0   94   76   85   51   19   48   23   59   82   18   56   24   68   96   71   13
  48    8   75   86   38   93   44    3   77   75    0   41   54   21    6    5   87   32    7   76   61   83   95   67   91   19   34   38   51   14   72    4   14   17   30   46   88   39   73   32   27   37   37   40   63   93   81   47   55   36   65    2    9   96   66   14   35   15   25   87   42   42   48   29   62   28   64   26   70   29   95   29   28   50   76   28   24   28   90   27   29   35   72   68   25   93    2   92   95   54   80   29   95   55   84   44   61   69   47   40   56   62   69   67   61   80   26   66    1   82   21   71   13   83   82   41    7   77   26   90   93    7   75   59    7    9   75   53   93    8   41   65   44   34   30   12   89   75   30   35   61   42   84   39   27   40   17   36   69   93   28   63   93   28   19   78   97    3    4   35   23   35   58   40   50   53   46   16   89   82   12   61   79   93   78   63   93   24   85   14   82   44   69   16   22   96   23   89   74   11   92   92   71   64   58   18   83   60   42   22   43    9   48   23    6   36   78   82   41   19   23   91   86    4   24   24   77   92   12   67   99   79   98   87   88   15   83   90   18   84   20   68   70   99    4   96   89   33   92   83   16   15   77   39   41   75   18   60   29   50   95   12   77   44   45    2   37   40   69   30   80   73   22   90   81   94   41   53   92   71   26   32   56   47   54   64   52    6    5   11   88   40   40   54   56   12   18   30   34   60   51   39   82   98   19   15    9   38   81   35   77   33   54   83   13   16   23   48   92   30    4   21   64   11   19   48   56   75   71   10   68    6   10   66   68    0   61   30   45    2    7   86   89   14   49   37   23   50   23   85   38    7   89   66   37   74   74   98   44   18   33   70   98   94   41   67   86    8    1   22   36   54   13   17   68   74   23   40   54   95   91   66   67   64   92   84   80   45    3   47   59   48   69   84   47   27   84   91   21   24   88   55   98   33    1   78    6   98   89   52
  73   51   11   52   10   41   28   72   19   76   18   62   47    6   25   27   45   55   10    9   96   60   97   12   73   90   76   97   99   27   26   55   32   69   45   41   58   36   72   82   30   59   71   13    6   93   65   67   36   93   83   23   96   41   76   42   40   10   52   19   77   85   44   21   92   10   82   82   96   91   64   88   42   65   51   48   20   30   23   33   85   15   87   91   59   68   45   51   25   21    5   20   70   53   57   49   99   88   64   96   22   58   51   79    7   57   22   22   64   25   66   68   84    3   71   69   89   68    9   11   73   80   36    5   72   17   57   16   22   13   49   57   28   78   37   54   77   36   72   90   58   37   28   58   49   92   67   82   18   32    5   46   64   47   94   67   61    6   51   85   90   65   50   65   89    4   58   19   11   42   79    7   19   75   21   38   32   77   34   24    8   97   96   47   88    2   55   47   62   64   89   11   59    4   90   50   84   54   92   41   66   49   37   89   29   11   95   92   30   19   96   59   59   48    4   74   16   34   32   96   18   11   27   60   71   53   60    1    1   16   55   94   18   47   84   30   94   44   37    9   90   93   16   35   77   72   95    6    9   80   75   38    2   54   31   85   65   54   79   74    0    2   82   53   67   47   56   34   72   11    3    2   43   46   47   33   13    2   12   79    1   93   45    7   82   80   94   15   22   24   38   11   44   57   40   38   96   86   73   59   83   22   48   77   52   85    5   25   16   36   39   72   16   70   82   86   16   65   71   22   34   39   88   40   93   39   65   23   97   50   81   48   60   59   79   96    7    4   16   81   24   39   53    9   91   82   82   54   61   28   30   27   50   32   78   95   73   16   65    0   11   92   86   91   74   57   82   74    3   43   76    4   41   23   20   87   15   63   50   48   64   98   16   47   46   26   20   16   93   31   66   60   37   79   66   93   62   53   65   26
  19   87   85   87   68   67   51   95    6   37   53   62   62   43   54   74   92   16   71   87   74   88   58   63   55   19   20   69   70   59   92    1   50   27   53    6   66   50   22   13   16   32   18   18    2   96   20   19   17   35   97    9   91   98   16   53   45   27   44   73   83    3   93   66   12   42   69    5   40   40   71    6   10   95   61   77   18   51   97   35   61   27    5   51   59   96   77   53   85   84   87    0   65   36   23   27   99    1   93   26   14   25   36   23   59    0    9   12   33   11    8   59    4   34   30   54   74   35   99   61   11   55    0   78   82   82   61   44   15   81   77   14   57   45   77   24   69   97   14   41   56   58   93   82   25   40   64   40   52   50   70   89   87   39   90   16   27   17   73   49   37   71   66   41   42   53   33   48   67   85   49   11   72   80   32   10   87   38   72   72   99   49   65    5   25   10   95   94   97   35   89   68   22    6   19   94    8   72   87   57   98   66   77   12   49   93   97   99   58   21   88   63   60   68   10   37   76   93   87   20   40   31   94   56   33   19   21   13   88   56   11   51   26   46   26   90   20   69   24   93   41    9   13   36   29    4   67   69   45   89   69   64   86   27   83   32   22   10    7   67   20   52   66   26   47   75   69   97   68   35   37   11   73   59   25   66   18   59   78   42   63   72   27   30   40   37   89   95   18   70   11    0   15   36   58   79   12   89   35   18   52   80   78   31   71   45   20   42   95   46   11   20   31    2   45   21   13   66   29   42   24   16   49   80   48   30   18   54   24   12   63   26   82   30   45   57   19   29   17   47   47   37   25   81   75   93   48   98   26   57   52   64   16    6   99    2   43   50   39   90   55   19   74   34   18   63   44   72   53   36   67   27   28    1   13    2   61   39   65   23    6   56   75   17    5   27   20   49   99   87   44   95   42   88   41    6   15   34   76   31
  42    0   12   40   66   33   73   29    1   77   78   42   20   81   43    1   52   57   22   59   57   92   71   82   86   96   60   71    2   89   48   80   20    0   32    4    4   57   47   94   92    4   73   71   32   50   79   47   74   93   39   15   35   87    9   31   65   16   13   52   18   39    1   27   11   96   67   13   42   17   29   86   97   13   33   50   55   54   49   15   68   68   56   94   71   34   55   55   33   79   23   18   46   36   47   37   83   16   37   66   15   73   19   48   45   44   25   33   86   36   29   66   79   66   83   70   89   60   78   57   38   99   78   39   47   25   24   16   23   42   71   42   17   11   75   77   95   17   91    8   84   43   37   74   48   15   83   26   59   68   87   42   36   94   85   94    5    6   14   13   18   25   38   44    6   24    0   29   95   70   87   23   44   64   24   86   82    1   15   80   43   17   79   87   62   49   31   77   74   28    3   46   59   75   68   34    6   32   48   17   95   32   22   79   71   98   85    0   68   16   36   64    0   53   12   94   40   24   93    9   58    3   75   43   54   27   28   32   47   65   16   58   28   33   33   44   74   33   85   46   50    3   25   48   99   22   49   34   85   68   22   58   71   68   58   91   91   92   89   42   47   91    3   70   94   49   79   32   97    1   41   56   24   81   83   44   85   79    0   55   70   92   43    2   43   73    8   25   70   84   40   30   62   27   61   35   79   44   34   16   39   84    8    1   37    8   94   21   69   74   27   23   14   20   64    5   39    2   65   46   71   51   82   16   86   11   15   84   23    3   60   12   12   15   98   17    9   65   65   65   53   43   25   98   84   89   87   76   15    7   41   37   50   20   80   51   72   25   25   26   19   22   42   54   77   52    2   58    0   19   39   90   43   79   70   30   72   67   89   98   77   39   32   46   14    1   83   88   94   58   76   86   53   25   10   10   16   78   42   17
  34   95   91   49   56   13   63   98    5    2   59   28   43   91    7   53   46   91    4   85   97   99   25   50   74   40   44   29   93    9    3   78   10   95   85   55   44   59   82   46   87   59   96    9   94    4   44   10   99    5   84   20   19   69   48   87   13   21   83    2   78   96   77   16   30   78   77   92   28   74    0    8   52   85   35   63   64   35   85   57   98   87   27   67   24   77   27   86   80   23   45   73   56   72   76   79   48   35   98   84   42   12   88   76   26   15   13   10   51   81   88   39   25   64   63   61   27   60   40   46   13   75    4   29   60   70   56   32   30   12    4   17   19   39    5   37   92   77   45   36   35   77   67    7   49   25   11   98   27   32   72   40   81   43   61   82   73   70   10   14   71   86   66   32   65   90    7   86   26    7   45   45   80   82   10   74   13   60   14   95   24    7   76   84   32   87   82   31   28    1   40   89   40   60   16   22    6   95   90   35   86   34   76   74   71   52   69   83   46   67   22   24   90    0   87   60   91   84    7   56   13   75   99   18    8   53   33   83   30   71    4   25   52   18   79   62   31    4   45    8   10   54   84    3   74    3   26   11    5   16   34   41   27   65   56    2   96   22    5   69   91   45   61    0    8   32   15   88    3    4   58   47   46    0   66   46   86   30   60   26   86   59   79   20   40   92   97   68   36   28   37   53   37   44   62    3   37   15   70   65   18   29   80   44   37   29   64   23   81    1   58   69    4   91   25   23   30   18   44   92   78   74   38   26   69   79   86   14   80   22   86   81   56   23   13    3   14    1   14   27   34   62   14   96   90   79   70   81   19   57   53   16   47   56   12   19   43   66   66   57   51   42   59   66   22   73   76    3   79   94   44   22   54   27   56   75   22   42   82   68   74   66   21   60   86   61   20    0   49   96   34   16   66   48   19   66   80   12   98   47
  96    0   54    8   56   40   30   86    6   79   47   13   43   77   35    0   85   10    0   75   90   88   78   41   28   20   89   16   78   28   29   26   81   98   56   52   38   37   13   75   53   77   46   17   30   41   80   38   42   12   24   12   42   96   43   16   88   63   80   66   68   46   95   28   47   88    1   33   64   17   51   79   86   63   37   18   18   73   66   17   83   38   83   96   82   10   66   77   77   36   31   95   40   68   93   26   90   69   70   79   44   39   46    6   52   67   22   36   29   83    9   92   80   26   50   29   82   26   57   55   69   65   23   35   75   12   29   48   45   31   82   70   43   64   85   58   76   97   10    0   49   20   68    3   68   98   82    8   14   18   83    4   59   29   50   74   62    6    6   96   10   46   25   52   41   22    3    9   15   37   86    0   83   24   12   86    6   65   39   86   65   46   21   11   52   88   77   96   40   62   29   63   65   97   67   84   13   42   19   59   85    2   63   26   79   11   85   26   84   58    9   30   79   46    0   76   17   64   39   25   79   47   24    3   25   77    9   73   29   50   82   43   83   80   67   96   58   16   93   57   46   43   68    1   59   34   97   82    0   98   42   13   35   14    2   56   56   17   54   91    1   15   33   91   65    8   27   15   83   71   89   72   81   95   16   85    8   91   31   16   88   64   57   16   37   26   77   85   32   11   49   26   40   98   78   95   31   63   41   13   21    1   84   35   42   97   48    3   14   60   39   55   58   30   37   54   94   59   57   84   97   21   61   74   37   67   28   15   70   63    3   17   63   52   70   39   70   38   86   39   33    3   91   86   58   79   28   68    7   42   85   68   96   63   52   54   51   36   71   13   30   70   25   64   91   99   26   74   96   81   37   76   12   34   83   88   13    2   52    5   91   65   13   59   83   97   15    1   62    6   91   79   50   96   88   70   80   28   28   44
  87   75   45    3   47   80   72   17   71   70   75   98   44   26   10   11   19   13   28   18   42   14   56   80   44   38   87   18   58   23   49   74   15   13   88   27   73   73   64   49   79   90   94   48   73   51   37   16   58   97   70   49   31   19   41   61   89   65   61   33   26   16   89   22   53   18   41    0   85   75   11    6   11   60   45    7   54    9   44    1   71    1   64   89   35    9   12   61   27   34   63   75    8    9    2    0   71   84   97   64    1   66   84   98   89   83    3   26   73   84   20   66   26   90   38   85   41   28    1   81   24   48   47   14   89   79   29   46   17   48   45   67   12    0   52   94   82   26   46   67   69   11    2   82   27   12   23    8   45   75   72   11   63   34   37   11   23   17   77   28   97   26   89   96    9   52   71   35   51   80   39   18   23   61   89   78    8   64   32   78   41   82   63   63   72   15    9   75   98   94   44   80   54   54   27   29   30    1   33   44   44   77   77   46   85   26   83   82   15   75   40   76   82   99   13   82   45   74   15    6   61   93   49   51   75   86   30   86   13   19   50   12   59   68   92   37   92   83    6   35   26   42   84   71   52   74   53   33   27   60   40   61   52   30    5    5   36   45   63   29   92   19   81   18   84   32   61   31   44   38   71   85   94   65   97   66   80   74   65   61   32   23   70   55   57   80   79   79   48   75   55   58   73   32    3   89   16   95   92   97   37    2    8   69   93   37   42   47   54    4   52   65   14   93   81    3   54   41   12    5    1   88   86   75   14   34   41   56   34   40   44   95   34   16   17   47   65   58   71   11   15   79   94    5   60    7   93   51   78   28   69    6   73   14   73   85   80   85   49   66   53   58   34    1   51   44   22   93   73   86    0   75    2   48   30   57   36   63   12   88   53   69   15   60   35   95   80   36    5   35   67   87   89   79   75   23   94   61   63   88
  93   63   24   46   82   36   64   65   81   85   45   48   80   32    6   14   77   15   26   37   25   71   75   75   50   34   95   24   21   76   49   95   74   48   48   33   23   42   32   85   24    2   25   11   64   16   64   93   89   55   88   21   40   56    3   49   24   46   69   52   79   95   71    8   71   43    1   36   15   42   14   54   94   49   81   72   61   78   17   78   81   48   35    7   37   90   48   98   84   39   10   61   91   74   12   15    9   48   10   90   22   14   90   56   50   26   21   65   41   36    0   17   44   39   45   59   86   18   16   21   29   24   92   65    1   30   45   63   98   40    9   46   64   71    7   47    3    7   87   85   95   15   63   55    6   80   47   27   89   96   21   33   53   64   66   82   16    9   19   58   90   53   97   86   14   12    6   48   87    6   20   79   80   90   27    1   97   22   43   67   73   49   78   41   35   28   56   26   12   44   10    2   96   10   31   15   87   81   30   83    3   22    3   24   94    2   25   26   65   58   26   55   25   93    4   82   74   44   16   60   12    9   22   96   97   87    4   41   49   74   37   84   79   80   35   13   68   59   28   84   11   45   35   57   42   69   16   27   63   85   64   48    0   69    7   63   12   93   30   13   64   38   58   64   43   53   18   29   43   84   54   16   36   64   62    0   45   79   65   55   94   11   80   63    7   55   86    0   59   83   11   89   22   34   58   93   49   55   21   59    1   49   73   56   18   33   33   22   74   76   47   80   12   41   39   31   57   69   21   23   34   31   90   70   40   53   32   96   61   67    4   90   73   49   40   57   56   49   25   42   22   78   40   50   50   77   20   92   15   57    4   52   35   79   58   55   16   66   57   57    4   37   85   55   88   86   18   28   71   78   61   43   74   87   73   20   29   81   61   37   11   57   73   12   55   19   38   92   11   44    7   39   37   27   60   43   93   65   86   40
  65   18   56   79    0   39   17   93   46   46   97   87   76   10   33   57   73    7   97   26   91   58   85   64   38   32   49   80   79   92   81   44   77   36   73   46   89   72   64   56   28   39   39   65   65   75   50   13   90   73   10   32   68   46   78   70   15   22    7   74   31   54   19   10   23   85   93   62   96    8   12   75   83   17   90   44   91   55   67   26   97   67   54    5   64    5   20   72    3   50   34   95   56   26   74   89   19   11   75   23   50   49    6   66   63   13   21   47   11   28   76   22   12   37   63    5   75   67   15   15   86   20   57   91   82   82   59   10   82   63   29   83    0   22   62   90    1   61   88   23   18   60   46   76   21   37    1   41   50   62   16   61   18   28   82   21   39   93   51   65   57   15   58   41   52    6   57   83   67   30   80   35   51   15   39   94   78   29   64    7   92    2   31   52   98    1   32   90   17   37   56   24   26   98   37   33   32   47    6   24   87   59   92   20   53   50   12   60   59   15   37   10   35   81   47   41   65   62   26   39   12   38   18   93   79   85   52   81    0   57   23   42   98   43   36   68   41   29   78   51   66   10   16   48   22   71   30   24   41   77   71   81   53   52   39   68   34   69   63   63   91   74   20   75   13   87   45   25   57   33    6   42   23   21   62   56   29   16   26   42   99   53   32   10   97   21   99   63   71   98   90   87   83   26   85   80   29   11   31   33   71   25   35   30   19   34   55   77   68   60   28   54   97   39   72    8   15   27   46    2   76   41   34    7   55   47   18   58   99   81   94   27   82   44   20   58    6   28    2   53   39   56   63   44   78   99   80   99   88   17   91   42   80   90   85   95   45   24   95   56   74   36   20   39   81    0   64   73   95   14   85   69   71    7   32   34    3   86    1   83   85   15    5   78   33   81   67   12   55   11   86   43   23   46   84    6   44   72   92   19
  66   17   72   98    7    6   98   96   42   79    2   40    4   77   19   49   41   26   91   59   84   99    3   48    8   74   68   17   96   29   31   53   13    0   82   71   35    3   15   94   35   65   53   26    7   96   55   93   61   56   92   99   28   17   25   73   60   91   86   20   69   61   81   56   78   79   36    2   51   74   28   79   44   39   77   12   29   26   84   67   48   11   65   53   26   40   26   62   59   60   62   25   43   94    6   39   33   77   69   96   59   89   30   62   30   67   57   40   49   37    9   76   68   86   29   98   43   59   46   77   32   64   31   76   47   80   28   33   15   32   17    1   62   43   54   57   51   70   18   18   50   14   98   71   89    4   47   96    7   86   92   23   58   47   13   16   77    2   17   39   38    7   38   96   38   94   58   68   58   55    4   45   67   67   94   12   56   97   65   26   61   44   59    5   99   50    3   73   29   66   74    4   65   72   93   13   27   80   46   95   89   37   11   71   36   90   74   47   69   77   59   45   86   94   86   15   24    0   93   78    4   33   87   98    5   80   21   75   96   44   33   62   47   33   41   92    6    6   55   47   85   12   42   57   10    5   15   11   94   72   84   38   10   46    3   48    8   94   60   42   92   11    0   61   35   35   36   24   62   49   31   39   29   66   15   33   61   94   33    6   69   38   51   36    9   24   60   12   12   48   24   59   34   64   84   19   66   22   78   61   96   71   99   38   99   77   61   55   30   60   32   45   69   56   62   29   68   74   89   76   54   86   79   79   58   21   22   26   96    6   30   62   12   67   56   51   37   41   21   92   69   91   10   47   41   31   28   38   17   99   82    5   52   52   25   82    9   10   69    9    9   71   11   80   46   73   16   81   22   30    4    6   41   47   90   21   70   72    7    7   21   75   71   77   49   88   83   98   72    3   86   37   98   58   37   48    4   16   72   87
  74   80   41   94   85   57   20    6   73   44   40    1   44   77   73   51   51   59    1   55   19   91   14   91   81   54   13   29   17   21    7   45   14   29   69   61   81   23   47   13   54   79   69   79   89   90   54   47   38    9   44   84   78   31   31   51   51   24   85   61   70   95   71   51   18   81    8   39   49   82   67   27   85   25   26   42   52   61   86   45   36   27   35   50   42   42   40   46   35   81   44   90   64    4   93   85    6   56   92   28    8   90   79   23   64   50   79   91   38    3   28   70   74   30    8   37    3   49   99   58   66   21   19   66   44   30    0   25   44   59   74   33    2   30   50   49    5   95   18   75   43   12   10   44   63   66   24   58   32   45   76   99   55   92   75   32   26   50   43   43   20   59   81    2   78   18   24   42   53   70   46   10   54   46   75   69   46   43   25   90   76   91   23   82   73   27   54   89    3   29   97    6   63   71   61   76   37   12   88   92    1   48   17   44   32   11   81   17   35   88    7   17   46   49    7   97    2   82   57   64   21   66   47   36   43   81   53   57   26    7   53   13    9   79   38   49   86   94    1   86    1   59   32   98   28    0   85   40   28   10   68   22   89   48   86   81   69   58   29   27   83   98   48   52   11   35    7   61    4    1   97   49   34   26   43   77   65   64   83   87   77   12   65   12   58   24   64   88   88   95   53   74   74   44   85   50   42   24   43   64   13   97   40   17   49   21   83   41   25   82   33   59   14   69   12   65   28    8   80   66    6   95   67    4   51   47    9   81   38   30   43    8   55   49   41    8    2   60   12   77   35   41   93   48   58   54   69   55   61   75    2   66   52   74   29   53    7   25   77   26   74   78   62   84   32   24   41   11   81   42   34   83   18   79   71   11    6   17   31   12    4   73   24   48    9   98    3   39   95   83   72   83   71   95   45   51   17    8    5   90
  51   36   95   92   70   51   30   39   98    6   21   76   84   68   72   97    2   46   83   83   97   77   80   59   42   72   41   41   72   86    7   94   12    2   94   44   10   13    0   25   93   63   81   40   86   14   33   72   34   91   72    1   52   34   49   12   47   35   91   68   95   14   17    0   10   83   51   83   10   35   67   90    9    0   12   42   43   41   30   33   10   27   15   27   15   25   70   71   70   88   95   98   71   50   41   40   46   92   38   77   64   44    9   34   93    9   74   21   45   97   32   79   86   42   43   66   30   10   54   95   35   55   88   76    4   65   61   60   66   53   55   16   36   50   41   97   45    5   17   34   55   82   21   67   95   17   69   15   90   47   25   27   15   17   64   82   24   72   24   42   64   17   27    0   89   14   70   31   38   26   35   27    1   21   19    7   21    7   82   97   25   14   13   13   71   12   42   34   56   95   86   63   90   96   98   18   91   72   74    8   13   57   64   77   92   11   36   42   38   19   50   41    0   12   24   77   96    4   22   17   95    1   50   80   60   16   38   74   97   55   51    8   61   67    9   94   30   82   81    5   88   25   85   90   85   29    9   51   69   98   97   39   87   95    5   25   39   10   95    0   99   50   53    6   44   73   44   85   78   65   11   31   25   38   12   90   61   43   60   18   69   18   43   20   70   29    9   42   27   74   21   48   72   14   97   27   23   87   38   57    1   51   39   85   27   76   59   69    1   24   13   26   58    8   76   37   54   67   59   15   58   46   36    0   38   90   72   51   58   60   36   82   35   32   28   25   47    4   57   72   92   42   94   15   19    4   37   11   50   65   31   82   31   65   66    2    7   47   34   19   92   99    3   12   39   44   62   26    1   20   37   80   42   27   29   49   13    1   40   26   82   11   21   37   85   44    1   14   61   18   35   77   66   29   71   10   53   22   11   57
  11   43   99   14   25   10   74   32   24   86   65   34   65   55   99   78   54   49   27   95   34   30   59    2   15   27   16   68   40   50   66   73   90   76   78   75   59   17   79   19   65   79   74   57   54   78   86   81   67    0   32   29   23   92   20   94   20   64   85   44   45   53   12   81   32   24   22   91   57   12   81   99   81   59   76   33   24    1   99   62   66   95   26   77   59   25   67   76    8   71   84    0   80   16    2   72   98   87   60   46   66   79    1   59   16   24   77   26   98   28   98   85   18   29   99   82   41   49   44   51   46   52   85   12   43    0   16   77   23   73   16   97   49   47   63   17   22   43    6    2   87   28   57   17   68    1   76   64   41   85   84   59   63   60   32   69   37   87   36   71   11   36   53   82   87   55    1   87   61   68   52   52   53   64   80   71   81   14   46   73   35   40   26   76    6   73   43    1   19   55   57   36   89    3   64   25   86   97    9   54   71   65   45    5   28   86   97   16    5   21   24   29   43   76   81   54   26   17   30   82   67   58   14    2   97   16   58   86   79   90   72   58   79   91   22   23   48   66   26   92   18   91   96   75   36   48   66   61    7    9   17   35   57   48   29   22   90   26   15   51   50   68   40   72   53   74   69   50   31   38   78   64   97   83   34   57   10   46    7   23   62   60   13   30   97   26   47   82   30   98   27   32   83   75   79   12   97   14   75   73   11   15   52   97   11   32   35   94   96   70   48   37   20   80   62   25   62   78   25   30   71    5   26   51   56   81   78    7   12   83   61   19   76   86   59   76   90   38    8   46    6   54   59   42   12   70   60   92   13   87   84   30   29   70   50   57   12   96   63   93   99   48   68    4   68   38   35    0   10   85   12   42   50   45   78   14   58   77   95   61    2   48   36   89   69    5    8   41   13   94   19   99   95   76   40    3   21    4   75   59
  22   14   62   96   19   47   58   67   87   88    8   71   89   66   58   24   91   24   57   28   73   27   86    0   28   66   59   72   34   45   48   15   92   39   55   28   58   45   91   53   14   86   23   71   73    7   79   26   35   21   55   43   48   48   56   46   19   17   34   30    8    7    5   23   37   90   29   21   82   51   51   93    9   48   21    0   91   74   72   43    5   55    5   24   68   29   17    5   37   46   74   97    3   37   58   78   33   70   98   13   24   81    7   89   85   95   14   22    0   12   70   14   70   81   59   48   26   56   85   10   99   49   63   19    2   47   53   63   23   93   34   86   36   61   17   18   51    9   25   36   90   49    4   49   29   66    3   77   91   66   79   89   52    7    2   96   40   34    0   64   47   38   49   79   92   18   32   49   54   54   29   14   92   76   78   31   63   95   54   14   29   58   71    0   52   68   14    3   77   93   44   11   65   59    7   20   98   56   71    7   81   77   89   67   93   55   41   65   53   33   73   84   14   43   13   91   51   76   57   46   36   55    9   11   92   62   61   55   46   58   62   12   86   37   69   25   32   29    5   45   91    8   77   21   24   38   19   67   91   55   88   69   70   76    0   75   31    9   20    7   98   34   91   62   21   11   50   10   22   88   66   90   31   80   68   36   18   51   60   33   63   13   56   49   15   80   88   41   47   47   84   43   92   53   79   60    3   25   22   57   20   17    2   15   13   32   94   77   64   12   54   23    9   86   91   14   68   97   47   94   92   99   47   63   55   12   58   67   10   15   18   47   40   10   64   27    8   98   64   62   28   34   99   84   10   73   65   14   19   49   71   45   54   59    6   24   88   41   82   89   96   50   10   54    3   20   67    3    9   99   55   52   38    6   38   27   77   48   91   71   96   14   49   29   23   89   62   39   15   85   94   20   19    5    2   73   27   47    3   55
  10   33   79   90   16   15    6    7   83   97   40   91   74   38   78    3   82   37   37    2    1   52   54   83   26   32   97   66   20   37   80   61   80   45    7   65   13   61   42    9   39   52   92    1   90   99   50   28    9   63   86   35   61   72   37    2    7   79   22   43   99   95   73   67   84   33   47   75   35   67   20   38   60   58   68    8   39   91   57   12   91   71   30   89   35   59   52   61   96   35   35   64   35   50   80   10    0   42   75   24   71    3   38   66   79   15    6   39   90    0   95   75   83   12   52   62   10   51   88   97   91   30   43   37   42    6    3   38   96   65   32   56   85   42   64   79   29    4   66   93   93   98   55   50   13   19   95   75   84   37   60   54   37   79   17   46   36   20   78   92   57    7   89   44   26   42    9   49   91   45   77   17   83   24   86   53   56    2   57   30   11    0   87   30   50   31   24   45   96   71   75   60   76   90   64    0   87   48   48   35   41   93   38   38   91   84   53   65   61   86   67   24   94   26   94   45   86   43    6   56   68   31   99   67   90   26    9   64   38   32   35   71   10   27   13   14   43   49   25   22   19   41   16    6   62   80    5   62   84   23   60   41   62   92    1   29   22   24    5   41   97   75   48   46   83   42   26   43   20   45   63   34   24   15   18   41   88   45   60   65   81   85   34   96   68   21   40   97   97   14   94   87   75   24   89   75   26   65   10   17   42    2   86   68   20   39   41   51   39   10   15   78   92   49   80   63   62    9    2   10   71   24   19   14   21   27    0   41   14   17    5   74   74   65    2   50   21   78   27   44   72   45   45   16   99   49   73    9   17   68    5   99   75   82   10   68   57   79   34   79   39   59   83   93   69   92   41   47   13   70   81   74   70   12   15   82   30   52   75   32   48   47   64   89   47   43   21   81   83   40   94   28   55    0   72    5   33   25   55   29
  84   25   42   25   64   42    7   56   99   66   53    8   19   73   94    7   20   35   50   43   17    9   36    6   86   37   53   36   11   78   90   70    0   25   36   46   68   85   52   54   73   68   12   26   33   45   47    2   88   53   30   56   86   64   32   56   59   70   96   42   24   87   89   95   87   44   74   55   71   82   42   61   83   11   82   48   80   14   39   41   82   92   52   23   52   22   55   13    3   14   77    7   24   94   34   21   95   88   58   42    2    4   82   14   71   55   94   69   89   41   33   99   63    7   88   84   72   82   47    5   94   37   46   23   49   56   13   51   18   85   64   92   15   49   31   70   66   70   41   96   84    1   83   14   58   44   21   99   93    1   32   61   79   45   86    0   12   37   66   95   71    6   82   54   13   64   18   89   71   26   64   61   21   58   15   84   80   75   85   57   75   71   52   88   57    2   28   25   84   22   49   65   36   41   36   36   52   67   90   72   53   64   99   95   95   74   62   77   76   32   52   95    5   28    3   82   23   55   97   40   90   19   96   37   20   36   76   79    9   73   24   13   87   87   75   88   15   17    9   84   90   34   88   47   17   77   97   87   80   39   69   32   29   49   91   18   31   72   21   97   30    0    4   41   38   31   30   86   70   68    0   56   57   80   31   21   63    9   86   30   19   69   34   43   27   62   49   25   20    5   76   20   13   98   17   56   70   66   58   63    6    7   28   11   72   92   84   63   24   89   57   76   98   99   93   34   97   27   84   40   34   49   82   39   18   39   53   58   13   24   56   62   37   41   99   44    8   70   48   87   17   82   74   79   16   67   92   65   26   26   93   78   59   18   86   36   11   91   32    2   27   52   52   21   86   23   84   29   57   77   53    6   95   76   81   49   32   23   66   56   39   19   88   86    3   76   30   30   87   12   19   95   27   87   58   46   33   70   38   70
  40   30   43   49   33   12   96   81   87   27   48   70   81   48   82   40   86    8    1   14    1   76    2   92   16   99   52   32   12    1   57   31   37   52   25   98   76   29   66   53   51   93   95    1   78    2   17   31   71   66   43   24    6   69   20   73   99    9   67   71    5   21   27   95   86   64   86   81   82    5   39   10   71   62   18   27   31   79    1    2   75   44   96   72   80   67   41   65   77   58   53   18   24   96   81   54   15    7   46   12   13   34   73   72   49    1   32   19   74   23   37   22   98   89   71   90   87   34   93   78   89   23   55    8   73   21   97   29   59   23   43   11   29   31   14   98   78   27   14   64    8   79   78   23   33   82   82   79   12   33   42   90   12   50    8   54   61   93   77    2   77   83   34    8   44    3   83   64   69    9   47   66   44   16   53   10   92   52   10   87   32   10   64   15   29   41   34   31   54   52   53    2   36   95   89   17   10   80   76   94   73   23   90   59   47   87   95   95   56   59   87   49   46   62   51   62   24   97   33   22   37   99   62   43   18   42   96   80    3   42   21   62   63    2   36   48   45   26   67   76    6    6   52   52   12   68   65   43   25   59    6   70   58   21   67    9   84   61   79   37   66   63   71   85   83   57   67   74   42   42   34   94   37   25   46   83   95   81   76   49   23    1    7   25   37   84   55   48   12   45   72   74   24   24   88   79   12   66    1    6   93   60   13   48   93   49   69   15   70   81    5   64    4   73   40   86   43   82   15   80   61   13   60    3   99    4   28   27   48   31   98   74   95   21   58   87   72   93   58   27   47   17   52   43   13    6   53   92   82    1   60   97   53   14    4   37   44   13   41    9   56   59   19   19   46   75   41   65   65   56   11   76   56   21   28   96   34   75   37   44   69   70   69   62   99   35    0   37   87   24   11   28   11   62   66   44    4   92   60    9
  61   46    7   30   39   47   53   64   35   40   89   46   69   70   33   45   42   24    7   99   88   97   10   79   15   30   72   12   89   78   58   83   60   54   69    3   35    3   93    5   24   83   77   49   35   87   23   71   51   62   85    8   74   71   13    4   82   19   85    4   53   75   66   68    0   92   36   84    6   10   77   73   60   94   75    0   80   13   78   70   37   87   22   55    9   66   86   31   73   20   97    6    8   48    0   34   11   28   36   82   32   29   66   33   80   68   42    3   95   36   24   37    4   54   77   65   98   36   23   98   79   58   35   17   27    7   52   49   59   63   21    3   94   63   23   22   55   41   13   74   57   43   83    7   44   30   22   18   63    0   79   28   39   93   32   23   98   30   24   92   38   64   85   73   44   84    6   51   58   38   38   24   56    9   88   89   75   16   14   93   69   44   56   58   42   31   69    0   88   60   49   95   69   16   52   58   64   46   44   79   29   79   46   56   50   70    7   28   99    2   52   71   43    0   65   94   78    8   32   44   23   75   67   55   87   57   61   41   65   36   65    6   39   42   25   21   56   44   46   58   40   76   32   87   10   80    2    0   39   71   34   50   69   12   66   62   65   25   97   11   82   84   75    3   82   70   55   94    4   80   75   47   88   82   69   62   25   35   37   56   33   52   39   56   65   48   28   44   98   80   93   99   14   87   25   98   30   36   21   71   36   24   85   15   57   73   13   24   54    0   45    2   97   98   45   47   83   18   65   94   82   20   87   97   31   60   94   20   22   38   19   56   40    3   33   35   91   29   76   15   11   87   70   13   72   46   76   31    9   78   72   92   11   20   37    4   56   69   57   79   45   30   97   59   50   75   65   11   78   56   84   13   34   91   82   13   62    7   26   74   55   34   68   97    5   87   76   35   57   32   22   69   48   18   17   72    3   77   69   44
  33   92   86   72   37   79   40   65   32   40   84   64   87    6   83   33   72   11    8    3   49   68   42   92   47   54   89   97   42   87   72   57   40   45   15   62    0   60   92   14   58   95   27   68    6   38   72   25   31   71   93   44   31   64   12   54   59   39   98   62   15   27   12   44    5   26   80   78   12    4   38   18    1   64   45   35   91   54   32   12    6   93   78   29   38   88   71   43   27   74   83   50   86   62   47   16   87   16   22   14   51   41   67   64   44   85   67   57   40   32   36   80   73   18   19   74   82   71   12   70   89   23    4   49   64   10   71   26   34   34   68   11    2   85   81   22    0   13   66    4   96   86   38   42   59   98   38   90   77   72    5   11   39   56   78   50   66   92   33   21   88   41    3   88   26   16   65   76   22   21   13   66   60   91   38   38   50   78   56   13   26   13   73   30   80   77   66   41   98   22   39   78   15   78    8   73   93   95   77   84   95   26   39   44   74   30   69   85   15   97   79   88   36   48   82   41   79   90    2   17   83   60   96   83   70   48   81   86   44   16   34    0   40   91   67   81   99   85   15    2   77   79   95   81   51   27   99   85   96   72   77    1   84   97   76   85   70   45   75   66   65   57   25   98   39    6   38   40   64   46   41   13   99   32   27   90   75   58   76   94    9    2   99   41   53   94   36   12   65   28   37   11   32    6   10   54   68   85   61   97   79   74   27    3   84   72   89   26   42   67    2   59   21   17   53   55   74   51   61   28   70   42   61   54   43   22   43   62   17   88    3    6   21   27   77   30   22    9   85   61    2   16   30    7   79   36   20   70   75    9   25   29   28   75    9   95   98   82   47   67   84   66   94   12   42   48   56   20   13   78   44   83   84   86   10   52   77   38   73   20   93   15   90    4   56   16   34   28   70    5    4   71   55   33   26   94    3   70   27    9
  49    5   65   93   56   19   15   75    0   67   55   47   30   52   68   75    8   48   83   61   54   34   29   46   43   20   37   75   49   32   23   25   36   48   25    0   73   65   80   24    6   58   39    0    9   92   13   23   53   84   63    4   82    0   21   30   94   57   71   37   61   66   54    4    7   62   37   94   47   44   88   72   24   78   62   71   15   48   36   15   11   41   56    5   28   61   48   93   92   36   27   29   98   22   53   20   18    9   93   77   37   55   79   81   72   44   38   61   63   22   47   39   43   75    9    8   83   89   19   67   19   47   81   99   32   64    5   33   41   85   13   46    5   83   87   19   99   38   34   35   91   13   21   57   29   68   99   19   85   82   35   59   64   88   21   69   54   28   42   76   73   17   60   19   32   72   57   47   72   64   50   85   46    0   71   77   19   45   87    8   81   40   90   33   42    2   48   57   24   61   84   54   94   55   64   37   83   80   36   70    5   44   50   43   97    1   30   39   17   29   36   50   42   60   97   31   77   22   60   59   56   12   73   83   55   40   28   45   88   53   35   67   81   10   63   49   53   37   69   74   97   22   64    1   79   14   65   20   41   81   77   37   44   57   64   49   39   50   65   39   63   82   24   87    4   71   15   38   29   80   42   69   49   17   13   96   72   24    8    0    3   56   44   42   59   16   39    5   35   32   76   15   63   73   64    4   65   66   69   41   21   15   15   83    3   91   20   26   15   52   27   61   62   67   41   70    6    4   50   56   40   45   98   32   43   34   70   53   61   20   56   13   15   15   27   83   17   43   56   26   33    6   68   87   25   94   40   74   93   83   52   14   42   31   29   11   60   45   19   35    6   67   61   58   87   81   88   77   67   20   35   53   22   20   65   73   54    7   55   88   43   27   25   43   82   72   93   66    0   48   62   94   98   68   74    1   66   30   79   65
  53   72   14   25   67    8   10   37   16   38   12   49   81   31   43   49   50   60   65    7   33   31   27   77   45   61   83   11   18   39   60   84    0   41   24    0   78   51   36   16   94   78   22   76   53   52   87   76    5   21   13   70   93   81   79   95   21   18   21   35   13   62   34   72   35   10   51   96   55    3   18   83   17   44   65   48   99   70    9   20   77   52   66   28   75   19   50   46   27    9   89   47   22   69   42   10   29   80   39   60   34    3   65   79   13    7   25   94   56   24   13   13   88   26   34   51   19   76   75   87   70   48   27   71   16   84   74   40   49   56   73   31   85   93   34   18   38   42   41   61   25   35   35    4   15   54   38   64   78   47   17    9   14    6   42   72   96   24   32   15   37   80   51   50   22   53   14   14   73   84   59   65   74   63   10   22   59   20   14   82    0    8   27   52   16   60   71   94   74   20   39    0   81   40   68   30   80   36   36   67   21   94   80   87   98   78   73   89   77   31   65    4   67   58   22   33   53   16    2   79   73   87    7   99   99   38   99    3    5   55   19   76   58   44   20   15   30   68   99   49   71   62   22   68   69   28   80   33   58   61   42   50   46   74   66   15   69   89    3    6   30   54   77   87   69   68   97   17   71   30   56   53   74   37   44   13   58   73   51   80   69   58   74   62   62   80   13    2   87   23   60   69   47   15   54   46   78   61   58   25   51   93   95   36   10   40   90   53   11   48   48   42   81   12   94   68   54   68   25   53   37   10   42   87   97   95   79    9   28   17   26   57   68   54   82   10   25   44   23   27   77   83   29   28   22   28    3   79   95   34   82   18   85   42   39   46   15   24   74   83   68   41   17    8    8   87   21   51   22    3   56   81   23    7   31   81   84   85   18   83    4   66   48   61   22   37   22   83   64    7   41   53   29   28    6    6   29   68   26   92
  56    6   59   64   47   94   53   15   52   72   93   71   18   96   13   31   74   77   97   14   80   39   25   43   33   76   72   27    4    4   59   13   33   69   45   58   26   52   17   78   93   54   98   86   87    0    5   64   46   73   41   90   17   70   15   69   62   80   93    6    2   96   68   86   53   51   19   78   26   69   89   86   43   29   40   80   34   30   66   28   86   34   34   10   74   33   23   60   11   39   52   52    2   67   42   77   11   65   49   65   34    6   30    0    0   37   73   34   16   81   20   16   24   83   15   20   51   43   10   47   87   94   37    8   63   86   31   34   45   18   46   93   26   55    5   74    5   73   73    6    1   75   19   50   19   91   91    5    7    7   61   12   77   50   54   20   71   37   21   71   42    8   84   11    8    9   60   48   22   24   21   75   40   11   51   63   95   80   37   85   78    8   83   31   24   65   27   13   76   92   72   79   56   71   61   18   19   74   67   79   63   93   10    6   84   91   86   64   68   65   78    4    9   86   26   25   29   43   23   28   83   17   36    7   10   87   84   55   58   11   73   93   96   87   48   87   70   61   56   42   72   19   53   95   98   13   34   33   71   52    8   63   81   60   55   23   90   94   98    8   56   31   21   41   89   49   42   86   80   98   49   56   40   55   41    0   81   29   66   65   77   19   26   63   65   54   57   50   17   53   72   22   90   46   99   69   26   38   99   18   25   54   60   58   78   87   55   87   52   93   72   93   81   55    5   94    0    2    4   93   14   51    6   23   81   75   40    9   25   60   64   24   60   59   95   22   54   13   94    6   80   43   41   42   39   25   12   57   14    1   59   48   93   16   11   35   87   19   38   67   59   89   67   29   12   45   73    2   99   35    6   78   85   56   80   33   86   10   84   32   46    1   13   79   62   91    6   80   88   58   18   41   34   82   99    7   26   69   87   65
  76   27   41    0   39   58   81   56   47   16   21   11    6   19   51   35   36   46   42   46   41   83   47   52   29   18    9   73   32   38   53   73   41   49   29   96   40   16   40   29   66   61   50   63   80   50   88   40   99   87    2   90   33   94   70   63   72   91   40   15    0   69   41   95   88   29   95   45   23   71   68   44   35   24   97   28   34   94   45   77   39   64   72   97   51   23   20   78   70   36    0   77   58   18   92   70   36   58   42   34    0   79   20   80   41   81   89   91   83   91   98   62    4   51   20    5   67   91    3   96   22   13   70   26   59   52    3   76   67    4    2   19   91   69   83   29   77   82   54   66   10   21   11   91   98   74    1   20   93   60   30   57    6   82   59   48   76    7   66   49   16    9   73   19   92    3   39   67   86   52   63   52   83   60   34   87   66   33    6    3    6   61   54    2   97   19    4   41   18   92   22   32   68   71   43   24   50   88   55   27   42    9    6   94   60   47   89   87    4   22   11   45   13   10   32    4   24   60   38   92   33   92   57   94   99   16   81   89   36   50   87   30   56   22   28   11   86   26   98    4    1   39   34   25   29   93   56   39   89   81    1   43   50   55   86   80   62   49   42   47   12   12   50   62   51   82    5   83   85    8   11   44   93   31   61   93   56   91   89   18   60   83   67   42   26   88   47    7   51   49   89    8   14   10   21   50   65   89    9    9   82   96   18   36   39   39    3    8   98   70   93   61   85   57   96   32   67   44   88   71   90   44   35   40   35   21   85   82   89   64   70   39   52    7   46   94    4   82   99   65    8   42   33   37    1   59   38   81   65    5    0   59   20   41   18   89   62   14   13   67   43   55    0    4   28   80   21   84   95   32   80   64   98   73    4   94   83    1   64   80   51   71   53   39   74   85   60   19   27   60   60   33   90   15   63   31   23   28    7   63
   3    0   16    0   44   65   81   66   66   50   48   93   11   94   73   13   30   10    0   70   36   76    2   15   39   32   64   93   53   90   87   86   19   40    7   39    2   55   42   24   97    0   92   79   23   50   60   79    1   10   15    7   82   80   20   54   66   97   43   71   12   34   12   81    6    4    5   12    4    8   22   51   52   91   49   93   80   93   74   73   97   87   95   12   82   83   52   26   44    4   68   42   38    0   26   14   84   54   94   39   75   90   67   28   15   87   45   26   11   39   95   21   37   25   18   52   50   49   31   29   50   37   66   19   16   79   24   95   35   40    8   55   48   25   14    6   61   97   80   37   98   59   92   66    4   33   81   17   63   97   17   38   65    1   10   93   58   48   26   74   14   31   93   14   32   48   75   45   19   73   91   24   23   61   80   81   86   17   91   93   20    5   44   13   72   65   65   19   41   58   15   24   58   43   77   59   96   22   70   47   24   91   92   18   10   94   39   35   36    0   41   43   75   98   60   24    3    0   16   35   50   35   15   42   32   75   72   61   94    8   25   59   32   98   99   55   41   53   14   77   52   32   52   85   84   31   85   59   81    6    0   53    4   43   15   94   36   43   26   36   48   31   53   94   98   65   28   62   80   13   15   98   80   15   54   79   39   95   91   16   64   83   38   39   48   34   10   21   92   58   95    6   16   50   43   97   36   64   45   40   45   20   17   66    9   60   30    0   33   63   62   68   20   84   80   46    2   53   36   39   66   36   21   34   85   61   31   20   83   58   13   90   55   80   63   48   93   69    3   99    1   84   94    6   19   93    7   54   22   36   33   70   15   88   76   28   52   12   95   15   24   61   44   94   34   75   16   41   67   46   12    1   48   32   53   35    6   28   52   44   65   80   96   42   35   51   60    2   22   41   89   76   28   59   15   31   36   59   83   42
  91   68   74   90   98   58   14   84   98   48    2   97   58   46   76   18   35   65   27   96   82   31   97   32   26   76   77   96   60   41   42   60   60   11   15   44   48   55   87    2   10   79   27   63   17   37   57   97   33   20   10   40   57   37    2   39   37   35   73   86   39   58   53   19    9   54   13   95   46   29   50   19   70    7   39   36   55   81   41   86   52   29   96   16   53   86   52   61    1   22   23   23   70   42   99   57    8   46   60   39   50   16   34    8   63   39   58   51   32   88   82   54   95   34   31   23   16    9   74   93   62   19   66   74   93   17   65    6   54   45   24   84   86   36   77   62   12   48   39   71   29   42   74   11   58   13    3    9   10   30   67   74   30   89   61   22   96   68    8   72    3   20   82   44   56   65   28   90    0   92   22   77   88   18   22   53   54   63   86   89   28   92   48   69   74    1   42   48    1   93   64   84   46   17   91   57   81   64   71   40   13   12   76    6   53   82   87   59   75   70   10   80   70   40   19   69   73   80   44   91   24   97   60   56   88   74   39   84   37   14   57   32   78   30   43   73   32   25    9   49   73   14   31   71   79   55   37   90   69   35   13   90   58   82   48   65    0   68   85   31   22   92   52   66   81   54   52   60   67   12   26   64   63   48   31   48   92   37   65   58   42   88   63   38   64   50   84   57   88   43   17   91   76   13   37   54   19   30   25   77   80   14   11    3   38   15   60   85   27   89   54   33   43   90   65    8   62   75   50   11   71    7   40   92   61   62   21   76   93   35   19   81   41   69   49    4   95   93   29    3   57   80   28   90    9   72   61   34   68   60   71   12    4   44   47   30   16   26   84   77   88   50   75   86   72   85   39   36   48   15   77   38   24   19    7   89   62   28   92   94   61   10   40   27   55   33   50   13   45   77   80    5   58   94    3   16   40   13   54   71
  36   11   65   65   63   52   88   28   33   76    3   78   36    0   30   46   38   90   66   43   98   69   55   48   88   17   87   62   32    9   43   98   58   37   54   14    9   62    7   68    8   94   61   49   12    8    0   17   24   24   19   26   99    9   63   10   82   17   88    9   71   86   70   70    0   64   28   60   96   30   10   23   98   35   32   29   34    9   87   69   39   20   85   40   15   42   75   89    2   52   77   88   20   44   52   74   79   40   62   43   65   73   27   18   26   17   28   17   65   28   18    6   88    5   64   90   61   67   72   64   76   93   63   75   84   37    9   18   76   62   35   51    8   68   44    2   29   88   38   29   77   12   41   39   98   14   79   19   68   37   61   92   96   30   94    4   50   13   84   11   73   92   21   92   10   89   70   87   86   73   75   85   64   27    6   67   82   48   76   16    8   72   70   64   99   19    8   91   23    7   36   75   56   58   90   35    5   20   45   79   24   93   65   18   44   43    6   80   47   47   59    8   10   89   88   13   59   84   36   24   41   14   82   40   91   80   65   89   64   11    2    7    5   23   98   68   71   40   41   85   18   53   31   11   68   15   66   78   94   74   65   13   70   24   97   93   60   11   77   76   60   29    4   34   61   13   11   17   80   88    3   15    6   78   17    1   40   21   93   84    1   78   80   97   19   16   25   65   51   47   79   49    0   69   46   74    7   48   59   50   39   79   82   52    0   48   73   79   15   29   55   78   28   87   14   41   63   16   95   53   50   19    0   42   24   58   16   89   67   31   12   81   32   91   39   82   72   11   16   56   68   25   95   15   46   96   45   45   40   22   76   23   21   74   20   84   98   26   69    2    2   74   24   12   63   54   26   63   43   18    0   50   46   18   77   94   32   81   57   73   14   87   48   61   28   73   67   49   93   17   38   98   90   89   90   35   78   27   44   97
  14   38   80   61   16   42   21   31   24   37   49   61    1   40   53   76   62   83   87   54   62    1   70   89    3   35   75   61   32   69   32   99   29   50    0   21   19   90   72   13   62   91   48   33   44   67   89   47    5   67   44   30   90   92   92   17   98   32   37   60   67   61   70   82   18    2   23   42    9   47   41   24   38   62   18   90   17   41   29   25   58   57   68   41   68   65   32   96   32   53   47   86    8   36    0   76   92   25    0   95   70   32   20   69   33   43   77   77   71   59    3   77   77    7   38    9   42    3   31   84   62   77   45   70   79   12    4   93   45   78   68   75   20   61   50   75   51    5   85   65   26   42   14   15   84   95   28   95   84   82   87   71    7   20    5   84    6   33   19   23   31   95   75   23   63   87   82   58   34   18   95   73   99   63   16   43   41   58   95   46   39   82   26   68   72   48   42   80   69   26   53   17   14   39   38   85   95   83   59   58   95   20   26   80   75   25   66   83   35    2   14   17    8   12   43   90    8   72   23   86   54   11   46   47    6   85   53   55   52   47   93   97   71   51   79   31   10   12   19   19   65   87   50   14    7   86   66   49   97    1   83   56   90   24   82   46    3   93   63   72   62   90   69   49    6   63   80   30   85   29    1    2   93   91   16   71   70   58   76    6   98   18   29   52   99   96    7   86   42   27   24   13    2   38   16   70   77    3   59   32   60   36   33   91   72   23   49   34   10   18   95   76   24   56   31   36   74   37   19    1   78   76   51   65   73    5   77    5   12   68   17   74   59    9   80   75   87   72   49   59   20    9   45   16   98   53   34   55   58   37    8   68   56   33   66    3   61   73   81   64   52    5   27   65   91   40   97   58   17   17   40   76    9   38    4   88    9   45   12   77   79   57   97   81    3   39   43   64   62   96   95   22   94   47   56   91   32   58   95   81
   5   57   70   69   36    8   66   56   27   30   95   63   94   39   96   64   83   13   48   42   81   44   22   32   42   59    8   90   50   40   55   82    5   68   64   74    5   28   81   10   95   86   40   64   50   80   16   48   48   54    0   78   90    9   43   86   13   97   85   89   79   84   11   42   19    6   13   67   22   72   17   60   32   59   50   64   44   10   71   60   65   98   55   70   52   15   94   77   73   11   77   48   44   96   73   84   82   59   78   26   99   31   81   29    2   38   61   48   59    1   79   26   14   96    0   67   46    8   96   42   69   87   81   88   34   21    1   96   61   53   74   78   10   19   33   64   25   37   76   48    2   98   43   67   67    8    8   98   29   25   20   42   57   14   16   71   73   92   80   72   49   45   18   94   31   81   82   82   99    2   90   57   18   29   63   14   60   26   34   44   99   59   37   79   60   59   97   22   16   40   60   60   20    0   50   12   95   55   70    4    1   97   95   29   90   35    5   51   33   13   76   72   48   50   88   70   70    9   44   39   57   56   29   94    6    0   67   81   27   59    8   27   90   94   72   14   45   83   50   43   12   46   99   29   54   66   34   52   40   57   39   72    0    4   14   14   47   49   41   45   50   45    3   20   20   81   99    4   62   55   97   82   74   64   93   98   82   38   60    0   75   73   79   39    6   63   39   13   56   79   83   28   57   16   30   83   33   42   77   10   47    3   66   76   52   83   43   53   65   77   47   65   25   12    9   87   73   55    5   27   34   47   70   68   72   90   37   79   31   94   46   90    7   38   73   22   42   17   18   40   61   50   76   43   28   79   83   85   87   36    0   38   91   13   12   33   68    7   17    4   82   62   22   40   53   34   38   51   60   56   54   75    6   19   32   93   19   15   15   52   43   93   76   53   38   89   23   99   15   43   19   46   59   32   75    6   36   80    1   70
  68   70   34    5   56   87   25   77   24    4   87   92   37   16   21   57   46   21   72   51   70   15   88   26   30   28   36   56   95   33   22   89   79   53    6   13   67    0    3   70   91   55   32   46   31   73   50   57   36   81   40   55   80   27   36    3   96   29   61   85   31   88   34   45    1   19   90   48   63   81    3   51   88   42   20    9   52    7   41   39   96   56   59   47   99   24   33   19   62   41   68   42   69   82   56   35   39   20   34   54   52   59   93   97   49   67   18   60    8   57   93   23   39   32   42   15   97   98   64   98   47   86    0   82   46   84   36    6   29   59   83   42    4   71   64   65   41   10   56   56   34   74   39   83   11   15   61   41   10   65   77   47   58   65   32    9   31   54   36    8   68   43   82   55   74   28    4   10   91   27   13   93   47   93   60   18   70   10   65    7   69   37   54    1    8   54   38   63   64   49   11   48   83   39    6    1   64   73   12   44   10    5    7   89   68   18   42   33   44   86   15   34   45   99   39   57   94   46   48   31   50   53   18   25    2    9    0    9   99   65   44   19   13   22   41   43   95   37   35   46   88   74   93   67    5   11    9   62   87   52   36   96   96    6   79   84   95   25   33   32   12   40   84   98   44   98   31   54   74   50   83   30   49   42   26   92   67   26    0   38   36   70   32   60   41    4   72   49   78   16   26   90   74   92   55   63   57   97   84   47   66   90   35   12   64   79   45   38   84   32   89   22   25   51   50   12   72    4    7   79   91    9   50   13   56   49   78   48   86   30   79   33   57   26   87   51   61   15   19   98   83   22   31   84   31   94   30   29   68   15   55   71   28   64   38   16    6   82   17   89   57    9   33   87   69   42   69   65   65   78   16   85   86   81    2   35   96   26    7   44   77   84   73   44    8   79   50   91   88   73   18   35   47   47   84   58   44    4   36   91
  62   35   82   11   70   49   66   28   12   62   92   73   16   86   88   93   67   75   54   96   51   16    0   92   75   96   90   58   82   99   50   81   88   40   44   35   62   91   46   86   27   54   20   25   58    9   87   10   85   11   24   60   69   42   16   90   42   30   57   16   43   67   54   58   78   27    0   82   50   45   60    4   16   56   71    0   59   58   21   27   38    4   74   69   44   50   65   24   29   57   13   95   49   44   26    3   55   24   60   23    5   73   13    9   42   18   54   75   19   47   76   23   83   32   48   55   10   85   83   54   63   69   50   74   58   61   88   93   67   10   95    7   24   16   28   72   77   47   99   50    5   39   69   94   83   57    0    8   82   30   56   31   36   45   65   40   63   41   40   68   23   79   61   37   30   91   92   57   45    8   44   20   72   90   34   72    8   65   66   23   72   33   47   60   49   74   68   82   79   97   25   16   77   26   19   80    6   77   73   68    8    4   36   16   85   24   61   99   25   35    8   66   41   28   86   76    2   86   87   62   45   90   73   60   85   48   85   84   16    1   78   93   24   74   75   88   27   27   38   64   25   60   80   95   64    0   50   71   91   19   28   77   34   44    5   24   76   43   73   30   71   76   58   61   74   18   21    1   60   79   42   68   35   87   29   33   23   73   23   68   33   48   58   43   89   12   97    0   82   86    2   47   73   27   59   71   34   94   96   35   80   63   71   20   97    1    7   49   73   18   39   57    7   39   30   13   56   72   76   87   86   39   57   81   83   80   74   75   70   52   10   58   12   91   75   21   44   62   77   97   21   28   45   35   18   85   94   32   43   93   68   90   14    0   40   45    9   29   39   24    9   27   89   42   23   26   64   30   42   80   61   72   55    2    7   42   11   38   27   40   95   19   36   89   30   93   43   81   98   55   97   71   19   17   97   22   78   39   20   49
  25   71   26   14   62   71   70   94   76   61   57   10   66   89   39   29   88   90   91   33    6   84   96   81   54   27   43   50   62    0   36   63   46   21   62   60   21   72   76   17   61    3   61   34   17   51   12   88   44   84    2   94   47   96    7   10   50   18   66    6   31   90   66   91   69    1   24   80    1   29   43   10   84   90   77   24   83   48   56   28   32   67   15   99   91   11   15    2   26    2   22   20   66   57   44   35   54    3   73   74    7   28   25   99   96   60   44   85   93   98   10   83   42   47   71   51   52   93   84   73   49   41   90   13   87   99   51   80   28   91   26   79   96    6   21   89   92   21   36   11   89    5   48   42   36   68   78   47   22   43   28   89    3   21   57   24   43   14   79   95    3   94   91    7   55   53    1   14    1   66   62   17   85   39   36   90   91   53   47   36   43   30   65   44   55   41   97   71    5   77   55    5   66   37   85   28    6    6    9   71   92   81   22   41   46   51   79   49   20   86   89   10   34   42   72   34   11   37   97   52   84   92   31   31   50   25   86   34   67   14   17   18   19   96   29   69    5   71   38    5   82    3   89   25   50    5   92   23   23   77   94   78    8    5   43   61   48   13   95   65   38   42   47   38   57   84   82   35   25   39   65   16   12   67   35   77   33   19   10   62   63    9   92   80    5   24   30   84   57   60   99   83   42   49   29   26   85   92   53   68   18   59   93   27   69   54   88    3   81   84   65   61   72   38   76    6   27   81   58   70   83   65   67   65   68   20   66   34    8   58   60   49   96   84   15   35   26   92   68   25    8   95   76   97   82   16   43   51   23   44   10   35   38   23   96   82   33   76   68   48    8   42   32   22   81   82   59   18   64    6   78   20   55   34   71   21   38   32   23   55   92   13   31   67   72    9   37   43   49   98   62   84   85    4   95   69   94   52    3   33
  96   71   57   90   40   84   21   28   14   12   61   28   17   70   90   33   91   28   57   83   32   95   58   57   59   72    7   28   34    6   53   10   42   21   40    5   94   39   21    6   84   62   35    3   60   99   46   58   28   40   82   11   54   40   42   43   82   29   60   94   56    3   81   12   44   98   13   16   12   37   31   88    5   31   45   85    8   52   30    0    6   40   87   53   93   50   95   54   29   19   31   12   71   48    9   25   35   96   55   14   76    2   91   92   88   53   23   42   82   34   78   83   32   38   76   25   57    9   70   25   19   87   32   88   43    3   72   33   30   36   16   74   92   21   97   92   93   20   32   60   85   75   27   64   41   95   24   17   70   60   95   70   85   79   41   51   30   56   19   94    9   84    8   86   16   89   60   80   57   23   12    7   93   95   43   78   93   99    1   39   44   70   68   69   44   41   39   55   93   37   45   59   48   25   10   31   93   43    1   92   46   86   21   75   52   11   27   14   65   30   32   20   92   36   79   56   92   18   61   27   75   67   73   12   15   49   13    0   35   18   20   61   80   94   71    9   71   53    1   95   23   98   38   26   78   70   46   16   21   21   19   82   75   84   19   93   76   13   25   49   72   31   61   37   57   83   83   77    6   95   45   81    8   56    0   70    3   89    7   16   44   47   64   32   36   61   63   19   74   33   11   60   27   88   40   50   22   90   74   45   18   12   87   52   13   53    2   37   31   34   88    4   82   60   70   16   64   72    5   52   60   18    3   19   96   69   32   74   91   68   61   16   29   62   44   87    2   39   36   79   78    1   35   10   71   11   56   76    1   65   65    5   33   56   87   32   89   20   25   68   66   55   97   47   73   64   31   67   87   14   87   55   51   35   96   37   54    1   96    9   98    8   32    3   13    2   43   64   67   76   21   40   19   49   46   93   13   49   67   92
  12   94   26   20    1   93   38   23   40   37   85   86   18   37   13   41   55   57   22   60   25   44   49   10   87   80   84   42   72   99   56   55    8   13   68   77   14   40   40   65    6   86   84   33   36   85   81   24   55   89   48   39   72   17   79   85   67   49    4   69   63   40   10   36   35   46   57   77   10    9   25   40   50   53   75   94   33   86   23   32   71   53   18   65   55    1   53    4   62   41   74   22   65   17   40   56   15   90   54   23   94   73   91   20   65   78   92    6   32   76   84    3   53   96   46   55   96   23   69   25   74    1    2   60   59   16    4   82   62   47   66   43   25   58    9   80   59   35   88   59   18   81   73   63   88   16   92   21   24   12   98   74   78   20   63   23    1    5   98   49   59   60    3   17   98   51   49   73   18   60   28   16   45   85   12   39   35   91   74   86   46   64   59   50   82   87   44   59   40   55   62   36   91   79    8   86   79   60   65   59   29   72   13   66   63   64   87   38   33   34   16   29   78   65   86   86   36   25   69   65   97   51   62   54   10   26   39   89   16    6   19   22   78   82   80   71   65   12   29   29   63    2   75   35   74   72   70   50   11   62   43   78   67   90   43   23   82   89   48   98   63   92   31   50   98   51   33   27   43   93   83   78   21   64    5    5   48   95   48   58   61   94   45   84   28   28    8   83   88   13   32   74   22   57   44   87   43   45    2   20   72   36   39    1   39   59   65    0   48   72   77    0   88   11   99   57   59   47   63   71   40   11   45   39   11   78   46   13   37   94   76   98   44   10    1   21   68   50   68   48   49   52   98   94   49   20    5   35   79   22   70   62   45   74   94   21   16   76   54   70   61   26   49    6    4   69    9   65   93   85   83   47   76   46   39   52   93   84   29   40   54   10   30   18   65   10   64    6    1   15   13   43   78   80   27   54   61   48   70    4
  58   40   31   45   64   61   36   73   11   58   24   67   49    2    1   23   60   30   80   70   53   29   76   49   78   70   11   40   60   42   98   52   13   53   15   40    7   97    8   51   10   78    8   44   73   18   53   30   43   37   21   77   91   91   91   40   14   34    2    0   95   88   17   39   16   62   30   58   95   26   53   75   77   84   42   57    5   65    9   97   85   82   32    5   39   48   51   48   26   97   51   91   91   90   91   44   73   18   87   55   24    5   51   43   32   50   39   37   23   48   14   75   31   56   99   65   99   19   83   44   54   61   48   60   56   65   86   41   92   29   93   47   41   19   40   91   42   35   45   78    4   19   65   54   24   11   20   40   74   26   46   38   55   67   27   20   32   98   79   41   50   19   26    0   35   50   12   50   21   26   43   45   20   88   26   13   23   74    7   96   96   90   68   89   16   44   54   31   54   51   80   61   50   32   22   41   71   87   74   24   55   95   55   19    5   20   42   70   30   31   60   38   59   16   22   33   34   35   28   75   55   17   58   33   88   50    7   68   44   48   12   51   98   21   97   52   74   70   92   25   36   84   28   47   23    3   38   95   20   10   94   48   39   89   35   92   29   85   23   35   31   20   17   78   29   80    6   95   12   39   27   34   41   99   98   47   59   85   66   50   12   84   81    9    9   10   39   32   54   75   13   44   59   22    8   29   30   35   91   55   61   85   62   34   23   60   90   56   45   99   34   83   56   83    2   29   40   44    7   89   35   52   21   48   77   35   77   77   84   78   79   14   24    8   53   82   38   62   91   47   66   59   55   62   80   58   87   87   28   41   54   58   96   88   45   13   11   12   69   35   65   26   33   74   93   77   52   34   27   42   58   63   23   16    1   57   31   55   55   16   26   33   62   99   81   31   74   48   26   23    0   77   56   55    8   46   44   43   57   94
  31   33   86   58   76    7   39   26   28   87   83   90   98   60   54   60   90   99   10   98   17   13   68   74   74   89   19   34   63   49   27   21   85   70   82   60   98   30   83   59   14    1   37   82   82   27   41   41   31   29   84   35   84   75   89    6   28   44   20   96   66   37   43   46   43   25   56    6    4    6   99   79    0   44   61   16   57   66   17   82   43   13   85   60   78   17   55   12    8   63   46   68   57   66   38   40   16    5   16   39    6   31   41   60   71   13   36   23   97   94   12   60    3   24    8   22   10   71   78   79   10   71   84   27   92   90   82    5   63   30   69   38   83   81   61   55   29   88   89   60   12   72    4   31   64   52   81    9   30   38   69   29    2   31   21   76   77   60   45   90   87   29   29    9   14    4   45   44   69   47   71   88   62   53   66    1   49   63   76   28   98   34   65   78   47   96   99   56   83   20   43   61   16   67   57   62   83   97   32   17   64    1   62    5   24   20   11   39    0   16   11   42   95   13   94   75   11    1   43   25   36   71   86   47   28   55   59   87   66   98   60   49   79   43   52   75   56    1   62   94   56   17   56   90   33   93   16    9   73   66   31   12   83   17   27    9   62   76   68   36   50   63   56   98   76   43   69   57    9   92   75   35    1   14   17   44   99   46   39   69   15   26   95   41   23   70   97   77   36   78   14   59   33   40   39   38    7   53   28   36   23   52   57   90   32   77   49   11    9   36   65    1   35   60   25   42   54   93   98    0   73   26   39   20   10   21    4   99   94   45   30   45   91   71   12   13   49   39   14   47   78   51   37   41    2    9   60   23   79   97    1   72   44    5   63    7   56    6   70   17   69   24    6   86   49   78   77   59   70    1   38   95    4   68   52   53    3   65   59   92   44    0   64   15   67   29   12   95   20   79   23    3   49   79   52   19   17    1   22   48
  51    0   37   37   18   48   14   97   56   10   85   27   64   27    7   89   33   56   88   28   62   98   78   19    0   74   99   54   96    6   93   34   68   49   28    2    4   59   60   73   97   56   34   45   26   93   44   66   73   83   57   81   97   95   47   53   63   13   71   93   14   59   40   42   27   43   55   74   28    3   89   45   11   47   28   30    5   94   62   40   94   25   24   44   20   35   38   61    1    0   56   90   65   87   83   29   33   56   69   24   52   44   85   16   53   21   52   70   38    1   34   21    9   86   33   98   84   10   64   58   37   66   41    3   41   33   37   92   66   37   74   90   82   38   47   80   41   41   34   22   33   43   55   81   30   88   52   34   92   38   74   94   11   25   20   37    7   10   89   78   29   47   14   88    8   71   54   21   20   53   69   24   18   56   44   19   63    3   80    3   26   98   67   63   11   68   35   92   23   89   79   26   34   67   81   72   30   23   84    3   10    0   21   54   64   79   70   55   89   24   82   86   99   80   18   55   13   99   81   11    3   54   49    1   36   24   12   31   76   50   77   97   53   67   38   37   89   36   23   88   67   43   61   45   57   69    7   20   52   93   73   82   90   16   27    3   74   57   72   83   56   92   14   82   78   28   22   18   26   42   95   80   70   17   67   53   57   33   62   15   87   93   72    1   89   82   79   79   84   42   40   27   73   93   72   53   55   92   22    7   67   41   14   50   57   11   92   25   31   32   15   61   69   30   96   72   43    3   98    2   76   92   22   25   75   55   49   29    4   36   34   98   86    5   13   48   73   88   84   32   41   99   27   65   98   28    9   87   43   39   27   20    2   53   40   25   77   26   31   54   13    3   82   73    8   49    3   87   54   39   41    7   81   94   38   26    8   53   16   93   53   57   24    2   35   94   18   45   72   74   79   39   20   51   61   89   13   19   37   60
  51   18    4   53   24   51    1   51   22   27   54   39   71   62   95   95   84   57    5    1   16    6   69   78   96   11   66   18   42   53   76   88   37   56   95   33   54   62   35   93   15   91   20   84   55   90   87   72   96   49    8   95   33   42   53   57   17   21   41   93   29   11   57   37    7   44   32   13   63   69    0   60   50   86   45    5    8    9   77   75   54   75   90   73   74   75   38   27   78   86   71   80   33   56   82    6   41   15   14   60   54   21   88   66   14   17   45   35   33   39   79    7   94   83    9    8   37   46   73   24   24   59   62   38   75   62   56   36   89   10   99   75   25   18   30   67   14   55   96   59   87   90   27   26   68   54   80   96   56   91   26   94   46   98   71   70   53   18   82   18    4   60   20   66   77   19   61   78   50   55   50   12    6   67   84    2   20    0   51   84   19   24   48   55   15   15   16   60   71   55    9   22   82    0   59   18   50    9   47   73   58   43    9   81   39   27   27    7   94   37   62    8   31   95   57   69   22   59   27   35   73   45   51   10   42   64   25   29   13   24   21   63   45   10   43   96   86    3   19   45   62   59   91   69   40   39   15   55   80   92    9   64   16   95   83   59   65   15   25   83    0   97   81    3    5   15   86   35   76    9   43   13   18   11   71   70   42   84   73   94   91   43   13    5   83   62   49   29   59   26   13   64   88   87   43   60   44   55   22   86   68   61   16   65   20   70    9   27   65   95   95   91   13   16   20   68   34   10   86   13   66    2   29   27    3   60   56   44   68    6   31   31   15   37   69   99   11   64   39   54   99   57    1   21   20   21   95   42   32   28   54   39   87   81   79   61    1   12   37   42    8   48   87   10   68   44   52    2   73   68    6   41   53   88   40   16   67   79    7   13   55   24   95   45   10   51   33   93   20   84   75   72   36   96   55    1    7   65   98   60
  89   69   87   27   95   38    9   30   62   94   89   98   53    5   64   40   90   15   27   29   20   31   74   60   22   19   85   23   61   66   99   60   90   79   45   31   67   20   65   16   34   97    9   77   88   76   62   84   41   21   31   80   26   81   66   89   52   18   48   30   95   34   18   71   46   25   68    7   70   14   31   54   94   56    7   44   54   69   42   22   51   56   52   32   32   40   90   94   40   45   97   24   82   12   41   75   91   89   98   43   41   62   86   90   17   23   88   27   86   21   30   92   40   23   47   81   62   63   34    5   14   89   68   37   87   44   41   57   95   59   12   89   27   60   49   81   18   36   84   95    0   90   31   23   22   67   75    7   67   40    8   57   90   52   51   24   60   31   86   17   55   94   52   90    9   86   37   32   94   74   33   82   23    2   21   57   44   57   34    2   36   30   59   83   97   93   98   23   31   91   99   93   38   44   46    6   16   51    9   40   15   64   37    6   76   32   62    7   59    2   29   34   77   51   62   89   51    6    3   54   17   92   57   97   21   30   13   66   47    0   84   81   61   97   33   48    8   12   56   27    9    5   72    3    0   47   67   53   20   26   42   72   88   46   24   24   95   31    4    4    7   93   73   32   75   57   78   69   71   17   77   60   72   29   61   74   99   16   16   44   20   47   31   20   63    4   46   42   87   33   49   60   20   81   44   25   29   36   50    0   16   69   65   81   48    7   90   68   88   72   51   41   55   68    6   81    9   56   50   98   23   27   66   37   31    0   50   22   74   90    4   88   66   51   79   34   70   55   36   67   73   39    1   36   57    5   26   34   20    9   20    7   33   63   78   79   38   28   13   93   69   40   94    0   24   70   92   86   20   66   19   64   30   54   71   48   60    5   85   48   69   85   62   16   11    7   70   28   12   72    6   93   96   23   24   12    0   92   81   89
  21   55    1   63   97   54   19    7   24   69   10   67   14   90   66   54   21   79   54   88   30    4   26   20   89   35    5   55   82   49   89   72   46   30   41   74   40   88   73   93    2   22   66   73   54   67   76   93   99   63    5   52    6   42   53   81   67   20   82   76   48   70   85   85   78   16   43   44   54   79   40   35   44   35   16   47   50   75   63   47   76    8   78   41   77   51   16   43    8   70   20    0    6   42   47   55   92   78   82   42   97   98   64   67   37   46    7   38   21   50   18   79   47   98   72   10    4   35   19   57   48   50   18   30   30   27   76   51   76   81   34   76    3   40   31   32   17   33   30   59    9   25   51   21   63   12   66   57    2   63   86   74    3   12   48    4   57   65   15   83   99   50   76   41   13   12   49   18   76   78   62   28   27   78   47   39   14   92    9   51   19   21   91    6   66   64   22   42   40   69    9   59   22   42   62   39   30    7   58    7   15   32   65   98    0   59   31   79   47   54    5   28   79   53   40    5   38    3   39   59   41   26   75   91   91   14   55   46   59   87    1   32   13   16   59   86   13    3   60   94    7   33   44    7   11   46   42   31   46   14   41   17   85   55   42   68   18   98   46   84   70   75   51   14   68    5   51   55   63   54   14   79   38   77   16   69   77   16    8   16    5   54   62   13   83   76   11   98   27    7   71    8   13   92   41   86   35   11    2   11    9   14   52   14   59   33   65   90   52   31   38   19   68   24   57   69   91   55   47   72   14   40    7   21   55   60   19   63   98   89   40   18    8   50   73   40   23   71   38   66   55   55   48   54   23   68   48   57   78   10   88   39   55   48   21    9   97   53   32   11   23   16   37   99   67   32   59   86   91   82   64   71   81   43   30   82   29   82    7   18   38   27   58   44   77   88    0   23   60   42   90   35   55   65   46   58   58   68   20   20
  34   56   79   20   58   46   71   92   67   52   55   38   41   68   73   47   93   74   54   77   34   74   67   48   65   27   99   72   30    2   15   84   37   86   49   39   32   34   39   17   50   84   57    3   22   41   42   53   62   41   58   84   83   14    9   30   30   76   45   20   45   28   46   86   63   17   39    1   99   16   62   59   57    7   18   88   65   32   50   55    7   58   46   57   66   89   86   85   84   62   25    7   16    8   68   74   92   60   43   92   77    8   46   70   70   44   78   16   68   42   87    5   76   10   75   65   58   49   30   64   62   65   27   94   76    2   80   29   85   63   76   73    3    7   14   34   26   54   12   51   17   91   12   97   44   55   82   19   56   49   30   88   85   49   73   34   54   26   62    9   96   48   61   69   75    0   40    3   76   36   23   26   21   99   43   37   67   50   95   90   58   68   16   71   51   43   83   35   68   89   74   39   56   11   54   12   36   99   88   79   99   56   64   62   15   21   95   71    6   86   54    0   54   14   35   97   62   96    0   75   61    4   84   77   71   13   49   68   32    5   45   13    4   80   64   54   29   22    4   38   95   58   43   12   74   19    8   67   76   86   26   38   77   88   82   33   59   88   25   36   99   44    5   11   70   52   96   95   42   31   59   68   11   92   74   67   98   53   45   98   73   18   10    2    4   56   10   27   58   63   56    2   13   25   57   71   89   92   30   34   70   17   68   54   55   25   45   71    8    7    4   21    5   59   15   16   32   25   30   67   83   47   67   32   86    7   74   71   24   75   48    8   47   10   38   38   97   27   18   92   51   82   13   42   48   75   91   30   72   93   11   22   36   84   64   43   72   31   43   74   48    2   70   91    5   49   47   59   41   31   45   84   56   22   36   19   28   85   37   92    5   72   30   17   52    8   23   83   32   36    1   80   96   52   53   42   19   59   94   49
  90   84   49   25   80    1   25    0   45   83   53   69   32    2   10   82   99   81   50   42   16   39   47    2   19   92   53   36   26   92   50   76   40   67   20   20   17   67   36   18   13   21   25   81   34    2   61   50   14   29    7   28   40   25   65   55   83   34   71   24   45   39   51   54   40   66   41   13   46    8   40   87    9   32   70   40   67   90   68   59    1   95   42   87   44   48   97   77   67   13   90   42   70   45   73   13   70   50   74   93   59   17   22   62   85   63   99   66   97   19   47    7   70   50   82   22   29    2   79   24   91   44   87   49   83   41   58   21    5   58   60   32   81   43   57   85   56   46    1   17   86   88   97   66   16    1   47   77    1   15    3   84   49   98   38   86   73   99   34   70   56   24   88   19   82   71   23   17   51   32    2   41   57   52   10   51   91   27   80   72   91   97   36   92   27   13   52   90   18   12   68   18   54   15   53    7   45   68   77   22   45   30    0   43   61   56   70   24   75    6   62   20   25   60   32    7   87   90   44   96   81   39   38   31   79    9   36   55   22   94   26   11   27    0    8   14   53   43   96   34   73    9   35   88   65   82    6   31   57   99   38   19   83    7   23   58   86   99   58   44   49   94   87   81   96   68   63   88   60   86   38   16   50   63   76   65   49   47   82   27   38   36   57   13   20   84   26   76   10   60   66   25    3   18   82   60   10   12   73   58   15    0   68   62   41   28   91   76   93   43   35   20   70   33   73   98   91   66   23   84   25   29   86   79   23   75   87    7   78   42   47   58   89   26    3   63   94   34   72   87   42   76   87   23   82   76   93   44   19   27   92   26   61   20    3   94   18   83   89    0   64    3   58    9   99    8   19   89   23    3   28   75   45   24   38    8   30   50   33   96   35   14   55   64   53   40   53   45   13    3   21   33    2   29   95   59   14   55   89   81
  10   33   30   80   36   73   71    7   13   23   42   41   17   98    5   61   92   99   43   88   57   38   44    1   35   71   37   45   65   30   10   44   39   80   84   63   73   60    4   87    4   15   43   66   74   16   75   46   82   38   53   40   27   40   94   82   61   63   12   87   93   83   70   77    7    4    7   48   40   91   36   73   70   28   24    5   44   47   34   66   96   11   14   37   25   49    7   59   64   80   52   97   67   35   11   18   46   38   27   38   47   36    6   17   12   28   87   99   95   93   29   68   40   33    1   76    0   80   26   14   30   62   74   99   19   33   74    3   44   84   97   61   66   83   98    5   90   44    4   10   71   59   14   26   10   98   18   39   88   88   49   82   45   13   54   81   71   85   88    8   35   58   38   75    5   42   52   24   74   19   46   55   22    7   93   35   27   56   39   45   50   85   68   84   54   61   36   34   64   29   31   26   32   62   30   80   99   51   76   68   12   64   43    2   80    1   89   62   87   61   18   92   27   18   22   96   61   54   51   59   49   66   48   81   29    9   98   72   93   78   35   42   12   71   83   17   40    1   94   84   35   97   52   96   40   35   35   66   77   25   41   15   85   69   10   23   87   25    4   88   37   87   34   58   90   87   75    4   43   23   13    6   29   32   98   98   65   84   66    3   80    1   21   61   18   49   95   65   21   26   32   86   42   48   93   28   64   69   50   86   67   35   11   21   81    3   19   31   21   88   65   84   67   64   13   44   30   41   23   33   28   74   77   22   36   73   70   29   42    0   79   11   57   38   45   31   94   62   53   16   85   23   48   52   36   82   24   64   92   76   40   49   98   26   89   55   93   29   86   96   14   29   32   66   98   37   33   58   11    5   30    9   14   22    5    7   45   57    3   64    0   27   60   39   70   28   27   94   28   79   24    0   59   52   58   43   20   55   76   64
  44   18   63    0   55   63   80   36    1   15   18   43   30   28   32   18   81   99   43   15   81   54    1   81   18   56   69   97   23    6   65   38   47   10   48   22   85   90   34   63   90   41    7   48   69   77   18   12   38   28   95   97   85   49   88   71   45   60   13   19   90   31    0   92   56   62   56   55   84    9   55   19   72   20    8   11   37   65   37   83   68   81   89   48   62   98   45   84   71   21   96   48   88   78   63   26   20   10   63   47   32   73   73   24   24   90    0   86   62    6   80   87   39   94   77   77   20   49   42   46   38   76   20   43   39   88   18   43   14   24    6   83   45   85   15   58   47   72   21   97   83   64   47   33   44   79   46   94   73   38   96   73   73   41   87   30    6   31   69   26   81   84   39   85   92   54   30   27   76   55    2   30   36   22   95   17   53   44   70   37   13   49   59   85   36   43   84   56   63   79   12   83   22    3   37   85   99   70   24   67   48   21   63   67   98   45   85   95   87   11   95   89    3   86   65    9   11    9   83   21   96    0   93   23   82   79    7   79   73   11   39   91   91   96   97   18   25   60   34   11   70   50   68   53    4   17   87   84   13   28   97    9   29   48   40   14   66   64   81   44   30   77   44   65   63   20   58   66   67   23   53   41   56   66   57   94   82   64    0   21   72   30   84   18   91   42   12   83   49   42   16   72   17   41    7    2   20   20   83   58   88   54   73   40    6   23   60   54   12   40    6   88   53   60   98   29   77   80   97   67   97   80   25   42   59   57   27   96   63   79   69   64   82   19   44   36   16   64   38   94   71   87   59   48   86   30   18   23   47   84   56   59   76   65   92    5    8   98   68   18   57   93   19   76   92   88   55   29   12   44   47   21   79   83   17   70   99    8   57   79   53   24   97   14   96   90   18    1   44   74    7    1   28   11   76    8   70   96   26   28
  61   38   95   14   20   42   46   45   68    6   96   85   30   79   86   91   84   62   80   35   56   52    1   95   53   60   41   48   33   19   75   56   73   73   55    8   16   97   83   83   50   92    5   32   66    7   33   10   69   91   31   33   39   97   40   21   43   31    2   44    2   34    2   56   78   87    4   82   70   81   92   93   86   89   14   79   72   91   43   39   42   68   53   22   78    7   25   77   71   14    8   51    2   35   78   56   61   75   44   86   89    0   21   93    9   67   38    7   17   19   24   63   11   12    1   76   59   10   99   47   34   45   80   43   51   23   12   34   46   67   18   19   90   92    6   52   63   96   33   12   28   29   87   94   11   67   65   67   62    9   42   49   22   80   86    1   29   29   91   17   41   14   70   48    4   31   40    1    1   41   39   11   82   48   90   73   95   66   69   67   12   95   99   19   21   36   94   47   49   58   52   91   20   74   79   58   45   92   11   63    7   56   22   14    1   92   30   74   82    1   43   68   55   24   88   13   99   20   61   20   61   80   82   92   61   45   86   15   48   95   18   84   49   80   54   33   75   48   55   99   83   26   37   90   78   40   24   52   62   28    4   36   54   94    8   67   66    8   10   12   81   81   39   87   90   91   93   34   82   76   26    7   55   16   66    2    1   49   61   12   86   51   43   10   94   19   68    5   61    6   95   87   76   63   54   17    9   55   96   71   42   20   79   43   12   67   32   59   51   56   68   94   47   86   49   92   79   70   55   61   86   22    8   90   59   43   95   25   30   50   43   58   15   45   75   23   78   10   24   99   21    8   37   49   43   24   31   32   36    4   58   52   79   73   49   19   21   58   36   57   67   42   31   86   84   74    3   97   83   18   69   54   54   16   71   81   99   36   59   68    9    2   49   15   55   21   98   75   68   11   29   88   57   57   38   10   23   84   96   47
  74   34   50   58    2    3   72   65    0   92   99   65   15   40    8    1    0   46    6   47   80   59   63   75   58   19   38   77    0   10   63   91    2   68   70   91   62   43   60   68   26   84   12   15   56   78   82   84   80   88    7   27    0    3   59   26   92   68   51   19   55   45   95   42   53   55    3    0   49   67   55   73   65    0   89   88   72   52    1   83   47   63   52   75   25   55   45   73   61   16   25    9   60   85   24   67   13    8   54   47   12   26   65   49   72   24   59   79   33   92   99   75   34   10   16   46   26   63   84   75   67   65   98   27   31   38   36    8   75   36    5   80   11   26    8   51   98   29   21   44   22   61   73    0   26   53   29   71   24   35   44   20   11   99   92   44   91   51   44   23   30   81   46   79    5   15   30   53   88   76   67   36   66   15   42   59    9   72    4   42   52   72    5   66    8   22    9   90   53   64   44   94   70   73   72   86   23   60    2   95   53   31   81   75   31   92   84   37    7   79   67   32   83   92   97   94   74   58   27   88   15   47   46   98   56   62   42   48   80   31   89   44   25   20   60    6   72   62   57   18    8    6   12   80   48   13   24   21   48   20   69   80   10    4   12   90   59   94   14   44   18   30   20   67   61   89   29   17   11   29   19   17    8   16   89   35   64   15   33   88   94   94   61   41   25   63   37   71   28   70   69   67    7   34   96   43   14    6   86   39   31   31   38   60   31   88   13   28   84   58   56   96   73   47   80   40   68   55    9   90   60    6   25   55   60   27    6   90   60   18   80   35   17   18   16   26    9   95    0    8   24   56   41    0   38   43   75   21   52   87   97   17   41   42   92   90   80   45   45   74   26   25   39   76    1   62    7   51   15   45   56   71   71    9    0   28   57   28   58   34   96   85   30   65   13   96   67   26   71   94   74   30   45   26   39   41   79   26   42   65
  79   37   27   74   85   43   63   84   98   63   65    8   19    3   30   33   13   10   24   85   41   67   74   32   92   66   53   87   30   35    4   75   18   23    7   54   22   37   69   51   44    8   94   89   35   85   53   49   74   19   84    5   66   62   48   52   98   14   21   27    1   42   51   75   68    4   77   55   13   41   98   95   45   24   34   63   73   12   32   82   43   10   70   87   12   27   68   44   42   17   77   34    9   33   19   47   95   29   50   13   70   45   56    2   77    1   54   69   39   60   94   35    9   46   59   55   61   21   68   84   36   60   75   53   96   44   29    5   26   86   62   36   95   72   34   77   97   22   70   63   91   11   90   23   51   59   22   73   37   21   57   19   80   86    3   69   45   40    5   62   96   93   25   95    9   17    7   34   44   48   39   87   83   22   35   45   37    6   92   33    3   76   47   88    1   22   23   44   29   51   72    1   59   63   22   23   34   57   61   71   29   53   64   15   95    4   45   36   65   21   53   20   48   86    9   59   16   44   96   60   93   37    7   40   67   17   69   62   68   32   77   12   73   19   19   55   61   50   85    9   61   46   69   41   63   88   38   75   78   32   43    4   82   61   55   76   25   87   24   72    1   96   42   78    5   41   39   41   94   39   16   75   98   52   29   27   42   82   32   27   35   26   17   19   43   94   91   62   71    6   11   79    8   54   25   26   73   40   32   91   64   46   15   76   72   63   89   54   49   53   65   66   32   91   55   17   34   21   51   23   52   57   62   85   48   65    7   39   83    3   51   53   96   51   37   43   19   65   59   11   65   70   89   28    8   60    1   82   69   18   48   40   20   63   90   63   45   84   80   52   17   70   59    3   63   16   49   98   55   48   81    3   17    4   99   75   94   31   13   27   44   85   76   75   60   40   78    1    5   95   31   90   71   85   24   71   22   57   34   83
  99   41   66   65    0   27    8   98   63    8   17   77   13   26   80   75   11   32   62   27   94   84   40   34   98   34   39   19   40   28   92   52   55   63    3   80   48   23   90   30   37   60   43   72   61   73   84   32    2   86   66   68    6   13   63   70   58   73   72   71   18   40   68   58   11   56   31    1    3   56   66   39   23   84   85   70   42   18   37   15   21   95   86   26   37   52    3   53   89   90   77   27   40   51   76   28   49   72   50   29    7   75   13    8   14   32   80   46   63   51   46   34   91   56   48   24   25   26   14   30   65   53   58   19   14   53   91   45   59   46   87   41   29   21   41   65   43   77   92   67   61   25   74   66   35    0   62   12    5   28   23   60   75   62   16   18   67   76   44   74   93   48   85   79   84   75   48   69   38   90   24    9   80   15   36   45   36   28   12   86   26   58   69   67   30   92   87   70   88   99   36   77   32   66   91   31   75   75   38   43   68   94   49   86   10    7   80   97   54   41   62   31    8   34   87   20   33   39   10   91   77   39   49   99   45   75    7   60   95   24   35   22   19   45   92   53   89   25   98   70   60   56   70   36   41   22   88   48   54   94   24   58   54   45   97   75   39   95   11   49   62   82   95   11   45   49   67   90   81   85   61   87   37    1   66   33   24    1   10   84   78   48   43    3   96   14   82   91   96   39   72   23   34   22   74   41   83   38   70    7   90   30    3   76   36   86   79   46   76   16   33   45   86   25   52   29    9    0   79   97   52    5   96   12    1   47   71   40    3    3   78   74   87   99   86    7   34   89   68   61   22   53   50   90   21   57   28   71   78   65    3   63    4   79   21   82   54   13   55   35   80   60   46   51   42   49   22    1   36   63   89   20   45    6   40   80    6   18   64   83   38   82   68   82    4    9   11   11   76   24   97   44   66   68   24   66   50    7   81    0
  27   91   39   53   61   72    3   21   11   87   97   92   68   58   80   88   91   12   82   84   61   22   54   75   24   77   88   63   51    0   91    6   43   27   64   61    5   13   90    7   58    6    6   70   59   75   72   33    6   82   55   59   58   16    1   58   36    9   49   83   86   46   98   84   14   81   42   28   63   96   56   22   92   55    3   79   49   40   14   55   65    1   12   88   53   26   24   74   16   18   99    8   59   66   32   76   27   44   94   18   14   29   23    0   69   55   90   91   17    7   18   96   67   94   62   30   76    0   92   98   41   19   52   85    1   90    5    7   80   90   69   99   47   56   36   30   32   41   81   99   38   64   53   85   48   71   27   36   40   63   35    8   94   74   54   31   55   33   77   84   22   34   93   26   35    9   27   11   64   86   18   54   46   91   50   95   10   25   52   86   76   44   61   68   84   60   63   30   59   14   60   41   73   19    0   10   73   37   36    5    6   17   13   11   68   69   92    8   67   21   92   93   39   35   92   92   63   22   80   45   79   63   35   43   81   13   98    1   22   51   14   22   57   94   46   22   30   16   68   14   87   66   96   41   66   13   82    7   52   79   76   40   42   49   27   25   36   18   16    7   73    0   62   63   21   16   73   78    4    0   72   19   46   67   52   71   20   21   36   12   50   93   46   53   53   11   23   39    0   83   13   35   75   16   41   37   98   90   20   72   59   51   83   98   26   32   82   56   26   48   38   61   80    5   57   83   60    1   80   44   74    6    0   20   11   68   78   76   18   35   74   95   22   82   85   54   25   86   18   63   33   70   68   92   83   90   26   90   20   85   79   90   50   54   15   69    8   39   88   35   93    4    7   74   61   75   86   67   77    9   91   76   59   86   70   88   11   26    0   26   81   95    3   18   61   67   36   50   50   28   40   71   64   31   51   89   64   93   42   86
  21   19   75   97   29   33   87   53   75   86   19   52    2   29   28   27   55   49   35   65   63   63   70    0   10   74   71   36   54   99   44   21   12   82   99   38   29   42    0   73   40   73   16   51    9   21    8   83    5   70   14   93   52   57   79   31    1   86   26    1   49   50    5   65   52   96    1   55   80   54   12   65   69   53   46   38   87   41   68    5   40   41    6   16   57   65    1   48   89   14   56   27   10   10   66   39   63   84    1   90   18   75   95   81   80   99   78   67   32    4   38   24   46   38   10   28   82   24   27   59   64    1   50   27   62   36   61   61   25    9   20   22   26   94   27   22   99   70   30   81   13   73   71   22   20   11   26   93   45   18   44    0   14    3    4   92   25   85   18   10   19   98   98   22   72   53   87   71   89   50    6   53   96   86   12   53   20   27   58   89   55   89   88   15    6    5   78   95   56   23   49   78    7   88   21   65   45    0   20    2   80   38   41   27   29    8    4    7   92   61   51   61    2   68   95   98   55    0   67   42   12   57   77   31   96   85   58    8   47   94   50   73   81   22   49   25   51    0    6   91   76   39   47   26    1   89   25   39   23   47   20   17   79   84    8   21   75   49   62   87   80   71    1   78   96   52   58   41   50   89   22   33   88   37   64   65   50   25   30   56   83   59   42   51   58   57   88   75   48   51    9   45   72   92   87   23   43    6   97   21   52   85   39   25   30   25   78   34   65   72   75   13   46   68   97   12   93    9   91   39   43   97   64   12   60   17   59   51   58   71   83    5   30   22   18   84   11   58   75    1   22   79   44    8   23   64   64   51   99   64   98   62   89   46   70   65   93   79   62   68   42   18    3   88    8   77   95   16   49    2   92    1   42   19   36   63   92    6   26   60   52   62   26    9   70   23   78   70   59   35   91   30    7   61   76   19   83   34    5   19
  97   74   77    0   75   47   42   92   21   67   25   50   71   21   73   55    1   21   84   87   96   87   73   72   58    3   56   98    8   58    8   92   58   68   52   18   68   22   49   15   35   56   96   22   43    4   91   96   55   64   91   53   67   17   65   86   81   65   19   95   10   30   69   71   78    1   56   69   95    5   63   95   89   37   29   91    7   49   63   79   20   48   96   55   99   65   21   90   83   22   89   63   22   68    7   32   90   31   64   11   33   35    5   40   36   47   75   64   83    6   87    1   81   19   57   97   32   99   71   78   19   40   99   95   89   79   68   96   16   50   42   90   32   83    5   70   36   86   74    8    1   56   45   12    6   71   60   20   42   35   94   14    9   59   23    1   32   82   97   50   53   17   26   51    0   70   28   66   23   66   70   64   49   55   88   31   26   47   27   80   51   82   31   80   26   28   12   89   46   41   31   38   70   92   42   64   75   94   26    9   70   35   68   52   32   53   37   77    5   64   83   20   65   78    0   74   60   24   32   17   96    4   39   64   23   87   62   64   91   13   70   92   13   81   45   76    2   88   59   38   15   16   86   66   76   91   23   21   50   51   36   85   53   16   48   35   68   81   31   64   61   12   82   55   78   36   79   97   14   37   48   67   42   47   15   14   69   35   49   91   10   17   47   30   19   48   14   18   70   50   93    7   28   65   81   84   74   89   37   22   91   65   57    1   23   64   45   76   37   48   24   73   25   21   89   29   55   85    0    6   56   69   90   76   23   37   53   51   89   64   40   10   24   73   27   44   31   81    5   31   34   26   58   72   41   68   80   73   92   31   35   96   52   30   45   28   81   37   56    4   11   42   78    9   74   24   51   27   50   18   41   66   27   68   59   39   96   11   34   81   72   84   42   98   40   89   74   57   63   35   58   81   80   57   96   93   48   71   85   25
   4   34    1   81   12   97   82   47    5   43   54   17   24   64   36    5   22   47   61   57    5   21   38   47   73   72   48   62   56   22   33   14   64   71   90   54   68   22   39   32    5   74   43   22   67   60   92   36   22   16   78    3   62   60    4   52   40   70   17   26   77   59   60    2    4   86   13   64   24   66   35   39   90   73   53   18   72   29   57   12   74   64   16   29   19   32   74   54   37   81   84   92   35   82   90   54   13   93    4   45   11   32   74   27   96   27   78   98   94   82   67   15   74   68   58   25   12   17   89   58   40   28   54   81   72    6   57   49   14   76   17   51   93   83   15   11   67   22   51    1   86   85    9   30   82   80   12   13   52   42   28   31    4   61   20   85   67   60   26   98   80   21    9   56    2   23   13   11   58   42   22   17   81   47   16   22   32   40    7   40   47   22   26   45   18   96   88   52   78   21   14   14   19   80    4    6   46   10   33    7   44   30    6   79    5   70   93   89   64   61   69    4   60   22   88    6   88   26   69   92   34   45   75   11   18   53   97   43   60   97   12   80   18   64   39   95   39   26   92   38   76   52   82   91   16    2   43   97   19   66    4   59   75   19   85   46   97   25   64   51   42   73    5   86   99   40   36    5   36   62   57   32   75   85   95   57   14   50   75   10   59   63   77    7   49   75   97   55   52   70   34   17   40   85   86   66   69   39   92   12   21   49   36   15    9   60   79   34   64   92   11   95   49   11   32   26   51   23   57   87    9   37   60   34   49   93   85   10   41   78   96   85   40   40   39    5   71   82   10   16   40   49   67   38   96   98   95   61   88   88   78   61   42   63   61   48   96   52   13   57   69   82   48   81   21   82    1   64   61   18   69   96   60   31   30   90   57   14   53   80   72   98   18   61   35    7   70   37   23   82   15   10   31   91   28   48   39   64   20   33
  31    5   20   14   23   98   56   94   71   93   10   83   25   97   66   33   63   98    6   87   20    4   30   62   19   81   53   72   69   58   41   51   72   13   34   68   12   98    8   76   93   80   81   53   95   53   77   63   40   32   49   81   16   71   11   51   77   38   58   25   25   25   91   73   23    9   33   70   37   10    3   34   67   67    9   63   37   13   41   61   18   81   46   92   43   68   53   96   95   62   45   14   17   82   99   88   92   58    3   51   70   66   51   74   75   17   41   91   73   56   11   15   27   43   65   95   31   74   99    2   71   36    4   43   26    1   75   55   96   91   61   94   51   33    6   45   74   74   17    1   73   11   28   70   16   44   60   13   58   38   10   79    5   47   62    3   50   76   25   20   21   69   60   10   95   71   82   35   55   16   58   68   13   78   13   12    0   93   16   69   45   32   85   23   12   18   66   15   52   74   47   17   54    0   89   22   28   60   67   69   71   54   55   54    6   10   81   81   74   47   40   52   58    6   85   48   43   86   72   71   68   28   81   19   78   97   85   89   43   26   93   88   11   99   31   87   57   73   85   21   42   25   16   52   53   53   21   38   88   26   78    9   90    8   43   66   44   57   66   95   14   33   43   69   50    0   46   80   86   25   66   94   13    0   35    4   36   92   40   94   53   14   49    2   38   95   58   52   77   66   27   63   50   12   92   36   38   15   57   76   99   23   29   74   44   66   19   23   57   93   32   24   58   54   83   30   72   89   83   10   87   18   43   90   51   84   68   74   80   98   50   10   18   14   16    5   18   46   69   64   61   53   18    1   53   86   26   54   32   13   32   21   12   44    9   48   59   66   75   41   37   86   69   73   90   66   31   88   17   90   90   78   47   24   80   20   85   15   30   24   69   96   18   67   15   30    3   56   62   44   99   56   58   41   29   66   34   87   19   89
  43   84   52   30   60   99   84   77   51   81   96   51   35   59   11   83   90   14   92   44   13   68   89   39   91   86   58   66   98   82   20   82   68   59   80   78   34   87   75   99   10   75   53   58    2   68   83   57   44   22   36    9   51   99    3   96   30   30   40   68   83   43   48   11   29   87   85   34   63   77   49   96   42   73   23   27   92   23   82   71   74   35   15   80   78   93   49   72   12   85   21   98   18   86   96   59   53   14   59   32   60   30   89   30   64   72   69   19   84   98   53   69   68   17   63   43   95   29   67   12   11   47   86   49   23   78   63   25   93   66   70   59   23   44   75   94   51   94   18   58   48    9   53   92   96   39   43   83   49   71   55   11   53   82   32   32   30   85   99   76   77   50   65    4   42   91   15   91   83   97    9   92   63   47   79   85   18   57   20   73   55   10   92   70   41   14   33   25   67   27   50   25    4    9   30   46   35   78   69   74   27   23   48   37   24   62   91   59   50    7   99   14   29   56   89    3   84   93   35   22   96   38    7   75   20   37   57   31   28    1   25    3   41   17   44    2   13   93   40   88   22   95   47   92   20   89   49   61   34   72    5   33   47    5   42   35   64   70   94   58    3   55   25   82   26   27   96   17   85   70   14   44   29   92   32   43   26   31   48   77   19   27   34   67   18   53   70   73    0   88   52   26   58   74   32   79   34   77   43   43   21   18   24   90   15   59   37   16   58   68   20   57   40   76   98   84   33   51   55   12   28   69   17   38    1   36   13    8   95   81   23   13   67   62    6   11   93    9   70    4   37   65   47   96    9   41   61   81   45   78   85   39   19   32   76   79   45   98   46   74   49   90   97   50    2   74   70   98   34   55   34   28   56   72   89   55   52   15   46   91   15   45    5    7   73   54   73   44   60   80   25   46    3    5   51   50   61   17   42   42
  14   81   45   16   52   15   68   63   57   44   89    0    9   43   64   94   31   47   23   11    8   69   23   46   76   76   89   19   70   95   72    0   31   88   33    6   75   30   22   34   22   85   90   66   65    9   73    1   33   12   53   59   16   31   24   98   13   79   26   12   19    2   21   37   60   69   95   45    4    2   84   21   14   28   42   75   49   15   19   30   48   54   87   57   86   10   31    3   39   71   93   39   40    0   34   86   76    2   40   35   89   92   54   34   92   64   61   99   43   10   83   39   21   37   69    9   30   33   96   37   17   96   49    8   59   85   91   42   78    0   76   34   67   17   58   36   11   77   82   88   30   14   28   83   81   65   32    0   24   46   68   79   28   64   90    8   39   69   48   23   11   89    9   82   30   21   79   95    4   75   88   62   10   81   89    4   29    7   82   71   18   12   74   68   10   48   34   16   36    1   59   30    0    7   71   43   52   55   62   90    6   97   56   14   81    2   89   12   46   96   94   25   75   38   44   20   70   53   15   27   11   82   65   47   22   46    2   13   35   76   89   89   98   13   21   80   89   17   94   52   42   63   45   62   50   15   64   62   44   72   14   80   94   67   22   12   85   17   15   16   14   98   92   37   89   76   77   55   82   31   30    0   67   90   73   78   18   93    9   46   27   61   62   78   87   79   23   52   53    7   61   16   16   91   28    7   97    0   87   74   31    0   72   18   97   21    7   69   63    5   57   12   59   18   99   63   32   22   44   84   23   38   61   48   32   37   69   40   28   45   23   28   92   49   81   39   93   21   99   88   48   11   11    6   22   17   13   48   52   29   66   97   48   99   55   66   32   66   44   85   31   10   73   98   54   66    2   62   91   76   72   14   76   11   46   76   50   13   55   71    1   85   52   26   38   59   30   47   34   78   61   62   62   77   86   74   81   63   37   35
  80   54   67   86   35   84   16   54   67   10   86    6   68   26   61   97   44    1   33   87   63   97   59   17   81   34   11   93    9   14   79   80   95   63   94   86    2   35    7   11   64   61   66   72    1   14   51   23   24   44   19   56   18   39   74   59    8   56    8    7   68   30    3   38   39   54   31   83    5   79   51   80   62   58   21   57   80   81   20   19    0   15   41    9   54   96   15   86   15   64   92   16   51    0   19   63   92   71   12   71   56   55   12    3   35   45   34   17    1   32   86   92   69   38   60   91   18   28   22   26   51   79    8   29   81   24   40   66   81   21   82   83   16   69   49   32   59   46   71   64   89   70   71   12   73   22   89   98   22   23   19   16   27   38   74   75   43   10   96   34   16    6   70   18   89   96    5   51   74   95    9   83   39   98   86   28   67   52   96   51   62   52   82    3   94   60   31   70   47   89   23   79   23   37   27   27    2   58   19   93   81    8   10   37   70   60   17   12   97   73   72   75   83   56    9   12   27   83    9    6   95   98   84   53   62   50   58   34   72   54   21   87   24   39   14   37   66   88    0   27    9   36   21    6   54   20   47   20   73   82   74   97   77    9   25   30   66   14   12   72   32   44   56   38   51   80   28   63   44   49   58   12   37   37   41    3   27   26   93   91   30   30   20   61   16   77   90   33   48   14   12   20   85   54   33    5   17   11    2   96   81   56   92   23   76   27   37   99    7   52   27   11   15   20   86   76   90   67   24   46   85   31   25   72   40   23   99   37   41   89   88   28   75   49   80   16   24    1   46   41   55   15   59   78   82   11   76   89   24   68   93    5   81   30   93   21   42   99   60   37   64   10   19   77   10   26   14   22   29   11   34   84   69   39   42   98   46   31   54   11   42   25   73   15   16   32   53   76   74   81   46   68   39   78   78   44   13   20   59   34
   5   62   79   92   21   19   16   65   37   94   72   18   14    5   17   42    0    7   77   56   46   59   94   88   77   18   68   81   84   26   28   77   77   33   47   99   47   69   74   98   81   82   58   69   68   85   20   55   73   28    7   62   36   12    7   36   58   86   93   59    6   83   28   91    3   10   45   40   53   32    8   68   18   33   80   56   21   80   24   56   93   45    1   18   92   68   86   27   86   62   69   49   38   95    2    9   74   28   23   44   59   52   34   18   60   43   14   92   61   84   43   20   27   27    3    8   42    7   51   24   88   18   33   74   26   85   21   73   45   44   44   59   67   97    4   44   61   24   46    2   67   36   88    7   63   27   37   93    5   70   97   38   51   18    6   36   80   98    3   97   59   42   23   77   24   13   88   57   42   21   95    4   82   61    1   41   41   79   96   41   46    0   61   30    8   83   59   61   16   34   52   26   69   63   26   22   39   74   86    3   22   90   56    0   79   46   38   71   36   69   69   34   61   54   55   49   15   86   27    4   16   75   63   38   61   69   96   89   23   96   82   25   69    1   70    2   74   59   43   44    1   78   36   86   90   17   89    9   35   80   50   82   51   34   98   23   17    2   55   53   87   63   87   59   17   45   87    9   55   53   23   36   53   70   23   98   93   60    0   50   35   30   52   15   34   17   56   12   27   64    3   88   92   24   12   31   38   80   88   87   58   51   57   48   18   12   18   81   93   26   70   56   54   75    1   79   82   48   62   21    7   24   42   19   11   51   52   49   54   76   38   37   85   59   67   33   62   39   88   58   53   71   30   63    4   62   56   88   81    4   42    1   68   69   29   21    0   80   63   68    5   49   99   41   29   21   69   38   41   20   54   36   22   27   66   97   59   62   56   67    7    7   44   61   66   61   86   35   94   67    1    3    8   82    6   32   71   36   61   65
  82   34   30   48   26   97   25   34   76   42   89   13   41   95   19   69    4   44    8   55   55   72   82   36   15   91   13    9   86   80   99   28   44    0   90   78    2    8   52   40   78   90   34   76   63   48   32   35   72   24   55    4   97   38    6   48   67   22   57   30   42   60   35   44   12   96   42    9   94   53    2   47   14   78   50   91   38   33   39   80    2   87   33   55   56   77   28    9   55   87   25   96   29   83    2   11   86    0   35   34   49   27   44   57   43    0   63   53   64   90   19   51   68    4   27   48   52   66   89   30   14   91    2   95   68   70   82   55    2   38   63   49   77   37   61   58   39   21   59   11   39   97   83   26   86   59   30   70   85   58   66   71   63   25   32   88   92   39   41   56    9   17   25   40   79   67   98   59   68   44   76   13    4   20   40   94   30   79   82   42   47   90   81   18   36    7   44   99   28   52   13   94   94   54   79   48   42   72   77   47    6   46   81   54   63   21    2   42   24   71   69   47   60   65   10   97   44   66   86   49   88   91   30   80   34   40   19   70   88   50   64   61   31   63   98   52   18   43   60   30   51   29   70   91   42   34    7   53   67    1   64   82   63   97   15   31   13   74   52   82   42   80   76   79   39   38   38   21   87   53   99   86   91   51   36   93   44   12   43   29   40   86   85   97   31   62   56   54   58   49   78    9   82   74   71    7   20   29    9    3    4   96   24   52   23   72   43   38   41   48   59   96   90   82   16   15   48   18   76   74   69    2   25   37   54   77   63    7   96   35   23   93   15   11   34   23    8   12   41   13    0   18   73   93   26   69    2   84   44    1   27   14   21   85   85   20   99    8    2   32   38   35   65   60   48   43   68   25   15   47   52   46   91   34   83   72   35   34   62   43   16   26   70   46   18   33   35   41   42   37   32   56    9   87   32   78   92   66   47   66
  75   39   57   99   59   32   71    8   89   81   45   74   72    7   47   54   75    2   68   82   84   14   44   22   79   69   29   71   85   32   94   62   37    2   13   99   17   26   50   81   28   27   12   17   17   15   69   98   96   16   36   52   64   54   96   56    4   56   11   77   78    6   96   54    9   44   59   14   82   94   82   18   67   62   20   38   67   74   24   90   39   11   90   83   45   34   50   13   53   59   67   88   75   55   61   65    0   33   18    0   96    5   77   60   64   80   73   95   70   54   50    6   11    7   59   40   62   56   38   25   89   43   87   89   70   79   28   94   27   73   88    2   26   38   22   43   79   42   17   21   61   56   20   10   87   77   71   23   15   15   33   43   14    7   53   61   58   66   37   26   48    3    5   24   33   68   81   18   93    4   12   78   48   39   83   67   21   88   46   39   15   40   46   90   23   61   86   10   56   66   68   13   69   31   74   21   70   81    9   67   63   71   76   10   28   67   45   31   19   80   94   25   25   98   32   35   33   23    4   31   85   91   17   98   61   73   17   85   55    0    6   76   15   29   84   18   99   31   38   62   72   32   20   89   97   30   42   75   31   99    0   87   10   59   54   92   37   79   87    8    2   91   90    0   69    3   89   73   16   65   10   94   53   30   52   71   13   12    0   25   34   24   79   93   96   77   87   86   37   39   37   73   86   99   36   38   62   11   18   96   67   53   61   69   76   27   42   80   40   90   93   61   73   80    7   76   74   95    3    5   91   12   98   49   15   74    4   28   34   75   60    5   26   28   56   77    7   53   21   46   64   50   40   40    9   10   15   25   88   48   94   75   36   17   35    7   55   82   94   46   81   50   96   98   36    9   80   47   44   33   14   84   59   15   96   95   81   93   12   36   79    8    7   82   21   18   55   83   65   94   15   49   79   10   45   57   17   41   17   54
  49   51   47   71   25   23    2   85   43   26   92   95   70   52   53   60   44   29   37   50   47   94   81   17   38   50   96   63   28   44   89   12    7   44   75   75   32   55   57   95   27   99   58   43   95   77    2   84   22   89   16   10   30   49   77   12   54   49   34   86   84   44   20   72   42    4   80    1   88   21   48   33   24   77   76   43   52   66   89   11    5   45   52    4    4   32   80    0   66    4   67   24   86   74   17   42   37   87   94    8   84   73   21   40   69   43   62   48   96   43   22   81   73   30   63   28   19   75   76   56   38   65   73   11   97   38   39   89   91   62    9   44   53   86   25   61   28   96   24   50   87   12   71   42   94   62   44   98   33   29   92   33   37   75   37   62   50   59   75   31    4   19   83    7   61   42   38   20   84   77   95   21   55   21   74   64   89   63   95    5   36   82   38   15   99   14   25   34   43   16   38   64   95   24   45    0    6   73   47   83   63   80   81    3   36   28   87   97   93   71   70   85   38   31   25    2   49    2   56   86    5   58   86   82   59   79   34   54   77   71   95   90   93   87   15    3   90   67   82   98   31   71   99   79   99   12   79   86   46   26   20   39   42   62   20   24   28   57   37   96   80   52   13   39   35   92   92   70    4   71   62   25   83   44   98   18   95   45   29    4   92   37   59   50   68    5   58   25   89   49   70    8   15   65    4   10   74   71   72    1   71   23   73   32   70    8   16   14   85   34   47   44   26   53    6   90   94   55   46   65   12   76   27   63    0   82   25   71   88   89   49   75    6    0   98   18   32   84   48   85   25   48   63   23   81   17   48   92   92   64   88   79   85   70   99    9   81   14   29   85   95   61   25    8   26   59   49   14   41   96   69   65   84   32   68   31    7   89   26   68   93   60   20   41   19   56   28   93   19   89   16   19   41   44   97   47   30   70   54    2
  23   27   53   33   22    6   55   60   74   35   59   98   86   48   25   43   82   69   23   88   84   53   82   43   71   82    7   43   19   45   95   36   62   77   76    6   36    5   16   29   28    2   44   17   83   39   42   11   12   81   48   99   60   17   92   66   27   76   28   53   51   80   54   51   83   58   65   11   73   63    1   13   98   39   80    1   90   44   24   51   51   62   37   86   50   60    5   56   86   46   18   46    8   87   95   12   56   34   46   51   96   61   39   47   95   71   68   98   80   85    8   87   42    5   89   33   21   76   44   61    8   17   97    1   44   37   50   55   93   12   71   68   91   47    8   90   88    5   30   72   41   64   67   25   66   15   24   87   77   36   58    2   56   91   42   35   84   34   83   30   56   80    5   58    9   92   98   93   55   87   60   35   55   77    2   93   23   37   10   14   15   49   13   95   58   94   34   63   53   48   31   32   64   22   94   77    6   43   39   16   14   68   60   94   67   34   46   69   43   23   77    5   42   50   15   70   28    2   64   96   23   72   89   54   13   96   47   40   80   41   26   15   81   63   63   57   96   34   64   29   20   76   78   22   92   22   26   24   75   69   31   40   95   80   87   81   40   88   15    9   34   50   39   50   22   12   36   21   14   43   92   68    7   80   57   26   77   36   73   77   78   89   34   81   52   91    3   68   16   58   62   62   37   90    7   39   94   10    2   47   24   99   50   74    9   63   33   53   47   17    7   21   39   24   74   53   78   51   64   29   10   55   11   49   43   92   71   75   93   13   16   98   83   53   10   94   70   93   78   96   96   53   16   78   96   88   79   85   95   72   18   90   81   58   87   47    5   34   26   34   47   14   95   77   35   68   68    6   41   65   65   66   50   13   13   79   37   73   40   33   33   38    8   61   98   50   36   32   51   68   58   81   71   16   48   85   52   78    6   19
  17   11   26   25   89   91   69   10   65   80   43   78   37   64   68   11   46   68   26   21   77   55   20   90   99   10   53   75   75   98   98   57    0   84   98   33   66   20   72   48   88   79   45   65   20   62   46   20   97   75   40   44   23   48   97   62   57   42   67   21   97   77    3   42   83   67   63   94   23   71   54   46   25   59   54   31   25   62    2   40    9   62   51   59    4   48   54   96   79   83   45   34   13   22   24   92   78   14   40   27   96   99   49   47   80   90   56   57   22   58   28   12   95    2   28   21   30   68   96   95   25   86   65   16   83   51   98   76   31   46   31   19   98   56   96   96   19   35   36   62   72   63   47   36   74   61   87   82   34   29   97   48   90   10   15   70   69   28   22   56   46   43   26   74   88   28   65   93   90   70   41   66   95   43   90   10   46   17   68   27   78    6   48   64   67    4   37   44   34   83   45   13   45   89   52   39   70   65   34   60    9   38   33   43   98   16   29   97   86   25   29   40   62   13    8    7   90    2   92   41   36    3    0   47   57   66   87   26   34    7   38   56   97   74   43   56   76    4   14   83   74   39   98    7   30   80    2   88   37   66   56   97   66   44   62   92   40   20   61   64   64   34    1    0   80   43   74   45   88    0   32   83   11   65   93    0   62    6   16    1   34   13   98   18   48   27   92   29   49   47    0   48   49   93   75   15   46   77   90   61   79   59   69   93   67   98   89   85   27   58   78   29   41   86   71   16   18   33   20   90   34    1   49   12   35   22   69   96   66   64   64   66   59   82   76   92   90   45    2   30   44    1   20   21   57    3    4   80   38    9   41   92   86   46   71   31    4   21    1   90   67   32   57   10   68    8   82   65   59   71   99    4   24   71    4   55   32   62   33   32   47   66   11   19   10   22   44   50   22   72   73   15   93   69   14   56   71   17    5   83
  29   23   24   48   46   53   18   30   29   88   65    3   64   17   10   93   10   76    4   47    2   67   25   59   66    3   44   49   32   35   58   38    6   59   78   18   39   28   40   13   85   10   34   69   65   33    6   17   25   37   25   59   30   32   63   41    7   84    5   92   65   78   25   58    8   34   98   93   67   88   55   68   70   47   42   14   88   27   39   12   61    1   29   17    8   26   78    8   12   15   46   70   12   65   11   60   85   55   19   24   59   18    7   14   47   59   77   12   87   56    2   65   43   49   42   11   53    1   84   84    6   73   62   79   17   25   59   62    5   37    5   48   32   49   85   42   77   24   60   28   18   12   12   54   80   98   32   41   65   73    7   25   64   94   10   36   14   34   52   28   19   26   18   15   55   95   51   40   68   79   87   77   24   29   64   17   97    5   18   85   81   62   96   61   41   15   73   12   34   76    0   53   55   62   69   43   28   80   53   65   32   68   19   74   31   72   13   13   57   99   76   22   77   74   75   51    2   58   92   63    8   23   70   94   30   91   91   97    7   52   45   98    6   56   32    6    8   76   13   75   95   53   13   32   63   67   99   68   27   18   38   84   30   47   99   34   81   17   87   51   18   95   28   24   73   32   77   34   70   84   58   90   85   46   55   59   11   24   86   85   93   68   12   74   26   39   16   97   73   47   14   70   79   16   27   78   10    4   97   85   90   25   92    3   96   85   80   91   80   79   73   85    3   75   74   43   67   98   18   83   92   25   85    2    0   38    3   72   11   65   75   17   59   16    6   99   76    9    6    1   67   54   73   21   16   90   36   79   84   68   76    2   95   33    2   76   14   31   97   60   88    6   19   62   91   62   13   53    4   51   64    6   40   30   81   59    2    0   51   78   93   12   41    8   44   44   73   94   85    6   85   51   66   82   92   16   34   25   44   66
  52   53   29   66   85   42   24   51    3   89   98   89   16   16    4   83    6    4   87   75   33   45   29   77   88   71    9   76   58   71   54   95   90   45   12   64   25   85   18   72   47   77   99   95   57   94   96   69   39   82   49   90   91    8   35   55   92   39   77   11   38   35   75   54   21   12   94    5    4   55   18   13   82   33   58   30   29    3   87    1   62   11   58   33   78   94   93   45   43   94   85   19   43   16   23   35   46   18   22   89   13   97   49   44   51   35   78    1   26   27   78   22   23   32    5   31   67   91   52   41   38   86   61   77   34   75    4   48   50    0    6   11   88   37   98   99   65    2   80   54   95   35   39   67   40   96   49   66   34   13   66   19   55   73   65   46   77   62   52   18   92   17   15   96   48   24   20   32   52   32   58   27    5   93   12    4   10   25   70    5    9   60   86    9   66   29   43   95   28   13   34   55   57   16   22    8   98   10   97   90   64   27   87   71   50   35   48   15   89   21   83   71    4   30   84   28   33   82   34   20   58   36   42   87   34   42   97   16   10   85   31   25   68   24   13   82   17   49   65   76    8   44   57   62   22   34   17   34   30   37   93   58   74   47   44    3   41   13   53   18   57   73   77   43   23   16   56   48   36   72    8   60   39    5   66   36   73   97   92   89    3    7    1   42   57   62   67   15   26   18   54   33   46   58   71   59   99   36   80   94   97   16    3   86   69   67   76   73   21   57   56   90   38   34   41   72    7   76   30    0   67   13   35    4   99   60   38   18   60   48   86   55   11   58   96   83   75   72   47   42   36   82   49   87   18   44   88   33   28   40   39    6   97   85   61   40    5   88   58    1   16   43   56   74   71   11   41    3   88    3   61   64   21   26   93   74   13   37   94   18   71   61   49   39   26   47   37   36   47   81   72    2   40    8   70    3   95   42   81   78
  98   75   70   57    1   28   25   77   37   65   21    2   99   88    8    7   74   23   30   25   92   43   57   84   13   10   31   29   51   68   36   37   80   91   25   74   36   71   29   52   15   72   13   24   79   58   86   29   97   53   41   32   20   90   59   72   27   32   93   76   21   76   15   20   48   40   55   97   30   45   25   61    3   70   87    7   64   11   76   86   32   60   98   18    5   78   93   71   66   24   45   63   83   97   22   70   86    5   90   80   58   61   85   47   16   42   67   93    2   43   54    4   46   48   49   31   27    4   37   38   78    7   66   51   87   27   89   68   63   22   28   81   92   99   89   16   94   72   63   80   73   55   38   50   64   14   49   78   35   24   95   25   76   12   28   21   40   65   99   91   99   84   36   89   97   40   67   18   80   29   91   66   19   55   58   55   80   79   58   79   37   60   29   58   91   63   67   62   23   31   98   71   62   92   93   19    0   13   97   28   75   43   63   75   60   99   14   34   76   71   12   88   63    2   45   45   82   56   20    0   10   93   24   68   27   48   93   95   38   76   63   79   53   73   53   74   79   84   44   52    6    9   98   48   13   70   26   72   99   33   37   94   28   88    3   45   51    6   59   92   64   53   77   72   68   83   22   76   50   20   39   77   34   67   29   83   73   52   57   98   13   89    1   12   97   25   72   44   14   20   92   66   39   26   49   40   76   37    8   85   77   62   99   71   66   93   44   64   55    1    1   91   73   89   51   92   17   34   85    3   85   52   10   76   43   87   10    4   66   52   22   14   70   97    1   42   99   25   73   78   94   93   53   99   41   52   92   22   51   22   99   90   69   28   39   60   68   38   23   10   58    6   46   95   58   12   71   75    7   95   36   92   89   30   94   41   55   69   99   69   90   20   27    9   90   11   11   25   26   71   29    8   35   76   73   11   79   24   50   53
  58   19   28   97    8   10   18   48   18   57   60   98    3   82   76   40   51   28   59   60   13    3   43   25   74   23   61   61   62   75   63   74   83   30   14   18   74   84   75   27   18   83   19   53    2    9    9   22   78    3   33   20   24   24    7   13   55   57   15    9    8   86    7   65   60   11   31   10   73   75   27    0   60   50   16   95   15   71   27   25   81   69   18   96   88    6   30   45   42   59   87   43    1    7   30   16   87   76   37   14   90   57   76   94   32   86   44   69   96    8   16   28   51   65   54   23   72   62   51   41   57   49   53   12   79   93   82   94   42   68   27   43   83   66   68   65   54   55   76   38   11   81   89   84   68   20   72   42   16    2   31   57   85   44   55   69   81    0   53   20   31   76   34   38   76   53   58   41    3    5   32    5   27   96   85    7   92   74   56   14   58   25   51   26   72   51   65   81   85   62   18   40   26   24   77   43   93   99   45   29   13   15   57   57   12   10    9   45   60    1   11    3   26    1   23   20   97   52   22   11   69   84   55   52   18   28   43    4    8   46   14    1   72   65   48   85   79   10   59   12   97   59   92   48   53   34   57    9   19   60   17   15   65   48    6   56   49   82   25   89   37   71   32   93   22   85   36   25   31   66   49   92   48   97    5   35   12   11   65   47   13   87   62   60    7   57   61    5   54   51    0   64   36   35   40   47   66   11   18   67   72   90   44   45   28   40   20   17   53   27   34   91   71   95   38   78   21   30   40   32   63   46   73   66   76   63   28   52   91    5   66   19   27   96   41   91   11   85   25   30   90   54   55   58   76   52   15    9   46   76   35   64    8   80   38   19   82   34   98   80   57    3   92   31   70   68   57    9   52   81   66   78   78    8   35   51   98   76   56   68   17   65   51    5   78   91   54   51    3   75   38   67   68    9   82   88   25   99   15    8
   9   18   79   36   59   50    7   61   97   67   53   56   97   11   31   58   58   38   79    4   51   18   54   39   72   24   56   79   35   51   65   25   14   28   58   52   40   36   53   64   82   70   84   33   24   63    1   77   49    8   75   57   26   79   13   73   91   94   86   21   73   45   85   52   32   15   30   20   92   71   96   82   51   10   13   23   72   71   78    2   78   32   49   83   33   76   28   38   39   19   81   56   37   30   96   54   52   15   39   19    4   67   39   58    9   41   80   90   64   44   95   18   49   83   73   94   55   85   30   76   41   93   19   27   85   15   64   74   98   84   94   98   90   43   55   34   33   67   18   17   72    0    6   52   70   63   43   50   96   19   30   63   33   24   42   41   65   30   51   13   79   84   41   60   73   64   92   96   55    4   20   22   66   20   53   84   87   62   47   39   15   18   75   84   45   84   47   48   88   91   64   57   85   53   44   22   95    7    1   46    6   54   61   55   93   76   52   53   59   86   46   16    3   71   32   49   86   89   59   44   30   74   65   43   57   83   30   73   48   70   61   41    1    1    6   83   47   61   33   60    3   22   96   30   71   85   49   97   56   31   60   96   55   44   49    7   45   66   95   34   86    2   16   28   76   16   52   70   69   85   50   92   46   57   42   34   68   52   68   30   68   43   16   98    7   88   80   33   51    3   68   21   82   72   70    5   39   41   88   40   30   59   98   46   66   12   43    4   28   33   76   58   43   91   23   67   15   87   35   23   47   20   77   63   77    5   30   95   64   82   23   59   18   52   16   37   69   29   57   29    2   45   75   37   34   51   47   32   81   95   57   30   44   26   57   70    0    9   71   77   87   96   72   40   40   32   47   72   11   23   89   26   95   97   81   48   97   27   70   22   57   73   60   73   73   14   10   51   20   97    9   69   43   80   90   56   69   11   29    9
  20   66   83   75   73   84   94   76   91   99   91   31    4   70   74    3   79   17   40   11   44   29   54   45   74   31    2   66   33    4    1   89   31   87   87   96   62   92   88   97   30   47   67   90   51   27   62   49   55   14   28   71   18   91    6   67   24   46    5   95   70   18   75   99   60   10   11   35   63   15   21   53   39   43   22   82    8   63   77   80   49   19   78   32   29   12   29   18   61   17   45   49   40   51   58   58    6   23    6   64   65   78   61   68   10   24   12   29   72   30   45   14   41   82   42   94   93   10    3   36   31   80   39   21   41   43   62    1   87   99   32   33   87   55   58   24   53   20   99   59   56   58   33   80   76   46   55   11   88   58   53   67   56    0   57   55   90   64   95   41   56   78   76   26   27   13   51   88   78   24   76   44    3   52   33   40   96   36   25   57   54   82   28   32   38   41   59   59   97   16   16   66   45   66   19   32   27   49   19   50   79    8   67    0   98   19   87   97   16   50   25   60   16   16   61    4   73   51   31    2   59   95   98   77   61   75   92   58   14   70   76   52   70    9   26   61    8   83    0   50   62   73   59   19   75   75   10   43   53   56   20   21   26   80   16   47   54   34   41   11   47   97   64    7   12   35   75   19   62   71    2   20   32   63   66   62   39   56    8   13   65   10   46   58    5   44   13   34   66   22    1   27   19   31   10   53   21   42   76   50   33   37   70   92   55    5   20    7   31   49   52   32   84   76    5   42   22   35   13   87   99   52   12   95   22    8   96   34   13   24   16   49   11   12    5   95   42   57   72    1   83   22   98   21   89    3   86   66   80    2    8   54   20   40   74    7   34   72   84   18   66   82    9    1   76   82   40    9   53   89   16   28   47   85   30   27   17   92   52   46    1   29    4    7   35   40   11   30   93   34   26   98   96   14   64   37   92   13   59   85
  91   24   40   84   28   16   70   74    6   71   97   28   76   77   87   91   34    5   29    7   90   56   65    6    4   13   40   42   11   47   98   82   89    9   45   58   43   10   38   27   37   77   33   70   85   35   99   94    2   36   61   52   75   88   75   53   15   23   11    4   53   48   49   23   19    1   59   57   94   15   43   60   89   89   90   24   63   96   42   34   63    2   16   36   40   72   46   36   48   21    2   18    4   20    6   78   37   15   50   64   90   59   42   57   41   60   28   24   54   52   70   20   38   13   89   71    7   46    4   49   73    0   29   85   14    2   81   19   18   62   80   45   63   51   60   77   11   55   88   59    9   77    7   85   80   77   25   14   80   26   54   43   24   93   21   38   80   23   35   98   35   83   76   67   25   25   78   73   56   89    9   94   56   72   16   57   36   98   33   79   93   28   88   85   67   77   17   73   57   63   67   93   53   42   84   81   73   90   17   65   81   22   73   86   91   90   23   69   13   98   57   34    1   37   11   97   36   92   30   44   33    8   68    4   42   17   14   11   17   68   11    6   87   79   38    8   49   32   56   34   80   27   60   67   86   57   77   45   69   19   39   40   85   73   98   57   41    5   95   97   50    8   99    0   29   18   10   93   53   41   62   64   94   23   15   45    9   61   88   94   56   38   15   37   15    9   23   79   91   95   64    0   37   83   95   18   54   93    7   55   34   85   89   60   28   69   81   90   40   26   11   51    5   88   75   75    5    8   76   22   27   63   37   18   79   27   10   27   76   21   14   69   67   28   97   85    9   99    6   38    2   88   64   50   81   65   65   94   47   58   40   98   75   23   47   98   69   17   45   91   78   69    4   92   51   75    9   30   25   16   22   99   70   73   77   85   35   60   82    1   59   88   67   69   99   87   69   30   94   43   97   86   14   86   61   78   76   39   15   79
  57   47   86    8    8   37   34   67   93   70   77   51   60   88   29   52   61   80    1   91   76   18    7   14   87   85   22   46   16   10   42    1   97   65   91   71   95    3    4   88   55   75   72   69   25   84   93   94   29   96   69   78   16   21    3   92   34   37    3   45   34    6   45   70    8   10   75   93   44   32   66   50   50   79   59   41   15    1   72   26   40   41   14   78   92   64   31   67   44    2   97   95   18    8   35   46   74   11    8   22   75   25   98    0   66   64   35   54   74   49   69   44   99   84   88   30    4   17   55   83   77   83   18   75    7   12   59    5   77   55   46   19   42   68   95   81   81   14   78   45    9   57   39   44   63   93   56   94   53   84   18    6   93   95   79   76   41   68   18   39    2   99   36    9    8   91   10   93   89   58   83   68   90   25   68    8   89   30   46   82   20   33   99   72    4    0   77   87   35   78   78   57   35   54   85   83   47   10   33   39   76   94   33   33   19   91   47   33   45   79   60   92    0    5   69   42   42    5   51   27   92   92   35   69   31   56   58   51   75   63   61   85   12   83   29   95   87   16   48    8   25   78   56   98   26    6   95   34   55   26   81   16   79   24   58    9   23   77   45   95   33    6   27   75   55   60   10   41    5   34   72   69    0    5    0    6   67   71   33   72    3   16   99   38   26   78    7    4   21   42   79   50   89   67   96   62   68   11    0   51   28   85   24   71    1   28   13   24   83   63   24   41   79   16   35    0   23   89   74   84    0   87   52   50   62   19   72   49    9   42   18   65   98   99   79   20   32   73   72   46   28   77   63   15    1   44   40   33   15   44   30   91   21   54   21   54   15    6   47   48   50   67   25   30   28   94   22   81   32   98   42   35   97   52    9   62   16   41   89   22   25   31   66   64   11   16   79   23   75   70    4   11   75    6   81   45   33   55   98   30
  57   18   85   74   31   84   49   95   86   40   21    9   77   74   31   97   67   28   67   27   93   16   58    3   36   85   11   60   45    3   89   18   51   10   31   16   64   13   16   34   78   69   37   26   55   37   67   12   34    8   70   38    0   46   61   73   17   17   64   34   44   56   44   73   21   75    9   83   17   88   50   55   78    5   57   54    5    8   30   65   53   22   93   44   15   56   88   89   60    2   95   26   93   11   77   70   78   51   86   36   34   16    6   80   97   71   33   12    6   47   18   79   15    7   62   64   50   63   81   46   33   54   14   96   34   91   24   35   90   40   20    3   63   31   39   24   20   98   12   83   95   31   77   32   84   66   64   48   15   96   68    1   58   73   57   60    1   59   28   84   95   82   41   21   96   81   40   45   64   22   91   97   25   52   32   59   47   94   57   69   29   30    2   19    9   91   43   37   60   53   94   51   14   46   82   66   55   32   93   13   24   10   63   69   64   93   78   14   39   11   29   27   57   37   53   81   89   72   96   41   92   51   75   95   74   60   27   36   29   51   58   87    4   18   91   43   87   45   48   10   58   86   65   49   68   21   31   49    1    7   79   22   67    3   24    6   40   48   10   79   17   27   86   73   98   28    4   73   53   82   94    5   78   77   51   80   93   89   55   19   99   84   20   23    1   58   26   16   78   73    7   25   77   15   61   47   46   17   70    2   26   51   90   76   38   68    1   27    7   26    5   63   57   77   40   87   57   33   40   37   97   18   76   89   12   52   70   50   19   60   79   72   92   76   41   86   53    9   95   95    1   12   70   34   65   23   25   30    3   12   64    2   54   59   10   23   29    6   43   67   72   10   64   86   21   92   54   50   86    5   93   67    1   92    6    1   74   42   89    9   86    3   92   96   57   67   78    2   14   12   36   21   37   43   16   24   57   33   70   34
  94   87   73   54   95   28   19   42   92   61    4    0   69   43    6    7   10   44   51   70   12   99   70   89   77   38   24    0   12   82    5   25   40   60   35   29    7   50   66   24   37   85   17   91   16   98   28   58   75   10   72   23   57   39   24   72   70   13    8   41   22   31   19   95    2   64   76   29   33   26   56   95   88   64   21   61   43   12   37   25   50    7   66   21   84    4   76   99   45    4   59   38   91   41   20   56   12    7   10   38   80   54   58   28   15   95   17   56   45   25   51   37   91   99   46   77   19   24   95   73   63   50   99   21    2   10   56   44    4   87    6    8   31   19   71   35   64   34   84   94   48   16   91   27   19   85   18   71    3   23   30    7   34   29   35   27   59   47   37   97   47   52   89   83   39   16   52   45   20   16   19   53   71   62   42    3   77   85    1   50   27   79   55   27   77    6    7   12   97   17   17   84   73   10   66   45   57   41   20   93   29   37   83   10   79   78   71   18   31   25    7   66   61   11   59   15   36   80   33   37   40    5   56   94   40   91   76   67    4   57   91    5   50   32   72   19   72    9   89   69   65   98   29   29   24   31   10   58   59   15   74   73   23   57   35   97   49   68   10   49   81    1   19   70   80   51   36    4   30   26   47   41   36   70   13   74   21   88   81    1    9   56    1   82   29   84   78   67   17   96   97   88   68   32   70   73   82   22   91   59   24   21    9   50   11   57   15   98   24   14   33   44   54   83   82   87   36   18   49    2   79    1   54   88   89   37   13   77   35    7   51   14   66   23   49   82   98    2   62   65    4   39    0   70   68   89   53   87   32   41   55   31   80   23   24   56   69   22   70   95   45   86   41   24   69    6   19   85   69   19   93   67   80   15   30   46   85   60    4   86   67   68   18    3   36   35   17   47   37    3   92   45   65   73   41    0   82   26   33   67
   0   14    0   20   61   37   72   24   26   16   18   35   64   84   49   63   68   33   16   41   86   18   42   66   97   83   97   99   99    9   17   84   44   88   12   60   41   44   30    8   39   17   93   88   87   46   17   57   28   27   98   49    9   96   14   33   48   20   88    8    9   80   41   40   20    6    4    4   45   27   79   78   62   25   74   22   84   38   23   68   87   52   18   58   90   74   68   59   31   11   54   84   21   31   84    7   78    2   30   22   33   84   76   22   15   42   85   10    8    1   71   34   68   21    1   81   59   70   77   51   82    5   50   90   39   63   89   48   93   21   13   11   67   70    7   24   79    2    8   94   22   40   62   94   80   71   85   86   10   14   67   61   38   53   30   11   30    0   20   39   24   82   52   98   75   82   12   56   35   99   22   74   27   15   98   97   82   93   13   90   95   71   47   83   94   99    9    8   29   99   41   58   77   65   39   21   22   44   57   81   97   29   64   33   36   53   75   25    4   60    5   97   19   48   40   84   79   82   92   52   78   63   55   27   79   45    1   60   77   24   67   85   38   74   33   86   25   12   79   46    9   30   14   16   57   94   45   33   53   40   60   84   80   96    9   22   92   37   54   12   91   95   58   73   44    0   57   39   11    7   24   67   59    3    2   17   34    8   44   42   54   72   76   35   50   16   28   14   32   14   92   21    2   10   95   93   47   12   13   99   39   58    0   56   12   28   87   34   53   89   21    6   22   66   58   26   72   95   42   93   71   11   79   27   34   75   46   44   46   80   70   47   84   50   66   37   94   65    1   27   70   43   97   37   86   68    2   64   71   16   29   30   19   61   57   61   52   88   65   40   43   13   75   64   39   87   37   31   29   74   90   62   67   75   23   11   40   67   84   61   71   85   77   18   23   90   40   81   99   26   44   91   41   87   30   97   99   10   74   37
  13   70   40    2   25   47   81   28   44   48   30   86   92   14   17   17   98   39   68    0   26    2   82   83   68   84   80   83    8   27   16   80    0   96   77   35   34   42   76   29    0   54   72   68   59   86   63   48   76    4   51   57   91   90   80   35    3    6   22   13   50   38   18   59   77   62   21    8   54   48   93   68   50   10   28   16   33    4   47    8   20   46   91   89   52   96   47   32   97   61   91   21   18   87   35   43   87   76   34    8   82    4   20   91   42   23   57   87   26   63   94   97    0   75   79   46   72   13   68   43    5   18   84   41   11   15   17   20   88    6   46   91   27   54   67   10   18   84   46   96   27    9   33   90   85   86   21   14   85   39   68    5   94   87   37   70   28   76   84   61   65   99   61   52   67   41   28   71   79   37   77    6   80   56   21   23   39   86   88   76   40   34   84   74    2   27   10   62   22   12   30   78   20   72   97   36    0   54   28   25   50   80   43   95   61    6   72   37   19   93   93   74   24   59   24   66   94   56   98   17   33   61   88   15   54    9    8   24   90   60   39   34   51   13   21   51   31   15   10   54   32    5   30    9   18   73   97   16   76   41   81   71   83   78   18   13   25   38   62   30    2   85    9    4   74   15   35   31   37    2    9    8   79   49    2   66   47   31   57   26   49   78   50   86    5   42   51   10   74   28   42   39   14   14   71   69   77   94   76   49   26   62   22   54   92   24   37   65   85   25   79   83   51   25   92   47   22   37   42    1   97   43   53   95   47   92   48   41   84    6   51   20   88   39   88   53   11   80   48   73   89   15    9   84   31   88   39   27   53   91   74   79   87   11   85   56   20   80   97   15   93   41   10   83   50    8   45   95    1   97   86   36   77   36   51   93   25   81   31   36   49   22    9   16   85   42   74    3   60   48   17   19    5   39   31   23   78   14    2   76
  23   61   72   68    0   57   30   81   34   87   64   61   23   36   58   48   95   94    6   99    7   66   50   16   93   79   64   20   14   18   21   91   39    8   16   45   19   78   15   61   33   91   42   45   80    0   70    0    9   94   75   82   70   33   49    2   58   43    4    9   27   24   86   65   30   83   49   46   36   38    3   86   28    5   22   18   52   99   98   69   63   32   65   64   59   82   82   74   22   25   20   39   91   17   41    4   93   97   84   69   48   60    4   32   49   61   15   55    5   95   68   53   12   62    6   53   22   37   62    2    6   61   97   71   79   51   17   68   95   12   99   27   72   90   94   98   16    8   31   22   86   73   13   21   34   87    9   19   35   90   46   82   83   24   42   55   43   46   68   69   41   36   38   41   43   58   32   46   27   78   90   27   32   37   81   90   31   21   65   38   73   22   85   19   67   62   32   66   14   96   65   39    8   49   33   55   78   26   54   69   54   96    0   16   36   95   45   27   92   61   92   47   74   41    2    6   32   34   25   12   21   81    6   24   30   85   88   20   92   35   79    0   96   79   20   87   91   49   11   58   31   16   15   37   88    3   58   94   81   85   79   85   62   21   45   51    1   31   55   20   96   24   74   85   87   28   44   74   10   64   93    9   27   19   49   88   86   28   19   20   84   44   64   96   17   53   85   12   10   18   92    0   75   46   44   36   52   53   61   17   52   15   10   93   32   57   68   69   16   45   58   38   40    0   93   31   41   97   87   16   43   60   25   21   61   92   30    8   94   42   17    1   75   15   79   88   54   11   46   80   81   17   55   15    5   91   65   46   21   31   11   93   34   79   96   58   68   27    9   92   70   43   97   11   67   92   74   64   99   90   77   48   92   71   76    6   23   27   75   42    2   12   38   91   65   55   35   25   22   58   90    1   14   78   10   42   49   17   94   82
   5   58   67    9   57   41   26   81    0   26   10   63   93    7   57    8   52   52    7   52   72    1   26   97   57   45   71   20   63   96   85   93   90   86   67    5   88   21   98   29   82   83   53   90   97    6    8   78   90    5   59   18   50   14   55   71   57   26   35   24   79   49   55   54    0    7   18   22   22   40   17   79   30    7   71   92    0   58   34   47   87   73   97   18   42    2   63   85   31   53   46   98   78   62   65   71   67   89    4   70   85   38   23   26   51   46   96   47   35   45   87   43   61   95   11   66    1   30   12   86   44   82   77   26   32   71   10   57    9   37   46   43   51   60   95   90   95   65   84   95   15   61   97   77   27   76    1   88   32   30   65   34   74   47   84   47   45   70    4   19   46   19   91   16   90   65   11   18   33   62   76   86   42   57   90   46   68   10   40   65   46   45   96   48   29   50   22   66   68   95   25   29   36   49   53   20   31   85   25    1   52   24   44   95   55   21   59   98   58   39   52   39   46   62   86   91   98   73   89   41    8   58   87   15   59   42   36   84   42   71   31   39   27   97   76   18   30   95   11   50   16   51   46   79   46   46   90   80   61   80    7   67   95   23   36   93   43   25   67   41   75   83   77   82   22   26   76   46   21    2   71   78   54   21   85   23   53   85   40   16   44   51   35   41    6   43   86   19   87   62   77   65   71   31   49   81   20   68   42   15   15   81   78    5   28   58   96   16   66   29   55   84   98   13   98   23   25   32   31   52   52   28   16   70   83   37   96   49   32   11   23   61   44   77   51    8   49   64   75   68   82   43   93   18   54   31   92   46   93   81   97   11   93   20   18   65   43    1   82   56   16   27   89   91   11   11   45   24   71   91   30   54   36   78   59   13   34   84   21   46   84   59   76   13   99   94   82   24   87   86   44   35   16   14   58   21   50   56   60   97
  95   86   58   74    9   96   35   33   99   61   70   46   67   34   73   91   23    1   60   10   87   38   95   13   43   47   35   45   16   21   62   73   15   58   34   97   43   82   86   90   33   83   89   50   50    7   54   15   24   75   21   56   65    7   42   78   90   29    4    1   29   24   91   87   26   75    5   20   39   87   10   90   15   18   96   62   76   81   44   58   46   34   80   83   59   75    5   25   32    1   84   46   20   47   92   96   68   67   29   36   35   18   77   89   27   39   32    4   90   48   54   91   33   94   72   12   28   96   60   86   19    1    2   20   97   78   94   79    5   37   75   15   95    9   11   39   75   34   72   84   36   90   74   62   14   23   42   83   62   44   26   54   76   90   28   94   55   34   61   90   73   88   51   96   98   63   21   26   26   92   87   40    3   73   58   70   30   60   37   49   75   69   52   91   93   11   52   16   83   61   74   65   65   74   36   23   70   16   88   13   22   70   75   90   22   22   81   85   43   98   66    6   20   42   61   35   69   55   68   77   68   20   93   77   28    6   86   98   34   46   31   96   61   72   87   20   45   91   43   55   43   89   96   68   20   75   93   40   38   54   16   77   67   59   98   54   96   65   22   60   34   68   58    7   69   53   35   43   39   58   15   89   42   18   30   21    7   73   94   90   61    7   78   21   10   54   23   16   35   16   82   42    3   75   20   37   72   18   64   10   29   53   36   56    3   99   49   20   60   48   87   29    8   49   44   94    6   12   92    8   62    9   50   31   70   56   12   84   86   28   67   76   83   57   94   56    1   34   12   89   31   89   33   11   94   31   84   27   88   92   21   17   66   78    5    9   83   25   19   35   67   33   48   82   39   35   29   78   81   62   86    9   91   86    0   94    1   73   15   44   33   42   13    4   80   52   48   83   51   45   24   20   56   24   15   54   69   24   37   91
  71   56   91   94   75   88   39   37   36   95   73   66   69   22   79   83   58   76    7   33    9   26   29   34   12   35   29   62   64   52   41   14   18   96   52   66   31   32   45   43    2   35   14    4   86   61   89    0   67   12   91   14   53    6   69   45   91   33    8   18   93   95   82    8   35   14   99    9   91   42   78   92   96   27    3   67   85   72   15   95   12   16    6   41   48   85   85   15   78   81   80   38   14   37   24   39   80   43   25    3   35    2    8   81    7   48   57   85   21   35   80   39   33   97   23   22   59   99   47    0   61   59   29   24   61   41   51   67   27   87   48   18   17   77   43   34   49   30   41   89   78   34   23   24   50   51   16   33   65   59   14   21    6   22    8   97   20   76   28   57   66   80   78   17   18   70   59   55    5   94   62   43   13   58    5   43   52   30   92   79   83   72   53   84   28   69    5   33   96   77   75   99    8   69   98   21   26   56   47   61   68   28   82   27   39   80   24   79   71   38   24   14   62   41   17   21   34    9   52   12   75   18   72   78   92   60   32   35    8   10    5    0   47   79   76   89   26   12   26    6   44   72   73   71   65   73   12   55   60   96   90   25   53   70   64   45   15   78   38    7   24   95    1   38    3    1   69   99    3   55   65   98   42   27   15   42   64    1   82   81   24   37   60   58   72   86    4   59   58    9   79   29   81   67   45   25   76   62   36   44   33   38   43   71   70   77    9   16   47   83   68   87   52   23   56   70   19   35    1   90   25   80   53   85   65   11    6   87   47   24   51   86   64   46   43   84   88   81   30    4   74   56   32   61    5   34   84   92   94    7   35   87   65   45   11   22   53   71   59   53   66   15   37   33   28   31   35   50   57   33   73   34   26    2   16   87   57    6   85   44   18   72   19   31   73   82   65   84   98   43    7   58   43   87   20   93   63   85   60    6
   4   29    4   18   57   95   41   34    2   46   45   15   73   31   78   47   17   28    2   87   30   14   82   92   36   91   33   33    2   82   64   91   88   91   29   50   26   42   99   46   25   33   44   50   73   81   32   68   68   90   91   19   90   54   95    0   75   25   94    6   61   11   99   81   53   46   73   58   94   49   65   72   13   34   11    1   35   66   21   49   77   17   44   31   79   75   15   49   74   68   39   52   64   27   28   29   30   55   36   66   99   60   87   59   11   88    9   78   58    6   51   46   40   47   57   33   43    6   98   94   21   92   59   15   42    0   27   85   66   71   45   77   87   57   79   55   12    0    6   72   12   70   73   84   98   71   98   46   23    7   57   50   78   64   62    1   58   81   15   66   38   83   40   94   68   81   87   38   13    6    0    8   70   62   47   71   51   77   34   97   70   72   34   99   10   42   51   21   98   51   72    6   14   56   74   41   24   33   68   15   94   43   16   77   20   46   67   28   36   89   70   59   11   71   18    3   86   67   14   36   70   73   29   60   55   52   98   13   55   67   13    1   28   43   60   63   11   23   90    1   32   26   28   37    6   51   68   40   38   67   70   56   56   23   83    3    8   40    4   31   74   34   83   49   56   76   65    5   88   93   81   86   71   74   37   14   60   95   31   35   13   77    3   15   16   75   16   43   55   75   95    0   53   21   22   68   76   46   38    8   85   98   63   16   60   18   18   64    3   19   29   44   15   90   24   37   54   87   29   94   77   46   14   71   19   45   52   41    0   11   19   29    4   50   65   17   86   16   77   37    6   23   98   28   66   14    6   28    7   84    8   66   99   22   31   24   12   37    3   30   16   24   51   99   70   33   76   29    7   25    8   17   18   23   37   55   45   73   91   92   74   34   42   29   51   51   35    7    8   29    4   93   42   83   70   33    6   54   73   67
  93   35   76    3   80   61   51   80   84   87   73   12    5   26   33   16   96   11   87    0   19   68   43   83   33   33   75   90   13   95   85   52   10    0   10   16   19   61   39   52   35   50   41   60   63   66   36   29    5   61   90   96   96   16    6    0   11    3   91   15   45   96   97   65    6   19   30   86   95    1   72   21   49   20   72   26   98   81    5   51   32   58   57   67   64   78   69   39   30   14   56   67    9   70   18   81   70    8   79   76   37   51    5   22   73   18   30   43   99   21   88   66   11   45   49   37    0    0   26   44   53   74   77   86   32   47   67   34   41   55   64   35   50   37   87    3   87   66   17   59   44   71   86   42   69    3   28   42   47   30   34   15   10   71   57   88   95   82   30   92   81   50   87   23   89   86    1    2   80   24   59   88   48   64    6   85   42   74   54   82   93   33   40   79   89    2   22   25   47   92   85   73   48   18   54   64   75   40   84   90   47   55   59    0   21   81   29   88   22   55    8   92   28   29   87   77    2   82    1   72   38    4    8   45   95   62   88   96   17   83   26   88    0   82   72   40   32   73    7   81   17   73   75   34   89   43   76   15   76   15   26   28   24   88   17   13   53   23   18   96   96   60   10   71   37    8   68   60   45   38   25   14   38   39   16   57   47   71   16    7   80   33   12   89   47   96   32   76   16   58    7   24   56   88   98   92   57   98   28   67   39   83   93   97   85   65   36   60   71   64   32   54   97   21   21   45   41   69   68   72    1   45   34   94   41    3   30   74   27   99   48   89   50    7   15   84   26   89   62   18    8   55   51   42   60   62   66   96   94   82   39   41   54   15   14    7   90   42   23   33   73   89   84   53   37    3   50   43   11   47   37   58   72    1   53   37   82   36   41   24   37   39   92   83   86   43   59   97   90   75   94   29   16   35   89    4   57    1   86   34
  96   57   31    5   93   31   13   46    5   68   74   27   83   68   21   93    7    8   37   96   17   51   87   95   37   93   60   25    9   86   99   59    3   97   18   85   91   49   49    1   42   48   81   22   17    8   60   47   37   85   94   61   86   59   20   28   97   46   33   30   28   33   33   58   80   49   63   69   38   38   33   63    9   94   26   50   41   91   66   17   35   24   43   75   16   98   39   87   98   79   15   89   75   51   95   77   71   65   57   39   66    5   37   69    8   86   52   52    0   11   10   38   80   36   50   60   71   77   17   47   63   40   35   88   67   54   73   27   60   81    2   25   80   87   37   65   63    5   33   77   81   41   82   12    9   46    8   54   67   81   73   79   89   34   42   70   71   52   54   95   99   98   61   31   15    7   81    7   53   30   84   53   35   69   68   87   97   21   31   81   19   10   46    5   29   77   28   31   96   60   44   92   89   33   61   44   58   31   43   37   15   70   50   79   18   91   79   24   47   48    7   80    7   98   15   53   41   48   15   87   15   80   57   55   36   14   63   90   20   34   28   26   62   58   11   15    2   97    7   79   85   24    0   77   56   97   50    4   97   12   46   23   37   97   58   39   93   71    8   48    1   46   79   84    0   23   11   11    9   69   33   73   46   57   96   65   91   25   86   51   49   89   20   15   92   11   38   55   19   67   83   77   40   78    6   84   96   79   78   17   36   87   38   49   34   55   60   14   73   57   93   81   58   23   24   88   78   13   67   44   66   45   40   76   44   67   92   44   35   83   93   86   53   69   11   94   34   71   64   79   97   44   75   76   54   46   10   10   52   16   48   83   72   27   61   18    6   43   24   63   11   67    0   91   15    4   58   53    4   23   42   31   42    5   56   66   26   96   45   11   36    9   88   74   17   94   78   40   24   42   95   91    4   34   76   94   80   32   49    6
   9   71   86   88   35   13   88   34   73    8   74    9   70   22   69    9   29   98   24   10   46   74   53   46   93   98   54   16   59   29   18   18   65   16   89   46   71   69   88   24   64   63   77   91    5   57   64   53   88   14    9   27   87   43   68   68   82   37    9   52   87   74   69   17   18   27   59   37   79   71   14   69   46   92   78   55   49   53   23   18   62   66   46   43   41   74   21   38    9   80   89   60   53    8    5   82   19   43   20    6   54   63   49   25   31   79    9   64    8   70   15   91   45   26   13   15   51   75   75   88   43   78   27    0   96   28   57   92   96   94   24   52    1   53   38   49   27   18   90   15   27   80   81    6   68   67   28   83   69   81   56   95    4   15   12   95    9   22   34    9   51   55    4   47   84   93   52   81   13   15    6   50   39   94   80   82   49   79   31   56   64   76   65   63   43   99   94   13   68   53   14   89   36   63   87   92   36   39   49   73   17   78   95   55   28   26   48   94   13   48   51   36   79   34   54   89   93   87   60   45   57   29   78   99   65   17   57   20   90   60   53   20   44   88   91   24   25   25   92   58    3   46   13   60   26   29   15   62    3    1   77   51   62   67   15   53   28   38   94   29   59   37    1   61    3    8   73   93   18    7   28   24   42   54   65   83   34   96   59   71   98   68   30   11   63   97   21   63   96   51    7   75   66   16   25   10   52   77   34   86   31    1   84    1    5    6   97   49   91   83   19   79   45   34   24   22   76   73   52   32   36    0    5   15   16   82   38   49   19   92   29   19   27   24   77   59   21   69   24   58   21   20   88    8   98   42   51   61   30   14   38   44   91   82   85   54   79   13   64   96   99   13   94   45   30   93   27    9   25   40   57   63   58    1    9   69   63   34   95    9   27   58   25   23   70   18   68   85   51   40   59   79   86   86   27   22   54   94   85   62
  78   42   41   96   23    5   93   36   90    0    8   89   59   97   40   77   26   39   18   84   98   64   16   82   94   53   73   24   34   87   22    7   20   74   15   65   92   15   95   29   36   35   55   91   18   32   28   39   99   18   68   50   31   70   57   27    8   86   90   48   66   20   33   27   38   16   22   65   21   96   62   95   94   34   92   66   61   89   67   49   33   15   72   93   42   37   15   27   86   15   45   94   50   71   96   25   27   75   92   79   43   98   81   22   36   39   17    4   59   30   69   24   43   28   91   39   78   67   12   61   24   43    5   38   32   24   71   11   90   62   14   85   24   62   83   90   45   61   26   32   56   95   65    8   60   83    1   62    7   73   60   21   14   83   98   15   63   90   19   67   38   94   70   57   68   16   61   23   46   50   58   56   42   81   92   88   29   72   68   22   65    1   81   44   26    6   23   61   96   88   63   53   73   38   68   65   98   72   13   85   35   23   83   44   72   38   51   36   75   22   15   76   20   10   61   56    2   34   27    3    2   25   70   17   15    2   74   89   31    1   70    2   95   40   70   45    9   94   34   61   58   18    6   65   27   36   49   41   96   41   59   88    6   73    5   20   41   27   74   19   68   69   90   53   74   91   92   28   96   89   62   16    3    2   96    3   72   87   59   99   32   39   94   19    8   44   13   53   49   30   46   54   89   68   81   68   25   45   43   27   16   23   54   47   63   89   32   23   45   92   94   87   50   51   59   68    9   36   22   15   21   57   77   40   88   76   85   36   91   55   76   48   73    7   64   69   54   73   78    5   13   39   49   27   20   33    9   26   86   30   89   29   12   46   48   95   43   75   16   23   62   35   42   98   33   90   98   20   58   45   52   51   46   63   26   49    5   13    2   95   87   28   17   33   21   53   88    1   81   49   46   52   99   48   79   37   42   88   56   43
  59   35   58   81   81   74   54   32   84   54   66   40   92   55   38    8   76   83   76   36   57    6   57    2   62   74   73   59   57   72   16   71   94    8    1   50   12   91   26   81   30   31   43   57   54   47   10   81   79   94   83   60   71   37   46   33   82   27   45   26   28   44   49    4   90   48   47   14   97   26   96   84   41   49   47   56   80   75    0   37   39   11   53   23   10   37   51   40    4   14   18   86   43   85   61   12   94   43   35   18   66   19    7   96    7   18   92   38   68   79   19    6   84   64    0   67   44   82   81   37   58   57    7   58   39   65   71   63    2   78    6    9   30    9   25   28   58   82   89   15   49    0   60   40   16   17   24    5    5   60   78   31   79   39   71   21   98   71   83   56   93   34   25   83   86   21   85   44    0   54   53   97    2   39    3   69   10   31   86    1   76   41   86   33   71   93   80   54   43   14   33   56   87   52   63   60   85   93   66   64    6   54   55   68   72   60   71   14   11   99   80   99   43   80   76    7   55   44   65   81   56   56   51   13   26    3   32   34   86   23   36    3   22   60   92   69   50   75   91   45   36   99    3   89   77   68   26   13    0   77   96   17   28   17   50   78   54   69   58   28   45   32    2   34   60   84   27    3   30   65   99   29    7    7   71   20   84   45   66    1   64   25   47   99    7   56   11   11   49   71   11   80   38   48   22   65   83   47   85   24   11   87   61    5   90   90   84   85   87    0   98   63   62   86   76   53   58   75   83   56    6    4   13   23   66   78   20   32   97   82   12   17   83   45   97   11   74   13   87   64   41   55   99   60   25   57   95   82   97   71   90   19   58   61   90   10   29   61   60   25   75   10   67   50   61   65   44   91   51    5   96   65   25   68   17   57   19   51    9    0   76   78   62   55    5   43   71   66   21   70   58   16    0   86   14   30   96   54   18   99
  94    4   33   28   44   67   86   67   33    7   90   79   48   48   37   31   64   32   40   77    6   52   97   76   53   66   18   10   76    0   70   36   75   96   32   18   97   14   88   28   76   72   76   66   63   77   55    6   62   87   28   41   67   44   28   82   63   95   89    6   98   24   17    3   82   12   89   36   85   11   16   21   66   73   59   85   14   33   89   46   84   14    6   24   74   33   96   17   25   70   32   97   74   89   24   15    7   99   87    2   45    7   46   81    7   76   22   95   13    8   72   89    1   89   59   95   84   88   21    6   46   55   93   12   91   47   39   13   49   37   33   88    5   29    4   22   61   50   12   40   16   96   93   63   96   62   84   24   51   20   20    2   46   82   23    2   60   72   52   52   81   14   69   26   67   17   42   61   75   62   81    9    5   28   86   21    6   85   80   92   16   22   56   75   50    6   34   30    8   31   46   77   88   16   25   87   65   85   14   85   81   87   58   49   79   22   61   95   51   13   76   66   30   24   58   68   74   91   80   39   64   79   49   49    9   78   60   52   57   34    9   45    6   30   30   64   31   97   66   41   96   58   70   21    9   55   34   37   62   95   90   75   86   60    9   51   12   54   30    8   95    2   31   60   80   61   56   22   53   78   61    9   32   73    7   54   64   32   59   89   10   75   86   94   79   28   35   62   83   75   73   52   61   88   71   31   20   64   27   60   51   65    9   50   68   77   63   72   49   57   98    3   39   33   66   17   81    4   41   82   74   30   76   97   30   70   88    8   40   18   65   79   29   50   59    4   54   39    9   63    2   46   26   68   59   18   64   40   26   21   31   49   24   22   53   76   16    0   70   98   88   11   73   73   55   60   78   81   20   91   23   60   97   27   57   29   65   39   21   40   53   82   63   90    6   58   93   28   16   53   13   71   23   94   43   37    6   88   73   63
  86   87   77   85   36   28   94   56   92   13   43   65   64   21   97   23   42   27   30   98    2   51   42   34   22   49   42   72    7   50   43   37    4   34   88   45   28   14   47   26   15   48   71   21   34   77    1    9   29   76    6   74   55   90   97   44   69   24   46   67   13   88   30    0   45   39   52    1   36   12   21   64   80   68   44   72   22   88   77    2   75   70    8   25   89   76   73   79   53   24   63   76   53    4   84   94   19   80   96   51   17   68   75   75   18   53   27    4   22   73   10   97   10    0   52   38   32   30   73   42   85   58   74   79   90   42   61   44    2   52   60   96   50   66   18   46   98   97   56   97    0   15   29   85   99   92    3   86   83   86   51   92   87   20   55   37    4   73   66   20   16   27   89   21   84   51   48   70   47   97   44   12   60    0   37   37   33    1   72   20   18   27   11   37   35   10   93   19   26   78   59   91   41   61   52   12   57   46   91   60   26   99   59   87   42   96    2   79   33   31   63    7   40   53   45   60   11   78   81   30    3   81   86   82    8   80   77   11   84   75   24   93   89   98   31   26   87   46   88   15   82   27   56   79   77   68   99   14   88   94   99   65   50   57   54   17   40   21   92    0   77   63   31   97    7   34   16   45    4   12   10    7   96   33   90    2   13    6   25   81   43   17   51   74   86   63   33   15   17   87   28   46   71   43    0   11   90   32    5   77   90   88   11   40   95   84   89   81   91   16   11   23   26   73   51    1   92   54   88   30   59   22   18   47   47   85    1   51   75   95   58   92   15   20   96   45   51   40   14   10   83   18   46   53   81   67   60   56    0   41   35   81   68   84   51   67   13   20   85   34   21   70   26   14   99    3   59   70   97   90    6   14   17    7    9   54   79   93   19   85    6    4   92   10   26   60   54   38    7   12   90   38   31   13   22   10   94   78   71   33
  72   12   99   58   55   74   15   23   47   55   16    0   61   39   48   86   20   82   71   64   79   94   11   49   67   38   25   33   34   58   28    1   61   50   74   29   40   26   53   54   34   11   67   35   73   59   19   67   69   34   52   38    2   86   83   61   59   84   20   42    2   31   72   74   52   74   82   95   75   38   10   73   35   74   59   24   39   26   28    1   15   20   17   99   81   76   99    2   92   61   42   14   56   48   39   34   16   96   54   53   20   65   93   73   81   92   62   61   20   47   97   98   12   22   92   98   55   89   25   26   58   19   65   78   96   30   31   42   46    8   47   99   25   73   95   58   38   50   29   46   90   49   68   28   85   65   66   84   92   22   47   25   69   32   81   92   33   66   34   47   12   41    9   12   72   74   99   74   34   28   43   91   65   57   50   83   75   90   90   74   33   90   80   42   45   83   90   78   17   79   75    9   23   60   19    4   32   34   66   16   45   37   34   61   17   32   86   43   92   32   82   10   55   87   43   57   63    2   75   78   53   70   36   41   25   47   44   55   79    4   86   21   54    6   76   50   86   11   93   10   75   51   66   31   71    6   30   59   66   77   83   79   68   19   68    8    1   13   59   76   88   42   89   44   34   73   17   56   89   18   80   87   10   31    7   21    8   82   20   77   73   29    6   68   44   60   35    4   57   41   33   43   85   53   74   65   67   16   43   49   47   10    3   57   75   50   38   27   13   47   64   74   55   33   32   32   74   64   76   23   21   57   96    4   30   73   77   95   62   27   17   50   97    8   70   11   66   44   73   16   70   83   72   99    4   72   74   72   62   84   12   31   87   94   31    9    0   59   81   45   25   32   49   83   64   15   24    3   63   59   67   91   15   76   12   79   92   58   73   58   91   75   10   88   28   10   67   18   12   67    6   99   73   86   56   80   60   31   47   49
  84   47   82   62   27   43   32   59   80   88   55   42   79    5   34   26   10   70   39   89   56   32   67    0   66   94   16   95   86   94   58   96   11   80   49   81   30   25    2   96   55   68   98   15   87   82   49   12   81   62   51   18   16   72   13   99   28   45   12   29    9   62   92   71   50   75   27   22   17   18   90   77   36   42   64   70   74   68   89   64   47   48   51   16   14   99   87   57   42   65   32   84   37    9   62   18   79   48   24   26   78   26    7   17   89   60   38   59   92   86   20   52   40   70   25   42   87   37   48   86   37   99   12    3   59   65   58   25   44   24   30   64   57   10    5   97   15   98    2   32   82   67   94    9   89    2   71   20   95    6   71    0   55   10   93    0   87   24   20   75   57   76   52   20   32   23   24   54   87   70   83   14   42   58   31    5   85   20   96   17   79   30   75   74   58   51   39   79   49   87   69   58   47   65   93    1   41   77   39   27   83   71   63   69   80   10   29   76   74   65   90   49    5   85   25   24   78   51   86   20   72   69   71   96   89    2   76   27   10   67   32   73   56   89   38   80   95   78   27   82   19   47   45   49   73   16   62   14   73   95   79   16   75   20   65   17   13   65   48    1   49   71   91   86   34   42   88   48   82    8   71    7    3   78   66   69   74   73   86   75   43   37   31   72   98   41   56    3   94   20   25   37   22    2   70   51   74   53   66   33   12   63   72   35   81   93   59   94   17   50   32    8   45   27   28   61   57   31   39   81   31   43   81   32   16   61   33   74   58   24   96   79   40   26   87   54   53   44   18   49   92   13   13   52   83   18    4   29   21   86   43   75   37   67    1   70   10   77   22    3   59   27    1   17   67   86   26   65   91   48   80   84   73    5   24    1    6   12    7   26    0   40   86   13   24   55   54   62   46   51    3   40   89   73   67   77   48   29   67    9
  76   34   51   67   84    3   69   37   92   76   47   54   59   85   45   12   75   51   13   69   92   41   45   45   62   49   26   15   18   51   74   25   72   40    6   21   15   38   64   72   36   48    1   80   19   80   24   15   55    5   29   29   46   52   69   31   22    4   85   52   50   49   49   72   66   24   19    6   87   68   87   69   53    0   82   38   15   25   46   98   42   56    0   19   60   58   70   16    6   60   98   88   64   53   12   52   49    3   88   62   42    6   33   57   94   56   33   26   18   95   74   17   69   30   39   85   74   95   65   93   12   78   46   12   59    3   57   38   89   74   64   99   47   83   45   88   70   39   16   27   83   44   57   44   26   60   20    3   76   56   95   15    1   10   65   46   10   56    7   69   12   32   87   92   85    6   78   95   52   70   15   38   31   79    2   55   61   71   15    7   26   34   63   32   53   57   17   74   97   19   80   74   73   60   93   67   62   40   64   17   19   44   93   31   27   44   22   65   98   12   82   96   76   28   36   89   65   47   49   63   61   53    7   75   57   20   39   88    6   35   29   43   40   68   22   21   71   85   92   98   49   21   10   39    5   91   33   88   69   77   70   31   15   63   10   61   65   77   66   71   68   87   73   75   88   69   51   41   46   21   42   13   89    8   46   14   89   28   40   87   56   27   87   16   96   73   24   63   19   87   65   54   62   58   70   15   98   79   57   40   62   60   27   86   24   52   30   91   39   60   11   59   30   27   20   10    0   69   73   42   84   29   53   81   55   66   18   47   85   84   99   64   93    0   71   97   60   48   38   68   96   28   96    7   57    2   92   58   39   35   32    3    1   77    1   56   81   62   62   14   68   45   57   47   59   26   66   96   44   81   22   55   28   19   86    3   56   84   71   13   28   87   17   24   83   52   56   44   64    1   28   99   72   94   17   51   42   56   53   84
  28   98   52   87   87    5   44   41   47   84    8   68   42   56   75   56   92   86   45   97   75   90   23   31   74   40   72   88   92   67   10    0   30   69   36   68   62   34   24   48   26    4   56   24   23   56   21    9    0   18   30   79   58   13    4   19   47   58   33    7   84   39    6   81    6   46   54    4   22   61   16   29   64    7   95   90   91   17   71   40   25   37   45   37   14   35   94   21   72   38   38   11   72   88   40   77   44   64   99   95   33   88   27   49   36   75   18    8   48   87   15   98   74   62   79   44   28   85   19   14   33   72   44   11   96   16   52   47   26   16    5   78   64   57   37   69   99   45   42   72   98   76   97   76   93   98   33   49   23   50   70   64   92   33   96   56   11    4   73   74   50   12   35   63   63   81   55   60   43   13   75   46    4   49   61   50   19   34   75   96    7   31   24    7   80   80   86   33   21   10   60    1   77    4   27   44   43   86   65   25   45   55   59   18   14   56   63   84   50   67    8   45   88   71   81   63    6   49   40   11   53   55   19    5    1    6   52   22   82    6   63   16   74   55   23   39   52   60   94   10   90   74   21   21   81   77   41   66   53   82   40   72   27    6    5   79   16   67    4   66   23   51   87   64   20   66   57   84    3   25   53   84   39   54   34   80   82   36   12   10   31    9   45   87   32   57   86   97   15   96   33   68   34   75   67   13   80    7   77   61   57   45   13   49   37   86   98    1   40   84   20   90   10    6   25   32   32   91   70   39   26   66   62   38    7   16   78   97   94   55   32   79    7   24   75   28   74   57   72   84   30   29   52   22   57   86   92   93   72   88   91   83   46   19   11   76   30   34    4   46   92   85   41   47   86   26   78   73   53    6    0   12   10   27   67   77   91   16   97    1   61   82   35   63   75   95   89   11   43   74   17   46   97   92   21   84   62    4   91   45
  22   63   26   96   30   63   78   52   44   39   66   37   57   26   90    7   89    7   99   89   76   36   70   37   42   31   28   74   39   87   34   34   57   20    0   63   72   80   15   64   44   54   96   76   49   82   99   53    8   52   16   39   63   11   85   17   34   24   72   62   74   38   61   45   86   22   24   23   69   63   40   96   75    4   62   38    7   54   84   77   59   57   10   56   62   16   44   18    7   10   79   98   80    9   90   31   64   41   94   24   39   53   24   77   25   95    6   12   66   69    8   23   18   92   70   55   52   38   86    5   96   99   95   77   73   64   78   19   41   62   30    3   72   29   62   95   57   94   85   43   76   82   73   22   46   63   41   16   78   15    6   85   84   68   55   60   59   95   59   43   69    8   15    2   72   24    5   22   34   22   98   60   24   68   73   80   56    9   17   88   97   54   21   71   78   65   29   52   12   17   80   92   22   26   77   74   27   47   36   53    0    4   56   62   29    2    2   74   84   65    4   32   73   75   46   86   35    7   81   80   68   91    1   72   76   40   38   20   42   59   68   11    5   90   46   27   69   26   82   26   26   30   80   79   66   28   70   96   23   80   69   24   27   69   13   99   13   54   42   81   64   24   93   82   35   81   84   55   25   19   16   33   40   94   68   54   29   72   33    2   99   71   38   49   42    9   73   15   17   51   25   22   45   47    0   78   22   27   81   76   18    5   56   71   24   10    2   82    5   68   69   97   32   89   79   80   91   94   47   28   27   53   22   28    5   24    7   85   77   51   77   93   46   51   75   57   71   82   66   19   31   55   69   60   18    6   52   82   91    8   94   86   59   27   47   25   52   39   84   61   49    9   67   52   64   51   24   72    3   79   42   52   93   57   27   47   83   39   25   60   12   22   37   72   87   56   26   44    6   15   76   90   49   72   32   74   29   66   37   89
  12   69   29   71   21   65   92   92   42   71   82   67   93   38   34   22   99   40   11   13   91   24   38   89   47   70    3   53   53   16    0    6   55   95   64   47   31   84   44   58    6   44   26   34   99   20   58   50   19   16   68   68   67   99   61   67   57   21   14   90    8   45   60   86   72   34   36   42   22   12   72    9   14   15   56   86   63   25   83   77   86   40   58   26   23   55   86   97   48   58   25   85   46   48   35   44   33   70   36   36   40   91   55   88   49   51   36   42   50    2   86   25   17   22   74   94   70   31   83   23   66   99   68   68   85    8   49   49   46   79   76   24    1   77   23   26   47   76   43   80   14    8   35    0    3   83   51   56   35   85    0   84   84   94   58   46   96   90   26   43    6   27   72   75   49   88   56   82    4   94   61   67   82   87   52   36   91    8   47   99   36   96   17   45   59   72   48   66   15   28   71    5   23   22   11   75   33   26   51   23   62   57   75   29   50   60   86   95   54   28   18   17   49   19   39   45   76   13   44   76   86   26   93   46   70   33    0   35   57   83   57   44   18   39   43   88   16   67   75   26   71   52   42   81   78   20   28   90   44   51   42   41   88   37   44   81   57   22   16    6   60   57   43   22   82   53   79   26    6   62   14   99   62   38   99   62   41   14   44   74   45   78   32   54   27   78   97   34   57   89   52   85   69   55   30   65   55   98   49   97   73   70   68   45   27   16   12   95   44   75   70   11   69   41   85   36   56   35   35   60   15   54   78   24   90   50    7   92   95   67   98   81   13    2   26   80   65   78   27   66   98   71   52   74   41   41   81    3   27   67   44    6   46   65   38   79   62   77   22   57   77   87   78   88    2   31   88   76   96   34   53   90   40   18   35   93   39   15   72   87   20   34   96   19   10   42    3   40   29   17   30   64   16   98   30    0    0   85   13   26
  11   65   51   65   77    0   14   14   40    7   74   64   96   58   28   44   88   69   36   69   59   28   94   36   51   78   84   57   43   29   74   49   36   43    7   93   46   60   77   90   84   20   23   84   97   13   37   54   40   84   56   94   18   10   32   54   29   25    9   77   21   74   26   97   24    0   28   68   15   12   56   88   51   40   44   23   79   93   61    9   95   98   98   65   36   39   97    9   78   31   32   80   96   41    2   23   89   10   66   11    8   88   50    9   98   60    7   62   98   23   71   49   22   52   15   24   38   16   80   41   96   31   56   28   59   58   57   22   48   28   71   24   13   69    5   34   16   23   48   61   57   27   85   63   10   36   51   35   53   19   35   30   27   53   94   30    0   78   39    1    3   13   44   28   27   85   60   69   12   83   13   47   39   88   30   93   23   12   43   34   31   42   48   54    3   32   71   81   57   89   49    6   67   60   64   57   25   88   79   67   22   33   55   54   54   68   93   31   35    8   60   66   58   55    7   81   21    8   13   91   73   26   29   58   63   39   36   20   11   58   66   56   45   12   46   18   84   49   10   15   15    6   46   55   51   14   70   42   71    7   35   59   26   85   86    9   11   91   42   74   64   85   15   86   18   26   56    4   27   81   18    2   66   70   70   42   60   63   32   16   78   97   71   89   24   30   50   62   80   14   30    0   47   90   75    8   48   25   25   78   65    4   64   85    9   92   36   74   56   23   79   73   41   11   63   18   76   88   18   99   11    1   41   14   87   35   21   15    8   41   16   31   50   93   27   91   71   44   36   28   52   63   61   10   86   63   76   25    4   59   60   40   68   45   18   25   42   91   27   65   24   22   32   18   73   18   93   30   14   45   71   87   21   93   89   24   66   60   41   20   29   22    2   18   86   68   64   59   16   92   26   60   68   26   56   21   99   72   92   29
  98    8   10   19    2    7   77   33   19   42   77   61   83    1   84   55   50   30   82   88   21   65   77   55    8   37   34   47   64    0   12   68   23   95   51   96    3   40   68   73    1   46   19   45   47   27   94   73   40   71   87   61   64   65   84   18   20   56   75   97   39   93   51   36   60   19   19    4    2   24   91   49   67   17   44   35   14   62   52   48   43   28   64   30    6   58   47   65   56   76    6   85   71   69   37   49   37   19    4   96   12   52   72   18   22   66   87   23   59   35   78   96   93   24   60   82   86   11   15   78   29   38    7   48   15   84   86   65   51   54   18   61   22   88   88   87   98   26   92   87   53    0    6   44   50   76   55   89   10   83   69   21   13   59   60   52   11   91   59   31   49   92   80   70   18   23   76   49    1   60   98   37   40   46   24    2    9   66   35   70   28   99   14   23   83   11   11   44   78    1   65   35   92   34   23   56   72   52   23   87   63   69   11   94   46   42   47   76   34   53    2   34   83   45   98   69   24   24   91   56   34   90   42    5   74   65   69   59   94   95   64   82   66   91   19   86   54   12   94   31   47   90   77   38   87   73   83   48   32   31    6   32   32   31   48    9   76   68   14   64   76   35   73   32   78   38   91   87   55   11   43   64   38    8   37   93   78   28   86   93   46    4   78   88    4    0   52   43   95   51    7   97   65   74   15   77   16   33   33   64   14   39   59   66   38   52   60   94   25   17   94   17   58   24   83   20   88   35   40   91    0   29   54    7   81   48   69    5   35   23    0    9   58   64   97   81    0   21   68   45    1   33   45   18   52    3   99   66   62   24   24   25   93   88   66   40    6   41   98   75   63   82   55   64   38    3   54   14   36   58   62   32   88   73   24   56   73   40   92   84   13   48   18   63   93   19   90   29   15   47   77   33   95   86   15   22   37   88   93   23
  79   32   78   70   29   23   73   46   66   28   96   79    9    7   20    9    8   61   64   59   46   43   58   36   31   85    5   52   37   66   69   83   42   69   43   70   42   10   69   16   53    3   82   39    7   19   43   57   51   30   26    2   17   92   72   12   78   79    9   40   99    3    0   18   69   37   69   64   91   31    6   76   74   18   98   98   27   70    4   65   33   14   18   44   72   51    2   75   31   73   66   89   73   77   26   54    9   20   43   42   91   86   39   79   74   33   84    4   63   92   52    4   10   43   89   53   17   40    3   20   90   68   31   42   48   98   13   42   40   93   29   14   53   47    4    3   12   91   27   25   39   11   98   92   56   82    9   73   73   18   89   43   74   84   88   73   87    9    6   66   27   80   89    4   21   71   70   90   10   46   50   74    2   27   52   61   82   73   83   62   91   14   93   70   17   72    6   86   95   92   66   11   72   60   34   36   84   45   86   43   14   34   78   73   48   85   86   66   85   10   94   11   41   43   96    3    8   83   41   27   17   54   58   98   30   31   91   73   75   89   47   38   93   31   57   73   70    6   71    1   16   56   20    1   61   40   87   94   38   12   98   57   61    3   58   17   73   59   88   51   48   60   76   28   34   34    2   87   43   26   79   64   53   24   61   78    1   75   58   89   67   20   43   50   88   15   95   45    7   67   77   19   60   49   90   97   20   18   73   28   79   26    4   77   31   91   54   79   78   55    1    7    8   35   21   20   58   42   18   38    0   81   66   69   12   74   51   97   16   58   34   75   77   10   74    9   73   23   90   66   13   34   34   91   33   10   33   44   89   31   92   35   64   73   37   52    5   16   22    8   42   34   93   36   72   95   82   36   63   29   38    6    2   52   41   29   64   67   27   14   88   78   81   61   59   29   29   72   81   81   36   78   25   98   59   71   20   36   51    7
  26   68   71   72   13   48   86   31   11   74   22   28   31    9   89   26   17   73   85   35   24   23   12   48   81   82   46   44   99   59   19   47   64   56   17   70    4   88   35   35   71   93   49   28   51   94   71   22   45   13   24   60   29   85   53   91   35   83    6   21    8   92   39   91   79    0   21   22   46   15   61   84    8   56   18    5   13   26    9   36   31   31   92   87   59   47   54   23   73   35   39   24   11   69   55   25   48    0    4   51   85   48   96   43   27   60   95   49   11   72   87   58    4   13   96   44   69   51   58   73   90   29   73    6   52   27   27   81    3   79   51    7   27    6   92   31   33   36   83   58   79   96   64   86   35   91   31    8   90   65   18   61   70   95   20   91   28   97   21   37   87   92    5   11   70   59    1   40    1   69   76   92   95   12   49   64   68   91   88   31   99   51    4   38   64   32   73   60   79   96   38   18    3    3   11   46   41   77   70   88   69   98   55   92   48    3   71   17   22   81   23    1   83   60   79   49   83   25   24   42   59   78   49   38   78   24   70   20   50   29   54   22   36    6   71   68   23   42   18   88   27   55    5   34   40   97   37   79    0   26   86   28   32   99   42    5   73   79   36   13   56   87    8   64   98   32   29    8   98   27   17   19   65    7   61   71   30   79   63    7   35   11    6   19   87   56   13   26   17   51   64   98   79   31   23   14   14    0   44   41   16   49   13   17   80   45   26   84   99   38   16   60   13   60   12   41   81   28   34   66   50   32   32   85   19   62   44    2   40    6   64   29   27   40   91   20   62   93    3   10    5   55   39   70    0   41   96   67   61   78    8   13   57   30   67   38   67   60   61   60   66    3   75   85   36   11   73   71   34   12   55   23   75   99   83   45    1   64   73   68   56    0    5   97   55   10   34   74    5   67   11   32   98   99   68   16   29   67   72    3
   9   39   43   80   97   84   42   87   13   28   43   11   96    3   12   32   12   29   90   25   22    0   22   52   44    4   65   40   37    6   63    5   28   93   94   71   62   60   56   50   22   99   47   92   71   41   64   21   87   73   42   86   57   13   10    2   25    9   45   63   56   50   47   95   31   93   21   41   47    7   64   32   90   74   29   23   96    2   94   19   20   71   19   68    4   46   65   43   41   29   20   38   99   36   66   14    3   37   72   31   58   66   43   23   10   49   71   78   61    7   84   25    0   73   70   63   71    1   87   37   65   47   37   39   24   61   30   35   56   10   36    3   69   73   92    0   36   80   73   28   24   85   35   36   18   50   66   21   84   62   28   79   59   30   93   93   37    7   54   15   87   38   17   32   85   76    9   12   30   55    9   24   22   50   31   36   82   52   47   16   33   64   71   76   50   33    9   75   94   27   14   74   33   60   43   48   77   20   77   32   51    4   29   58    7   31   49   17    8   13   58   83   13   92   71   55   41   45   90   98   21   33   31   96   35   80   28   12   34   65   39   95   16   25   53   36   12   38    9   15   32   82   35   72   94   35   66   58   64   77   58   26   89   60   61   79   25   99   45   90   92   54   18    4    1   83   43   96   39    1   86   42   77   18   39   78   79   21   28   46   88   60   13   98   72   89   56   45   67   58   22    8   77    3   78   10   12   74   79   88   33   61   55   39   22   44    9   97   49   56   90   67   64   32   15    8   38   89   70   43   74   10   48   21   35    2   69    4   25   32   40   63   24    0    9   42   16   49   82   90   32   22   96   28   95   70   54   71   92   48   95    6   26   60   85   87   24    0   20   95   63   37   21   52   27    0    4   66   95   90   68   17   45   13   76   36   10   96   90   87   14   21   62   71   76    8   82   10   50   37   54   85    2   13   50   15   87   81   60    1
  53   78   67   68   17   55   37   48   49   41   62   66   18   10   18   29   58   42   88   74   86    9   57   95   74   98   49   42   45   60   94   52   12   48   22   18   76   22   30   44    9   50   17   74   69   19   69   88   11   23   24    6   94   27   90   92   95   43   48   39   93    6   84    2   60   19   81   39   77   90   31   42    8    8   57   95    9   57   66   75    8   33    4   19   69   19    9    9   91   86   83   29   81   20   61   85   93   36   55   28   48   61    7   30   23   62   48   73   47   76   79    1   97   25   25   80   38   80   33   97   96   33   40   85    5    3   63   72   14   47   63   92   38   61    4   85   62   97   17   89   46   40   29   14   56   11   97   71   13   32   54   31   21   38   68   66   74   75   79   41    0   20   55   11   73   53   17   77   62    2   39   57   13   63   27   85   58   23    3   17   76    3   44   82   55   31   21   32   59   96   13   99   31   41   69   36   81   14   74   54   90   36   57    7   42   67   54   16   54   50   44   46   99   35   57    7   67   99   68   68   66    7   91   87   40   11   35   30    4   95   57   66   60   10   94   48   52   68   69   61   69   42   87   53   33   34   57   30   41   21   74   28   48   69   27   93   56   53   78    6   16   58   62   97   72   88   70   86   27   80   19   26   68   99   56   65   44   61   23   46   83   37   26   20   73   57    3    8   32   83    4   59   39   10   27   55    7   79   48    8    2   90   41   63   27   62   83   42   41   70   62   14   31   79    1   74   99   20   28   86   91   77   97    7   56   14   34   43   58   28   55    6   59   92    7   54   29   63   20   56   86    5   24   64   83   23   68   37    8   76   52   77   77   80   83   24   25   41   15   68   95   71    5   82   75   78    5   26   77   92   76    6   58   42   78   18   85   35   34   70   39   22   96   87   67   14   58   68   84   58   81   11   43   47   37   98   44   15   66   40
  26   73   67   51   91   11   70   35   82   52   85   12   96   41   16   59   82    6   13    6   84   59   42   21   36   33    6   24   53   93   11   31   57   51   27   26   69   51   92   95   34    9   66   66   55   35   46   42    0   63   58   49   52   93   24   86   68    0   30   19   19    8   62    7   42    8   13   57   79   47   59   70   72   42   47   68   77   73   27   10   60   98   86   61   24   86   93   55   11   86   31    2   77   63    6   37    7   39   97   63   14   87   24   94   78   94   60   31   47   43   92   17   27   25   95   63   58   55   94   84   94   48   89    5   70   61   64   13   46   54   64   87   60   49   69    5   17   57    1    2   71   31   90    8   94   54   66   99   26   24   86   50   81   43   29   76   86   25   34   61   38   64   61   24   14   27   52   89   95   51   26   88   60   67   69    1   11    7   13   25   24   61   99   14   10   11   31   14   31   84   83   13   25   41   66   51   25   32   83   44   66   93   53   62   70   96    2   34   50   44   32   70   99   60   57   77   70   84   18   39   50   11   18   57    7   26    4   22   79   11   44   42   10    1   76   16   26   45   86   75   81   34   91   29   89   20   16   71   36    9   53   65   20   20   82   35   41   18   58    8   28   31   99   37   16   39   94   36   90   31   36    2    0   99   61   77   97   92   48   49    6   79    5   93   73   39    8   81   57   72   90   27   94   52   35   46   45   15    9   53   92   99   25   87   65   19   48   92    8   11   96    5   74   26   48   21   22   63   34   43   80   78   76   40   12   83   15   18   19   36   64   47   14   25   56   75   17   74   66   55   24   48   74   48   88   56   88   25   62   37   43   10   60   74   57   84    5   25   25   89   37   63   38   28   81   87    2   49   39   42   90   53    7   88    3   31   53   57   72   50    4   89   43   19   62   68   23   65   20    8   61   61   74   72   27   67   81   38   76   60
  82    4   49   25   51   40   28   41   81   30   91   91    3   81   84   77   66   74   50   42   93   42   12   49   47   59   73   60    6   58    8   71   19   60   22   84   85   24   21   93   92   48   88   89   36   33   65    6   86   34   79   94   43   47   19   74   30   63   53   14   97   92   89   45   33   95   65   24   29    3   29   61   22   78    3   32    5   62   54   19   20   58   32   18   39    2   19   25   81   49   65   78   89   40   68   33   88   61    2   91   82   98   49   28   99   64   96   99   99   66   87    6    0   65    0   12    2   83   30   56   45   86    0   72   34   26   30   78   52   60   17   62    2   86   63   42   19   91   46   46   28    7   30   63   75   16   90   58   47   26   91   56   65   95   33   96   96   28   64   21   45   48   50   29   30   66   55   29   19   39   64   23   94   64   44   35   71    8   42   98   58    0    0   53   72   22   67   57    8   73   43    4   28   57   75   50   20   42   80   61   19   99    0   87   40   49   37   56   69   65   59   94   54   21   45   93   36   43   31   93   36   32   98   76   29   31   66   48    1   18    8   57   98   94   49   86   79   82   22    1   88   25   88   90   61   68   76   64   88   90   31   41   32   26    8   42   71   44    1   20   14   88    1    2   83   63   45   22   42   12   24   46   31   53   35   74   52    2    4   38    0    5   97   98   26   86   75   97   59   42    9   24   92   10   49   79   89   76    3   24   43   96   47   50   79   17   30   13   19   21   82   73   24   48   60    3    1   37   80   80   35   19   15   56    5   14   72   33   38    0   61   69   33   42   24   12   48    4   55   26    9   97   13   77   40   41   59   21   82   76   63   29    8   51   88   59   43   55    9   25   43   93   13   30   35   66   17   40   25   87   76   26   28   37   28   51   43   34   53   73   78   84   37   91   58   48   48   44   71   63   88   84   57   40   92   19   90   14   46   12
  79   47   58   17   88   71   58    6   99   64    5    3   65   12   64    4    3   93   50   45   76   25   41   91   49    3   17   90   40   76   34   29   28   89   60   88   48   93   84   80   37   20   38   53   72   84   53    5   55   63   39   91   99   66   49   48   52   74   22   55   43   36   83   20   53   27   79   78    6   83   31   49   20   27   80   41   35   46    0   13   46   16   35   16   65   32   84    2   44   65   61   88   53   54   18   49   26   75   84   34   30   49   59   27   21    4   32   84   80   56   73   79   55   46   87   82    0   51   98   41   62   15   56   70   46   67   55   86   56    5    4   21   29    4   33   42   83   48   28   30   87   17   68   14   43   83   45   62   35   16   46   60   31   10   14   40    7   22    1   95   83   52   49   20   53   18   80   58   77   44   62   60   16    0   97    7   63   12   67   91   44   92   34   76   10   13   29    6    8   71   76   72   69   25   91   31   38   93   61    2    3   48   44   80   90    2   93   36   71   63   78   98   81   28   27   33   23   42   48   62   23   98   15   82   54   72   61   66   46   24   39   52   21   17    0   90   71   16    1   32   51   95   66   73   30   60   86   36   67   82   23    2   11   89   13   82   44   93   47    6   87   78   33    1   59   77    5   28   29    0   65    5   94   91   70   12   32   34   31   69   43    8   58   57    2   60   10   36   87   16   64   92   19   40    8   71   91    1   93   48   77   93   90   43   37   97   99   41   84   20   53   95   67   49   84   12   70   30    7   71   33   76   59   77   55   89   19   18   70   51   41   99   28   29   27   97   66    5   17   40   78   91   84    0   57   44   80   88    7   61   56   60   46   22   19   64   66   46   32    7   40   13   62   93   80   93   94    5    7   19   15    4   43   20   50   53   67   10    6   96   16   26   76   89   31   65   49   28    1   58   45   10   30   79   97   56   23   75   92   62
  75   33   42   84   94   59   12   35   69   48   98   87   44   49   98   52   90    9   40   32   74   85    5   82   46   30   68   82   28   84    5    2    9   72   92   69   80   70   38   28   63   20   66   64   92   53   92   58   91   13   82   70   84   71   10   37   53   67   62   44   76   73   18   90   50   14   48   44   18   38   75    8   31    5    2   31   75   68   62   73    2   95   65   19   20   42   75   56   13   17   19   23   90   44   37   28    6    9    0   61   73   83   10   30   15   17   41   89   12   50   34   93   87   60    5   88   65   86   59   91   32    2   30   72    0   92   41   95   20   99   84   49   78   23   82   87   42   33   52    2   80   83   71   63    9   98   33   52    1   82   76   22   18    6   87   75   23   87   46   90    2   73   87   92    4   72   18   11   56   78   50   14    5    0   14    5   74    1   24   83   93   74   79   42   58   77   31   10   98   97   83   67   64   92   62   70   33   48   23   27    8   43   11   95   69   60    8   28   12   32   98   39   66   31   77   16   11   45   29   22   87   49   75   60   35   73   66   40   41   24   94    6   59   26   61   20   58   65   52   25   32   88   27   49   39    2   52   24   82   47   55   16    0   47   33   31   41   42   11   96   96   24   77   33   76   12   13   45   57   27    3   42   66   59    9   64   61   34   63   86   51   29   27   33   77   49   30   96    2   76   98   70   91   40   63   82    8   58   98   98   70   97   48   68   95   68   51   30   54   67    7   24   90   60   47   52   39   87   78   55   37   35    2   22   91   27    1   76   74   86   86   82    7   97   77   48   16   53   11   40   84   69   53   77    9   74    3    4   15   57   91   82    9   61    1   99   32    3   97   79   30   12   47    3   26   65   36   18   59   23   37   80   10   93   31    7   51   67   56   32   84   24   95   10   20   54   39   77   37   99   92    9   36   64   91   56   76   47   73   39
  36   37   46   88   33   92    6   71    5   66   55   19   74   43   33   25    3    3   56   30   99   25   90   88   74   55   42   12   22   13   97   19   15   88   15   82   37   12   60   60   18   58   84   56   47   51    9   20   10   27   49    4   33   32   72   92   40   70   81   71   80   37   32   46   85   10   97   79   32   86   67    8   91   55   74   14   54   16   45   30   88   60   39   69    2   39   86   12   30   35   29   44   91   17    2   78   89   37   36   61   18   90   70   24   46   78    2   69   45   79   11   82    1   37   65   98   32   31   62   56    7   30   54   40   44   12   80   26   42   46   15   32   14   20   58   48   26   17   94   19   50   70   29   89   40   62   42   76   32   85   68   77   62   99   53   61   95    0    4   19   92   68    7   15   50   59   93   28    7   34   89   15    8   48   52   66   97   57   63   82   20   72   50   48   68   35   41   92   57   65   56   94   16   38   46   47   19   35   18   85   54   33   31   40   42   38   10   93    4   48   30   57   50   62   60   61   67   84   45   33   38   15   78   50   57   96   29   21   44   59   47   82   86   49   21   78   92   61   60   31   32   93    0   27   68   45    4   87   50   45   64   76   14   44   82   50   53   82   23   70   19   85   37   40   41   27   45   90   24   23   51    7   50   54   24   61   41    5   30   16   42    2   59   89   81   29   80   95   88   92   23   92   47   80   78    4   35   80   41   14   50   91   48   41   75   34   28   97   45   44   45   72   27    9   46   77   40   99   81   38   28   26   26   38   11   11   21   56   53   27   83    8   51   98   10   35   55    4   90    8   44   79   22    1   10   93   63   66   39   99    4   90   79   70   14   32   93   46   51   61   36   17   95   60   13   64   18   11   65   68   91   58    6   40   49   89   28   94   10   83   80   93   75   76   65   98   13   52   91   22   23   27   83    4   56   33   89   99   77   83
  48   23   59    9   27   77   71   75   75   91   87   67    7    7   74   98   59   98   59   24    3    6    5   82   94   53   17   17   88   61   21   18   72   44   81   94   59   32    1   14   80   34    1   91   75   86   84    6   32   11   67    7   55   96    7   42   43    4    6   48   36   68   84    4   35   68   71   59   89   88   86   65   50   75   22   49   82   11   60   73   40   31    4   95   87   91   94   71   14   19   89   85   99   18   76   34   28   35    1    8   92   76   70   11   81   35   48   25   90   43   70   17   77   71   44   64   24   84   63   30   90   19   82    5   57   93   93    8    1   81   82   72   43   10    8   13    3   38   46   70   62   33    1   65   23   89   11   82   43   48   61   76   15    6   86   97   30   22   42   59   56    3   18   45   32   33   91   51   88   37   21    5   99   76   30   47   86   34   41   23   43   48   63   77    7   47   64   59   36   41    9   27   64   13   90   30   47   99   52   98   48   61   34   64   90   49   99   87   53   22    5   12   56   46   45   15   33   92   68   97   73   60   89   45   99   98   65   10   21   33   39   65   49   52   52   20   20   44   62    1   23   78   27   88    5   92   39   69   57   69   70   80    6   45   56   77   87   45   62   71   90   72   62   17   12   38   27    1   22   83   77   29   27   28   90   69   19   75   89   37   13   11   90   50   19   61   70   98    0   17   63   92   33   49    0   67    6   36   63   39   55   70   10   66   60   26   21   65   59   95   13   18   60   49   23   20   44   24   48   21   32   55   82   21   96   43   79   82   45   91   37   59   21   34    2   43   86   20   27   19   98    8   61   13   44   25   48   53    3   27   66   83    9   18   97   95   76   30   22   68   90   88   61   12   22    8   67   46   21    4   53   45   54   77   22   83   78   47   77   52   55    4   34   38   39    4   18   72   50   63   52   87    8   37   47   98    0   67   27   38
  48   64   74   88   34   47   65    1   46    7   40   77   86   45   36   93   44   58   59   82   99   85   58   45   52    4   28    9   78   54   74    8    1   79   81    4   88   49   51   75   89   94   78   74   80   78    0   59   66   56    6   84   44   62   25   66    2   77   68   83   47    0   13   74   58   12    0   10   12   36   38   61   20   72   43   97   52   76   37   31    3   77   73   68   18   85   30   56    7   27   51    1   86   58   87   41   45   65   85   13   53   20   53   23   81   15   27   75    2   39    5   11   86    5   14   67   53   33   12   71   35   38    1   55   92   88   70   68   42   31   58   83   27   24   18   48   42   76   19   88   33   57   21    4    0   19   45   50    1   39   36   43   29   32    1   13   28    5   39   39    3   14   99   55   12   31   55   95   78   95   57   26   91   53   54    9   45   25   61    2   92   13   78    7   48   21    1   82   14   88   49   83   63   57   11    1   26    4   25   51   26    1   42   10   81    7   26   49   27   87   15   88   38   76    6   45   44   53   20   59   23   78    4   93    0   63   98   20   86   44   30    5   47   94   94   72   34   80   89   87   35   36   21   43   46   44   28   29    4   94    9   48    7   65   12   80   83   50   62   42    0   43   80    9   91   79   85   94   87   11   25   57   52   32    5   84   87   55   60   73   58   83   93   38    6   34   89   66   31   31   18   65   42   63   94   99   38   39   84   65   66   53   91   33   35   73   92   69   13   29   43   93   68   51   83   49   53   74    3   86   63   54   61   33   78   82   36   21    5   29   78   15   81   59   58   49   95   19    9   37   63   64   97   42   58   71   96   84   43   28   33   29   77   39   53   74   51   47   93   32   61   49   69   22   73   11   15   32   42   10   97   35   17   35   88   90    3   95   13   17   67   46   71   32   23   27   46   28   14   94   44   64   18   87   25   38   15   28    8   74
  24   29   26   36    5   92   58   86   22   16   55   38   95   44   19   64   67    5   56   37   87    7   93   64   20   79   96   58   39   48   76   32   47   56   70   48   74   64   74   24   46   42   30   53   44   79   67   99   73   41   69   65   71   29   89   65    7   14   77   25   77   47   33   30   13   19   83   74   46   56   22   91   29    0   34   19   89   54   19   42   97   99   37   57   93    9   31   43   18   17   74   20   95   30   61   77   76   56   33   64   73   36   19   71   83   77    7   42   76   15   53   90   86   53   79   33   54   50   35   71   58   76   69    9   44   89   94   80    0   84   14   66   79   58   34    6   15   68   11   35   87   77   23   83   52   64   33   63   21   88   64   88   86   15   91   24   24   39   30   91   86   84   44   19   11   22   65   19   58   81   97   32   97   77    3    6   81   92   12   18   92   17   57   45   23   85   16   55   75   42   87   41   66   32   68   33   73   66   64   50    5   92   92   38    6    9   80   34   57   37   80   43    3   76   91   40   78   37   12   57    3   77   94   75   64   72    2   83   41   20   86   17   48   34   77   89   27    9   86    9    7   64   11   67   95   62   20   29    2   70   46   86   20   56   63   11   43   71    5   66   87   30   70   33   64   98   83   39    9   10   93   27   92   41   49   53   26   45   61   78   16   85   48   72   97   38   49   28   24   89   80   52   63   23   59    7   15   25   98   91   13   90   85   78   72   63   36   46   31   95   95   47   48   82   18   43    8   94   93   45   67    2   90   42   27   73   96   39   35   53   98   22   75   20   37   77   24   82    9   17   86   60   58   46   57    3   48   13   40   31   72   59   48   71   20   47   12    2   32   66   33   95   63   48   36   68   32   33   44   60   58   78   43   42   45   71    7   69   72   46   33   89   87    0   42   80    6   74   47   14   65   33   25   31   49   94   33   59   75    4
  85   84   93   64   97    6   82   66   35   26   94   63    2   73   84   69   10   98   50   64   49    4   11   22   72    9    5   77   94   65   77   37   71    4   61   49   94   88   59   45   33   90   43   87   20   93   29   26   96   30   43   65   71   60   76   68    4   69   55   45   23   57   69   37   81   47   84   20   92   18   78   27   78   45   72   22    2   37   81   20   61   26   75   59   41   22   71   35   78   98    8   60   89   64   85   79   27   71   54    5    2   11   56   42   69    9   25   14   61   88    5   98   54   75   69    6   40   10   20   74    5   90    8   74   17   62   48   15   12   65   88   92   71   28   68   74   12    6   65   59   78   80   74   21   49   87   90   31    3   15   53   15   16   34   53   69    9   13   64   25   99   95   49   29   79   80   87   24   32   25   50   93   69   35   11   53   62   50   42   82   11   85   69   32    3   27   43   43   43    0   70   94   82   19   14   14   96   78   80   89   69   32   53   83   38   94   37   29   13   41   57   41   32   92   39   35   42    1   44   14   27   16   76   52   43   14   68    1    5   81    6   38   82   97   35   58   19   32   47   32   32   99   82   85   94   23   81   80   44   72   12   60   14   45    9   30   57   34    0   11   20   79   85   48   93   44   72   11   95   77   90   60    9   91    7   38   62   87   32   13   94   46   42    2   99   70   96   36   72   55    3   35   77   47   68   21   94   34   12   68   12   28   56   91   74   69   12   21    8   97    7   96   71   41   92   24   87   65   65   60   64   93   59   40   71   73   83   85   27   69    6   41   20   75   30   98   59   28   23   72   40   70   73   36   99   16   64   47   77   59   10   31   76   49   57   54   16   61   94   65   21   85   53    3   23   56   36   36   18    1    5   50   44   31   34   91   15    5   55   10   64   99   65   23   92    8   19    8   85   24   95   99   63    7   87   76   76   17   78   20
   3   26    6   49   67    0   87   37   51   34   49   35   38   61   58   31   25   31   51   29   19   22   64   22   31   21   93   21   26   69    8   22   70   94   83   62    0   95   46   28   61   52    5   97   95   84   23   13   52   42   48   20   28   80   61   44    6   86   55   73   97   41    9   34   67   94   31   63   69   63   27   26   46   60   71   56   30   14   11   13   21   56   32   82   66   33   21   52   79   35   12   51   24   90    3   82   79   90   91   24   44   54   40    5   65    4   75   21   19    4   69   27   94   59   53   80   97    0   67    8   70   14   93   90   30   18   90   89    6   81   18   29   11   70   58   70   93   81   25   17   69   21   94   36   27   61   66   65   80   24   31   37   95   79   75   45   65   60   99   81   39   20   68   18   50   44   66    7   99   52   40   65   60   55   41   85   65   26   89   29   78    8   34    7   60   53   36    8   53   44   49   21   62   67   55   46   12   47   53   91   34   63   99   36    7   75   64   68   38   81   92   72   14   24   45   92   94   29   39   82   91   99   82   51   72   70   88   94   39   65   24   38   39   19   97   34   72   42    2   21   95   63   27   35   19   38   23   71   75   57   84   44   26   23   77   68   49   60   36   92   38   45   36   21    8    3    6   72   23   14   74   22   88   89   99   62   57   52    5   70   97   55   12    9   52   49   15   59    2   38   82   20   30   62   32   16    5   85   85   22    9   70   14   85   61   83   85   63    7   10   84    5   82   80   42   33   77   17   90    1   26   67   44   91   76   77   78   87   10    4   92   62    3   29   24   37   93    2   21   79   30   13   82   36   99    8    9    0   51   73   19   22   33    5   86   34   89   36   47   97   52   93   73   85   24    8   38   44    7   77   47    9   50   97    5   70   15   87    1   79   67   68   60   12   86   84   65   78   81   19   37   85   19    5   11   13   82   20   28   55
  67   69   66    0   77   23   20   43   22   26   13   32   70   41   55   99   63   63   52    2   76   14   12   80   25    3    0   31   55   16   39   91   14   60   87   90   20   51   31   73   35   52   47   48   56   29   79   41   53   14   12   53   59   53   26   56   49   44   54   33   84   28   34   22   20   71   28   96   56   92    0   63   99   41   59   73   90   74   33   93   24    6   43   52   25   18   23    1   97   84   93   77   52   95    2   92   71   39   59   37   75   40   14   98   64    7   10    4   19   64   77   37   37   53   62   53   56    7   12   34   19   34   13   50   50   98   99   12   99   89   64   41   24   81   84   19   75   25   96   70   76   70   72   54   52   23   28   24    1   10   95   82   37   30   31   90    2    4   31   75   72   69   76   75   40   51   83   12   60   15   57   66   38   82    4   98   68   83   59   74   69   21   28   42   58   62    0   87   89    6   56   37   38   62   35   72   15   25   53   53    0    7   13   95   71   78   55   28   69   59   45   29   32   76   64   75   85   44   88   20   93   34   61   82   72   59   63   95    1    3   95   94   10    0   48   44   27   49   51   84    7    2   22   69   93   59   33   94   12   20   44    7   55   98   25   12    9   23   79   40   36   91   50   33   48   43   54   29   65   95   74   59   23   95    8   80   98   95   13   40    1   75   80   84   75   66   17   46   29   80   37    5   79   27   55   89   81   25   69   95   13   62   67   33   69   58   38   61   44   60   66   78   94   13    7   36   64   77   78   14    5   11   31   51   24   49   66   11   79   69    7   37   79   19   28   32   28   25    2   67   26   61    1   94    2   30    8   93   32   46   29   30   72   48   66   98   83    7   79    1   23   16   27   80   38   21   92   23   87    5   97    8   46   78   53   58   25   22   79   55   88   20   61   91   27   12   90   78   70   46   31   73   43    8   75   11   16   79   53   76
  88   87   64   68   47   73   44   48    5    1   39   18   52    4   90   44   97   13   12   48    9   45   52   91   68   32   88   64   10   71   61   88   10    1   20   69   84   92   80   70   42   49   97   43   64   89   69   18    5   21   28   15   55   69   58   12   22    3   12   56   16   90   52   32   72   44   35   91   97   86   23   49   53   40   20    3   44   63   92   11   98   66   29   33   52   81    5   97   99   26   49   27   65   76   53   61    9   43   68   48    3   53   61   47   90   47   11   81   51    4   79   53   12   18   99   52   79   75   78   19   91   50   56   24   47   69   20   47   38   22   72    3   62   99   21   46   20   57   83   90   57    8   89   63   19    4   67   80   80   36   14   69   84   95   78    7   63    7   14   62   27   12   77   80   45   93   48   63   80   33   56   91   94   28   13   86   36   49   86   79   56   70   31   59   68   53   57   81   39   16   96   99   11   70   65   90   78   69   27   48   49   79    4   38    1   15   24   23   65    9   24   76   20   45   84   26   41   46   18   87   16   92   83   29   49   47    3   30   88   54   99    5   67   50   72   57   49   79   75   50   61   34   77   94   82   15    7   70   87   23   11    0   65    5   98   74   23   74   99   93   36   35   51   96   84    0   50   28    6   88   36   31   30   74    0   29    2   15   35   26   78   77   75   54   28   29   19   82   92   21   83   68    6   15   89   31   64   28    9   42    6   45   60   79   23   46   37   86   81   91   15   59   71   44   71   37   63   67   53   29    5   49   25   73   28   19   24    6   11   49   11   47   95   89   49   34   26    5   90   46   61   47   20   88   28   93   19   93    4   12   50   13   25   89   81    4   51   14   65   96   49   20   19   88   39   71   74   27   38   35    2   22   86   92   59   39   80   84   73   45   33   60   58   94    2   29   79   55    0   96   27   19   58   15   19   18   61   88   20   25
  26   40   85   92   90   66   27   31   39    6   74    8   58   63   14   22   24   49   47   80   40   51   86   14   37   87   56   31    6   85    4   94   77   15   64   96   62   98   85   15   11   98   89   92    4   76   18    9   87   99   28   14   42   44    6   47   23   79    8   63   15   84   67   76    6   10   40   50   13   62   88   50   19   48   75   81   88   91   72   70   12   93   14   13   89   97   42    7   10   51   51   82   16   78   89   86   99   75    4   54   59   86   55   90   44   65   15   81   37   82   66    5   97   86   61   43   42    7   14   19   42   25   36   25   10   89   32   94   12   72   89   82   56   24   20   22   74   13   73   45   11   59   95   32   10   31   32   53   76   81   29    2   31   53   87   62   97   65    6   28   11   54   66   64    6    5    6    9   89    2   38   19   97    7   46   40   22   44   13   71   78   84   98   46   10   28   37   87   92   94    0   54   59   40   11   78    4   56   24   30   73   26   48   72   87   57   98   97   78   83   17   15   60   97    8   94   65   80   61   30   80   33   52    4   32   15   82   45   86   15   70   20   95   42   13   61   34   84   20    9   88   10   60   22    0   58   23   70   75   87   60   65   18   67   99   91   52   73   11   13   28   95   28   77   27   18   79   66   26   30   39   69   10   88   17   17   21   39   92   44   22   29   41   72   46    1   65    2   63   98   33   59   45   11   93   35   66   39   65   96   32    9   47    2   51   83   87   46    5   15   97   26   72    3   25   40   49   63   22   79    9    0   24   30   36   52   68   88   92    0   81    6   95    4   38   74   16   61   77    8   31   44   48   41    9   46    8   33    1   28   54   17   57   54   35   62   55   72   75   32   94   49   48   50   40   31   66   94    5   71   39   69   47   25    7   64   84   80   54   87   70    4   75   62   14   71   73   18   23   66   72   49   51   83   75    4   26   51   35   24
  82   94   49   92   47   40    8   84   28   37   91   76   13   20    9   58   18   86   12   42    5   81   44   38   79   25   15   90   69   29   20   23   95   85   95   93    4   65   22   88   57   29    6   39   33   94   85   97   40   30   11    3   89   30   77   75   26   54   21   57   60    9   95   45    3   87   60   30   83    6   87   33   57   23   29   87   85   73   36   43   34   50   56   17   28   27   64    5   35   49    1   86   73   65   48   22   29   36   73   55   20   40   39   86   52   42   19   39   53   27   97   30   83   86   88   89   17   85   31   11   43   24   40   65   19   76   54   23   28   25   99   12   30    8   19   77   51   87   42   88   85    3   23   67   40   39    4   78    2   67   77   66   52   10   94   91   41   88   26   37   77   16   72    5    6   87   19   45   76   45   30   53   60    9    6   64   53   77    4   24   16   87   85   11   71   96   23   22   34   20    8   76   83   93   78   95   26   48   54   30   26   92   55   98   76   39    0   89   13   51   76   98   79   94   23   92   16   87   49   62   34   31    5   19   71   95   96   22   32   56   63   80   73   75   68   40    8   79    8   80   46   83   54    0   50   93   22   60   34   30    4   37   17   21   45    4   82   59   33   55   45   67   79   60   44   80   43   22   36   68   57   89   48   82   54   50   47   86   69   31   78   62   18   86   64   94   90   13    1   10   27   50   56   40   38   33   15   36   46   38   12   67   24   60    5   35   60   87   34   36   37    0   16   14   14    5   95   49   62   39   59   16   98   63   79   41    5   57   20    8   91    8   16   76   65   97   17   62   40   27   57   34   85    8   67   98    2   86    2   63   81    4   13   18   81    9   76   74   55   87   53   51    4   67   14   76   56   34   65   98   43   45   82   82   27    3   94   10   91   22   16   16   41   96    3   68   90   64   57   54   44   93   70   48   21   49   38    1   46   78
  97   77   83    0   94   52   52   72   12   15   83   88   16   37   84   79    2   56   50   56   71   28   48   50   95   95   65   25   22   83    6   40    1   81   31   76   28   80   10   74   65   47   89   83   35   26   91   84   47    8   61   97   74   31   92   70   42   93   54   36   16   91   81   83   31   29   95    0   50   83    6   70   89    4   10    4   93    1    8   83   69    2   76   66   22    9   59   74    0   23   50   42   98   88   42    2   75   12   34   24    3    6   34   72   97   50   86   66   27   59   56   24   46   92   47   34   57   46   74   30   84   15   70   51   67    8   48   75   54   38    9   85   30    1   37   55   70   64   27   29   68   12   69   33   26   48   12   22   67   92   94   38   28   35   51   68   28   97   59   44   81   96   15   18   53   68   99   65    1   56   21   58   70   13    4   98    6   27   10   83   10   90   54   91   41   23   62   17    3   43   45    5   38   35   52   19   90   95   60   96   31   40   62   98   88    6   69   76   32   10    2   22   81   27   49    8   95   78   44   93   37   40   91   36   60   23   13    2   49   10   74    8   67   94   66   85   15   71   37   56   57   94   59   41   89   60   19   44   26   92   82   26   43   69   14   64   68   38   72   65   69   51   62    2   65   73   85   20   76   76   53   22   53   45   83   27   56   11   39    3   99   92   46   12   42   49   93    8   45   87    2   56   31   25   66   96   51   41   18   27   38   84   42   79   65   33    4   23    8   99   85   67   30   55    6   57   17    8   16   87   36   52    4   72    2   17   68   97   82   48   58   71   12   21   24   67   70   10   53   96   21   63   27   18   28   81    5   85    7   38   40   91   96   98   89   54   60   57   96    7   99   58   41   15   51   74   23   42   40   51   23   89   77   61   22   49   25   15   24   96   86   31   83   97   22   91   94    1   60   26   49   18   25   54   71   13   48   45   30   80
  37   84   86   75   76   50   22   60   99   73   24   29   96   12   20   17   62   38   78    2   70   85   71   66   90   36   30   35   28   42    2   49   63   37   45   98   38    3    3   68   75   59   43   38    6    2   55   73   31    3   82   71   22   65   52   28   64   18   81   53   78   30   35   79   78   23   10   94   46    9   54   24   53   48   65   46   16   88   76    1   93   79   69   15   53   22   68    6   76   65   89   41   25   25   74   83   71   94    7   52   97   80    7    7   52   68   78   45   83   73   57   12   20   91   95   88   21   37   80   11   33   32   85   79   34    7   87   48   32    6   71   79   82    4   73   66   19   32   34   92   77   28   35   52   32   59   81   82    2   81   48   36    0    3   35   74   99   80   86   67   23   34    4   86   43   99   40   35   72   69   30   68   82   24   25   36   70   82   64   69   85   88   34   98   71   41   32   71   29   90   10   87   47   50   51   37   41   91   64   93   13   90   76   60   75   45   71   73   38   52    2   38   21   49   52   58   19   34   32    4   56   76   54   54   92    5   51   51   89   36   27   48   77   49   37   99   61   34   15    3   71   59    0   29   27   75   93   84   14   43   91   73   52   89    8   98   88   66   94   91   67   19   28   27   30   20   44   67   47   72   86   93   92   68   29    6    3   83   50   21   32   63   61   93    9   68   96   43   49   39   16    3   60   76   92    3   72   91   88   47    2    1   20   54   82   37   10   57   30    3   47   64    8   48   52   68   49   10   36   98   90   39   66   67   67    7   28   52   41    4   56   50   47   59   95   87   92   65    4   37   60   82   17   44   71   51   78   28    1   52   81   70   82   39   70    8   11   86   85   74   81   21   21   45   43   72   88   63   27   51   43    1   77   94   18   69   16   80   97   98   40   29   70    2   56    6   62   61   96   51   31   27   99    3   41   89   84   85   85   32
  48   59   10    2   63   20   96   81   40   33   40   79   10   79    0    9    6   36   43   31   99   31   57   61   28   31   28   39   52   83   37   76   66   63    9   38   77    4   48   10   46   85   17   37   35   89   84   65   91   25    5   96   14   73   31   90   88   91   88   55   37   84   18   37   49   82   58   82    0   35   55   96   51   45   30   44   54   63   51   96    4   87   44   87   53   76   60   61   82   51   20   74    0   21    3    9   80    6   16   14    7   78   29   17   53    7   28   79    0   33   27   38   20   57   77   74   77   53    0    0   80   20    9   69   27   35   73   21   83   97   25   14   62   97   53   40   24    3   25   37   58   91    1   86   79   11   41   81    6   21   18   32   69   66   80   89   44   86    5   47   45   98   95   50    7   42   66   75   71   75   94   91   98   95   32   82   49   32   52   30   36   65   70   88   80   67   75    8   92   61   93   38   28   86   21   93   25   54   80   13   54   98    8   83   69   29   26   85   41   97   44   75   26   40   50   73   21    3   14   40   46   96   59   95   14   57   92   61   56   74    7   69   50   78   56   95   49   75   89   48   82   45   19   85   86   11   74   80   84   36   10   74   64   54   97   34   74   92   60    1   68   20   10   46   75   58    5   68    4   33   27   49   59   34   47    7   15   76   95   35   65   52   96   12   22   43   69   80   75   47   92   85   12   89   42   16   32   83    5   15   26   71   58   36   75   49   91   35   68   71   66   10   85   65   64   20   42   55   49   80   98    4   37   56   39   76   92   45   83   32    1   86   92    9   20    4   13   62    8   85   54   89   20   58   71   57   84   80   16   94   18   85   42    5   15   73   80   18   22   32   44   19   84   96   20   23   58   31   55   78   96   12   57   84   51   24   67   12   89   27    4   43   22   38   28   73    2   34   16   48   10   92   57   24   67   91   15   96   95   78
  91   77   91    6    2   49   92   33   36   40   56   13   20   10   16   20   24   86   15   46   83   24   72   15   66    5   39   66   35   82   42   40   16   46   46   61   24   35   76   50   54   44   51   20   68   53   98   44    9   84    1   28   11   70   84   29   29   51   94   67   52   88   51   29   91   63   11   18   91   21    2   42   25   64   85   16   35   98   16   92    9   28   31   43   33   16   53   13   69   77   84   10   20   23   48   15   15   13   38   82   85   53   10   52   38   95   29   22    9   60   54    1   18   92   81   30   73   39   52   88   34   52   81   92   20   64   23   29   72   74    0    3   36   95   29   94   26   90   47   86   18   47   87   20   50   18   44   20   25   85   81   27   66   32   49    0   71   17   86   87   23   72   21   78   44   54   27   14   38    0   30   47   91   47   78   19    7   64   15   45   64   50   43   45    9   68   36    6   70   31   30   73   80   18   87    6   77   17   78   66   22   17   28    8   87   55   16   49   89   85   83   23   13   85   57    4   34   49   18   37   31   51   53   96   60   71   73   89    2   12   17   43   30   52   15   54   13    7   31    1   99   81   67   48   75   25   96   15   94   98   87   69   77   78   43   70   26   55   10   15   27   41   63   63   95   83   81   96   97   54   98   82    3    8   35    2   26   23   11    6   38   76   90   70   29   24   47   10   56   90   27   41   51    3   91    1   71   74   81   41   25   47   22   25   86    3   42    8   46    5   66   30   33   51    5   49   62   21   69   97   61   28   55   71   54   43   40   61   76    1   39   10   29   50   49   12   11   64   70   33    6   79   83   19   42   75   86   45   51   43    5   12   39   45   99   65   89   13   96    7   97   20    7   74   98   18   80   81   20   80   64   19   88   34   36   69   24   33   58   70   70   70   95   39   15   95   24   16   77   58   24   18   12   39   98   19   88   39   67   61
  20   93   89   11   82   60   72   28   69   28   18   62   17   53   99   60    2   64   17    6   63   87   61   56   38   26   46   39   34   82    3   97   35   55   43   66   29   77   77   92   92   51   21   12   89   83   38   85   42   95    1   27    9   45    3   76   45   12    3   32   16   90   38   99   89   75   42   94   42   79   51   67   41   71   77   21   44   90    3   31   77   84   76   69   51   10   29   74   71   62    7   49   66   81    9   54   73   90   38   52   64   34   19    1   46   49   56   67   93   49   37   90   89   69   27   19   70   22   13   28    5   37   74   34   86   30   16   55   49   38   11   97   89   45   24   17   13   69   14   57   23    1   33   56   31   50    5   34   12   90   30   95   89   36   81   61   65   37   49   41   17   91   54   38   66   68   40   11   66   18    7   79   44   57   43   31   15   43   86   66   64   75   12   81   28   44   41   70   78    4   98   44   79   67   21   49   62   65   70   79   65   78   21   46   83    7   50   59   16   99   31   95   31   71    7    9   18   92   44   66   77   45   22   74   58    0   37   35   12   17   62   79   92   60   30   71   70   50    7   12   53   14   24   39   81   55   78   11   74    0   44   42   64   40   19   80   11    5   79   43   68   64   47   94   53   14   49   96    5   38   79   10   45   68   17   31   26   74   78   68    1   85   40   50   14   54   27   19   74   77   61   69   61   79   90   34    6   14   96   40   40    4   71   56    0   73   88   90   79   69    0    3   45   16   67   48   61   82   47   72   45   57   40   89   58   74   87   19   18   31    6   90   31   59   81   52   31   14   33   43   45   35   61   88   19   54    5   88   19   47   91   12   94   93   62   51   51   67   18   24   61   24   57   86   54   15   55   43   88   91   64   74   31   63   14   24   43   26   17   26   25   32   87   20   90   14   48   98   16   92    2    2   16   33   35   86    3   18   29   48
  41   53   54   26   83   69   23   11   64   98   19   40   27   25   23   73   25   82   80   80   33   77   37   63   83   84   43   10   49   27   54   63   72   18    3   97   34   93    8   11   57   10    6   53   42   82   77   68   29   31    6   28   13   83   12   45   36   62   35   93   52   52   22   66   59   75   41   96   54   56   90   93   55   19   23   86   11    3   48   25   75   15   74   44   97   73   14    4   82   53   56   97   21   82   45   70   77    3   46   64   91   76    0   48   70   41   46   60   14   84   99   64   59   87   40    6   57   89   48   47   66   65   69   77   32   37   33   55   90   88   91   36   95   17   81   66   70   62   31   69   83   37   14   14   45   28   40   79   57   55   95   46   13   72   87   39   64    0   84   66   35   90   59   33   54    4   51   16   82   12   29   47   77   64   33   96   13   94   52   42   91   87   98   19   73   54   24   46   17   37   88   63   15   50   40   45    5   42   94   80   51   19   74   48   90   83   82   28   24   34   98   31   85   43   30   64   52   67   29   96    6   64   41   31   57   33   62   39   59   58   60   84   33    3   90   99   66   72    6   79   81   50   81   26    9   92   62   48   85   60   40    3   80   29   78   27   58   21   47   35   89   17   77   87   50   81    1   94   46   24   67   89   68   31   13   67   47    7   68   92   77    1   31   85   22   88   54   75    6   40   93   23   94   21   52   51   80   72    2   92   25   18   50   93   26   52   98   52   46   55   33    2   61   94   25   47   28   16   96   61   17   29    9   50   82   52   95   77   68   39   41   41   67   37   40   61   99   89    4   23   22   22   47   55   79   34   42    9    7   93   82   28   36   48   82   62   57   75   17   19   68   96   28   58   85    6   73   40   77    1   56   22   27   42   93   68   52   99   70   15    0   48   59   69   52   40   51   61   50   19    3   21   18   67   66   63   48   25   65   50
  69   57   75   74    5    2   55   55    4   11   68   26    6    5   10   71   63    6   24   21   35    5   81   90   13   33   15   87   26   52   54   53   50    9   72    1   20   59   47   21   71   18   29   53   52   29   19   51    0   58   42    7   21   99   27    2    6   15   30   82   75    3   38   68   56   87   63   55   73   62    7   83   27   14   89   74    5   51   98   17   32   73   87   26   27    6   64   81   85   57   93   67   71   59   33    3   37   17   63   63    9   70   34   29   74   20   45   30   69   30   68   57   83   74   41   70   46   16   93   85   47   60   54   25   31   54   56   20   29   31   27   71   49   19   81   63   99   66   26   96   89   92   40   59    2   66   39   93   23   39   75   97   14   13   16   51   38   96   70   58   88   69   80   11   59   93   89   83   56   24   31   98   84   50   76   73   72   68   99   63   61   80   40    8    6   61   52   48   97   96   40   10   14   59   93   11   66   91   80   97   51   90   19   73   44   81   93   70   61   91   84   44   83   25   52   58   86   56   27   50   33   87   27   48    4   81   85   26   14   72   90   38   51    2   44   35    2   88   94   28   56   23   40   72   43    0    9   35   90   60   90    9   80   40   13   59   83   73    5   18   17   66   80   98   77   89   48   67   79   44   97   14   22   24   77   89   68   20   23   24   53    4    3   80   79   70   31   20   49   78   80   60   17   62   31   99   73   99   35   50   82   54   94   88    6   14   27   44   13   54   74    6    1    0   64   78   56   84   30   57   21   52   73   39   37   57   89   97    1   68    7   24   29   27   28   69   97   37   80   72    3    7    6   26   28   38    5   51    7   45   61   66   68   19   97   44   92    2   42   77   15   36   72    9   96   48    2   81   66   20   20   39   89    6   78   12   88   17   50   54    1   64   18   74   35   28   58   56   18   98   68    5    1   98   90   54   93   73   62   34
   7   21   53   65   50   12   87   80   22   86   22   77   41   70   86   45   27   38   72   57   39   24   71   26   70   44    2   76   65   54   10   92   41   45   51   83   75   97   37   34   64    6   62    2   98   97   98   71   84   10   87   42   46   37   52   74   16   61   33   76   64   80   76   30    4    5   62   21   45   80    4   95   86    0   90   70   28   74   34   21   44   27   78   59   29    8   90   90   29    1   61   16   99   84   44   44   79   96   33    2   37   61    5   70    3   10   89   46   37   50   28   70   54    9   32   35   16   50   15   96   50   66   76   99   82    0   41   88   36   82   20    0   74   69   71   71   84   63   95   23   41   45   25    9   62   93   38   72   50   93   63   19   90   50   86   27   47   59   59   63   19   95   56   37   71   84   27   87   30   46   97   25   77   41   60   76   83   69   20   84   73   93   26   58   20   48   90    8   34   39   70   42   80   85   28   92   36   57   50   91   64   15    5   64   89   49   78   43   95   31   73   77   27    1    6   33   97   18    1   24   89    1   41   67    1   11   14    5   96   34   59   16   62   67   22   66    2   53   77   94   29   81   41   56   43   89    9   27   24   45   43   50   44   14   96   86    7   16   42   40   87   73   47   19   61   29   53   47   71   91   70    0   50    9   51   89   64   32   65   91   60   35    1   32   97   61   98    0   44   45   11    9   56    2   16   10   75   37   24   84   51   38   52   62   84   79   45   51   98   55   34   58   67    9   93   98    3   46   82    1   38   46   20    8   67   85   92   16    1   56   13   21    3   17   59   92   67   75   49   11   33   30   45   44   53    4   31   36   32   88   19   89   54   38   78   93   60   30   22   43   93   73   65   86   63    7   79   21   73   33   41   40   70   88   56   33   90   96   49    7   78   81   87   53   96   66   63   37   75   18   73   12   80   14    4   73   74   30   28   38
  34   72   98   30   57   83   60   38   52   53   41   10   50    4   19   85   33   42   66   48   58    1   52   33    6   78    2   69   18   16    3   19   63   64   22   40   51    4   36   77   32   30   19    1   84   13   10   64   15   26   15   55   59   38   38   48   39   95   42   13   94    3   82   60   78   15   22   48   86    4   74   97   91   83   79   73   22   64   75   53   21   92   32   64   51   92   98   49    8   70   46    5    7   52   98   79   25   48   78   88   13   26   98   74   52   12   71   18   96    1   85   98   85   84   79   21    8   27   91   56    7   78   30   78   34   21   79   82   20    0   40   34   81   56   46   77   91   73   68   12   69   43   42   83   29   79   75   20    2    6   87    1   63   31   40   23    4   35   62   10   54   41   61    1   85    0   80   54   37   82   75    9   30   26   10   56   87   84   63   38   54   86   60    9   83   63   72   52   69   69   40   13   21   72   21    1   14   40   98   35   76   55   49   65   91   67   56   45   23   65   94   58   22   46   20   36   73   98   42   30   49   73   60   77   42   28   89   98   70   34    4   21   83   98   81   63    1   73   86   89   22   30   80   74   87   26   13   16   50    0   89   30   84   99   15   66   88   87   12   12   32   23   68   34   35   66   14   17   70   32   49   79   27   78   89   18    4   30   35   30   86   32   73   51    6   59   14   49   42    0   12   14   76    6   44    7   95   83   32   40    6   10   88   96   42   35   69   67   38   66   71    9   68   83    8   77   26   72    8   59    7   72   43   60    0   10   24   48   53   56   83   91    0   86   93   47   77   54   93   74   32   83   58   55   34    7   63   31   29   98    0   70   26   63   79    2   73   13   16   71    9   60   26   76   20    1   45   50   67   76   98   38   86   87   20    1   63   80   84   89   74    4   57   53   41   31    3   32   38   25   46   27   63    6   34    3   19   41   10   73
  74   26   24   61   48   37   35   53   90   68   45   32   91   29   84   84   69   42   47   69   90   47   42   31   20   12   86   52   82   68   33   76   92   22   36   42   96   67   99   54    6   96   41   70   41    5   24   72   26   45   68   76   82    2   57   78   42   23   82    8   68   13   37   96   39   44   72   53   85   45   21   24   88   82   69   78   20   19   87   50   24   19   61   24   73   26   95   33   18   86   20   48    8   26   18   91    2   39   46    9   70   55   14   56    2   41   65   43   51   70   39   57   11   50    8   27   43   98   93   58    5   95   71   48   28   11   53   13   13   64   89   24   97   27   33   50    4   37   96   46   73   19   62   29   89   30   10   37   68   24   53   39   28   57    8   29   80   58   15   18   21   82   34    7   95   40    2   44   49   90   82   85   86   22    9   10   68   86   18   91   77   95   34   40   73   69   12   85   12   90   62   24   17   54   88   82   13    1   71   94   27   82   79   37   82   28   74   34    6   48   61   63   15   86   82   91    9   93   15   97   48   95   72    9   20   54   87   91   84   56   54   18   59   20    7   50    1   34   11    4   39   42   33   45   10   69   93   91   60   12   83   75   51   90   95   20   24   40   19   35   42   34   64   86   61    8   81   25   45   42   14   94   30   13   64   29   35   67   26   70   17   83    8   28   81   63    2   44   39   96   86   78   78   28   15   62   36   93   23   92   12   85   15   17   71   44   22   30   45    0   90   60    3   78   73   44   69   91   95   52   29   79   78    1   18   47    0   28   37   43   41   82   53   23   92   82   39   87   44   27   61   49   68   47   37   12   59   91   41   66   71   68    8   75    0   16   79   73   26   21   77   86    2   37   54   86    7   63    4   40   95   45   11   58   68    2   57   16   19   77   68   50   66   55   38   45   73   97   76   52   37   88   56   37   72   32   77   19   35    4
  75   59   52   50    7   49   35   35   60   40   17   67   28   28   47    3   75   55   68   52   43   46    4   54   99    9    1   57   82   62   39   78   50   90   63   68    4   45   89   33   63   23   67   22   77   98   36   54   16   86   67    3   66   33    3   29   56   45   42   68   43   78   54   39   36   77   86    1   30   53   22   38   76   70   74   49   37   96   13   75   99   71   13   95   23    8    9   43   48   66    1   16   10   42   91   34   84   33   13   22   33   84   95   26   30   50   82   40   63   58   35   98   19   75   49   41   58   54    4   35   67   97   90   44   32   57   33    8   75   33   28   86   51   63   76    7   13   72   36   75   50   49   35   81   83   53   54   43   12    4   47    6   97    3   52   46   74   73   91   14   75   93   62   96   83   84    6    2   73   59    5   96   50   23   97   77   64   94   18   40   23   66   84   97   53   10   90    2   10   98   18   39   37   33    7    1   31   37   67   53   87    2   20   33   42   42   88   49   71   10   47   25   87   47   68   91   39    3   83   66   25   42   99   85   52   48   42   92   62   25   48   12    1   38   70   34    9   21   81   30   29   51   90   36   31   16   45   91   56   14   64   34   12   58   45   28   38   69   57    6   61   30   20   96   63   64   50   22   65   25   81   87   57   79   91   79    7   84   73    8   70   48   92   79   73   31   44   98   20   87   94   42   51   99   71   73   94   31    6   53   34   85   42   99   67   18   28   60   94   74   19   65   71   82   40   71   94   63   78   83   82   39    8   54    8   55   55   51   87   22   35   51   81   46   72   23   73    2   43   89    7   22   10   47   94   52   98   16    9   45   43   12   25    1   35   30   47   82   26    9   15   76   11   15    6   90    3   46    8   59    1   49   82   35   14   84   90   93   25   53   92   73    9   58   89   72   96    9   31   81    0   94   24   33   46   60   76   33   37   59
  94   52   64   28   53   65    6   22   24   72   72   87   32   29   30   99   91   51   10   31    9   84   39   56   53   34   27   75   66   80   31   21   63    5   77   57   86   62   66   97   22   60   29   47   25    8   43   31   12   73   86   46   67   82   28    6   63   25   15   75   61   86   11   29   12   26   96   86   38    2   52   83   31   76   18   45   42   60   40   99   91   63   25   32   77   35   45   69   52   67   23   99   87   72   11   75   65   42    9   24   83   95    6    7   60   16   77   73    9    5   67   37   46   99   25   98   63   79   42   76   18   84   19   80   69   11   33    5   81   72   11   87    5   59   90   55   75   72   80   69   29   41   91   50   10   95   16   46   82    1   12   24   53   33   54   40    8    1   32   50   65   30   18    1   59   52    0   21    4   65   89   68   73   43   83   66   22   45   18   55   14    7   41   51   61   39    8   31   26   34   84   15   59   99   65   70   57    7   16   71   55   82   11   52   57   69   66   70   66   89   58   81   61   42   41    3   71   36   23   40   66   60   33   79   16   11   99   47    0   30   13   78   87   43   38   39   19   14   99    8   80   97   23   12   14    3    9    7   33   96   34   16   67   74   56    4    5   92   97   64    1   23    9   56    6   87   89   84   30   26   14   17   38   63   99   73   29   71   79   52    6   87   63   70    5   37   33    4   84   20   28    5    0   12   51   78    9   67   38   49   35   94   24   63   58   16   86   65   63   52   83   67   54   29   47   58   24   87   39   52   52   25   86   25    1   90   84   97   92   24   22   12   64   94   28   81   38   50   56   13   27   43   61   14   55   72   34   53   89   20   90   20   80   36   75   66   87   11   56   98    4   47    8   20   64   24    4   38   70   99   65   56   53   55   65    5   70   26   77    2   40   82   94   99   70   73   29   79   42   63   41   85   64   42   12   75   33    8   16   54
  47   46   55   48   23   35   72    4   73   43   15   98   28   71    5   94   55   72   64   23   13   31   58   34   90   61   36   20   57   21   55   13   57   15   88   32   27   44   69   95   93   77   85   11    8   99   16   12   99   92    2   84   87   33   82   69   13   98   92   36   52   41   81   11   62   49   14   15   90   83   41   16   70    7   37   18   48    0   35   31   53   70   89   94   85   42   82   50   90    8   17   90    4   46   50   13   99   20   20   75   83   14   79    5    9   76   81   73   40   65   40   95   58   23   36   49   92   32   68   25   99   92   52   13   46   46   54   32   19   43    6   39   97   64   50   48   47   88    1   68   66    9    4    7   23   18   28   96    7   80   37   29   81   29   19   50   39   21    2   63   94   80   80   10   31   81   48   87   93   63   71    1   45   79   29   88   44   22   17   17   47   14   70   88   88    0   90   64   96   42   96   30   28   97   10   69   68   43   70   57   42   19   87   88   67   69   88   47   98    8   51   70    3   35   85   72   29   13   83   36   61   25   84   28   75   83   15    7   35   92   30   46   59   76   60    7   76   85   46   82   80   57   71   11   42   77    2   15   56   70    2   14   78   31   66   56   33   33   27   69   89    8   26   13   67   29   83   55   27   70   85   68   51   64   79   45   24    0   87   75   53    6   68    3    7    9   67   51   99   39    4   60   45   85   78   36   27    6    1   12   70   17   23   53   41   95   44   98   60   63   49   79   87   60    5   51   28   18   93   70   62   91   47   20   20   74   84   17   11   91   58   83   62   43   87   58    3   89   12   31   72    0   82   30   87    3   67   70   61   27    0   17   79   15   41   22   10   11    3   68   96   76   60   41   39    0   61   18   49   39   68   38   73    2   60   18   43   56   91   21   53    0   24   38    2   73   59   45   65   14   20   39   71   69   92   75   34    5   82   59
  43   23   41   65   38   83   19   33   13   68   50   83    6   46   40   76    5   38   53   49   68   81   66   77   73   11   70   78   33   50   25   31   19   75   79   34   21   19   59   73   87   17   91   32   14   15   47   62   85   50   10   71   11   26   29   77   88   15   84   36   75   99   77   26   62   55   16   92   40   87   48   54   83   51   29   12   32   67    2   14   38   20   59   65   64   23   24   65   70   87   45   48   98   36   22    7   49   29   47   75   17   78    1   61   25   88   29   89   15   57   21   69   60   50   52   93   42   20   80   92    3   40   98   76   86   82   99   19    8   91   53    7   64   74   89   96   78   97   21    8   81   79   79   19   31   56   75   38    4   66    4   49   83   55   21   19   29   34   83   81   79   11   41   62   71   28   39   70   12   74   24    9   58   81   38    1   63   97   61   94   16   11   46   94   88    2   29   49   95   73   92   19   91   59   72   75   56    4   15   40   42   77   36   32   22   29   79    0   62   54   70   26   76   23   27   50   38   70   37   63   18   82   53   23   29   10   58   76    8   70   84   64    1   98   82   52   83   76   68   29   71   12   24    8   49   41   61   50   41   79   65   34   24   48   89   76   71    4   62   54   39   87   64   22   67    0   70   50   44    8    5   36   90   57    8   25   78   50   65   21   65    1   14   67   45   79   83   94   69   24   15   17    0   18   21   13   89   97   35   44   33   60   17   49   69    6    9   83   67   56   47   13   81   98   26   96   56   83   60   96   39   84   39   57   71    0   49   64   77   35   75   10   66   41   33   62   65   56   22   18   38   72    9    5   30   70   25   60   33   40    8   10   10   17   47   10   43   66   36   63   56   26   25   57   34   91   50   46   38   70   66   52   71   75   26   31   74   35    9    0   66   26    4    0   63   40   79   38   94   62   25   14   11   33    6   83   34   22   56   44
  53   26   32   25    2   96   73   97   67    3   13   22   88   88   19   58   26   79   28   45    5   75   81   21   63   61   28   92   53   80   55   91   38   11   18   96   43   59   87   38   50   75   20   50    5   99   30   50   81   85   47   34   31   60   93   58   67   65   15   19   91   50   99   20   20    7   17   70   89   20   68   71   48    3   94   54   18   53   43   46   81   66   25   33    9   77   31   96   82   56   16   97   73   58   61   68   53   31   55   89   33    7   39   29   23    4   14   94   46    6   37   67    8   40   92    3   51   75   27   78   90   26   90   28   95    3   46   61   34   55   63   66   86    5   64   62   89   25   24   35    1   87    5   66   47   39   30   86    8   80   88    2   52   47   23   33   64   65   99   25   36   53   71   78   23   49   40   68   88   37   58   83   24   14   12   69   92   69   24    0   88   33   77   72   50    3   97   10   38   48   67   20   26   59   31   34   54   80   11   68   52   48   42   48   69   54    7   18   87   24   78   55   70   40    6   10   25   13   16   35   94   37   47   85   70   87   45   64   87   74   32   99   47   13   16   79   90   43    5   79   19    6   60   14   72   67   53   83    7   63   29   22   51   95   96   69   42   46   16   97    2   25   47   58   47    7   67   35   28   36   73    2    3   67   30   61   40   78   48   11   32   47   81    5   11   18   19   47   13   47   13   89   32   78   94   15   65   39   84   45   81   90   24   16   71   73   32   31   28   25   95   12   83   61   83   58   63   65   48   95    8    8   95   36   28   38   21   80   94   72   27   13   91   44   76   19   25   81    8   97   45   95   28   11   39   62    7   79   49   51   99   96   56   55   26   23   88   18   65    6   57   80   58   37   58    4   59    5   38    8   47   77   22   43   24    5   57   25   60   14    8    8   22   51   74   38   66   51    7   48   76   65   60   43   94   41   44   57    7   69
  97   57   47   85   89   39   95   43   47   85   98    9   98   93   89   59   98   42   57   69   67    5   42   57   50   85    6   55   50   39   20   31   47   11   97   51    5   82   38    3   43   35   52   79   54   27   53   19   85   85   62    9   80   17   82   95   12   10   88   72   12   82   21    0   28   40   23   56   96   69   33   43   45   53   65   44   97    8   56   18   19   86   60   61   18   27   32   40   63   83   23   27   96   12   39   70   39   77   29   31   60   44   58   61   49   23   24   51   26   71   13   56   90   70    7   39   54   19   53   49   46   20   17   70   29    6    9   93   81   54   28   12   27   75   70    1   72   98   66   81   56   25   77   52   61   71   25   38   18   17   96   28   78   71   66   82   61    7   79    5   22   58   44   48   30   96   75   43   44    4   88   34    5    8   68   53   48   43   87   10   46   81   15    8   25   58    5   39   58   78   16   59   20   40   60   81   98   48   96   15   51   99   19   39   36   17   55   47   73   67   32   87   87    6   97   79   23   11   79   70   15   87   92   22   94   73   74   24   90   22   61    9   71    8   38   54   87   71   45   42   73   80   62   57   69   73   19   58   93   96   64   65    3    7   44   91   29    9   84   35    8   30   30   36   46   98   96   68   44   17   35    6   39   91   45   85    4   38   91   32   10   42   64   53   64   13   54   17   54   11   31    3   76   35   63   28   22   30   32   45   15   79    8   47   71   83   86   64   41   57   40   99   12   64    5   11   30   18   27   15   35   52   40    9   17   88   28   39   56   10   86    5   73   50   14   37    3   72   72   15   18   24   16   40   12   82   81   43    7   17   13    5   22   59   30   23    8   58   30   79   25   78   35   85   54   68   57   98   17   61   94   77   11   83   76   23   97   37   24   74   60   82   34   41   13   50   51   82   45   83   10   81   77   31   79   59   91   94   25   29
  98   58   31   99   61   25   14   89   46   33    5    8   60   41   72   16   53   99   62    3   38   77   53   83    0   29   76   90   63   57   89   90    0    8   85   35   83   18   69   45   76   47   13   30   93   71   67   90   12   63   75   84   21   64   24   85   23   57   18   18   14   22   45   35   68   16   80   17   23   96   33   31   80   98   87   91   26   61   89   41   41   45   34    9   99   11   17   42   72   90   25   94   16   14   48   61   99   83   65   65   10   28   48   95   48   98    7   45   97   15   28   25   11   90   44   79   88   38   46   48   30   85   91   39   92   82   70   71    0   75   71    3    2   56   80   94   32   94   69   92   36   58   83   91   94   51   30    6    7   75   83   57   66   80   79   39   90   73   98   34   66   78   52   34   31   58   72   61   42   17   31   57   62   77   43   30   10   82   83   63   64   62   72   67   96   77   69   77   19   43   60   78   61   58   19   47   62   88   62   48   85   48   36   10   15   87   17   76   77   88   62   99   44   27   35   83   58   69   16   43   70   96   84   29   91   14   25   19   59   69    1   81   48   58   11   48   69   50   62    7   92   82    8   42   26   19   68    2   83   30   59   14   80   86   27   94   85   36   69   31    4   93   96   25   78   32   23   18   62   37   80   10   94   45   52   75   62   71    4    0   64   92   12   67   88   14   13    4   83    3    3    4   78   37   32   84   64   20   35   64   76   30   88   61   32   47   34   47   48   73   38   49   33   28   46    3    1   98   93   56   99   83   38    2   34   31   98    0    2   77   37   45   38   67    4   57    6   89   50   44   74   38   49   33   95   91   72   70    2   94   95    4   73   62   56   21   26   96   70   74   67   53   36   67   54    0   73   62   17   61   22   63   19   26   46   36   78   10   28   50   50   61   64   46   29   83   71   65   18   69   58   66   14    6   89   17   52   93   98   42
  94   41   90   40   80   23   59   80   64   69   63   61   44    3   28   64   66   80   68   21   98   47   94   83   51    1   51   57   83   17   58   97   51   47    3   31   16   79   47   82   22   92   86   53   94   20   56   94   53   65   72    4   44    5   98   92   82   31   87   36   84   39   69   18   65   96   48   66   33   92   84    9   21    4   16   84   57   16   29   39   85   86   17   12   62   77   45    6   72   21   18   57   80   63   30   39   21   94   13   87   63   25    7   94   44   44   80   15   49    1    9   83   47   77   24   64   38   23   10   24    1   14   67   72   32   26   73   51   23   20    0   71   58   15   14   51   87   66   27   97   34   20   24   95    8   97    0   95   28   77   88   30   61   48   93    4   13   41   52   13   32    6   88   68   39   54   20   36   88   83   12    3   39   23   73   59    9   14   97   82   36   70   55   77   99   72   74   78   30   69   97   29   53   94   44   33   53   24    4   27   66    6   84    1    5    4   72   36   62   55    5   63   23   72   79   16   10   32   33    0   67   59   42   69   79   27   57   83    5    6   45   15   94   63   49   79   21   83   63   11   42   16   21   83   15   76   36   10   90   55   18   29   97   35   41   82   40   51    3   92   86   82   28   25   44   95   35   16   20   84   35   54   49    7   94   31   78   98   23   28   75    4   99   40   21   85   11   34   85   69   65   24   41   90   68   95   99   95   48   24   24   59   47   36   91   38    8   74   54   39   14   69   91   99   85   15   72   52   16   86   85   98    0   97   66   92    2   77   39   82   46   74   32   77   58   41   42   92   68   53   16    6   17   38   13   71   53   68    7   45   19   35   10    0   54   92   94   10    6   20    7   34   33   59   56   59   77   44   69   42   56   37   54   35   33   63   76   46   46    7   52   81    0   41   17   27   84   57   82   18   52    2   31    4   70   72    1   92   48   51
  39   85   18   86   68   87   24   44   13   47   82   29   57   47   36   10   84   55   64   40   88   27   73   62   23   96   13   99   35   91   62    2   25   40    1   87    6   57   36    1   66   34   91   59   77   34   39   60   67   25    0   98    8   29   96   19   24   38   64   57   29   75   53   70   50    7   51   52   29   57   43   98   62   78   79   48    8    9   59   61   70   28   78    3   59   10   22   42   74   76   55   85    1   18    3   43   88   63   86   33   68   74    3    6   83   74   12   73   52    3   70   20   13   63   34   45   90   28   71   21   61   53    4   27   29   37   38    6    6   47   20   26   70   81   13   46   13   29   39   34   92   17   62   20   22    6   75   66    1   50   20   16   28   52   99   62   23   96   75   20   67   24   47   48   65   53   63   24   88   77    5   72   86    0   26   93   71   37   55   68   80   44   88   42   24   36   72    4   59   92   20   62   41    5   85   85   62   77   57   22   55   31   73    7   38   41   33   51   77   51   46   68   25   86   39   13   48   73   68   98   60   43   11   35   21   18   40   16   94    8   14   91   35   55   28   10   33   81   38   78   70    7   66   49   67   66   35   91   58   81   33   55   38   70   80   45   43   62   92   37   52   45   58   84   57   11   54   55   74   26   68   65   95   22   93   85   81   47   33   76   36   12   37   19   34   21   94   80   34   36    5    5   57   79    2   91   98   79   24   80    2   74   74   99   60    9    1   62   29   74   12    1   12   71   20   32   99   89   30   90   86   15   10   39   83    5   87   37   11   11   42   40   57   14   34   53   22   58   57   38   51   78   57   30    7   28   57   22   46   86   17   66   81   57   66   83   21   15   41   12   91    9   72   52   37   64   58   80   38   36   67   90   34   73   25   31   62   85   24   18   77   47   72   51   89   24   90   84   61    8   64   80    5   37   21   12   14   40   16   19
  32   77   80    8   51   68   85   26   35   95   50   54   92   80   16   61   67   27   53   89   59   19   94   30   85   21   85    3   93   78    7   14   64   49   27   51   84   71    8   86   80   85   41   68   39   53   84   97   81   69   21   84   13   91   13   20   29   31    5   49    8   36   42   84   90   20   14   78   87   51   34   66   56   13   39   92   55   38   30   68    8   88   86   35   47   73   94    9   54   26   87   44   22   17   32   19   10   69   57   79   11   83   48   15    6   60   46   67   83   63    4   30   72   89   14   62   16    5   13   24   92   57   21   41   91   64   92   27   40   49   13   65   37   70   33   14    0   47   34   94   38   24   45   66   14    2   34   60   46   21   98   60   88   46   30   65   82   35   60   77    9   13   63    6   56   31   17   92   32   97   71   41   60    3   31   40   86   61   10   93   65   86   26   12   74   80    7   19   33   89   47   23   38   61   70   79   83   45   23   14   22   30   70   33   58   17   68   88   39   40   64   59   96   86   88   99   61   40   11   95   95   20   65   21   57   42   13    7   98   60   64   60   53    3   60    6   51   29   67   11   37   14   71   95   91   70   43   87   13   88   80   22   56   36   56   45   38   25   22   41   89   20    0   50    4   98   86   82   40   82   35   81   97   89   17   83   75   96   69   22   96   65   33   89   23   88   11   31   85    3   75   89   18   67   77   71   25   32   90    5   39   58   20   58   62    8   56   87   88   22   13   48   27   79   95   80   18   90   48   74   75   67    1   26   31   33   60   74   81   76   61   39   89   77   87   95   23   69   99   73   80   94   36   86   76   13   98   58   95   67    7   77   51   10   61   58   53   71   82   21   93   59   40   20    0   27   91   26   35   38   51   52   82   12   17   28   25   12   83   66   87   47    8   89   17   18   27   68   50    5   65   97   38    7   60   52    7   16   46   57
  66   34   21   40   89   23   48   24   94    0   37   23   33   94   14   49   85   51   67   23   28    5   89   12    0   56   41    4   98   32   34   82   61   16   53   61   95    6   76   91   88   45   36   40   88   29    6   53   97   38   39   41   40   10   76   23   35   78    8   46   25   75    3   95   63   17   62   92   59   62   25   67    4   91   59   16   42   49   11    2   43   65   29   44   21   49   81   64   92   68   91   21   72   55   34   85   96   83   88   46   24   34   59   12   18   95   73   44   17   76   84    6   42    5   28   44   45   82   79   51   83   51    3   41   56   11   20   29   20   68   19   41   18   27   41   45   36   79   80   28   34   40    9   23   34   47   55   99   49   39    5   24   20   75   24   94   89   71   63   85   66   36   42   90   16   72   72   69   75   22    1   68   49    1   75   98   45   45   57   33   23   91   71   87   54   69   33   94   51   15   34    8   87   73   80   30   20   35   60   85   21   41    3   36    2   36   98   83   65   95   34   93   22   68   11   49   40   35   74   42   56   38   34   70   94   99   75   90   93   62   10   87   82   87   75   92   74   25   93   45   18   67   62   75   20   31   37   13    1   65   75   28   54   35   88   58   78   98   63   39   83   32    1   64   40   42   75   52   28   16   98   94   28   12   29   55   62   14    5   73   41   90   31   36   41   51   92   14    7   92   14   92   98   41   72   94   43   85   77   52    4   30   75   17   87   80   72   48   95   10   55   79    9   35   24   86   45   33   54   14   51   78   38    8   81   40   99   63    5   86   76   25   22    9   55   85   98   81   38   33   85    6    5   27   62   98   25   24   64   73   66   14   72   29   65   64   13   93   51   26   35   23   12   57    5   76   67   70   19   15   16   65   70   24    3   30   18   80   86   21   36   11    0   52   43   44   20    3   39    1   25   82   51   18   54   27   73   97   69   67
  43   27   38   93   29   73   75   86   72   45   34   23   90   70    2   48   71   29   29   64    5   30   90   21   23   53   27   46    0   78   82   51    8   46   51   71   83   92   32   35   79    6    7   56   83   73   34   16   70   44   42    9   69    8   99   42   48   73   79   20    7   44   43   71   30   87   38   77   16   25    2   78   81   25    7   50   82   69   57   50    9   15   95   80   24   72   27   31   88   14   50   41   14    4   95   28   10   11   72   67   74   53   67    5    4   45   89   64   74   88   93   88   62   78   82   13   66   62   88   68   14   42   62   17   55   56   18   16   19   42   61   34   91   26   49   16   67   54    5   32   17   16    6   53   32   68   11   15   78   70   92   35   20   53   40   23   78    1   76   20   16   38   39   15   30   71   97   92   30   38   84   51   98   67   77   76   74   43   29   11   57   98   13    8   40   40   67   10   84   75   76   61   79   65   21   85   24   21   20   33    7   50   60   32   57    4   12   32   72   69   66   64   97   55   94   76   60   80   80    3    0   76    8   24   66   65   49    7   20   80    1   99    2   23   28   76    9   50   73   30   12   28   56   55   45   36   13   95   41    1    2   71   94   19   98   27   99   44   18   55   31   98   78   62   26   37   66   30   10   36   70   41   84   11   52   27   56    8   39   67   30   42   49   22   72   47   89   52   70   50   15    4    6   81   58   62   37   15   15   72   31   23   41   81   31    0   68   30   75   43   36   37   76   40   26   26   74   92   18    1   19   28   82   84   43   33   67   91   35    9    8   17   51   16   93   76   20   33   34   94    7   52   36   97   76    3   61   25   64   71   52   91   25   50   75   46   50   37   67   54   58   29   57   21   76    2   96   11   28   55   41    5   31   37   48    3   44   18   17    7   40    4   40   97   16   96   65    5   71   75   43   50   18   32   93   17   72   56    4   63
  82   89   75   62   29   60   29   67   65   59   50   84   86   82   89   55   90   95   53   30   80   61   59   78   46   70   92   85   55   61   13   34   47   78    2   71   58   30   39   92   24   64   25    0   63    5   20   92    1   99    9    7   44   39   77   14   34   60   39   32   60   44   13    7   54    5   46   22   51    0   57   77   86   89   20   15   21   85   98   42   21   90   51   86   53   27   76   31   18   27   34   83   74    7   50   90    5   40   17   59   31   47   25   86   92    7   74   50   44   72   11   60   13   57   65   26   97   36   76   93   66   27   36   34   40   11   77   78   76    6   45   48   94   72   42   14   15   52   47   43   58   60   76   43   18   86    2   28   88   65   16   10   34   88   87   85   35   57   38   34   93   92   11   66   73   73   95   79   99   41   43   43    2    0   40   74   78   57   22   91   74   86   93   17   47   89   88   48   97   42   96   12   49    6   75    6   90   46   14   65   69   99   37   45   96   29    5   82   85   24   70    6   80   53   32   51   72   92    8   10   92   71   77   67   91   14   18   44   52   81   35   85   25    2   27   22   11   30   68   19   40   55   65   85   61    9   48   45   19   62   93    3   81   21   46   81    4   53   32    6   43   18   24    0   39   10   84   58   84   50   20    3   59   52   17   54   21   46   24   74   65   53   53   77   32   78   96   88   11   73   55   95    7   82   33   64   62    5   41   69   25   78   20   37   73   95    5   64   77   86   44   98   44   48   89   81   82   80   65   70   70    0   54   52   77   75   15   36   90   47   29   59   33   53   51   30   85   77   65   63   20   69   40   23   79   77   52    6   40   33   44   73   52   53    8   51   59    6   37   87    5   56   58   20   49   58   56   84   31   46   56    1   43   69   60   50   56   80   87   82   57   44   66    2    9   23   17   81   82   13   51   76   96   47   72   47   22   67    6   36
  25   15   64   80   17    2   47   37   40   68   46   39   50   33   50   95   76   15   56   22   67   33   39   58   61   87   53   93   48   99   47   96   75   34   80    3   45    8   20   99   28   89   65   42   18   90   92   32   35   68   36   79   43   41   26   63   53   92   94   88   73   83   16   95   48   89   12   19   34   21   62    6   77    0   96   14   12   44   87   56    5   35   99   47   88   26   90   20   43   69   24   27   12    1   87   23   22   81   53   45   56   58    5   95   66    0   29   88    2   66   35   85   88   90    6    0   83   14   54   15   91   72   77   78   66   27   66   58   16   70   23   34   48   14   31   93   15   44   24    5   36   17   34   60   54   43   38   77   27   49   64   81   37   42   59   76   50   69   60   37   56   58    2   81    6    4   77   15   45   10   83   98   66   42   90   41   39   39   24   38   72   89   42   45    3    8   14   50   39   82    0   60   84   36   91   12   22   30   24   48   28   95   93   14   45   88   14   55   42   42   26   62   38    1   58   40   26   72   85   30   96   35   86   85   23   97   44   61    1   84   31   56   64   72   36   54   85   58   36   70   20   22   29   94   74   89   84   83   96   37   21   99    4   70   70    9   45   30   52   38   47   75   39   72   82   96   78   50   28   95   89   12   49   92   12    7   86   22   99   82   11    7   83   32   23    7   32   99   21   57   21   81   85   89   71   80   69   67   93   53   72   42   37   94   67   90    6   30   99   48   19   40   60   43   70   95   80   90   84   56   91   44   10    9   68   33   86   96   38   37   67   25   38   93   53   33   96   85   39   40   33   48   23   66   42   46   50   37   60   59   67   45   67   16   41   93   94   16   17   38   42   23   85   61    1   90    2   17   77    3   69    7   27   50   22   33   75   89   11   72   85   61   53   83   80   50   72   14   94   31   18   23   32   40   59   70   27   48   77   89
  19   45   79   53    4   82   53   51   39   69    0    1   81   65   33   57   70   18   23   88   10    5   47   86   24   68   39   33   29    5   97   87   23   38   11    8   75   37   72   59   29   42   61   21   42   29   84   87   54   22    3   13   13   78   13   15   76   96   42   84    8    4   15   83   97   36   41   87    6   68   27   78   69   51    7   85   14   22   52   83   14    0   69   37   54   78   34   92    6    7   12   36   55   32   15   40   73   34   51   79   48   65   74   35   19   11   78   36   77   32   16   45   19   19   27   88   23    7    8   67   32   27   49    2   87   99   98   76   31   30   19   53   67   49   44   18   19   13   97   52   22   25   91   22    2   11   35   34   14   53   59    3   82   76   90    2   78   97   91   99   86   58   35   36   19   32   99    2   31   85   39   37   42   28   40   92   17   14    6   70   78   28   58    3   19   61    5   99   44   90   13   98    1   28   23   94   34    7   96   46   55    6   40   83    0    8   77   11   44   36   90    9   37   11    8   76   59    5    7   92   39   34   47   29   17   51   59   59   76   16   17   14   82   20   26   74   32   93   64   20    3   11   82   94   21   79    2   78   77   61   27   69   78   32   78   26   46   53   32   91   97   12   72   46   59   49   11   35   43   62   41   62   44   18   33   86   98    4   51    8   37   29   67   20   68   14   70   54   46   50    1   83    3   55   17   84    4   96    6   17   42   39   69    1   97   76   44   95   34   26    1   83   37   96   67   45   76   22   49   70   82   43    5   89   24   35   40   47   89   41   49   80   60   82   73   50   19   47   82   93   24    0   32   37   84   64   89   70   84   69   45   97   15   46   86   49   91   57   30    7    3   30   27   93   35   22    3   48   98   39    2   81   79   11    9   22   93   98   38   46   98   58    9   13   11    7   71   67   87   29   54   41   45   26   33   10   16   45   75   81
  52   91   47   43   61   24   16   95   97   55   18   69   72   85    2   59   56   99   83   14   62   95   63    7   90   83   49   12   72   75   90   91   65   29   17   69   21   46   11   90   65   56   19   47   35   58   31   16   13   48   73    4   76   84    6   41   79   34   48   21   77   83    1   87   10   20   55   88   84   49   34   45   55    6    5   99   56   91    5   89   49   78   14   56   82   32   27   60   57    3   69   69   69   57   30   13    2    7   42   62    0    4   43   42   53   37   76   52   88   49    3   80   96   70   35   38   38   29   60   21   84   51   25    9   69   25   82   64   75   20   10   38   96   45   66   90   23   40   52   98   79   10   75   99   72   36   21   86    7   85   59   35   13   47   26   36   45   96   49   47   69   93   11   41   67   39   87   28   98   62   55   23   53   93    4   70   82   38   18   98   38   92   27   26   41   88   99   18   59   70   33   36   94   82   28   21   23   26    2   90   24   74   41   61    0   50   10   77   75   62   25   73   81   29   65   87   48   58   41   50    1   29   94   18   62   90   75   95   49   76   90   30   67   40   82    4   44   13   26    5   98   70   33   62   78   51   15    1   51   91   69   98   63   31   13   76   87   43   75    6   59   11   85    8   20   99   94    0   92   18   67   89   31   58    2   29   23   12   34   66    6    8   30   58   67   51   60    9   75   31   26   34   86   91   76   82   29   69   79   48   77   79   59   69   36   79   78   34   50    5   37   22   73   51   16   88   12   21   97   59   76   99   10   64    7   16   73   83   60   74   31   48   20   92   69    8    2   33    6    5   44   72   80    3   91   58   63   97   92   76   25   86   99   40   52   18   38   22   74   27   87   19   67   21   69   52   82   50   92   40   94   61   76    4    2   13   14   64   53   39   10   93   35    3   61   86   54   30   25   59   74   41   56   61   60    3   59   13   95   52
  55   74    5   44   86   93    1   52   32   22   36   66    9   10   51   82   68   23   97   88   13   29   75   60    4   41   69   16   91   78   91   92   42   23   52   46   73   71   58   19   84   72    0   50   17   86   22   15   34   97   63   75   79   90   52   52    0    4   53   16   98   52   16   39   52    7   83   57   28   44    2   85   71   80   46   71   27   71   17   91   50   63   92   30   72    1    2   39   28   92   83   64   45   11   92   91   95   44   81    5   51   81   91   97   42   38   12   72   67   53   85   73   50   28   34   40   33    4   57   39   53   65   17   21   86   41   95   83   22   90   38   23   44   59   42   22   26   82   22   48   83   46    4   81   54   74   50   56   81   74   23   95   89   53   68   45   86   40   86   29   56   85   62   15    6   79   77   18   61   91   62   61   44   53    5   23    1   79   69   77   64   88   29   58   35   97    7   34   78   21   45   89   95   65   83   54   54   78    7   65   81   59   55   88   84   25   97   39   90   15   94   63   31   63    3   22   52   22   26   31   40   52   78   28   99   61   31    9   42   55   42   88   60   96   70   94   15    6   40   95   17   57   49   83    1   60    1   71   22   99   56   75   32   41   12   15   16    9   29   82    4    8   58   95   78   71   66   25    2   77   36   58   89    3   74   97    2   53    6   25   74   74   87    8   42   96   84   17   71   91   66   31   42   42   88   30   70    4   42   91   71    1   92   76   26   44   87   64   95   30   76   71   39   31   24   87   66   37   34   30   18   55   78   84   82   24   59   76   36   41   12   46   57    1   20   65    4   39   12   65   74   85   84   87   60   93    4   69   57   87   78   74   96   74   28   88   45    3   53   29    7   86   85   32   59   77   68   34   71   28   40   27   10   94   86   50   41   17   43   79   60   73   65   78   67    3   93   71   37   99   42   71   70   37   32    2   96   96    3   43
  69   96   40   47   14   77   64   57   37   93   94    7    6   15   45   12   55   49   59   19   62   36   80   42   19    6   48   40   11   11   43   63   36   39   55   26   69    9   59   20   48   61   51   79   32   78   15   20   60   40   16   64    6   82   44   23   12   96   64   16   41    5   91   31    9   40   81   81   33   81   73   11   73    7   64   78   41   96   16   56   55   24   50   44   82   60   10   22   98   74   31    3   85   22   68    3   10   80    8    6   10   17   58   51   59   87   78   35    9   76    1   50   59   95   76   73   60   78   45   46   68   60   90   77   47    8   67   43    8   29   47   68   80   85   31   63   64    4   72   46   84   67   34   44   33   86   83   75   19    3   15   27   74   32   10   63   72   45   79   49   88   71   55   68   70   78    3   91   82   93   93    3   45   68    2   49   83   69   23   78    7   80   20   65   54   46   77   33   73   35   45   45   63   70   58    0   21   34   27   59   10   64   67   37   56   91   22   59   59   45   15   42   22   21   45   54   25   91   95    6    4   99   20   81   36   42   82    5   83   39    0   99   27   70   25   62    7   93    5   57   18   15   66   83    2   38   94   86   54   79   19   12   67   68   48   86   44   36   68   91   34   55    1   36   57   93   94   95   71   63    0   82   58   31    4   59   88   47   18   63   75   71   65   67   29   33   42   79    4   33   74   56   66   26   65   10   87   40   60    8   72   84   22   68   39   83   47   80   52   20   26   78   97   15   70   16   63    9   98   38    2   74   90   68   17   67   38   44   98   86   37   90   11   49   69   63   57   10   68   24    8   86   92   19    1    4    3    9   33   42   69   15   94   89   69   89   22   12   83   17   16   93   15   57   34   30   13   38   61   63   43   73   26   89   96   28    6   24   62    9   47    8   94   79   86   49   71   52   48   19   74   73    1   41    9   96   91   84   88   63
  97   93   41   73   69   40   83   65   63   24   72   53   81   26   76   21   63   90   28   42    1   46   27    8   86   59   60   93   52   41   11   28   52   14   96   59   84   83    3   13   21   81   37   65   36   20   27   78   34   60   47   52   25   22   58   58   49   71   15   50   39    4   89   87   64   18   74   59    5   71   24   30   75   37   53   60    7   73   78   65    4   88   65   66   48   98   87   56   62   32   52   96   21   98    2   90   13   66   89   36   38   36   86   25   10   65   35   22   74   87   66   72   31   48   87   42   20   41   10   87   37   11   28   37   22   66   51   62   56    3   67   71   85   21   45   67   80   57   16   76   16   16   91   71   47    3   91   37   52   41   75   33   39   96   33   85   71   10   93   33   51   54   30   98    1   46   30   81   77   54   44   69   95   70    4   18   31   60   18   80   18   42   34   87   14   26   77   27    2   57   97   83   42   68   79   93    4   17   54   97   22   63   10   55   15   25   18   38   21   24   71   86   96   94    3   82   48   57    1   26    7   20   25    8   31   36   77   79   95   85   51   90   80   59    5   32   96   84   58   65   81   39   33   83   84   66   76   39   66   67   53   12   18   82   74   98   56   77   65   75   54   37    3   29    8   94   99   96   70   53   50   14   43   16   63    3   71   22   47    7    7   56   36   19   24   49   73   55   35   86   43   10   28   94   33   20   22   71   63   12   44   74   11   55   74   63   10   90   24   95   90   83   64   61   99   46    6   92   94   43   85   23    2   38    5   66   99   24   82    9    3   52   83   53   13   76   67   78   15   24    6   35   36   59   36   28   22   81   32   54   39   97   62   36   85    8    1   67   34   46   13   47   79   12   78   91   56   11   45   60   42    7   41   22   76   21   61   74   78   15    3   51   55   89   62   31   60   27    8   78   67   27   16   53    1    3   21   57   89   20
  34    6   93   67   43   27   16   15   98   59   76   43   30   48   22   50   73   85   99   48   65   45   63   47    2   37   44   48   42   10   17   77    5    1   63    2   67   37    0   64   96   15   39    4   92   35   75   28   83   88    8   25   84   14   89   40   24   58   40   13    9   74   76   92   97   84   50    3   86    2   98   74   45   28    4    1   14   53   67   64   68   19    3   41   93   76   55   61   17   50   44   36   73   66   59   65   48   22   29   74    4   33   18   42   96   75   31    8   41   87   33   42   28   70   75   33   74   17   60   50   72   76   49   30   96   85   63   94   27   45   90   12   11   61    8   18   35   79    4   24   87   76   36   99   30   71   13   14   18   10   50   47    4   91   12   64    8   45   13   14    2   31   99   22   32   38   87   12    2    1   49    8   87   16   93   74   48   29   80   29   42   54   99   94   90   67    8   77   68   75   82    4   83   59   63    5   71   60   57   10   95   24    0   90   40   57   93   17   28   84   90   91   12   31   60   10   20   15    8   29   54   20   77   63   68   74    6   43   14   34   97   60   44   13   25   93   63   58   51   45   56   26   11   38   50   38   83    0   54   50   91   87   97   89   17   46    1   13   78   12   48   71   38   98   19   16    0   94   73   79   71   43   35   57   65   74   98   97   90   53   73   56   32   81   18   76   58   92   95   39   24   87   44   97   29    1   50   25   90   99    6   49   31   46    5   33   88   10   85   88    7   19   22   60   82   45    8   84   94   30   68    4   65   67   35    5    2   11   67   86   24   16   96   38   43   90   74   32   49   47   76   32   68   77   86   29   94   77   10   96   55   81   64   68    5   23   99   90   30   88   95    8   60   78   33   87   55   64   95    0   24   95   94   95   80    4   59   11   62   93   97   32   60   40   39    0   99   46   96   86   17   16   78   44   94   65   97   82   79    3
  16   92   42   22    8   82   58   75   75   29   62   62    2   10   24    6    7   55   66   68   36   32   19   87   35   93   57   85   72   95   62   63   28   19   41   39   52   96   92   54   71    4   73   99   52   32   54   70   92   11   65   24   52   64   77   92   14   10   57   35   50   75   99    6   26   58   91   32   12    4   80   61   89   35   66   67   62   61   15   43    2   88   31   21   94   98    2   14   60   95   68   86   71   50   37   89   54   56   30   29   95   98    3   12   70   35   98   75   39   18   25   56   10    7   98    2   22   62   11    7    6   95   83   29   82   73    9    0   77   63   12   21   57   40   17   57   57   54   84   22   92    1    9   88   91   17   52   88   86   85   51    2    4   85   31    8    6   62   31   38   66   52   13    2   50   53   23   87   56   74   38   81   61   86   59   46    1   53   44   92    8   91   25   13   81   97   21   66   61   44    2    3   97   93   74   30   81   84   84   56   92   62   92   51   84   16    8    9   86   19   56   89   15   67    6   62   51   11   96   32   53   41   67   37   68   49   76   31   84   95   17   39   99   71   94   18   15   40   55   46   83   76   47   29   73   61   36   41   90   83   96   78   98   53   90   17   13   99   48   59    3   26   44   17   71   66   64   62   27   73   16   44   45   64   30   79   89    7   61   29   64   25   41   28   55   75   22    4   20   61    8    2   88   40   69   61   81   49   91   39   93   48   28   34   59   35    9   87   78   53   73   10   47    5   99   28   98   80   93   21   38   57   68   38    5    6   76   64   24   84   59   10   49   34   63   59   62   46   92    1   82   72    7   69    6   90   67   22   34   96   15   58   31   14    6   97   28   60    5   78   81   92   79   42   18   99   72   74   17   98   89   46   76   80   81   79   90   80    0   26   86   34   99   59   52   77   11   79   47   54   56   55   63   16   85   88   10   71    4   45
  45   86   45   96   90   26   17   25   15   76   11   63   45   29   94   35    5   29   14   50   93    0   21   54   26   80   54    0   44   90   55   21   38    5   56   60   91   46    7   21   27   12   15   44   41   70   22    7   49   31   74   44   73   69   19   64   83   23   84   62   23   87   19   15   36   88   23   45   35   21   97   65   41   32   20   33   65   33   56   79   74   81   86   42   92   93   13   59    9   79    0   31   43   52   25   94   93   71    4   99   81   30   62   12   62   60   33   90   27   69   93   87   10   54    6   28   63   61   57    8   31   70   62   48   32   17   83   23   87   22   66    6   67    2   48   80   99   52   39   95    7   63   51    1   80   51    4   90   93   64   86   67   15   67   45   24   47   51   78   20   54   72   95   43   58    4   24   38   57    9   95    6   66   61   63   89   25   49   42   72   24   65   67   97   56    6   38   29   43   72   67   43    3   95   54    9   40   13   17   63   98   25    3   55   24   45   54   70   77   39   16   62   52   32    6   65   12   93   14    0   71   45   22    8   93   19   55   83   67   22   83   28   41   36   49   77   25   78   96   57   39   39   16   39   98   94   33   94   61   89   97   71   90   73   15   91   19   24   91   53   25   96   60    0   29   24   24   55    3   51   48   86   57   84   95   54   91    7   44   11   41   17   96   36   96    6   61   30   45   83   45    7   56   97   11   80   67   20   44   34   49   97   45   65    1   75   22   33   33   93   18   28   85   73   97    0   82   81   15   63   35    3    4   29   52   44   90    4   25   20   13   80   30   87   28   39   98   86   18   18   14   57   54   86   78   92   38   82   24   19   15   65   87   86   28   57   27   42   50   37    8   29   70   18    0   58   84   61   81   72    2   31   43   56   79   72   77    1   35   53   58   76   44   62   61   99   54   97   81   53   86   30   89   46   43   95    5   15   63   18
  73   15    2   91   14   66   22   88   70   51   22   83   48   63   31   15   46    9   96   18   59   24   75   53   43   30   90   55   84   16   97   51   90   28   54   14   22    4   28   53   22   58   95   82   73   62   46   37   49   72   30   53   58   74   89   77   48   79   57    1   95   35   18   59   18   73   75   10   54   89   15   92   94    8   59   83   15   60    4   71   33   27   14   68   97   98   10    3   38   90   83   62   22   53   94   87    3   56   83   51   42    2   57   96   89   99   75   46   30   53   53   48   95   31   16   63   46   38   55   12   47   46   93   29   59   23   51   73   99   40   51   41   31   96   13   99   93    4   13   57   18    1   67   94   48   62   68   74   43   70   79   64   38   46   34    6   78   40   24   51   29   51    1   15   36   36   67   70   36   39   37   31   19   55   57    9   34   12   22   22   18   77   64   90   37   31   20   38   25   16   82    0   34   38   28   43   40   19   75   42   99   33   62   78   51   34   17   91    5   89   84   90   81   81   20   18   25   96   78   33   78    4   71    7    0   11   58   62   77   92   64   76   18   32   61   48   43   20   21    8   33   54   33   77   58   11   69   82   22   75   70   52   11   80   19   85    0   99   63   17   81   82   84   35   93   53   62   88    7   47    4   39   44   21   99   86   81   17   32   84   73   70   15   87   42   47    0   85   99   16   98   77   42   35   16   82   18   82   11   45   67   30   54   23   39   93   29    1   39   17    2   76   94    7   11   57   43   59    4   54   77   45   27   50   74   33   34   51   37   25   77   22    7   75   53   93   56   13   75   65   73    3   88   28   59   89    6   39   70   30   22   59   98    7    3   38   54   69   71   94   81   69   68   23   77   90   78   85   95   70   57   49   66   26   63   70   93   58   30   56   45   13   37   89    9   96   41   48   29   52   89   89   84   45   56   14   46    3   54   50
  88   45   90   15   98   84    4   55   75   52   30   16   70   30   82    0   69   96   12    5   38   14   47   81   78   64   31   79   89   69   92   91   20   38   51   94   26   35   14   93   25    5   78   44   75   83   61   99   66   91   18   70   80    3   22   43   84   53   88   71   70   77    2   79   23   38   70   56   64   94   61   38   99   43   91   21   19   45   43   87   78   90   64   47   12   23   28   60   75   16   95   56   69   74   20   86   34    5   75    6   70   29   67   51    7   98   44   71   69   53   96   91   40   62    0   30   81   82   34    1   53   13    1   39   47   57   64    9   48   87    1   93   73   77    2   23   95   60   72   85   24   70   84   12   88   37   60   69   14   18   73   23   28   33   76   61   52   86   79   52   76   93   34   64   58   43   35   74   77   23   42   40   37   30   98   13   49   40   98    5    6   67   66   61   88    6   15   69   92   54   50   57   16   19   97   14   27   62   41   29   31   60   73   72   84   96    8   60    4   14   34   71   90   98   77   39   59    0   88   68   60   20   49    3   32    9   75   92   47   81   54   89   28   64   55   73   83   35   51   42   21   99   31   63   27   21   40   53   39   42   14   55    0   26   68   91   14    4   76    5   39    4   38   47    5   16   80   46    6   97   48   59    1   34   80   51    3   14   32   35   84   26   77   33   20   37   58    7   91   27   99   32   25   41   87   23   99   29   35   37   17   53   18    2   87   56   53   92   69   88   51   42   68   63    7   11   53   29   84   25   25   68   46   93   39   22    8    4   26   30   86   63    2   81   60   79   15   14   99   15   66   64   53   20   49   47   82   48   77   76   34   96   88   33   77   86   27   63   67   97   44   70   53   16    1   59   13   90   77    8   34    0   13   84   95   92   89   31   42    1   25   91   69   12    0   59   52   23   19    8   31   39    2   58   75   64   17   19   35   97
  34   79   72   78   61   52   77   45   15    3   33   66   84   63   43   15   21   85   74   51   60   20   72   62   24   18   83    7   48    5   43   72   11   22   93   99   99   38   93   16   39   69    6   98    1    9   27   84   92   70    5   33   92   32   90   20   64   49   48   74    6   58   67    1   62   74   43   96   83    0   70   13   77   28   63   68   62   66   13   92   80   82   12    3   41   52    9   92   61   24   48   11   77   45   73   27   37   11   66   99   18   18    7   20   54   95   72   52   37   45   28   98   90   57   23   31   33    7   43   60   89   58   20   48   95   93   48   59   79   74   25   32   85   51   90   87   88   52   69   67   97   88   29   80   19   76   34   31   41   74   16   34   47    5   80   85   39   50   83   23   23   16   45   65   37   77   83   68   29   90   43   46   80   44   56   94   12   48   40   36   22   97   11   22   23   75   13   27   20   60   55   96   29   15   75   30   40   76   14   82   10   92   81   77   44   61   31   36   64   93   35   90   20    6   19   76    2   66   44    1   25   86   43   77   22   81   13   44   47   38   74   94   18   40   42   94   62   84    1   10   78   31   78   83   61   66   82   23    5    4    6   79   55   73   82   62   70   89   82   37   25   87   90   50   13   87   26   32   88    8    4   83   51   68   18   78   55    1   29   35   50    3   16   76   49   22   41    5   90   33   43   14   80   30   77   21   93   30   68   52   71   30   56   10   19    1   89    8   66    5   26    7   74   95   47    0   32   71    6   47    2    5   77   63    4    1   61   34   66   11   13   62   50   47   17   40   53    5   32   58    0   43   62   99   44   17   63   64   11   35   70    8   94   28   79   14   84    7   22   72   22   34   33   71    0   52   73    3   87   10   36   65   78   25    1   55   20   73   58   37   20    1   59   73   60   87    0   38   79   77   84   56   98   65   59   78    6   17   15   67
  75    4   83    4   35   52   41   95   32   47   51   15   69   29    8   15   12   97   32   36   50   87    2   69   11   61   48   68   78   39   94   40   46   19   94   15    1   19   20   42   53   93   49   82   85   24    3   33   77   28   28   88   14   72   89   17   62   27   85   92   40   37    5   80   13   86   68   64   82   97   49    4   26   48   85   39    5   35   99   27   26   35   73   80    4   66   21   49    1   34   25   73   55   62   24   81   97   99   82   58   60   66   40   22   35   99   84    5   18    7   64   47   12   19   44   19   52   83   18   14   21   65   26   64   14   98   56   33   10    4   76   79   86   55   80   66   31    5   82    5   51   47   79    0   50   96   98   85   79   12   83   32   58   95   86   40   55   42   17   66   18    3   12   99   98   39    0    4   34   17   62   29   61   41   30   69   10   41    5   22   74   53   16   29   10   30   23    6    2   15   73   13   42   37   42   64   44   78   54   66   32   42   95   34   95   50   36   21   56   37   22   41   15   41   12   94   11   58    8   71   42   79   86   93   91   73   82   53   23   78   42   93   26   19   74   62   27   74   79   19   17   99   78   31   18   67   57   49   55    7   32   34   50   51   73   65   73   86    0    2   27   72   36   33    0   29   85   89   96   46   40   45   84    1   97   33    2   17   92   35   36    9   30   81   37   87   58   22   49   68   54   83   61   68   81   24   59   65    0   79   59   90    3   90   58   53   66   75   74   31   48   36   55   32   90   83   72   38   34   82   72   77   94   75   72   18   85   16   75   51   28   58   85   41   24   50   43   61   88   67   55    7   61   30   21   20   18   99   81   48   44    7   10   69   76   54   61   19   55    9   27   96   97   93   49   17   30    1    4   65   35   79   24   44    5   44   97   55   26   43   14   14   15    6   29   65   96   62   70   70   52   50   45   70   11   74   92   84   49   12
  48   16   26   47   69   25    7    2   17   94   65   84   17   30    6   47   62   61   77   19   27   47   86    0   85   15   72   32   28   65   29   58   63   47   32   49    3   75   37   54   77   55   53   96   88   59   27    1   65   77   78   25   37   17   89   86   60   71   52   70   17   22   65   59   96   74   94   33   64   10   59   61   12   51   28   88   46   28    2   48   83   10   22   65   85   43   99   33    3    9   68   56    5   78   85   91   54   99   49    0    9   42   68   35   65    9   51   89   26   91   56   52   85   94   41   59   79   64   28   20   43   97   14   21   88   91   80   92   31   73   59   16    3   72   33   70   56   51    3   29   14   37   83   78   11   48   77   25   46   88   80   66   94    7   86   72   36   26   44    3   48   31    4   94   78   62   41   81   38   67    7   67   92   75   27   66   24   54   78   34   10    0   72   30   98    4   93   31   49   75   99   20   78   14   10   65   87   30   37   94   95    0   49   81   57   34   34   72   80   95   72   30   87   98    9   69   53   59   45   42   38   58   41   28   58   56    5   46    7   16   58   82   85   52   69   20   18   39    1   25   16   73   22   57   49    7   79    1   97   59    0   57   89   63    8   64   95   57   46   29   95   27   40   87   52   77    0   74   16   89   65   29   40    1   15   32   76   40   76   71   89   44   29   63   24   42   33   12    1   38   51   35   17   14    4   30   51   79   32   68   72   32   39    0   88   45   65   86   77   40   37   20   98   41    3   73   60   58   36   51    2   18   52   80   70   66   24   63   86   44    5   96   80   60   84   45   87   70   31   82   28   86   36   90   79   54    0   30    4   73   99   86   41   73    8   48   93   93    3   99   20    7   14   58   48   85   14   62   12   84   96   26   10   80   94   10   78   98   58   87   70    1   29   85   74   57   56   34   75    4   79   94   30   83   93   55   15   20   14   85
  91   22   24   16   29   14   36   86   38   85   76   48   10   59   19   34   95   78   60   74    0   69   53   69   27   23   70   85   94   45   22   67    2   28   15   46    6   22   27   92   42   54   98    8   75   89   75   74   32   42    7   27    0   59   55   85   98   59   97    0   13   30   79   63   81   44   72   54   10   35   83    4   61   96   51   50   77   21   36   19   47   95   49   25   98   61   37   77   24   57    8   94   67   52   82   10   79   24   57   43   76   61    1   40   20   48   72   24   25   52   47   94   67   88   14   71   31    7   60   47    5   65   94   49   55   62   75    4   25    2    0   63   51   13    8   37   61   90   83   52   34   38   81   27   42   78   47   76   15    4   97   25   58   84   99   57   93   19   89   97    4   34   42   34   67    3   43   83   61   39   74   27   94   24   11   38   12   70   33   13   60   95   86   71   52   53   69   13   11   18   50   12   42   44   61   56   48   29   13   39   36   50   23   63   45   15   57   94   40   29   42   20   95   82   55   57   44   49   91   74    1   44   15   25   68    1   11   14   74   25   92   53   71   86   86    5   54   31   97   81   77   26   80   94   81   15   99   32   89   41   28   54   58   32   53    6   23   31   18   56   70   90    7   83   11   77   56   97   93   13   66   72   87   49   48   93    7   94   27   49   41   86   81   53   85   83   22   97   95   50   81   75   58   62   80   66   57   66   94   77    4   24   29   47   91   25    8   82    9   82   59   37   93   44    8   16    9    5   36   51   36   94   57   31   95   65   25   35   92   11   10   10   43   23   81    0   69   87   37   20   59    7   27   39    3   95   45   19   91    3   98   12   74   20   36   79   65   78   95   70   22   81   49   13   42   97   39   20   40   33   35   93   20   91   68   83   39   89   93   43   88   19   93   30   78   28   12   65   84   69   47   35   82   53   11   34   44   75   77    7
   1   21   44   39   62   87   33   93   98   96   59   95   91   14   34   33   64   73   74    2   79    4   83   66   66   75   90   16   32   51   60   99   91   97   69   97   67   89   64   85   81    2   25   61   71   92    4   80   20    3   14   11   69   42   47   77    9   69   41   10   46   42   79   32   85   13   35   77   74   93   31    3   23   20   84   62   46   23   48   35   39   52   65    3   70   87   68   82   98   28   13   41   59   18   85   11    9   54   81   93   44   74   48   99   54   61   80   87   79   57   23   16   30   82   14   57   57   69   80   39   76   76   13   28    1   55   45   19   63   29   79   26   48   66    2   46   86   93   29   83   73   48   19   96   36   85   42   12   33    3   15   83   10   57   88   26   42   46   45   40    3   50   68   29   67   49    9   42   88   24    7   12   79    9   51   78   54   16   39   45   21   75   60   53    1   10   82   12   10   84   64   28   74   51   21   36   31   95   27   44   25   53   72   22   59   55   51   85   27   19   52   29   98   12    1   24   67   81    4   16    8    2   77   77   20   45   65   51   92   25   90   69   25   64   85   44   71   54   27   79   43   68    1   11   94   55   75   93   83    0   38    0   80   77   30   10   57   37   44   61   80   12   79   30   74   96    6   24   97   12   45   13    1   31    7   12   68   47   86   63   48   98   48   54   34   83   38   59   81   85   45   91   40   67   26   29   51   90   47   27   68   98   66   27   17   68   47   64    4   34   12   43   80   69   97   91   51   89   36   92   61   63   61   79   16   35   41   68   43   73    1   37   10   10   37   41    1   27   98   30   90   80   88   93   45   57   42   60    5   98    2   95    1   32   22   38   70    7   29   54   53   94   49   58   95   16   29    1   90   96   40   44    6   57   15   81   88   43   24   29   45    3   62   45   61   67   39    4    1   40    6   66   13   58   83   99   16   74   10   73
  58   44   16   32   63   88   88   52   65   22   58   50   69   76   42   95   10   18   11   95    9   95    3   24    6   88   87   21   45   86   93   85   90   98   26   62   28   30    7   15   64   72   79   75    6   66   85   85   16   88    6   70   17   71   26   81    4   52   54    0   22   62   53   89   89   97   60   82   61   73   61   22    1   56   77   84   44   77   38   82   69   72   29   93   74   98   61   77   42    4   94   22   65    5   78   23   47   52    6   94   69   68   40    1   13   93   43   34   44   85   39   65   91   93   48   62    0   81   34   90   60   20   94   25   59   17   81   18   74   74   60   84   14   65   75   53   10    0   40   96   28   89   77   36   48   36   98   72   64   69   39   68   95   86   31    7    9   57   32   92   93   68   94    6   21   23   58   94   98   47   27   81   88   40   92   77   21   61   24   19    6   71   27   84   38   31   55   69   31   64   62   47   93   82   39   74   35   80   84   29   37   62   45    2   68   28   23   71   63   10   68   68   36   94   18   66   18   65   34   78   86   29   69   67   59   93   19   57   32   26    9   65   18   98   66    0   41   20   66   90   29   14   37   10   67   73   40   15   45    6   87   80   71   38   72   79    5   30   33   77   14   57   49   65    1   45   90   80   31    0   27    9   63   84   87   91    6   64   78   38   26   89   52   18   36   88   46    4   35   63   44   87   40   31   92   54   10   84   72   77   59   26   34   39   47   96   45   22   74   22   50   43   64   10   37   35   77   56   10   95   46   72   98   30   53   35   24   90   77   80   77    1   75   88   77    3   74    8   15   31   92   61   79   39   76    3   27   10   73   57   41   50   61    5   70    4   34   95   19   31   14    2   14   99    0   80   29   18   71    3   35   10    0   12    1   64   16   10   68    6   75    4   61   20   77   52   21   73   36    2   25   84   80   85   31   60    8   25   83   20
   7   33    6   91   30   68   37   79   60   12   20   97    4   80   46   83   19   11   53    9    3   28   59   41   78   79   97   52   29   70   54   78   48   91   86   39   79   53   94    6   52   53   96   84   22    7   15   18   38   67   59   13   17   89   87   52   93   96   28   15   75   28   14   84   77   38   90   27   12    7   57   67   20   68   98   67   89   30    2   26   29   48   41   25   19   55   51   88   57    2   51   73   60   13   61   12    9   72   78   92   43   32   20   54   83   83   54   73   97   82   67   75   75   87   18   28   21   99    9   47   54   83   44   31   20   54   60    8   76   59   53   57   85   28   55   14   45   88   50   41   21   15   18   52   64   50   37   54   45   76   29   98   81   52   57   54   62   74   43   93   72   98   26   75   77   89   20   41   99   49   52   40   52   93   24   99   24   92    7    3    0   16   78   96   26   71   96   13   64   61   56   90   41   83   95   26   69   31   46   87    0   13   82   31   68   84   93   79    5   46    6   98   67   47   86   45   90   28   46   60   56    6   15   94   66   67   75   25   80   78   55   52   26   58   58   67   55   57   78   68   97   42   39   71   37   52   30   31   60   49    8   95   88   61   62   10   74   30   27   88   58   76   59   40   13   55   94   40   83   46   99   80   54   37   85   34   52   86   35   85   19   99    6   18   57   17   46   54   49   75   49    7   69   11   97   71   29   73   65   19   74   65    5   25   81   44   64    9   27   54   22   37   37   23   42   60   60   70   82   59   25   28   31   50   94    7    2   64   81    4   95   40   74   38   87   45   79   93   94    8   32   15    9   73   72   55   10   94   81   61   74   97   76   47   44   22   45   74   60   24   28   50   68   85   23   89   36   67    1   99   96   59   93   80   94   90   11   15   12    3    6   74   38   92   10   22   84    2   78   25   57   55   66   45    7   27   13   64   84   34
  46   99   16   28   87   61    4    0   83   98   44   77   80   94   88   41   40   44   85    2   46   98   70   89   49   49   11    1   28   93   32   67   60   90   49   25   97   94   13    2   34   87   43   29   30   31   71   48   95   82   49   15   71   17   60   55   81   42   58   40   58   10   51   27   35   36   98   41    4   59   93   18   75   84   46   11   86   33    8   42   47   13   34   67   40   13   33   71   98   32   58    9    3   94   72   89   86    8   64   54   22    2   79   84   62    0   72   99    6    7   46   17   86   95   63   67   58   31   88   93   99   26    3    2   45   49   91   51   69   85   54    1   72   65   73   67   31   30   68   36   86   14   28   60   10    1   10   24   39   43   93   44   15    1    3   98    8   68   60   77   14   13   74   31   38   78   72   27   59   88   92   45   35   10   33   69    9   95   90   55   17   90   13   19   44   30   23   84   93   98   52   46   21   82   48   23   49   56   38    8   70   66   98   11   28   49   83   38   16   75   74    8    3    4   62   37   38   58   24   41   36   66   86   10   15    8   35   31   81   22   75    6   67   50   66   52   52   71   32   73   80   35   55   21   62   98   63   42    4   85   70   77   92   53   68   79   66   12   81   10   76   67   10   88   36   74   54   69   79   20   62   41    5    9   69   78    9   27   65   80   32   48   65   59   33   43   10   57   31   94    0    2   84   42   89   72   41   39   76   14   19   58   15   98   60   99   23   10   25   49    7   63   21   89   34   37   56   53   36   52   75   88   58   56   70   55   81    2   88   95   89   84   55   15   69   12   15   13   80   35   45   81   60   70    8   50   95   84   38   31   84   62   15   53   50   92   79   19   73   14   55   90   94    4   13   41   87   96   65   99   20   89   75    1   81   54   47   53   55   77   50   86   88   90   74   66   42   16   49   46   84   68   14    7   30   20   58   11   47   26
  97   33   68   40   82   98   29   81   53   80    1   45   74   81   53   82   70   25   30   23    0   76   44   70   27   26   44   46   57   23   43   75   15   21   26   97   10   94   67   53   48   34   64   60   54   45   99   82   73   88   91   79    4   21   84   57   35   95   78   29   79   99   42   96   84   84    5   17   46   27   56   20   68   82   73   52    3   20   28   54   23   48   18   33   62   38   71   87   13   88   28   59   36   65   74   99   25   73   50   91   20   72   80   50   43   37   58   65   38   82   38   87   84   28    3   38   33   39   82   80   66   84   39   82   27   19   83   16   90   56   77   25   38    8   82   92    7    9   33   42   46   83    2   96   77   19   88   28   29   55   33   16   76   89   64   57   18   27   67    1   36   70   99   47   18   38   88   70   84   31   56   17   85   93   20   45   38    6   38   55   61   50   40   97    2   51   90   74    6   63   20   32   10   29   88   41   32   93   25   11   17   85   81   81   24   69   73   69   51   20   36   95   55   43    6   33   47   75   80   79   29   23   13   91   65   34   36   46   61   18   25   43   20   73   55    5   23   21   51   72    1   34   55   19   38    6   13   53   36    8   40   23   65   49   58    2   41   36    8    1   91   42   36   11   35   62   71   57   90   40   37   57   95   31   98   14   78   63   80   54   28   81   37   14   67    5   78   62   57   30    5   61   67    0   49   63   85   13   11   46   52   21    0   43   64   72   29   60   94   30   38   69   45   67    6   80   14   43   77   62   50   98    1   29   48   30   25   72   74   95   89   36   51   87   63   27   98   35   75   97   14   31   91   70   49   46   24   23   30    1   99   65   47   95   31    2    1   74   44   19   28   85   15   47   18   33   30   13    1   33   28   88   85   39   27   16   59   94   87   20   95   66   63   40   69   17   49   27   82   57   65   85    2   62   28   37   10   79   78    4
  13   39   19   78   75   95   84   95   99   31    1   63   25   58   99   11    2   18   48   99   52   39   21   48   81   88   54   71   48   85   94   27   60   25   88   81   74   92   18   67   72   31    3   39   70   49   89   64   84   29   76   30    9   97   62   75   64   44   21   42   16    4   94   98   61   48    7   48   64   19   22   61   81   99   61   66   64   96   20   80   39   97   27   11   57   43   10   83    0   22   59   60    1   18   93   48   54   50   77   26   38   65   41    4   57   69   47   52   52   14    1   21   18   11   84   86   62   82   44   66   86   65   24   87    7   55   85    1   34   84    3   15   28   14   72   86   48   95   25    9   54   22   11   76   76   61    2   61   32   18   28    5   20   19   78   21   99   86   99   40   93   25   39   98   32   59   10   59   18   98   80    7   54   22   55   34    9   39   17    6   63   84   63   79   78   71    6   86   97   32   38    5   60   49   99    6   32   15   26   81   79   12   93   26   95   55   11   87   60   89   56   98   28    5   88   87    2   38   60    8   19   14   56   78   48   54   86   51   97   32   13   86   85    8   21   20   33   39    4   73   69   74    8   20   25    2   49   31   56   28   50   68    2   29    7   43   45   79   94   50   21   48   53    4   46   60   55   22   30   27   70    9   53   65   76   51   96   71   55   60   18   89   94   47   72   63   50   88   60   69   81   46   39   95    5   87   69   56   72   99   98   54   70   22   57   55   32   96   98    2   20   26   71   71   51   99   30   82   90   16   85    2   97    0   96   35   90   35   47   68   39   33   72   94   23   38   64   18   46   76   46    0   38   59   76   85    8   41   36   96   22   63   14   57   23   42   85   18   34    8   15   88   81    9   15   58   94    1    5   89    8   41   21   64   70   26    5    5   57   11   98   92   79    4   89   67   51   89   32   31   67   84   33   17   88    1   37   74   53   51
  54   63   79   31    1   59   87    6   92   59   74   56   98   50   65    8   40    1   85   30   86   52   36   77   67   12   73   77   32   39   65   21   61   42   67   57   96   71   98   46   25   71   83   68   36   89   90   46   81   63   30   39   85   62   30   60   23   16   31   44   11   87    7   23   46   59   90   46   85   80   52   81   43   44   58   28   46   30   66   67   83   53   96   95   81   89   16   46   19    3   14   32   58   55   58   64   95   83   28   55   11   53    8   86   36   94   17   29   74   56   99   73   44   38   24   94   69   38    7   55   50    2   33   50   61   40   22    3    4   21   41   90   87   63   91   48   76   79   96   42   25   22   97   72   74   45   88   15   64    9   36   81   14   56   70   79   79   19   96   56   17    0   17   70   39   55   63   84   20   67   32   94   72   13   15   27   53   33   18   66   84   66    7   81   45   68   34   38   43    9   71   49   33   18   14   19   84   99   36   89   78    6   50   79   94   69   91   18   75   57   60   32   33    7   34    4   48   15   15   25   51   48   86   19   27   12   28   98   25   66   83   84   30   71   34   77   21   59   93   48   84   82   25   97   79    6   77   76   70   19   89   23   35    3   48   83    0   99   19   14   91   60   41   60   23   20   57    7   18   69    9   97   26   10   97   23   80   67   21   58   98   99   58   30   47   25    1   30   75   43   12   30   89   40   22   70   95    2   60   61   93   42   51   51   63   79   34   62   36   70   73   99   63   81   90   92   44   36   22   40   56    3   35   31   50   44    8    7   18   59   21   27   18   35   27   29   62   83   99   56   24   62   57   65   28   82   15    8   76   50   71   12    8   45   32   11   23   62   96   22   32    4   81   30   28   47   59   96   26   34   80   95   56   18   10   79   25   16   18   35   84   72   93   61   84   93   67   40   61   43   76   21   13   15   90   70   59   84   15   62
  87   12   59   24   51   28   25   68    7   83   34   74    1   57   68   48   70   72   99   32    3   54   68   98   20   18   53   65   23   22    7    2   68   78   86    1   94   19   98   67   34   70   33   88   76   32   21   94    9   49   46   15   84    2    9   24   79   55   96   89   73   50   91   73   67   31   75   78   56   84   93   28   33   31   81   28   72    1   42   84   73   86   53   15    6   50   41   62   81   79   39   47   58   89    9   45   80   12   36   97   58   37   18    3   33   98    3   67   10   81   93   41    6   46   35   11   46   25   69   26   64   17    2   16   90   77   50   45   48   10   87   69   43   74   57    8   27   54   90   80   71   45   78   57    8   75    4   67    4   22   29   96   72   18   75   25   27   51   46   54   97    0   23   64   69   66   29   20   52   44   13   77   23   81   85   40    2   85   76    6   43   80   42   80   86   79   78   87   85   37   33    4   36   93   32   75   24   87   87   13   51   89   12   39   99   40   12   47   39   95   78    4   88   61   71    0   31   86   77   34   37   50   67   68   87   62   92   51   91   34   79   14   91   68   95   62    0   62   13    2   39   21   44   30   67   97   62   29   36   62   65   17   50   39   45   13   85   37   73   17    9    7   32   13   75   32   40   29   84   88   53   88   34   57   92   47   81   14   24   82   85   97   66   25    1   15   16   74   31   76   82   66   40   62   43   26   79   94   34   82   95   63    6   73   79   80   74   89   97   25   54   41   63   91   67   26   93   52   22   63   74   44   28   50   22    8   92   26   99   39   52   48   14   64   15   58   26    2   68   65   86   64   72    6   11   62   53   86   16   88    4   59   25   46   18   76   71   48    9    7   80   70   36   37   43   71   72   90   80   75   64   99   23   11    5   75   15   45   77   72   11    4   65   32   36   34   45   90   95   74   53   60   31    6   42   24   78   76    6   44
  67   37   66   92   40   31    5   49   50   60   12   10   50    3   45   11   92   58   83   96   51   80   81   73   32   62   84   20   42   69   91   45   25   16   53   86   57   39   39   47   20   16   10    2   74   62   65   54   19   37   36   24   23   31   75   96    2    2   52   67   75    6   50   67   99   66   82   53   49   69   61   37   21   60   75   89   79   81   51   96   57   58   64   12    3   79   56   70   78   47   87   34   44   38   39   78   29    2   61   82   59   92   41   43   67   87   12   81    6   87   37   57   98   68   35   16   49   87   67   52   88   48   60   41   80   86   64   53   76   63   17   50   72   16   45   99   24   34   91   97   34   45   41   17   84   79   95   61   24   61   21   12   75   79   72   80   21   93   89   38    7   89   61   94   70   88   72   93   28    7    8   56   29    8   89   83   15   87   68   25   76   41   48   22   30   40   12   25    9    7   36   39   19   41   65   58   62   31   49   77   57   93   31    7   78   11   17   90   72   75   11   54   33    9   15   52   44   40   57   82   72   87   63   88   75    1   21   57   10   94   64   64   41   35   23   81   64   28   22   63    8   53   60    4   45   77   11   21   71   99   34   72   63   76   87   79   15    3   81   97   30   80    4   89   75   65   27   75   36   97   40   30   48   85    1   23   16   42   72   64   85    7   66   88   72   31   91   64   76   29   36    6   39   41   52   70    9   86   62   68   53   41   32   84   11   23   18   13   46    6   78   38    9   86   66   71   76   45   64    2   69   56   33   46    4   88   19   81   63   13   72   44   24   72   73   96   96   68    4   21   32   85   35   72    1    4   46   29   47   85   54   21   34   71   91   51   32   37   20   16   60   75   85   75   38   28   31   57   50   80   54   13   90   98   66   81   71   97   73   47   41   67    2   55   15   53   37   23   91   74   35   74   43   97   16   14    5   70   31    4
  75   91   47   21   25   13   44   46   88    7   64   24   66   54   86   23   86   28   91   46   46   77   85   48   45   90   76   57   41   74   26   76    5   90    2   82   95   56   22   64   59   44   11   75   27   98   73   88   80   84   50   98   14    3   27   70   84   41   94   31   91   27   12   60   79   53   77   45   97   62   33   83   85    2   33   46    4   95   12   51   98   96   95    6   42   73   92   10   60   17    0    2   68   41   87   61   11   79   45   42   74   30   57   95   23   99   32   65   86    3   65   57   95   42   71   34   82    2    1   56   55   78   17   90   35   69   50   17   51    6   57   75   99    8    9   36   73   30   96   94   77   53   12   82    2   60    1   73    4   51   50   53   38   16   89   38   24   90   78    7   29   24   66   32   94   70   27   92    4   20   85   62   82   23   96   57   56   50   60   46   14   12   30   40   19   92   84   83   37   52   34   26   16   87   98   96   70   17   92   23   68   45   21   66   76   40   72   22   76   31    9   85   20   71   56   58   23    5   58   30   21   92   35   91   95   36   80    7   66   66   62   59   69   27   35   80   44   69   51   87   28   67   59    1   63   85   86   94   77    9   69   41   45   30   58   58   87   20   24   39   66   97   13   15   94   99   90   12   46   81   13   55   26   33   13   72   95   52   24   73   61   62   80   30   19   11   96    6   10   61   75   66   86    0   97   32   74   18   36   13   77    2   25   35   68   56   89   40   81    7   66   50   77   66   91   43   51    0   19   60   28   79    6   37   20   47   94   95   27   93    4   20    6   47   45   71   42   27    0   48    5   36   24   23   63   53    2   16   19   85   31   72    4   20   32   29   11   92   73   78    0   65   79   73   58   70   25    7   16    9   86   37   62   78   23   20   53   61   43   52   66   99   82   63   23   27    3   52   28   83   83   24   67   36   78   77   11   55    8   24
  34   56   15   26   24    1   14   22   81   38   37   60   27   11   50   44   61   49   78   86   47   38   15    8   93   90   40   44   97   22   78    9   92   14   84   92   65   83   30   37   53   83   56   68   10   10    5   17   86   64   59   47   19   76   40   94   83   49   30   11   99   73   55   71    4   64   41   14   55   88   52   89    8    8   44   82   44   90   90   92   82   26   11   85   99   43    0   18   25   26   45   76   71   66   70   61   15   70   37   82   12   19   50   30   80   46    4   52   81   75   92   78   74   37   32   62   90   36   62   37   62   14   52   67    9    6   58   33   86   99   32   78   10   31   59   27   46   83   17   49   65   19   36   60   98   23   63   30   50   48   93   45   97   95   45   67   28   22   74   96   22   21   97   28   69   57   89   94   52   92   57   12   70   86   97    5   51   74   56   12   35   61   24   92   37   91   30   66    4   18   15   29   74   66   13   86    9    3   62   13    2    5   17   20   37   13   12   27   46   86   85   37    8   94   21   40   81   91   22   15   62   34   63    4   51   55   37   82   43    2   44   76   97   67   36    8   76   57   69   81    5   68   63   44   57   38   85   49   69   14    7   15   62   44    3   78   56   49   60   99    9   82   64   33   11   20    2   21    9   98    8   65   69   98   98   60   78   93   58   36   31    1   15   47   64   72   19   99   96   98   21   71   33   17   32   75   63   23   19   74   46    3   54   67   13   34    9   32    0   80   83   53   85   92   77   66   54    4   17   50   56   49    6   88   52   21   38    4   17   65   50   67   57   67    0   18    7   82   76    0   91   14   29   88   66   32   59   80   37   13   20    3    2   21   66   59    5   83   47   12   38   86   81   50   99    7   39   50   77   90   10   60   89   16   18   81   45    6   67   29   73    0   97   81   50   61   25   26   41   28   71   68   60   14   56   34   82    1   95   56
  31   25   84   89   44   48   42   11   48   45   13   95   18   27   34   79   39   16   96    0   62   17   74   71   63   16   73   53   32   84   49   16    5   23   93   24   89   94   31   46   18   64   59   76   68   32    5   62   49   79   82   16   14   56   71   96   15   59   14    6    4    3   92   54   57   21    8   91    8   35   28   70   38   51   65   48   59    1    8   31   83   83   57   59   88   28   97   36   80    8   86   85   90   15   74   63   31   52   75   52   78   49   16   88   71   41   72   27    7   43   30   61   63   64   69    9   69    0   21    7   96   97   47   37   47    5    4   96   59   91   75   95    6   81   97   50   41   43    2   38   42   34   43   34   25   76   98    6   52   32   16   89   78   78    7    1   20   12   26    2   84    7   25   43   51   75   96    4   75   72   65   69   75   79   14   50   79   98   38   61   80   74    6   67    8   18   57   48   93   54   21   84   62   29   58   53   86   74    5   16   37   85   72   62   91   21   50   34   50   95   81   67   19   63   73   93   43    4   56   41    8   64   36    4   58   25   39   30   30   28    9   69   16   90    6   86   83   68   25   99   31   65   65   94   36   55   38   49    7   20   59   57   55    2   38   99   61   53   38    5   47   67   19    4   33   67    3    9   61   69   75   85   56   89   83   49   57   41   17   98   57   21   26    7   29   15   16   77   61   17   15   36   71   11   94   93   68   44   65   52   16   20   53   46   34   59    1    3   27   15   84   68   83   44   19   63    8   31   66   71   27   50   41   85   57   84   18   63   15   38   76   42   46   77   67   41   52   65    3   68   19   83   95   70   15   59   16   84    4    7   21   48   58   31   25   97   18   49   21    8   90    6   44   56   71   89   10   60    3    2   72   64   92   34   29   74   51   88   37   17   62    6   62   51   37   93   16   84    2   49   94   11   65   26   95   23   15    2   81   76
  51    2   71   43   65   31   90   78    8   90   22   93   10   86   83   34   90   23   50   17   61   64   52   90   88   78   59   58   86   43   59   93   10   54   13   79   59   56    3   65    1   16   33    1   98    5   25   49   75   89   41    7   65   35   92   69   69   56   80   59   47   78    2   99   11   96   82   34   33   61   86   49   30   22   83   20    5   40   96   41   43    0   87   53   82   92   36    4   19   98   71   92   37   50   70   30   76   23   89   84   20   62   22   10   53   52   89   58   84   23   43   67    3   55   30   28   21   17   98   26   57   55   74   44   72   61   39   58   26   60   22   17   93   60   62   58    6   14   49   97   96   34   24    2   74   77   92   80    7   91   88   87    9    0   12   22   38   13   38   73   66   74   22    6   18   89   90   83   12   33   23    7   72   78   49   82   51   94   47   14   30   25    7   21    9   69    0   78   75   39   57   28   28   60   58   72   12   89   44   13   52   88   78   72   45   56   72   92   74   47   55   32   67   26   38   60   28   11   80   42   98    0   94   93   70    6   26   13   44   26   48   73   89   66   35   24   45   81   22   63   82   81   76   81   80   97   79    7   71   84   86   43    4   38   75   63   93   68   73   70    6   70   25   92   90   54   25   78   44   98   83   74   88   61   60   20   21   53   52   29   16   82    6   41   92    9   60   15   69   28   16   75    7   57    3   57   41   99   95   76   14   96   47   98   58   82   35    1   36   97   88   69   14   69   62   50   48   12   70   25    2   48    8   16   79   79   38   45    8   51   82   86   98   46   29   42   91   52   34    0   95   75   15   82   15   29   61   25   64   93   39   49   30    9   27   94    6    5   65   75   18   32   17   96    8   13   11   76   96   99   28   46   19   31   18   13   41   50   63   13   37   93   52   34   78   67   55   46   68   50   65   13   79   58   59   88   28   61   60   21
  30   53   68   68   90   39   82   29   37   41   46   51   69   11   76   55   85   93   18   98   20   53   27   91   73   61    0    2   56   48   83   47   88   67   96   22   27   78   72   29   60   38   20   26   29   20   33   98   21   80   47   41   85   68   57   15    0   10   94   12   39   27    3   77   75   35   33   54   26   80   84   96   71   96   11   45   65   15   25   88   14   51   28   43   46   70    5   77   82    2   71   54   55   70   63   11   69   64   71   21   88   12    3   69   59    9   24    8   38   70   13   96   94   58   59   21   98   99   59   94    3   84   53   22   84   15   14   88   39    4   11   56   33    6   65   15   17   37   65   47   57   66   31   99   32   80   84   71   33   10   48   93   88   31   23   28   12   54   18   17   25   32   19    6   88   84   84   59   77   36   12   75   41   86   80   38   87   25   31   58   89   76   17   76   38   48   28   85   59    1   50   19   89   97    0   53   68   21   59   77   11   51   22    3    3   17   64   24   17   46   12   79   77   41   60   38   37   90   91   41   80   65    6   85   55   65   66   86   65   93   46   11   45   36   83   62   69   66   96   50   96   86   95   61    7   94   27   27   21   89   24   11   31   96   76   84   37   20   17   49   67   50    5   70    4   73   49   12   84   24   82   10   53   12   58   65   81   46    9   55   55   77   18   36   72   77   71   36   98   93   74   88   66   66   95   98   48   91   72   70   85   33   47   26   44   55   25   49   22   47   67   62   25   41   62   66   66   19   13   86   50   79   22   39   43   58   57   46   38   38   51   79   91   65   90   49   58   90   23   26    3   85   48   62   48   31   20   36   17   50   40   83   75   33   91   70   15   27   85   28   31   34   65   48   75    0   26   88   69   14   31   45    4   70   45   44   44    6   22   34   22   62   58   94   36   13    8   24   92   95   82    6   71   99   99   67   31   21   60   70
  57   27    3   71   84   24   11   16   94   21   10   40   88   26   48   88   10   87   76   74   77    3   59   16   68   78   35   93   41    9   51    8   29   73   55   32   71   48   37   12   79   81   76   85    8   29    2    8   95   73   11   77   60   49   72   87   81   73   62   71   28   57   49   91   61   57   99   74   73   66   27   39   22   55    1   21   54   96   15   12   11   44   10    4   54   16   12   52   42   46   15   92   56   57   62   50   92   28   74   56   85   57   93   88   24   89   42   41   99   36   30   76   18    7   62   22   74   28   29   53   53   17   81   23    9   11   93   48   16   56    8    3   65    9   34   87   58   64   36   99   36   44   16   19   12   78   65   24   65   46   12   46   74   87   57   39   23   77   73   72   84   86   16   54   45   45   25   41   29   30   41   90   43   66   95   46    5   20    1   32   39   79   87   77   40   73   32   92   71   33    9   65   15   31   16   94   42   63   83   82   40    5   16   78   68   72   13    5   62   58   19   23   89   97   19   91    9   29   76   37   66   24   27   49   57   99   97   18   38   95   21    3    9   77   35   82   69   27   30   72    2   54   81   74   34   42   13   96   42   56   40   96   93   97   23   56   62   83   45   82    4   30    0   53   47    1   51   32   13   44   45   77   95   49   72   76    4   20   20   72   33   85    7   24   49   82   70   60   47   46   48   68   59   71   12   64   94   62   70   40   74   71   93   23   80   10    5   91   78   77   60   54   41   78   78    8   19   40   81   17   47   65   76   76   82   39   49   23    1   31    7   56   48    4   57   11   31   98   51   19    0   53   96   89   84   87   46    2   43   24   27   21   54   75   59    3   66    8   87   39   61   74   36   85   78    8   61   80   81    0   80   82   60   15   23   42   79   13   88   20   53   73   25   86   54   72   95    0   40   13   87   20   98    9   14   14   64   99   72   75
  90   68   83   62   33   78   68   11    8   90   49   76   93   25   73   44   16   11   11   57   67   53   25   71   94   99   20   22   97   57   60   10   78   52   43   43   43   34   65   98   93   56   29   39   24   22   20   57   81   47   11   44   80   97   47   70    8   79    6   32   30   49   26   85   58   62   82   26   53    8   94   95   47   36   98   62   29   36   30   15   57    5   64    8   41   63   20   31   50   86   57   58   59   38   27   95   13   66   36   78   67   30   26   65   54    3   30   16   17   51   38   22    6   50   29   21   13   50   43   68   12    8    4   70   22   83   29   89   11   23   81   28   76    5   29   94   22   91   28   84   31   67   58   36   43   63   75   62    7   69   49   81   28   30   64   17   74   44   96    8   36   28   31   88   96   53   70   58   26   62   54   60   42   41   69   57   52   76   27    4   93   20   39   18   18    2    7   52   73   31   86   29    0   82   17   75   79   61   99   23   44   21   52   43   30   88   89   25   16   71   94   96   16   95   70   25   21   17   43   48   15   83   62    8   25   64   91   43   25    5   34   19   97   71   44   54   49   34   11   20   56   92   15   45   79   59   44   40   92   12    1   91   47   46   16   74   51   37   84   54   91   37    4   16    6   39   43   86   46   48    4   74   46   31   10   33   75    5   48   23   44   42   62   20   37   90   73   66   55   40   22   58   80   85   29   33   12   31   42   48   44   79   91   80   69   44   58    7   88   74   90   76   96    0   66   53   99   25   54    5   32   81   71   75   38    2    3   14   39   75   44   42   14   19   60   75   86    1   29    8   27   35   60   47   85   51   15   76   26   90   18   98   97   87   36   34   49   24   28   26   90   63    6   17   43   65   42   19   56   77    0   68   70   14   53   17   73   44   22   39   89   54   39   58   49   35   49   35   54   95   77   36   41   86   18   62   45   55   95   54
  23   17   40   54   92   87   83   61   97   62   67   13   27   76   68    5   91   77   11   11   11   67   79   22   98   86   20   32   93   89   14    4   92   25   39   13   79   80    1   17   96    6   91   32   29   31   14   77   22    6   12   83   93   14   79   30   29   75   31   72   65   84   86   29    4   93   34   49   94    9   46   14   49   14   33   47   88   47   55   55   96   21   21   37    7   33    5   57   23   65    2   11   61   78   24   35   55   30   94   45   64    5    6   16   75   60   40   87    1   39   51   21   67   84   95   28   30   14   60   72   76   16   74   53   44    9   33   18   73   62   39   18   10   10   55   22   25   99   73   67   43    3   48   79   42   74   76   67   36   41   44   70   18   45   75   23   93   85   80   64   12    8   75   65   42    9   22   73    0   75   89   61   34   14   49   84   30   32   75    0   18   89   27   57   66   68   48   65   35   80   21   37   96   88    6   93   18   11   68   87   29   15   63   47   70   89   77   77   19   71   29   28    6   50   98   17   17   99   69    6   75   77   58   24   75   57    7   78   74   13   23   53   44   87   63   30   90   26   67   53   22   91   92   14   18   51    9    4   37    2   87   89   42   34   55   85   15   18   19   20   82   29   54   86   24   71   39   63   38   27   44   34   57   21   62    8   98   27   64   58   44   91   20   17   82   40   75   77   45   49   92   32   44   81   54    8   22    2   45   59   34   38   22   64   52    9   36   52   50   54   68   90   96   87   39   95   16   80   57   70   13   50   80   59   95   49   74   16   48   91   50   24   63   42   23   19   18   12   55   48   82   19    4   88   68   56   27   70   28   77   29   58   35   13   84   83   14   94   49   21   33   32   11   38   84   14   85    8    3   13   68   29   93   19   35   56    6   61   67   63   32   95   27   65   50   39   98   28   89    3   15   29   92   55   68   22   93   89   41   46
  36   77   74   72   95   56   31   19   91   13   12   72   15   11   57   42   72   57   65    4   71    1   14   22   26   85   25    9   10    9   13   66   61   50   51   41   14   68    4   20   21   48   53   75   86   55   95   87   68   46   48   58   77   80   12   24   21   63   12   71   17    6   61    1   88   80   93   76   68   61   10   35    1   56   81   40   10   50   33   18   32   30   82    3   45   20   87   58   88   12   19   64    8   47   60   78    6   24   81   88   71   50   42    0   85   35    3   48   36   53   48    9   64    6   40   45   68   14   51   21   13   93   36   40   97   53   74   56   42   51    4   98   55   46   41   38   71   29   61   71   68   38   82   81   53   20   53    2   61   78   32    0   22   78   26   74   45   73   96   29   70   45   30   63   39   15   12   75   65   54   48   34   31   10   53   10   71   21   71   99    9   42   39   57   29   62   53   61    6   50   38   73   28   77   46   66   17   19   34   70   38   60   77   19    7   64   47    8   56   47   84   46   88   51   42   79   84   30   30   52   45   59   71   43   45   98   88   81   25   89   48   10   78   39   89   71   74   70   99   61   33   53    1   87   53   86   82   69   35   64   26   53   18   15   88    5   31   11   18   71   94   12   13   89    4   58   12   66   52   30   42   30   67   80   22   96   30   38   28   86   60   90   92   13   75   61   74   34   71    3   80   67   82   74    6   60   36   51   93   94   20   16   69   96   12   57   35   90   63   89   85    6   36   65   83   62   11   36   78   34   12   56    3   63   44   15   91   86    2   50   77   36   52   83   31   86   60    5   68   48   75   69   50   32   41   63   50   20   78   25   69   63    1   35   86   63   24   35   72   22   14    8   57   95    4   89   13   71   91   42   71   57   72   43   63   92   13   34   55   52   41   42   62   71   70   29   31   85   17   22   27   72   19   53   61   48   17   73   17   92
  46   46   81   25    9   22   59    3   53   18   63   84   53   33   89   75   25   59   81   76   68   32   72   89   10   27   15   30   18   77   74   22   83   76   22   63   43   71   78   55   79   60    4   52   29   49   17    8   88    6   11    0   61   40   67   90   72   75   56    0   41    9   81   48   52   12   59   53   45    1   86   77   19   71   93   99   96   43   29    2   13   67   63   72   35   66   70   73   30   97   38   13   96   22   85   64   22   16   22   24   52   39   45   48    9    6   85   76   65   90    7   23   82   63   97   89   64   24    9   60   12   22   92    3   53   99   52   78   74   77   44   16   56   39   85   74    7   32   14   22   61   17   55   32    7   22   22   49   38   71   60   82   86   34   33   58   40   44   31   58   26   48   19    8    8    5   23    8    0   39   30   38    4   95   72    0   18    4   43   58   73   92   52   35   45   56   95   70    5   68    8   54   66   88   65   93   50   81   30   94   86   36   74   52   73   67   12   19   82    5   12   17   41   14   53   67   37   59   95   98   78   68   87   34   54   88   35   74   40   14   46   36   59   73   49   96   19   23   90   99   83   28   84   57   83   38   33   66   45   43   90   25   23   21   64   28    8   94   46   38   61   85   64   36   94   72   93   23   98   40   39   69   27   57   86   55   26   62   45   48   94   66   46   24   61   53   25   79   82   28   95   85   98    0   19   48   62   63   53   34   69   34   86    7    3   46   97   91   17   57   26   84   92   83   42   77   93   64   39    6    9   73   97   85   51   41   64   74   67   25   67   31   88   19   55    0   75   59   81   85   47   35   13   51   15   65   82   38   47   52    3   99   72   57   70   55    3   36   70   47   36   53    3   32   73   90    1   32   58   53   85    6    6   82   31   65   82   23   99   57    9    7   32   27   71   49    1   16   52   57    8   60   77    9   57   42   24   58   85   47
  98   92   14   92   80   38   90   29   90   69   78   70   56   18   62   62   57   97   75   82   35   10    5   18   85   43   65   51   81   23   13   61   69   27   11   46   65   64   93   39   99   52   32   27   61    9   81   52   44   77   69   34   14   21   12   14    8   46   69   35   27   79   55   66   37   99   13   88   56   31   16   60   33   76    0   60   56   52   14   64   76   16   79   44   42   47   42    0   84   30   44    8   67   77   11   96   92   84   70   33   80   21   33   50   48   98   92   48   32    5    6   23   11   26    2   64   26   84   23   23   52   47    4   83   10   21   96   28   54   96   61   58   61   83   70   45   14   10   37   95   85   45   36   67   30   92   33   69   92   41   55    0   53   36   65   60   93   44    2   66   54   16   78   17   98   23   55   69   82   21   62   98   24   25   15   43    5   56   59   75   53   55   61   49   67   42   35    5    6   10   18   80   12   33    1   44   96   60   49    0   34   85   46   54   15   41   93    3   73   78   16   13   56   83   19   45   98   16   21    8   82   36   43   51   15   94   50   18   57   26    6   25   16   20   76    2   37   85   95   39    6   36   97   68   35   32   36   81   22   26   50   44   55   21   79   86   56   74   36   58   90   54   85   33   76   64   30   31   77   13   15   30   76   49   44   22   63   80    4   55    5   72   46   71   42   25   29   56   64   88   92    2   84   19   58    9   77    9   73   15   55   96   11   42    4   88   85   61   59   29   98   91   31   76   40   55   15   41   66   21   15   66   21   99   88   13   53   68   14   70   14   66   16    7   99   36   19   60   61   31   28   79   37   85   99   93   21   56   39   67   61   84   58   90   53   42   15   67   49   20   19   78   97   93   56   25    0   61   15   11   19   94   30   40   81   24   12   91   69   15   87   20   14   51   52   61   23   21   19   16   74   97   73    9   73    0   76    7   82   52
  27   54    2   72   25   23   73   24   33   59    6   46   47   17   65   23   86   41    2   63   48   25   92   52   12   99   27   68   53   61   70   52   86   98   38   34    4   50   72   37   76   14   37   86   16   21    5   73   95   25    6   98   37    5   72   74   44   55   50   75    3   33   59   89   30   39   66   70   94   53    6   26    8   82   10   64   33   32   90   40   11    1    3   22   90   81   52   94   96   61   56   14   50   71   14   51   78   35   29   56   83   40   96   23   86   27   83   11   25   51    5   26   58   64    6   36   65   77   60   34   11   92   96   55   99   57   84   51   75   81   25   88   22   32   88   59   90   26   17   79   36   10   78   93   78   31   97   64   95   94   64    0   83   14   37   22   54    7   49   83   43   64   95   42   49   18   11   97   65   37   72    9    3   57   88   10   55   21   30   42   94    1   44   66   14   76   39   68   76   92   76   20   20   95   96    3   88   38   20   43   20   40   64   81   97   69   25   45   75   61   91    3   88   16   27   23    4   71   20   63   58   48   85   75   96   68   45   76   90   26   41   42   18   26   29   85   13   18   21    5   15   92   59   29   24   50   25   71   22   81   16   91   50   15   98   60   78   90   74   80   88   43   58   69   65   74   90   67   66   41    0   10   19   38   27   41   37   63   25   77    4   19   90   85   99   63   57   21   44    3    5    4   75   46   69   79   56   45   67   45   15   51   92   27   71   64   54   52   69   55   16   77   68   56    0   99   76   41   44   78   64   49   50   64   57   80   90   70   67   37   14   68   93   50   12   59   86   42   46   43   43   95   12   95   68    3   14   58   70   55   54   65   59   98   50   13   40   38    5   76   79   85   22    0   73    1   82   12   69   28   12   16   95   38   85   51   58   10   27   24   27   88   26   27    6   66   29   64   14   53   44   17   84   58   82   44   34   95   56   31
  61   75    8   57    4   72   27   27   87   88   70   57   11   15   23   50   47   20   39   52   92   14   40    6   34   75   57   12   84   44   33   61   25   83   91   73   44   22   85   98   29   70   61   57   95   71   71   96   59   18   57    7   67   80   68   34   90    8   52   31   19   65   42   11   65   21   92   56   41   61   36   85   13   22   47   79   70   62   63   80   26   38   40   38   76   98   35   89   75   63   35    5   85    7   76   95   39   33   15   60   59   13   22   33   40   88   73   15   49   16   11   83   94    8   29   95   21   71   74   81   28   30    3   33   87   67   43   26   40   54    4   13   85   86   99   69   98   23   12   45   99   90   53   74   42   75   18   49   65   86    3    8   69   15   61   25   89   31   49    3   26   54   52   72   44   76   16   60   34    2   76    0   86   49   61   17   63   27   19   85   37   69   50   47   51   98    7   72   67    9   54   88   24   44   90   28   48   53   78    9   60   98   23    6   83    1   95   70   56    2   63   48    9   16   57   29   12   42   20   82   20   34   57   28   44   87    0   81   37   83   16   31   37   60   26   68   76   98   83   73   14   58   57   11   40   42   87   53   81   86   20   37   72   15   70   22   76   65   55   15   90   70   94    1   57   70   76   24   12   93   96   60   21   87   81   82   53   50   95   61   99   95   59    9    5   61   62   44    9   71   19   25   64   32   47   99   30   29   58   26   62   94   77   13   98   67   38   18   69   38   76   37   70   65   55   86   72   20   85   35   14   56    7   99    8    6   33   40   24   59   48    2   45   79   19    2    5   77   63   28   49   44   91   22   68   63    9   10   55   28   55   28   97   11   46   54   26   52   69   82   57   57    0   81   32   46   51   10   88   39   19   26   59   91   57   28   87   82   61   56   46   90   70   26   38   37   90   26    2   53   80   94   72    6   38   46   34   77   42   32
   6   12    3   61   33   33    5   98   77   36    9   41   82   71   88    4   53   47   50   35    9   33   10   17   34   39   35   97   15   44   97   18   40   50   70    8   77   62   65   85    9   12    5   48   68   76   72   30   34   37   68   53   22   39   62   88   71   53   20   98   73   45   49   42   22   77   28   66    2   99   83   69   16    7   59   32   58   90   50   46   84    7   15   21   61   73   16   19   82   74   55   64   71   56   69   64    4   93   36   38   28   67   28   16   92   50   35   25    8    5   34   76   41   45    9   73   29   18   57   12    3    8   12   89   41    9   52   19    0   17   17   78   97   83   63   37    5   39   53   66   50   98   92   16   27   18   20   54   18   59   12   17   52   37   19    6    8   71   65   96   69   84   85    5   75   35   81   69   72   11   81   72   85   40   15   80   76   28   60   61   59   71   80   75   64   57   25   10   95   35   73   80   98   79   18   45   84   93   50   53    4   86    5    6   44    1   83   52   82   93   85   28   90   90   50   77   14   34   83   57   66   93   29   14   67   83   21   51   48   86   28   60   18   14   19   94   31   97   84   16   17   17   74   84   22   13   88    5    7   18   52   51   57   74   77   37   87   50   26   38   77   23   13   16   72   10   53   17   38   27   58   28   43    7   58   82   86   49   85   61   88   93    0   42    2   72   86   37   81   94   33   58   31    8   49   11    8   13   99   44   66   81   50   13   72   80   50   76   78   33   91   87   79   10   95   68   16   85   97   45   67   19   40   92    7   89   80   49    0   54   30   70   63    4   18   31   38   91   46   63   93   45   26    0   39   75   67   56   52   77   61   16   64   26   24   64   51   31   66    8   69    8   32   79   79   58   40   58   96   63   45   11   82   95   96    3   44   47    6   87   44   66   54   45   27   13   96   37    7   13   11   27   18   49   44   44   57   31   24    9
   2   27   32    1   98   24    1   45   49   18   94   13   96    7   34   93   87   49    8   69   51   99   69   52   75   61   92    2   31   82   33    9   24    0   42   47   32   81    0   89   64   56   75   59   38   34   69   67   45   71   88   34   33   45   55   76   23   77   74   32   68   31   20    0   33   39   88   75   17   29   50   94   84   44   39   31   52   63    3   53   22   80   67   54   79   27   10   80   38   52   53   19   12   73   35   72   84    3   22   56   29   14   48   79   90   52   19   84   32    2   15   22   74   90   84   10   40   33   28   77    7    0    2   71   42   48    8   63   47   98   59   12    8   74    8   75   85   93    6   65   36   47   88   46   72   30   13   51   17   68   81   95   55    4    9   15   81   16   23   98   46   97   47   45   20   22   27    6   49   17   25   23   88   91   15   41   46   52   92   32   74   43    4   40   87    2   47   59   19   72   77   87   57   82   52   24   72   90   94   97   24   16    0    2   43   64    4   20   70   81   75   83   11   20   72   68   56   14   45   86   68    9   91   16   81    2   83   79   20   40   20    9    2   24   90   43    8    1   23   52   43   37   71   72   59   24   40   17   19   47   38   15   32    1   26   40   67   55   77   43   94   91   61   17   73   64   57   68    0   13   55   21   41   65   75   71   45   39   95   60   67   18   47   59    1   45   19   19   76   74   67   68   12   22   46   60   36   59   16   67   32   38   23    9   96   48   88   37   83   71   98   49   50   94   11   64   13   91   64   42   80   38   38   89   88   18   58   93   28   15   25    6   59   30   50   36    9   40   80   21   95   74   82   64   15   24   13   33   13   45   29   57   82   12   16   18   93   67   92   44   92   64   34   90    3   28   57   92    3    8   87   72   75   51    2   80   20   22   47   72   98   91   12   69   54   48   28   29   95   42   28   82   14   81   42   37   39   45   54   57
  67   93   32   17   35   16   35   84   75   56   90   85   35   93   76   62   46    5   68   14   89   78   99   79   54   22   97   68   31   73   32   10   89    1   36    8   17   63   22   30    8   61   50   56   46   38   85   85   52   39   23   34   79   14   55   72   48   37   58   89   72   40   44   20    0   59   23   61   95   49   84   61    2   81   12   12   33   43   29   97   61   47   12   30    2   31    5   56   35   47   76   42   98   50   53   39   69   67   42   19   17   27   62   75   24   56   57   47   17   99   28   43   37   90   79   39   83   94   87    0   33   99   50   10   61   97   27   49    1   98   89    3   36   59    8    8   73   90   99    7   64   25   56   27   44   16   25   10   85   40   58   91    7   42   38   74   48   27   98   36   54    7   83   83   44   39   60   52   32   15   54   58   26    9   90   48   38   89   33   94   47   92   24   91   10   58   22   24   20   79   63    6   93   97    4   77   74   51   14   96   57   60   97    3    6   64   92   66   21    5   28   45   44   69    2   83   26   15   78    7   10   20   45   44   68   27   97   70   58   65    6   50   38   95   61   94   87   39    7   27   50   64   78   58   77   68    4   12   38   43    1   95   73   81   14   86   86   79   55   18   81   81    4   12   72   23   95   46   92   43   50   82   48   49   87    3    6   79   11   46    3   17   25    8   77   97   98   37   15   50   91   73   64   89   38   14   66   31   97   37   78   48   24   56   98   21   29   58   47    3    4   94   50   88   90   15   64    7   91   72   51   46   37   78   84    2   69   70   28   58   14   71   30   74   95   86   20   17   84   92   16   58   64   39   15   34   79   99   18   48   31   45   33   44   62   97   47   88   89   14   98   97   33   43    7   40   14   16   84   14   68   30   12   16   94   32   77   46   16   36   68   75   51   20   25   19   70   49   71   85   67   45   97   85   35   48   90   63   25   54
  60   99   72   47   20   68   17   72   53   84   65   67   22   94   45   84   97   86   87   96   40   31   33   59    2    8   54   59   81   16   34   52   70   23   86   91   39   10    5   47    4   77   48   41   49   46   87   83   24   52   95   67   14   17   62   92   32   69   52   97    8   84   91   87   22   57    1   65   80   66   89   51   25   51   85   87   59   49   56   33   99   49   14   82   69   69   81    3   52   61   97   75   98   77   63    9    3   71   88   11   78   41    9   80   99   50    7   40   99   42   81   64    7    8   92   67   69   96   66   25   91   30   81   84   27   75   79   63   31   32   98   30   44   63   66   90   13   49    7   97   33   51   61   38    8   87   84   56   12   42   49    0   10   44   81    0   11   96   44   80   77   86   83   68   75   32   27   48   62   30   95   93   39   13   27   81   97   44   18   91   32   18   62    1   12   71   91   54   97   27   73   88   92   75   27   97   41    0   36    3   28   53   64   39   92   23   52   89   64   15   26   86   95   16   70   81    7    9   56   10   64   98   39   84   52    0   80   61   33   77   83    8   28   33   37    6   22   29   24   38   49   95   32   90   42    1   84   45    8   96   19   69   27   23   51    8   88   68   72   93   49   67   27   67   72   80   87   22   73   10   85   40   96   75    9   35   73   49   96   37   94   51   68   87   60    1   98   90   74   16   92   12   37   98   10   56   88   34   54   81   36   50    5   94   70   98   56   25   56   94   98    6   56   61   61   45   33   64   47   25   57   87    8   54   96   97   60   65   59   35   91   28   24   49   21   41   94   54   99   17   20    5   71   93   71   41   41   33    9   19   44   85    2   66   30   35   70   51   92   46   36    2   42   41   10   64   58   39    1   93   49   39   55   97   91   36   94   10   25    0   73   59   70   71    4   50   69    7   71    8   74   53   45   99   43   13   41   14   75   19
   1   81   16   76   88   22   85   23   83   60    8   82   96    7   11   44   83   99   26   81   26    5   67   69   52   98    1   47   10   97   18   80   91    3   39   57   24   57   21   76   16   98   95   74    8    4   53   23   64    7   19   78   15   59   48   29   95   26   90   43   30   97   28   93   86   23   23   97   92   76    0    6   15   43   36   55   29    2   51   66   88   22   15   44   54   47    0   51   45    7   50   30   30   70   50   56    8    0   84   96   53   41   90   42   27   97   57    0   77   21   69   54   19   25   30   47    2   64   61   74   53   69   86   69   69   96   51   51   69    5   46   16   99   61    1   19   51   75   97    0   17   91    9   20   58   87   67   38   99   47   99   86   66   75   96   47   64   61   35    0   90   25   64   44   89   45   45   96   22   13   39   45   15   13   54   86   26   32   86   38   48   72   98   27   87   97   16   11   57   22   52   20    2   45   38   69    2   39   17    2   67    9   85   11   69   39   56   42   97   81   80   82   95   67   73   47   24   30   69   45   77   70   96   94   44   87   15   36   93   79   25   32   29    9   90   19   53   48    6   72   78   69   77   65   70   78   27   63    3   10   53   83   13   52   19   46   99   32   18   78   59   77   16   74   95   18   77   24   83   62   63   38   95    1   78    6   23   33   91   25   66   11   93   99   10    7    9   54   20   40   65   90   15   69   25   11   78   86   15   37    0    4   77   53   16   36    5   32   83   71    0   31   51   48   20   81   43   55   87   79   69   77   82   62   46   66   52   96    2   98    8   88   98   98   67   38    4   19   28   29   87    8   32   42   16    8   11   63   85   19    1   98   79   73   33   36   35   76   56   41   26   16   56   17   95   38   97   51   91   90   76   35   65   81   75   11   72   77    5   39   75   30   64   52   56   78   11   48   17   42   64   79   14   78   16   59   80   53   55   16
  76   53   31    9   33   89   85   37   56   48   99   38   22   72   88   44   35   82   36   57   38    7   69   28   10   90   64    6   73   95   58   84   66   79    5   83   76   65   73    9   17   52   46   55    1   19   20   92   94   76   52   68   53   49   59   99    7   19   63   55   12   25   89    2   53    1    4   96   58   53   71   78   64   79   97    5   55   80    3   47   79   41   11   87   33   87   89   77   28   48   51   37   40   14   95   97   47    0   78   80   18   32   11   11    2    4   55   13    9    9   75   64    0   78   61    6   92   40   90   11   88   25   24   61    9   79    0   12   18   15   44    1   71   29   45   86   36   42   84   76   43   26   32   11    4   25   88    0   25   92   64   80   23   27   61   96   17   96   20   42   63   17   83   95   83   69   30   14   90   88   83   47   61   35   20   20   44   29   48   26   38   40   83   98   84   12   14   94   22   14   76   49   11    0   39   10    2    1    6    8   47   80   76   32   30   23   32   45   46   25   40   71   23   65   42   18   83   24   37   41    5   87   57   43   89    4   37    1    6   44   75   99    3   50   47   66   32   85   55   25   61    1   32   33   85   10   93   28   70   34   92    6   58   30   48   74   39   66   63   23   57    4   60   40    1   52   56    3   54   28   92   62   50   40   18   60   66   76   92   33   59   56   84   98   14   66   53   89   19   72   30   94   81   63   67   99   83    0    7   98   72   98   61   13   48   92   54   16   71   97   69   45   21   60   94   36   67   94   86   59   39   93   81   19   30   46   13   68   21   25   79   71    4    6    6    0   69    0   16   66   20   66   60    0   69   42   18   58   78   30   75   67   24   58   21   14   73   53   44   82   31   78    6   10   34   97    6   39    8   30   45   69   59   70   94   79   80   52   60   81   73   55   96   19   60   17   70    3    0   61   29   28   65   19   60   41   78   28   34   30
   8   27   73   95   68   48   92   41   26   70   19   23   51   58   15   60   70   58   28    4    6   47   82   10   95   87   98   51    1   95   23   99   26   56   45   77   94   66   55   45   40   24   77   12   10    7   43   40   93   57    0   99   32   67   37   72   11   79    2   62   35   53   77    4   54    3   82   23   71   47    2   41   38   96   67   39   73   35   83   78   88   47   85   69   88   53   48   60   28   59   57    8    8   27   31   69   88    9   38   14   68   32   11   12   32   84   78   16   29   11   18   59   32   68   39   73   64   27   91    7    2   98   20   24   36   36   36   18   21   10   73   75   54   71    7   90   60   35   22   49   38   35   16   89   43   10   64   98   89   22   35   12   91    4   87   79   51   72   37   80   48   83   43   61   74    4   44    5    2   93   14   92   53   58   73   83    4   90    9    7   72    9   92   83   60    2   33   24   16   23   88   21   11   66   77   69   89   35    7   11   85   75   89   43   40   38    6   19   24   33   92   71   70   34   32   70   77   61   24    9   38   90   79   68   94   22    6   99   12   46   35   98   15    5   10   35   38   13   50   71    6   73   34    1   99   60   87   16   64   19   95   67   68   89   73    8   11   28   38   20   26    2   12   74   74   35   37    4   21   15   93   16    3   56   34   99   62   10   40   12   57   42   83   91   36   77   30   41   38   94   84   58   40   61   74   36   18   79   79   92   76   74   76   38   51    4    0   10   48   34   60   82   35   85   13   98   77    5   83   55   54   52   26   98    3   38   50   89   33   96   77   50   83   91    0   37   75   32   50    6   26   21   57   93   24   19   29   80   31   64   58   56   97   83   49   42   14   44   58   39   42   51   35   66   52   12   15   61   31   14   84   87   18   50   25    8   67   34   45   47   40   12    2   77    0   22   15   47   64   76   17   34   91   96   75   98   81   50   52   38
  27   30   10   65   38   31   76   62   61   14   46   14   40   15   11   51   92   43   60   41   65   24   89   86   14   62   16   14    7   84   94    5   14   95   61   64   96   27   63   28   56   90   60   18   57    2   80   37   96   64   65   90   25   54    7   88   48   86   85   45   74   76   25   48   21   12   34   14   49   93   11   56   28   67   27   42   49   43   18   95   18   85   88   75   41   56    6   46   50   92   36    3   93   11    0   70   12    3   10   58   76   17   75   24   64   14   54   65    8   49   58    8   77   14    6   54   25   29   76   44   66   33   74   93   10   56   78   11   71   98   87   34   78    7   68   80   43   26   59   86   23   97   54   69   28   75   94   79   23   77   40   89    6    9    7   48   26   33    3   41   70   15   26   62   98   60   71    4   57   37   43   31   18   22   41   17   28   74   60   31   62   33   78    4   88    5   20   52   11   12   11   39   33   68   50   31   77   90   34   56   24    3   84   53   19   40   93   26   50    6   15   96   21   27   15   77   39   31    5   59   32   90   12   67   95   37   50   44   32   86   87   45   47   46   93    5   69   88   71   13   34   52   28   53    5    7   61   29   16   49   28   62   67   48   20   32   62   39    0   78   61   99   14   14   96   91   17   53   24   92   75   74   66   77   95   13   98   92   38   33   24   85   74   71   47   46   69   35    2   36   44   20   26   43   73   43   18   27   84   63   37    3   14   34   80   67   91   56   22   96   99   23   17   79   47   34   69   38   62   67    6   17   23   24   11   69   69   50   26   63   83   44   19    0   70    2   46   93   34   14   57    3   53   65   80   91   73   62   24   38   75   64   16   57   93   26   61   87   50   55   27   84   60   66   81   68   94    1   83   79   92   65   77   66   81   74   45   97   89   65   97   88   91   37    2   25   28   55    6   16   59   49    7    0   23   81   49   69   54    3
  21   42   51   94   45   80   57   25   26   55   63   80    7   33   34   99   24   85   73   40   76   66   44   89   47   56   74   92   89   97   41   41   41   67    1   26   39   27   10   54    3   73   87   68   98   40   66   12   76   97   18   15   96   34   68   62    2    5   30   40   82   57   93   35   26   84   23   23    8   97   14   26   79   65   39   42   79   93   82   62   78   56   69   88   77   57    6   58   44   29   60    5   40   88   35    2   35   92   74   80    4   27   28    8   67   97   51   97   33   28   81   85   70   58   90   37   42   46   73   32   15   11   36   60   61   92   18   53   15   68   88   37   66   52   52   45   85   30   19   69   18   11   12    3   17   98   65   92   85    1   56   25   36   37   90   92   25   39    8   72   67   99   21   82   27   78   71   65   80   66   85   33   53    3   52   16   53    4   82   30   72   45   34   61   66    0   81   96   74   78   37   34    1   97   86   61   25   91   57   25   23   55   98   33   49   86   88   40   54   56   43   15   48   75   42    0   47   99   58   34   95    0   78   17   79   52   84   94   16   46   27   46   79   41   37   20   71   14   77   60   46   69   54   77   93   71   76    2   86   48   21   85    3    8   41   64   41   56   58   78   23   43   88   73   59    0   30   39   46   17    5   12   22   63   57   79    1   89   67   11   24   87   83   41   73   34   89    9   25   13   50   73   81   38   62    8   13   16   17   35   96   11   55   80   43   84   96   86   85   68   36   18   48   61   32   80   29   81   12   36   50   92   12   56   58   26   94    2   30   60   89   90   83    6    5   58    0   41   47   49   31   51   55   39   37   50   40   33   54   49   32   44    4   39   66   65   50   33   52   77   97   26   59   98   22   94   11   30   97    5   40   10   85   81   86   17   50   83   28   74   69   13    6   48   94   68   83   43   77   35   61   95    0   43   24    3   57   68    8    3
   1   59   91   85   62   49   98   52   27   67   85   82   97   56   79   44   50   30   99   37   69   90   72   82    3    7   35   68   43   81   27   18   20   69   70   19   65   34   49   78   29    0   12   29   41   14    6   56   45   80   12   64   60   62   95   27   48   93   91   77   58   94   32   84   75   93    3   92   39   53   50   57   40    9   64    9    3   60   75   59   53   32   41   71   75   56   78   38   11   59   26   35   21   87   70   32   66   81   72   31   11    1    7   50   16   59   69   26    7    3   73   51   99   57   25    9   45   38   31   51   56   57   61   66   65   11    9   68   36   56   16   20   58   32   38    0   97   82   30   79   58   66   65   17   99   73   22    2   45   82    5   28   85   29   92   78   54   64   94   30    2   40   37    1   20   80   49   12   28    3   18   80   25   36   50    0   21   85   58   80   61   73   70   90   18   75   35   74   12   78   59   42   42   69   19   91   24   57   12   11   41   89   32   12   28   46    7   71   15   23   99   62   84   50   66   44   74   38   45   71   58   52   35   73   26   36   66   94   29   26   47   77   49   95   82   92    5   55   53    7   92   33   32   48   86   88   39   18   96   13   51   77   99    2   22    0   21   22   86    5   85   49   87   55   57   43   78   41   50   27   23   88   79   46   23   74    2   70   26    5    4   90   18   39   37   74   50   51   95    1   46   93   49   12   86   78   24   94   87   72   92   53   36   28   27   62   78   30   70   22   31   54   40   22   49   60   54   61   62   44   36   78   32   64   73   92   23   28    8   84   51   19   85    0   19   12   95   84   67   72   57   17   46   97   56   56   16   39   80   36   75   66   97   99   73   84   97    2   51   84   37   89   36    7   60   91    6   90   72   82   91   47   66   25   94   16   86   17   42   97   52   61   35   56   99    5   10   37   96   60   91   89   64   57   11   52    3   22   61    8
  96   48   67   47   15   78   40    5   22   96   74   18   56   84   85   41    1   94   66   72   92   40   30   99   59   33   14    3   74    3   78   37   96   88    6    9   30   57   61   48   47   65   49   85   81   66   75   11   62   36   31   56   52   51   11   81   71   36   72   27   28   96   58   45    7   65    8   17   21   53   37   75    7   74   79   91   59   91   85   80   68   18   38   28   30   78   85    9   80   13   83   44   40   65   16   61    5   15   36   68   18   54   38   87   46   29   43   17   89   36   24   73    1   31   21   76    0   29   90   50    7   27   33   19   34   24   35   93   37   96   64   59   10   16   67   10   40   33   22   90   30   16   87   41   61   47   69   88   12   89   59   21   74   15   13   15    3   49   30   54   12   31   88   82   80   50   37   75   50    0   46   36   29   76   67   33   51    1   33   24   24   60    4   52   38    4   20   77   23    7   77    1   97   87    1   94   23   92   74   18   58   86   12    7   51    5   22   91   56   69   12   38    6   66   64   74   38   85   62   44   34   78   69   70   60   21   40   94   56   30   67   66   88   48   21   49    8   95   41   22   41   58   90   86   93   25   51   55   69   73   51   69   93   58   77   31   58   68   82   81   20   65   81   71    9   82   66    4   90    5   32   13    9   54   41   77   49   45    6   49   70    8   93   34   30   28   33   82   65   78   54   13   21   93   40   55   13   62   24   32   88   36   44   42   54   17   34   67   76   41    8   47   55   59   57   65   81   29   88   84   16   25   96   49   99   10   64   23    2   75    5   52   93   29   81    9   35   76   23   45   51   94   77   51   50   28   84   41    5   77   82   25   11   44   76   67   22   96   70   98   90   18   74   30   22   88   22   20   22   44   10   11    7   74   21   40   16   99   90   55   86   47   82   38   37   56   68   54   30   30   60   93   99   85   61    8   48   30   75   10
  92   48   51   80   66   79   77   82   18   24   32   93   70   94   72   29   50   40   80   82   67   36   48   34   85   58    0   83   47   18   89   82   33   80   65   93   58   17   58   68   14   72   86    3   18   28   46   89   64   19    7   94   18   48   91    9    4   56   27   27    2   78    3    7   86   20    4   92   79    1   54   61   15   66    1   67    8   33   84   26   45   91   76   88   13   55   84   99   21   26   60   54   64   92   38   22   43   40    5   83   79   95   11    0   53   26   48    2   48   57   82   18   84   63   82   74   84   21   61   54   87    7   33   95   44   67   79   64   19   81   53   82   31   24   40   56   19   30   49   61   93   29    9   64   11   73   10   23   12   81   70   18   17   37   49    6   60   27   66   78   91    9   36    7   85   21   97   94   26   34    7   96   59   48   75   34   81   94   47   93   75   97    8   14   82   29   81   61   92    6   57   90   10   31   26   75   25   40   85   14   87   66    3   54   81   73   91   38   55   68   72   94   55    1   89   90   46   96   32   73   64   35   45   66   17   53    7   54   67   47   58   77   38   48   18   69   16    3   47   10   24   82   65   83   60   70   80   38   85   91   90   29   75   32   17   40   31    3   91   22   67    7   49   53   22   69   22   59   44   66   39   81   61   98   31   12   20   14   71   84   69   56   24   95   78   39   88   73    0   33   49   67   30   62   62   54   38   29   20   85   33   11   74   85   74   25   58   79   52   95   84    7   94   48    8   96   35    1   19    2   46   47    7   52   96   63   92   70   44   16   60   21   18    6   93    3   78   37   94   86   34   57   91   40   62    8   63   73   36   89   76    6   86   68   76   64   20   90   73   53   40   13   68   46   83   96   80   63   13    8   39   50   38   61   28   17   46   81   76    4   28   72    5   45   89   53   81   45   23   18   97   51   22    1   21   97   45   21   52   68
  89   50   58   21   54   30   44   21   27   87   29   16   32    6   60   60   42   35   86   42   93   47   82   96   73   11   32    3   21   84   37   71   97   18   44   51   19    7   62   61   38   61    7   64   22   28   62   54   40   60   96   13   31   95   82   84   53   88   29   76   80   79   95   46   11   49   68   84   25    8   72   18   18   36   75   43   48   83   32   98   54   80   45    9   21   54   92   71   96   55   59   44   23   42   55   62   38   63   83   30   95   41   43   15   64   88   38   86   95   65   29   97   28   48   46   87   96   74   31   17   32   86   51   16   49   62   44   17    9   95   95   66   32   12   17   10   24   19   74   54   82    5   43   93    7   20   68   49   38   70   88   74   80   50   14   11   40   18   80   88   65    3   84   40   13   43   42   96   19   80    9   72   65   48   10   67    1   24   74   23   38   68   42   37   22   50   60   27   32   13   47   44    9   98   91    9    1   51   24   29   76   41   67   58   27   39   44   14   84   35   38   54   44   73   93   19   60   54   40   88   47   98   17   31   50   22   18   83   60   95   16   90   75   37   78   72   95   26    4   58   78   63   82   74   66   98   76   75    2    0   84   44   68   72   69   90    2   16   91    9   36   37   14   67   40   62   79   23   26   39   97   70   44   58   10   76   23   11   68   98   81   58   58    0   61   71   42    5   90   19   86   64   59   32   34   85   94   88   73   69   76   90   31    4   44   41   57   48   69   33   73   29   41   27   44   59   48   46   57   80   14   46    5   15   99   75   84    6   42   49   74   26    5   63   26   57   93   28   97   75   12   31   88   70   52    8   57   82   67   91   11    2   97   94   37   29   50   43   15   50   89   81   14   29   51   55   99   16    9   73   85   67   57   48   51   97   10   36   59    5   66   88   74   58   84   90   32   88   30   80   10    7   26   83   46   99   43   63   28   99
   2   54   64    4   28   40    5   26   38    7   99   36   78   11   73   54    1   68    5    5   24   53    5   70   45   15   23   95   96   93   90   84   31   68   45   33    7   42   67   88   21   43   46   33   44   52   86   51   42   79   54   38   80   31   55   46    4   81   49   91   25   42   34   51    6   78   90   30   72   19   13   72    8   43   92   28   58   24   96   52   71   41   74   98    9   84   44   87    8   94    5    1   60   45   72   14   78   70   12   78   15   10   28   52   41   66   85   54   30    4   29   34   79   75   47   21   82   19   34   55   86   82   70   73   51   68   86   86   68   60   58   43   54   61   86   63    1   64   31   89   72   97   40   57   76   64   35   20   74   77   29   14   73   49   87   14   46   54   59   53   76   53   54   20   74   54   91   78   23   26    6   51   64   69   83   79   86   63   35   77   17   27   77   30    8   34    6   88   99   68    5   94    0   36    8   42   44   65   17   95   99   21    9   31   10   25   21   35   40   70   92   95   86   97   35   67   46   84    1   57   96   85   40   30   81   27   36   30   83   52   59   17   52   78   82   59   95    2   51    8    6   96   24    1    8   66   53   59   25   91   30   24    0    3   34   87   61   92   78   80   35   16   61   48   31   23   34   56   51   61   73   85   37   34   69   18   12   81   80    4   61   27   88   52   31   60   21   81   43   61   79   30   35   32   55   15   60   16   84   83   64   51    9   95   37   34    6   46   19   99   80   58   37   42   73   13    1   11    0   51   16   81   66   89   42   11    7   57   79   43   60   45   57   23   52   75   89   48    9    3   72   27   87   87   37   67   58   72    5   79   56   27    5   17   36   26   88    5   25   94    5   60   10   53    8   92   39   42   46   34   82    6   28   89   61   83   34    8   53    6   70   51   36   61   74    6   36   66   43   57   13   76   85   92   52   17   67   78   78   24
   1   85   16   39   97   91   31   60   53    5   32   86   88   44    3   63   76   96    5   43   77   38   69   94   48   23   79   40   16   75    2   57   96   29   32   42   81   99   30   74   14   96   83    9   87    6   38    3   37   90   20   67   52   25   95   56   41   20   96   60   64   31   14   63   52   13   92   25   16    1   28   82   40   80   64   33   75   16   51    6   55   69   60   14    6   31   45   84   97    4   76   27   17   96    3   11   55   11   19   90   89   90   14   71   70   69   45   64   53   61   62   57    8   93   37   55   99   70   28   54   23   44   55   58   79   44   86   41   39    1   41   54   45   69   28   68   82   34   52   85   39   25   41   28   37   70   70   18   85    0   62   74   10   15   85   43   57   48   36   59   31   43   57   22   34   77   21   25   69   46   89    4    4   17   80   13   13   42   96   41   41   16   42   84   90   49   51   78   90   59    1    6    1   61   40   22   35   34   84   86   99   67   84   53   20   14   70    8   49   46   47   35   25   79   70   13   48   34   69   64   53   93   55   11    9   85   64   78   80   61   79   17   35   50   70   65   99    7    7   78    9   96   53   65   42   39    6   74   72   45   35   57   24    2   86   44   38   99   54   16    1   82   19   37   71   27   88   93   49   46   92   99   42   55   19   43    4   27   24    3   25   77    2   35   52   75   85   90   99   29   30   31   66   99   26   40   22   81   39   62    5    4   62   16   60   65   91   92   88    2   87    4   87   25   84   36   33   20   11   23   34   12    7   32   99   46   58   88    3   41   57   93   21   58    8   65   81   91   93   14   66   52   82   30   19   95   17   90   81   55   76   44   14   28   82   50   60   67   34   54   75   83   93   34   93   15   77   86    0   31   42   72   82    8   55   76   22    0   40    8    6   12   17   49   89   18   53   89   66   58   34   11    7   55   19   45   11   85    7   35
  38   15   12   65   31   90   53   62   30   82   54    3   15   25    7   78   92    8   22    7   31   87   14   88   57   86   41   90   59   29   13   42   59   44    6   71   80   13   82   57   63   49    0   83   46   27   75   30   83   62   65   35   92   60   33   52    6   99   30   46   97   72   94   47   50   45   84   12   42   73   11   74   84   15    1   73    0    5    5   22   83    7   93    1   36   21   34   37   30   79   67   14   34   46   92   51   42   62   88   14   17   58   60   20   92   58   13    6   90    0   83   42   94   75   48   60   30   51   93   97   79   63   11   26   74   40   54    3   54   70    6   45   11   73   18   96   55    8   76   89    3   27   85   55   96   79   22   55   85   53    3   66   62    9   85   95   52   69   22   71   35   76   58   60   55   87   51   93    3   83   68   15    5   24   93   62   88   55   19   70   11   29   85   49   84   97   26   81   70   72   50   74    6    3   16   17   55   55   81   48   88   22    0   61   84   73   15    6   74   55   97   51    5   15   31   71   36    7   43   98   41    2    3   66   80   30    2   51   34   30   20   57   50   18   59   58   36   98   10   17   60   78   82   56   60   40   35   58   75   62   17   73    1   18   39   75   30   61   11   84   46   28    5   75   62   25   60   64   28   61   83   24   67   97   40   99   87   95   53   90   91   78   35    2   97   28   32   99   54   62   58   67   64   32   70   68   83   33   40   72   21   92   76   46   88   81   14   91   69   19   92   82   65   66   34   52   63   63   25   11   81   86   61   31   87   33    1   61    2   16   56   95    1   27   55   32   30   61   72   42   40   61   16   76   11   18   48   74   85   26   58   34   42   74   27   63   76   56   31   34   10   45   34   69   28   71   42   93   38   66   51   69   68   50   78   52   30   76   31   81   82   19   95    6   47   94   54    7   65   75   79   84   12   34   23   20   31    2   19   81
  45   47   97   23   22   92   66   44   82   25   19   28   87   49   32   63   44   97    0   37   33   64   16   47   86   83   67   86   68    2   96    7   74   19   72   12   12   29   20   97   21   78   93   11   36   95   95   75   38   16   68   91    6   56   59   99   22   93   86   33   14   91   69   57   99   25   39   98   67    4   60   85   84    4   80   58   34   56   37    1   91    3   78   48   22   35   83   93   45   72   93   22   70   28   28   81   30   98   14   44   54   23   44   65   34    9   31   66    6    1   56   96   19    3   34   44   25   58   17   80   36   16   78   61   41   19   52   29   60   64   60    3   42   22    7   12   54   10    7   90   20   72   43   12    3   94   89   50   73   70   96   54   24   96   70   36   73    7   78   75   24   70   51    9   28   13   18   89   35    5   75   36   35   71   61   66   84   11    0   25   18   95    2   52   76   60   81   57   84   12   35   32   25   88   46   61   17   24   50   42   73    9   22   64   69   16   21    2   18   59   79   67   84    8   14   29   50   91   27   92   33   88    9   90   86   25   43   46   89   97   46   40   81   31   41   77   48   60   29   23   92   53   43   36   74   23    0   89   77   52   30   71   51   46    0   29   19   83   73   82   55   18   90   10   47   54   34   51   23   12   89   59   20   88   72   81   33   76   59   85   56   11   60   42   92   19   41   84   26   13   44   88    7   97    9   58   78   72   45    6   71   28   62   82   83   85   40   63   17   92   90    3   11   86   68   96   83   76   42   88   99   40   77   75   83   32   31   55    2   74   80   10   79   31   26   15   33   59    8   74   79   14   79   58   23    5   12   21   73   91   97   22   39   79    4   47   32   88   37   75   93   22   24    1   49   90   95   29   75   64   75   23   61   17    7   64    2   56   39   35   64    1   60   48   21   97   76   29    2   69   16    8   51   91   22   25    2   20   75   12
  28   91   71   17   92   21   92   94   50    0   93   81   40   23   72   18   17   11   54   46    4   32   36   22   52   21   25   39   18   86   71   95   63   10   41   27   17   10   91   66   41   84   26    1   17   49   26    6   39   93   38   20   42   63   21   36   62   39   94   33   75   39   77   50   71   54   48   79    4   67    7   68   28   82   57   36   83   95   31   51   79   24   22    5   10   86   94   43   37   50   94   19   15   57   10   39   29   32   67   71   72   41   34   64   70   45   39   81   76   61   39   43   28   29   52   43   81   99   64   34   95    2   24    1   50   62   67    2   20    4   54   67   85   63   97   72   97   92   54   47   32   89   49   58   75   87   73   98   34   23   53   72    7   88   39    2   46    1   72   21   48   16    4   45   28   90   59   89   61   11   79   86    5   15   78   34    5   61   73   27   80   28   49   29   34   44   55    4   45   61   84   37    0   61   15   14   97   72   31   48   92   10   69   66    3   62   34   80   76   90   60   62   88   41   18   77   48   75   72   89   85   76   92   60   41   56   94   57   35   47   16   69   74   86   98   21   51   62   69   63   71   75   25   61   68   30   12    6    0   34   61   35   81   59    3   72   45   87   86   29   70   67   43   20   58    1   64   69   28   56   39   90    7   61   44   85   99   99   40   43   75   37   47    8   89   88   98   96   36   99   67   33   87   45   40   17    9   53   57   20    1   11   34    8   62   15   51   46   28   30    8   57   37   48   85   55    8   39   50    4    5   35   31   58   31   38   65   15    1   34   83   13   72   98   58   47   88   91    5   15   52   41   70   46    0   38   26   30   86   62   79   94   28   86   50   68   50   60   86   36   10   55   29   87   58   91   91   49   23   69   90   56   99    0   88   65   14   11   75   13   92   41    0   81   87   34   84   63   98   16   52   96    2    9   27   20   78   47   39   99
  49    6   24   41   26   63   12    2   73   60   87   11   41   45   32   28   90   79   30   52   16   60   81   32    1   21   10   65   57   26   57   10   54   12   25   39   65   77   20   47   66   98   20    7   22   16   10    9   43   37   62   13   30   82    6   26   59   11   35   27   23   97   80   73   66   80   77   11   41   84   47   69   60   17   42   53   59   62    9   46   10    9   56   46   20   51   18   75   74   47    5   48   48   31   54   82   83   36    4   61   12   99    7   47   36   75   17   54   84   90   60   75   29   23   58   88   98   30   81    0    5   28   13   89   71   38   56   11   64    6   34   14   42   56    5    5   62   34   92   54   27   86   15   39   12   59   63   49   80   26   10   78   91   53   97    7   27   16   22   42   47   32   28   63   84   69   97   38   71   20   28    4   78   73    7   14   71   91   64   50   19   18    2   96   96   24   14   85   13   67    6   13   30   82   73   85   82   89   80    2   90   68   13   76   67   63   21   84   89   50   54   62   16   58   75   75   81    2    2   37    4   24   34   36   67   74   34   99   17   77   14   22   85   12   84   18   28   19   10   75   42    1   98   73   58    8   95   45   11   77   84   82   44   97   77   27   69   40   62   75    7   78   41   78   81   53   18   91   73   52   47   30   60    9   59   94   17   33   22   88   95   62    2   26   46   76   49   68   69   92   83   19   64   42   76   17   94   62    6   80   16   23   83   57   60   28   62   53   73   93   69   76   40   54   69   52    2    2   73   89   70   91   66   38    9   78   70   93   31   98   98   70   41   33   91    4   35   10   14   59   62    3   68   86   75   26   92   72   41   82    0   64   40   24   45   57   33   20    6   62   67    7   82   21   62   93   60   22   11   84   51   80   13   11    0   89   61   43   79   75   19   46   59    2    8   98   27   15   53   10   51    7   40   76    0   20   63    9   15   29
  18   95   61   40   92   64   68   40   41   38   82   88   43   16   53   56   48   91   78   11   39   85   41   45   52   77   55   49   69   29   58   19   32    4   13   82   16   74   68   38   34   36   40   64   14   79   26    6   50   83   81   16   38   16   84   74   30   92   10   45   25   51   28   26   24   28   58   45   75   44   50    2   35    5   28   49   55   36   66   72   91   28   82   50   60   34   49   13   90   53   68   79   30   90   36   68    7    0   20   23   32   24   30   86   12   82    6   69    9   18    8   94   70   84   19   74   47   82   20   30   50   88   47   21   36   53   10   87    8   30   34   69   40   22   53   16   74   13    3    7   96   74   97   71   64   27   25   41   46   87   48    1   38   34   55   92   47   69   73   48   14   69   34   53   92    7   35   19   31   35   66   11   63   21   82   87   61   42   73   25    8   32   61   62   80    3   21   63   49    0   20    4   81    6   16    6   68   21   45    8   10   58   18   70   95   19   33   99   15   94   36   40   70   96   67   27    8   48   44   99   40   68   25   92   43   50   31   24   34   34   74   98   14    7   17   68   66   96   97   89   51   85   67   10   70   95    1    3   80   30    3   95   26   76   74   96   26   23   95   71    2   76   49   83   47   79   38   50    7    1   22   57   64   83   35   42   77   31   55   35   77   65   86   40   98   45   47   73    7   58   58   59   46   69   27   88   25   46   99   13    9   85    4   45   78   79   29   76   25   32   83   43   27   98   36   55   61   36   22   98   40   78    3    3   72   31   55   70   27   55   24   77   11   70   28   63   81   89   64   67   90   69   94   20   83   30    1   29   90   60    1   17   71   17   73   67   22    5   92   20   77   13   51   77   38   20   32   57   83   21   19   58   60   38   30   47   52   41   45   45   86   29   95   96   21   48   99   34   26   10   55   17   28   29   91   75   38    9   70    7
   7   94   93   59   26   76   15   41   14   68   45   98    2   72   70    2   80   74   41    4   53   81   23   53   92    1   20   60   60   36   74   69   57   39   60   64   92   15   92    1   86   91   13   75   94   12   31   43   25    3   94   99   96   84    6   46   90    0   13   77   39   17    7   63   10   56   64   52   36   39   81   77   25   64   71   10   38   58   45   42   61   37    3   35   35   43   27   27   78   39   90   27   71   79   21    8   76   64   21   58   55   93   73   62   12   94   93   64   33   94   40    5   47   73   15   45    2   33   39   77    4    7   14   63   82   96   14   12   19   65   71   65   54   38   79   70   74   43   33   34   45   84   51   27   54   85   26   50   52   25   70   39   28    3   41   22   71   79   46   29   80   50   31   66   20   76   33    0   71   92   55   37   18   38   61   89   47   94   91   33   14   32   45   18   32   77    2    8   15   89   73   54   75   65   57   84    3   42   28    6   94   79   35   11   72   99   28   36   19   47   26   70    5   53   86   40   66   23   97   93   67   30   77   77   54   65   75    5   22    4   51   44   86   64   89   79    9   58   58   19   27   44   93   10    1   21    7   45   35   39   35   92   27    1   97    9   46   94   57   32   92   28   85   98   98   26   99   22   77   17   29   61   43   60   80   34   15   47   82   70   44   48   71   80   90   33   96    1   84   14   74   61   95   44    8   92   79   19   11   14   46   60   86   79   93   53   53   35   36   40   76   46   52   94   75   22   85   10   49   54   29   60   69   80   34   80   62   34   97   71   81   60   65   96   91   31   93   99   81   35    1   44   99    8   74   43   83    1   78   45   24   11   79   36    9   40   37   87   82   88   37    0   93   40   48   46   96   86   82   64   55   48   75   39   86   58   13   47   13   45   28   42   67   82   97   12   17   36   75   91   31   95   12   74   35   15    6    1    2   95
  12   59   62   81    0   71    7   92   65   98   90   27   21   90   30   26   17   70   15   56   58   27   18    1   83   29   78   64   41   53    7   73   88   52   82   41   70   86   86   83   48   42    0   74   25   60   39   69   48   38   31   77   35   52   43   94   73   15    6    1    6   92   64   74   37   87   38   14   57   58   75   86   50   67   86   99   90   88   92   98   42   77   61    3   68   23    6   59   40   38   39   69    2   89   92    2   58   11    0   23   77    7   65   23   63   18   95   70    5   23   31   58   27   78   49   28   88   99    6   23   39   38   42   68   85   16   85   32   14   64    8   79   81   87   14   26   75    8   23   81   97   61   10   74   78    3   44   77   29   95   88   94   47   19   93   98   12   36   33   74   42   70   57   29   40   70   67   74   57   99   49   19   85   93   16   77   34    3   54   64   28   59   90   19   60   97   45   85   37   37   14   85   48   46   52   35   92    4   93   67   62   62   45   88   45   37   24   48   71   42   77   59    5   54   13   45   32   36   16   35   89   24   76   35   72   68   41   56    7    9   16   97   14   67   20   54   82    7    4   89   65   70    7   79   37   22    2   14   22   80   60   25   29   24    4   57   67   62   91   60   68   85   14   82   13   99   75   62   32   48   57   23    3   59   50   44   27    2   49   10   36   40   26   76   90   46   63   11   30   86   13   85   53   77   73   74   33   92   35   61   31   39   15   91   15   32   30   39   31   74   24   68   12    9   17   34   12   78   76   54   89   23    1   70   73    5   97   59   31   41   37   77   26   89   74   45    0    2   63   39   45   48   77   29   51   87   67   48   47   30   46   39   56   12   86   40   62   10   46   39   75   68   99   11   27   43   12   75   28   14   46   87   86   84   70   83   63   91   66   83   83   57   39   15    4   93   37    6   64   36   22   94   30   82   64   48   54   20   87   72
  58   89   75   36   97   74   23    1   72   42   67   59   87   32   23   36   52   51   41   83   71   86   84   30    2   56   71   97   48   77   77    8   47   13   89   66   52    2   46   52   38   62   31   17   90   99   80   92   48   50   18   83   85   66   26   34   71   21   77    6    6   66   81   62   11   83   87   50   19   50   85   77    6   22   94   91   42   20   44   84   43   75   80   14   81   72   16    7   36   61   83   44   34   81    9   90   27   36   78   94   56   84   25   78   39   11   18   45   91   80   15   42   94   85   66   90   23   61   57    3   25   46   54   25   93   52   12   50   37   78    2    4   14    1   17   76   82   90   62   22   96   34   89   76   72   50   27   60   15    2   83   87   82   15    1   73   71    6   35   99    6   90   33   89   29    2   53   25   46   98   74   62   98   14   46   55   81   92   66   92   53   21   45   41   61   30   27    5   77   94   20   68   97   72   50   12    5   30   55   54   27   38   87   94   20   77   65   38   89   80   68   63   63   93   35   43   96   65   85   92   62   88   94   68   15   92   10   63   10   20   40    7   95   11   41   18   39   67   11   23   74    5    4    9   13   59   97   55    4   34   65   88   39   38   61   84   61   96   88   78   53   96   11   57   85   90   17   10   79   40   27   72   39   68   45   22   76   90   29   30   79   24   88   89   93   93   83   25    4   68   47   70   15   22   43   50   88   96   93   25   19   79   16   99   81   79   68   35   76   19   81   18    9   96   79   87    3   24   62   46   17   73   43   84   51   91   65   86   87   85   63   31   70   98   71   42   16   71   31   12   36    1   16   15   41   48   63    5    9   68   74   61    7   44   19   39   72   64   33    3   87    9   86    4   53   97   26   97   62   32   90   14   95   59   48   61   25   72   81   40   17   58   45   32   68    3   10   17   37    3   83    8   25   18   35   16   24   18   54   74
  46   99   51   96   61   17   96   86   38   79   25   36   55   72   86    5   66   16   22   13   73   22   10   65   43   55   70   45   29   48   48   85   27   15   80   69    4   16   81   55   54   18    5   51   12    4   59   66   72   51   10    6   81    4   15   66   94   15   43   28   28   86   92   77   62   61   77   91   63   58   29   11   63   49    3   11   15   86   42   98   73   47   80   95   41   97   86   30   45   49   40   21   87   90   74   77   51   44    4   85   89   64   57    7   37   42   32   35   72   29   45   74   60   88    9   45   73   60    2    4   41   10   36   53   14   42   85   29   74   66   80   10    6   83   86   91   29   49   88   59   33   64   45   92    0   19   65   33   93   78    8   26   18   88   93   97   24   82   32   86   58   89   65   59   16   42   52   18   21   74   44   80    0   22   91   36   89   35   12   15   86   47    1   98   10   84   46    8   56   40   48   90   41   10   77    0   90   66    7   73   69   66   66   75   35   51   58   27   31   29   33   28   72   39   18   22   45   32   95   33   93   70   51   24   84   92   75   97   35   85   78   52   99   49   42   31   41   56   90   30   61   52    3   62   45   87   31   83   11   81   93   94   10   66   92   70   33   64   76   55   54   11   42   36   67   11   22   60    1   22   61   72   44   28   27   17   15   28   80   56   44   47   94   97   83    1   99   96   31   16   81   19   60    0   20   47   88   67   76   17   21   26   67   80   46   98   78   15   18    3    2   83   33    6   84    8   68   62    1   62   18   94   74   59    1   64   13    2   92   30   55   58   27   49   52   14   25   16   91   41   12   55   73   13   27   20   32   96    5   14   93   56   37    1   98    0   60   61   64   80   32   16   17   32   32   67   42   11    2   11   72   82   49   87   61   20   29   67    0   63   60   84   91   43   45   52   47   26   64   78    6   97   34   32   98   10   59   44   84    0
  39   71   35   61   89   27   88   76   24   74   78   47   70   49   14   62   17   93   53    8   58   83   82   31   53   55   30   42   33    0   19   36   88   94   63   23   69   73   10    2   49   23   64   49   11   48   48   99   80   67   92   57   28   71   17   98   15   41   43   72   50   51   64   64   69   24   10   80   59   46    2   50   26   84   25   16   87   62    5    6   18   13   17   11   35   71   91   34   69   99   61    5   20    0   18   81   12   51   16   73    4   81   77   76   10   74   58   34   84   61   11   49   20   97   91   15   14   24   44   44   74   18   28   67   82    4   59   58   15   62   26   24   93   18   16   35   17   15   25   32    8   98   23   53   77   20    3    4   33   41    2   83    8   19   97   25   13   46   99    2   59   64   91   60   87   46   21   15   36   39    9   94   70    9   98   53   84   61   74   43   13   48   43   82   80   41   46    5   26   78   56    5   56   49   27   60   94    1   81   13   66   24   82   99   86   15   97   89   40   90   58   89   96   42   80   29   89   58   10   84   44   90   11   52   27   72   57   88   39   64   39   50   33   21   80   79   92   98   17   95   89   20   99   79   27   19   69   87    7   78   12   89   89    0   35   30   40   89   78   26   66   30   70   23   24   33   13   69   80   80   14   66   10   77   11   17   98   68   79   40   61   25   78   76   84   41   77   66    6   34   75   72   87   55   39   39   80    8   84   68   51   53   45   66   14   92   75   24   56   78   47   58   32   62   84   44   70   66   11   39   36   55   84   22    1   33   48   54   30   38   34   55   29    9   72   50   18   48   93   44   86   57   13   75    5   99   87   37   52   95   35   96   82    2   78   83   65   34   74   43   62   24    5   96   58   45   55   84   75   23   89   35   17   52   95   83   21   69   83   69   88   17   26   31   14   40   18   69   60   77   43   50   91   57   58    3   16   82   65   95
  83   68   10   31   19   45   54   85   82   29   21   48   98   19   24   20    2    0   24   34   96   78   12   68   85   70   73    4   89   41   79   49   29    4   24   65   16   32   45   51   47    6    0   64   66   55   54   83    3   26   84   28   95   89   92   13   95   17   98    5   25   12    8   56   83   41   80   49   93   22   79    4   45   21   76   36   45   75   25   11   68    3   70   92   70   25   73   69   16   45   86   39   13   49   75    8   44   95   52   42   77   43    3    3   49   92   94   70   77    2   78   60   25   60   30   50   40   39   68   29   42   67   73   71   79    1   49   79   59   59   40   74   16   38   16   50    6   24   78   75   47   32   16   33   98   65   94   60    3   43   12   73   24   85   58   34   77   27   73   37   40   34   75   75   43   46   79   11   92   12   88   14   29   29   99   61    6   36   88   41   37   60   86   68   91   53   34   88   96   31   56   37   76   54   12   21   14   57   94   21   30   18   17    3   79   26   91   93   45   15   15   41   21   44    7   29   87   79   11   37   73   46   58   75   61   94   59   44   70   57   45   35   99   18   74    9    9   76   68   84   38   83    7   81   91   29   10   92   12   54   83   63   55   71   47    3    2   26   89   26   25   58   76   57   67   77   71   63   70   68   75    0   79   32   67    9   61   95    1   14   80    8   26   85   88    7   65   91   47   84    5   10   74   28   62   49   10   11   92    6   30   71    6   64   73   33    9   31    8   30   38   21   59   72   36    7   23    7   14   48    0   36   35   61   58   27   47   74   21   64   48   95    2   82   74    2   97    1   88   11   20   13   27   50   48   20   24   67   83   89   36   37   24   11   26   16   99   90   68   72   80   45   21   64   12   59   57   31   21   11   24   27   91   60   29   53   21   56   63   13   84   27   31   39   10    7   80   96   41   12   67   13   81   64   98   56   19   52   83   48
  71   80   17    3   88   67   11   60   97   39    8   13   73   14   95   49   43   60   10   71   76   30   24   91   39   56   86   75   29   85   92   57    7   91   31   10   66   58   80   98   22   22   26   15   99   55   74   24   60    5   80   37    9   28   74   32   84   77   45   79   63   22   91   10   11   33   79   74   65   67   90   37   15   47   22   48   59   75   29   86   15   86   27   65   21   44   45   43    1   69   31   11   95   15    8   84   85   82   91   67   17   82   31   57   70   50   74   38   21   18   65   47   98   90   52   28   63    0    5   60    6   71   20   64   15   15   35   48   26   33   67   98   39   62    0   58   67   98    7   54   83    3   87   38   13   78   86   85   60   24   66   24   17   80   31   56   59   10   78   14   34   10   92   34   93   43   87   93   10   97   19   38   84   89   91   13   27   62   78   15   55   71   60   30   67   76   91   98   60   48   86   87   34   12   28   28   97   94   61    1   28   54   91    6   62   89   96   13   70   62   25   43   13   66    0   26   65   47   80   75   81    4    2   86   45   27   57   50   78   61   47   22   84    0   78   43   97   91   13   40   35   71   84   72   97   90   93   81    8   44   97   34   50   77   13   24    6   58   96    5   51   18   40   32   74   82   12    3   41   36   36   35   41   97   80   50   59   44   68   23   72   42   47   34   68   95   95   19   35   61   53   15   95   24   79   99   33   31   13   56   80   28   29    6   25   65   69   78   40   61   98   64   67   45   73   10   34   75   82   54    1   14   53   82   66   52    1   57    8   86   86   54   84    2   13   36   56   40    0   73   32   94   80   10   47   93   11   38   43   30   74   15    2   82   48   40    6    4   98   86   34   40   89   68    9   99   35    3   55    8   85   58   55   93    6   88   41   26   12   25   97   21   45   97   99   95   45   97   80   53   10   53   10   15   34   53    4   32   95   10
  44   78   43   52   17   41   91   74   35   71   18   99   86   93   36   68   63   78    9   55   80   30   12   61   79   57   35   97   17   99   53   56    4   20   77   68   63   28   41   24   45   63   70   10   96   13   37   70   28   70   27   53   41   52   57   62   69   68   68   80   67   38   54   24   25   91   45   16   10   31    6   19   47   26   76   63   24    8   88   19   70   49   43   56   78   58   92   96   65   17    9    7   98   49    1   40   72   79   85    0   49   13   69   74   62   45   55   78   52   68    3   19   76   21   54   33   22   94   61   46   43   19    9   18   99   98   51   93   45   80   66   97   92   91   53   16   64   35   31   26   99   27    7   39   38   68   21   76   74   73   43   62   53   53   46   48   12   39   25   93   84   90   96   96   44   48   98   22   10   18   84   36    7   57   78   57   96    3   43   98   99   51   52   95   60   50   12   90   30   49   65   42    0   89   41    7   28    1   54   47   30   67   97   70   30   61   57   10   16   82    8   50   76   27   41   11   40   72   78   16    7   56   75    8   18   72   85   16   39   59   80   21   95   89   77   94   36   99   44   57   92   28   75   32   80   94   67   77   25   46   80   75   52   31   63   62   21   10   53   17   70   73   35   25   51   45   13   25   23   27   35   22   17   33   45   96   49    5   66   78   45   85   65   66   87   27   74   29   31   12   85   70   39   33   55   85   31   83   66   57   28   46   74   28   44   72   37   94   29   74   66   58   32   21   17   84   67   66   18   72   36   21   65   41   33    8   57   19   46   16   39   11   67   99   48   29    6   65   94   77   16   61   35   67   28   25   68   12   43   73   37   35   84   98   98   51   48   11   39   55   84   97   79   49   19   37   38    3    0   38   46   38   84   63   98   97   25    6   56   15   51   11   54   35    0   24   83   79   16   55    7    8   53   76   91    3   47   52   61   55
  84   74   21   16   43   94   20    8   97   93   56   30   12   64   77   64   87   29   30   75    3   32   56   59   71   92   41   61   69   74   96   98   73   49    3   62   52    2   64   72   55   84   25   27   57    4   46   22   40   13   12   78   13   55   75   18   31   19   99   32   45   41   92   46   50    3   74   54   82   76    3   18   86   40    2   76   38   74   88   68   97   80   51   37   35   14   46   31    5   28   98   27   57   36   53    5   44   31   28    7   61   96   72   59   17   12   60   26   46   62   99   47   26   36   51   86   18   20   87   58   92   68   61   99   85    3    0   56   22    4   43    9   25   38   18   78   14    1   46   51   80   74    0   83   21   22   24    7   39   78   80   67   15   49   20   62   29   85   37   62   27   21   83   59   42   91   89   27   87   31   16   94   78   98   25   49   54   21   44   49   27   89   67   40   23   19   67   95   81   52    2    4   75   25   94   31    6   86   61   16   49   67   17   28   79   36   58   18   31   86    2   31   33   89   52   98    4   57   50   53   53   31   75   80   76    0   48   83   66   84   69   56   48   73   16   77   10    3   90   52   60   86   36   94   74   20   18   57   55    3   12   50   41   36   45   75   56   32   50   68   11   80   41    7   47   20   35   31   74   86   15   48   75   15   49   16   33   33   37   65   87   89   40   19   41   84   70   28   76   68   89   87   93   49   25   66   57   38   98   81   54   71    2   82    6   80   16   61    1   66   66   96   57   65   67   96   76    0   48   31   28   59   88   98   10   27   87   24    2   88   52   12    9    8   85   21    6   89    3   88   52   70   96   78   80   76   82   40   22   42   40   51   26   25   61   14    7   86   46   87   91   26   25   38    6   69   99    2   93   21   95   19   39   32   66   20   41   89    6   33   82    0   35   68   24   34   16   88    6   61   87   19   15   25   36   21   76   91    6   12
  23   81    5   18   98   29   26   38    3   22   67   55   39   18   78   11   19   72   93   24   56    6   13   43   69   37    4   42   66   28   62   21   51   45   13   38    4    4   16   69   12   61   66   46   62   68   24    4   27   39   11    6   74   75   14   38   78    1   45   47    1   76   89    3   24   34   53    0    2   63   80   50   65    8   26   18   32   60   51   15   71   52   75   43   87   22   88   89   82   55   51   91   26   12   29    0   64   86   45   50   17   60   67   15   47   53   21   57   23   85   84   71   30   17   37   36   25   78   55   74   65   74   95   75    7    7   85   13   80   91   59   60    1   47   48   42   79    9   22   92   76   52    4   28    6   28   31   95    6   76   93   87   25   22   14   84   97   74   78   52   79   98   29   69   46   43   44   51   60   27    8   92   74    4   48   81   67   96   62   49   96   30   85   62   59   85   83   59   45   70    9   36   79   19   32   60   25   72   74   93   13   80   56   21   98   40   90   50    3   84   85   30   69   15   18   97   77   39    9   16   67   96   65   24   37   34   89   27   68   69    6   29   95   26   81   25   69   81   39   62   12   77   67   35   46    6   81   47   11   89   67   53    1   38   40   53   48   42   33   93   59   94   69   29   17   73   49   15   81   74   28    1   52   21   72   61   71   33   39   15   37   19   75   77   59   93   10   69   27   15   51   21   75   57   71   47   90   49   47   47   49   35   21    8   79   50   16   92   54   62   29   60   11   80   83   82   60   29   89   79   66   83   99   46   12   55   52   69   38   77   60   17   23   77    5    6   87   79   28   15   91   35    3   74   81   37   30    5   86    8   47   44   16   59   26   36   27   82   91   77   34   33   26   58   21   62   50   43   51    2   86   73   50   65   32   24   80   52   75   72   18   87   90   82   54   64   76    1   92   78   89   14   35   80   16   64   54   96   69   52
  80   45   13   31   40   21   96    5   46   96   79    9   39   18   63   95   70   67   59   13   57   68    7   73   54   48   88   61   98   46   98    7   51   22   68   55   24   10   76   75   31   91   18   24   98   27   84   34   37   70   45   31   52    5   96   26    8    8   62    0   99   12   25   28   54   71   32   72   54   61   77   50   99    5   12   69   19   41   26   30   20   66    1   14   67   76   21   64   55   27    1   30   30   46   94   78   37   26   30   44   25   48   34   71   89   23   37   98   43    6   14   18   98   39   24   47   40   29   27   55   12   65   44   25    6   16   51   85   74    9   11   84   79   91    6    2   58   85   40   44   81   85   47   39   31   33    7   36    1   58   38   81   51   26   37   55    3   29   18   45   82   67    2   36   85   70   51   64   24    9   37   21   84   52   50   11   17   85   51   77   19   71   67   12   93    6   83   88   54   30   29   27    9   33   11   59    6   76   41   26   40   44   90   36   35   25   54   50   87    5   21   25   67    6   76    8   16    1   68   80   46   76   84   32    3   54   36   25   84    3   58   45   99   14   83   50   37   32   92   71   84   58    8   52   70   27   58   22   45   85   33   35   81   13   69   43   43   61    3    5   73   30   92   83   72   94   85   64   43   98    2   12   92   74   99   87   87   65   46   81   35   67   63   61   13   74   63   42   29   39   38   11   26   96   25    8   17   99   80    6   61   92   20   38   66   94   88   58   64   35   58    8   99   73   47   61   97   47   61   56   96   22   21   63   47   52   42    7   27   83   53   55   93   90   98   53   34   93   38   67   50   21   23   83   62   16   38   40    7   83   81   36   25    1   56   10   84   20   47    5   34   48   47   39   16   39   49   57   62   48   79   80   57   27   23   38   14   32   96   15   83   47   51   20   37   40   81   35   14   95   89   53   98   88   89   20   84   30   38    1
  38   80   93   21   22   78   46    5   38   23   46   75   73   67   68   87   18   56   56   22   82   88   20   32   56    0   93   18   67   60   56   12   82   11   90    1   97   71   14   22   82   38   35    4   96   87   68   10   86   70   70    1   32   49   62   21   36   18   85   89   63   42   59   11   16   27   80   56   76   62   87   73   55    0   42    2    4    1   37    4   64   23    0   10   75   56   88   69   46   82   54   95   45   47   50   43   21   17   81   77   53   45   65   42   99   31    8   41   48   38   97   73   47   83   84    5   51   14   32    1   79   55   25   22   99   36   88    2   39   42   62   38   13   80   70   12   84   20   82   64   21   51    8   66   42   41   29    7   11   54   97   60   31    0   88    9   28   28   16   31   97   15   27   87   16   42   36   85   61   50   31   90   17   45   72   52   35   24   38   94   83   91   51    5   40   16   95   64   60   92   32   12   11   34   51    9   37   51   37    8   63   34   57   93   86   88   29   94   74    3   22   13    6   10   18   65   96   79   82   97   84   57   79   71   84   10   59   47   84   60   45   61    0   20   86   31    6   68   19   44   58   93   53   66   15   27   44   17   55   65   10   82    5   33   70   92   96   68   96   99   45   45   18   57   71   59   50   68   70   38   49   64   63   16    4   89   18   57   60   29   67   44   34   96   47   39   75   95   51   73    7   27   21   78   52   88   24   31   99   63   56   67   22   39   62   75   10   50   74   47    2   13   12   49   41   24    9   58   24   32   51   74   55   73   36   62    7   38   82    2   47   36   68   42   13   67   86   44   65   64   13   59   25   27   64   77   41   72   10   16   64   50   39    5   63   39   66    9   45   20   22   38   91   92   94   52   32   25   64   20   67   42   44   68   43   44   89   90   33   78   29   71   92    2   27   69   39   28   98   16   39   15   93   82   48   61    8   72   12   47
  81   89   88   95   36   73   40   95   98   94   63   14   81   56    5   71   32   30   75   56    1   23    7   77   25   21   95   59   65   86   29   90   78   31   82   30   46   15   67   42    9   87   35    2   40   48   46   88   32   41   46   58    8   92   81   84   40   77   54   55   55   26   19   68   58   41   98   86    4   47   74   94   28   89   85   81   48   44   86   56   46   25   30    2   69   58   16   54    3   58   48   78    6    2    2   62   85    9    2   61   73   16   12   93   73   90   46   99   44   33   22   36   93   97    8   18   54   61   64   17   52   10   44   38   99   70   11   38   48   34   77   65   45    7   33   92    0   89   15    5   18   34   11   67   73   12   21    5   41   91   67   86   49    4    5   74   14   37   30   76   52   24   29   30   54   46   84   69   16   30   72   49   71    5   19   94   96   28   13   24   42   79   51   77   77   33   54   91   64   14   42   37   54    7   24   69   85   90   52   68   72   85   79   63   79    1    1   51   93   34   36   95   41   77   18   89   30   67   54   30   62   92   76   86   76   33   40   92   63   34   58   68   42   65   76   23    5   99   92   75   36   88   46   37   75   95   87   43   27   33   51   32   44   57    5   74   84   84   20   57    9   25   78    2   49   89   78    7   52   28    2   11   32   43   85   94   96   86   15   47   28   76   20   22   37   88   96   11    1   66   21    4   55   41   85   26   79   65    3   98   37   35   21   91   89   61   70   87   45   36   34   51   66    7   26   22    4   10   39   55   66   22   64   83   63   52   29   38   39    5   95   46   30   44   22   11   40   87   13    9   65   15   36   42   36   87    0   17   12   65   41   18   19   41   21   58   21   29   65   19    4   89   89   61   44   41   13   29    8   98   54   44   44   54   66   99   63   97   81   75   24   24   88   55   67   39   33   65   49   55   31    4   22    7   81   32   85   37   91    5
   2    3   87   84   61   17   84   70   98   76   85   50   49    1   77   39   95   66   79   78   83   82   77    6   30   42   33   56   50   89   34   77   58   73   49   23   40   48   15   74    6   61   47   43   66   58   57   28   73   43   31   44   77   79   93   29   77   49   42   96   50   23   31   20   96   61   86   59   83   58   33   60    7   50   40   76   10   63   95    8   94   84   82   67   98   41    2   61   28   61   53   13   35   75   97   70   73   82   23   55   16   20   24   88   92   29   20   37    9   99   29   21   83   37   17   29   45   91   71   57   59    8   57   24    6   48   73   87   58   81    2   20   23   51   27   51   69   92   12   72   17   89   76   90    7   14   39   97   40    3   68   56   14   96   12   76   81   19   96    3   16   87   43   70   70   74   94   79   33   11   89   28   98   35   24   26   13   96   62   27   23   76   31   67   64    8   69   16   41   63   89   54    6   65   77   78   36   24    2   66   78   45   40   47    2   84   14   21   17   15    8   69   83   70   58   68   54    0   12   16   22   24   50    7   61   19   70   23   69    8   97   55   15   24   34   70   70   23   34   84   58   46   11    0   22   78   21    1   64   90    8    0    8   75   43   40   57   23   80   65   77   16   18   31   32   30   59   13   13    7   69   68    8   37   19    4   81   97    5   63   64   13   14   94   99   22   15   86   71    4   14    9   65   24   71   24   77   27   96   24   81    3   32   19   90   97   80   76    7   23   63    2   94    7   51   40   87   87   38   88   15   27    6   55   27   17   25   88   63   87    1   39   78   33   94   78   96   82   80   87   87   10   43   67   72   31   97   27   45   21   35   80   98   45   28   28   40   22   89    6   92   34   45   46   43   89   68    0   98   44   73   47    2    0   53   14   16    3   45   95    9   50   86   88    1   51   22   45    5   31   96   56   82   71   97   22   49   96   23   13
  28   90   58   90    1   95   86   87   55   74   67   70   78   86   48   83   70   17   54   63   20   14   71   32   57   57   68   80   80   98    8   57   88    9   90   96    8   21   30    4   84   95   77    5   74    0   24   45   70   54   87   22   18   32   98   98   92   29   99   69   35   61   25   11   38   30   78   40   26   62   68   88   97   61   56   45    3   80   24    1   98   78   72   58    5   81   66   83   59    1   37   89   62   84   95   70   44   32   75    8    9   37   53   24   76   54   46   48   50   59   38   15   56   43   45   24   43   37   19   28   63   37   26   41    6   79   65   40   38   15   28   96   41   71   28   46    0   89   93   17   59   43   13   87   35   68   55    4    3   54   57    1   53    0   56   97    6   91   24   51   80   51   83   82   39   24   92   93   51   83   28   78   79   76   23   14    0   31   25   30   41    7   56   19   46   76   83   73   66   71   51   38   64   35    0   83   46   41    7   60   34   76   75    6   49   96    1    5   75   78   29   42   11   15   41   77   76   40   99    7    1   24   34   48   74   19   85   76    5   58    0   88   18   24   90   53   47    5    9   23   61   48   85   16   91   71   32   28   59   23   18   93   41    7    5   43   42   26   64   95   63   91   98   84   53   71   19    0   50   31   79   41    7   40   87    7   41   40    1   34    6   10   54   86    1   74   54   36   61   92   91   36   55    8   98   75   55    1   82   67   80   76   10   24   85   36   80   38    6   25   15   59   46   97   73   87   67   16   70   76   35    6   44   56   52   86   33   38   30   35   28   72   47   41   14   95   33   57   91   39   88   48   15   17   14    3   99   12   60   69   72   99   32   61   58   57   91   92   85   30   54   88   68   99   16    6   22   83   80   90   27   17   75   11   87   67   69   78   38   99    4    6   45   84   14   33   64   37   98   45   94   90   26   43   92   32   37   38   55   47
  71   39   44   91   67   99    5   22   32    8    1   36    0   58   83   24   91   89   38   73   96   10   85   57   95   74   81   87    5   95   51   21   19   82   76   38   26   53   47    6   57   43   86   16    4   40   84   91   61   52   72   17   10   27   70   68   11   76   28   56   62   89   78   28   61   27    4   70   29   67   47   54   26   43   99   15   95   99   81   62   93   63   30   80   19   23   58   19   77    3   34   79   49   63   37   96   30   19   32   76   46    3   36    4   78   45   13   82   63   74   11   53   43   78   71   91   49   21   64   56   96   62   74   88   59    9   54    8   88   67   24   84   89   35   79   53   73   54   11   44   79   15   63   98   71   78   70   30   15   62   80   29   36   94   23   62   17   71   91   43   81    1   27   41   82   54   54   93   78   21   71   76   67    6   66   60   70   54   46   72    0   67    6   85   95   20   94   37   40   56   45    7   57   48   45   69   68   87   48   92   69   60   54   77   39   13   22    4   29   49    9   16   16   77    1   10   31    7   80   28   68   35   26   94   52   94   53   93   62   13   81   28   25   28   12   44   55   17   36   72   66    4   89   14    4   69   59   26    5   23   33   82   26   28    2   39   21   51   11   35   95   49    1   67   17   20   77   62   22   91   18   18   70   23    7   45   19   61   45   39   68   84   82    1   84   68   85   77   78   55   61   73   73   71   32   92   27   50   84   52    1   84    3   49   44   56    4   94   32   18   70   58   48   21   44   86   60   83   70   88   16   56   61   82   23   48   27   60   69   64   96   64   89   11   73   66   88    6   45   34   74   34   17   54   63   69   22   88   99   79   50   72    2   67   48   55   11   43   64   52    0   40   68    1   37   10   88   10   25   46   54   26   50   60   43   74   48   57   25   71   93   93   93   33   33   74   25   94    0   60   15   98   24    5   76   20   41   97   10   26
  73   11   50    7   43   33   40   44   22   72   52   19   36   42   49   50   82   95   94   54   62   52    1   92   11   79   85   45   99   53   81   93   94   18   45   64   22   99   37   80   28   94   46   14   30   34   12   70   75    8   31   63   48   96   42   39    0   79   64   14   10   47   19   57   74    2    4   53   77   74    2   93   21   37   71   57   99   96   41   74   18   74   21   58   43   19   14   46   10   27   49   22   38   55   72   41   82   56    4   85   78    1   67   14   16   49   17   68   50   63   10   96   91   53   83    5   74   83   87   51   93   89   22   59   50   97   33   29   57   21   57   86   69   20   25   58   24   41   38   58   92   13   19   73   29    9   83   19   88   63   19   79    5   70    5   45   84   33   99    5   66   21   46   20   10    5   47   51   68   70    4   57   38   67   63    4   76   80   71   83    4   91   19   40   55   98   40    4   10   88   39   40   31   19   21   55   51   88    0   19   87    3   29   37   60   12   80   74   66   70   89   39   57   69   59   29   93   12   44   48   43   98   91   79   77    2   68   21   78   43   38   40   91   44   22   85   96   62   62   14   44   50    9   20   17    0   33   14   70   66   14   95   20   30   52   98   52    4   98   55   65   78   60   44    2   58   20   49   68   77   57   85   22   23   92   66   63   40   58    2   21   80   29   81    3   35    8   38   72   29    0   92   49   94   78   83   62   46   99   40   79   97   15   19   92   58   81   95   55   87   67    7   62    1   16   15   73   48   87   59   34   25   36   32   14   24   94   96   44   84   18   21   73    7   74   73   91   43   18   13   21   51   16    7   13   12    1   66   69   44   85   42   74   64    4   19   79   79   60   22   11   66   47   35   79   29   54   32   78   14   73   33   37   24   99   67   76   77   15   32    1   34   11   93   36    4   39   18   70   55   73    6   49   19   22   53   53   14   58   90
  81   41    7    6   54   26   56   60   20   65    9   20   14   27   98   97   77   79   94    7   65   58   63   16   43   30   57   59   82   37    4   55   43   45   64   95    4   13   28   97   40   69    0   82   16   99   67   65   69   58   55    9   50   12   42   77   99   51   37   65   43   16   88   76   71    2   89   84   76   83   98   16   76   37   37   51   14   83    1   27   10   27   57    9   10   90    3   32   68   43   50   72   50    4   85   17   84   41   38   18   42   85   82   96   17   86   76   81   43   64   41   92   75   89   57   41   75   87   92   54   62   50   96   70    5   37   79   87   37   91   75    7   85   39    1    5   62   54   43    9   76   17   68    5   46   56   84    1   29   32   32   65   77   59   65    2   42   58   92   38    4   18   33   19   55   73   36   83   61   47   89   71   85   47   18   32   40   92   40   61   59   21   30   88   92   16   57   30   55   71   94    3   37   19   37   44   63   69   75   46   98    1   10   99   12   82    2   55   96   92   64   18   61    2   33   71   63    6   92   29   47   52   94   13   14   29   54   32   14    3    2   50   51   65   82    3   69   43   37   24   94   34   60   79   74   52   11   20   37    3   55   97   43   20   50    7   96   37   88   95   75   49   77    7   73   65   86   69   70    3   97    1   22   28   36   49   36   93   82   60   43   79   14   66   21   88   54   86   41    2   30   32   87   24   82    1   24   16   10   22   28   99   36   73   83   18   65   27   99   31   58   68   96   69    3   14   86   46   10   15   64   40   56   68   96   72   58    8   92   72   16   51   31   51   81   71   96   60   53    7   95   27   36   56   98   89   36   42   19   54   47   81   85   80   40   23   44   51   60   68   17   85   86   69   54   64    2   34   45   48   78   88   31   80   85   46   28   90   92   91   86   36   38   54   85   43   25   61   58   40   21   82   89   74   65   41   61   29   69   52
  54   68   55   43    1   36   39   78   55   47   84   58   11   51   66   20   56   83   23   67   57   92   93    8   51   71   21    7    7   59   83   86   63   59   22   29   86   81   80   85   35    5   82   34   73   20   52   19   30   32   81   58   52   30   88   33   83   97   58    5   91    8   68   98   69   60   51   15   84    5   16   76    6   45   54    8   35   92    4   32   82   32   87   77   65    6   28   38   89   38   52   20   37   61   21   19   30    4   17   77   18   58   43   43    3   74   24   92   33   13   22   66   17   90   36    2   28   43   33   72   68   21   14   22   89   19    7   56   59   62   45   32   10   78   47   13   62   86   98   24   68   43   46   45   90   68   56   10   50   41    5   48   90   72   43   49   25   75   71   30    4   19   79   79    8   31   45    5   59   26   95   33    0   71   60    5   50   58   23   69   21   19   57   91    7    5   30   27   27   27   77   96   78   70   41    7   99   60   55   45   20   75    2   18   92   75   94   16    5   50   91   11   94   96   81   36   32   19   13   60   11   85   93   47   79   84   55    8   94   12   11   52   55   99   75   75   73   70   97   45   12   52   11   35   80   51   81   44   29   69   37   91   57   59   24   81   57    2   71   67   46   56    7   43   17   93   15    2   62    1   55   82   64   94   70   26   40   29   68   29   79   93   39   22    3   63   23    3   48   93   33   48   42   97   94   85   88   16    1   54   27    5   82   34   24   76   41   34   27   38   27   59   16   23   89   48   14    2   58   87   66   90   34    0   74   44    8   81   14   90   13    1   47   54   20   12   77   89   56   70   30   79   70   78   96   98   51   92   68   32   25   89   70    6   43   70   81   89   77   71   49   38   89   48   67   91   25   70   70   34    0   29   76   11   33   48    8   60    2   19   14   86   45    8   89   34   54   23   29   60   66   46   12   47   59   56   52   85   58   93
  16   60   55    3   95   55   79    7   34   37    6   71   57   72   15   26   90   55   48   25   48   86   83   67   36   82   76   63   28    2   46   19   21   88   72   13   16   70   24   19   60   17    9    3   67   45   36    7   91   66   68   91   79   92   93   91   91   57   18   96   76   54   68   15    1   55   98   55   23   59   80   50   13   69   90   80   70   78   35   72   84   45   13    2   62   53    8   82    1   82   30   26   81   94   53   85   78   77   67    1    4   17    5   31   31   34   84   59   31   77   85   99   54   58   12   39   78   14   58   15   60    0   72   10   26   19   82    6   11   47   59   99   82   44   30   80   97   90   71   14   33   28   53   83   11   28   66   44   57   11   67   71   21   24   87   66   64   24   91   29   42   92   38   67   52   92    7   31   91   56   18    5   12   72    4   23   84   27   47   41   37    9    2   30   13   50   95   95   87   17    0   55   56   67   20   67    0    0   88   99   91   86   84   26   42   64   33   77    3   78    7   65    8   25   51   51   78   42   57   28   51   97   99   30   32   82   10   85   22    9   56   76   84   88   62   55   49   43   86   92   28   26   71   23   46   95    0   98    1   11   74   61   36   79   16   93   66   17   31   55   19   57    4   97   62   70   88   86   45   30   98   49   46   36   21   52   48   20   96   16   99   73    6   32   30    3   81   11   73   73   28   69   45   10   77   24   21   83   81    3   63   29   49   53   47   77   58   59   10   84   92   52   48   27   84   74   79   62   71   35   40   50   54   49   21   78   26   66   46   20    0    4    2   87   73   75   88   77   47   31   33   38   76   17   34   56   56   74   72   91   84   35   95   96   81   65   79   15   44   93    9   20   17   24   78   93   89   76   76   15   60   91   93   54   20   95    9   81   91   87   48   21   78   11   13   91    2   38   58   37    3   13   29   42   77   70   10   83   44   49
  31    1   50   65   52   29   49   26   44   17   84   15   44   68   61   86   49   68   98   93   23   91   76    3    5   27   43   40   27   55   86   77   61   19   41   33   21   88   55   86   40   95   32   72   22   93   43    2   30    6   83   58   34    1   34    2    0   43   92   24   46   81   85   87   74   97   77   93   68   41   71    8   53   34   39   40   79   33   71   95   94   29   69   82    2   99   46   96   12   21    8   81   69   86    6   11   96   57   62   61    4   89   36   20   21   70   36    7   99   58   19   37   14   72   22   74   58   82   49   22   39   54   18   25   74    3   16   39   98   88   65   73   63   48   70   94   60   98   31   11   60   84   44   45   43   95   67   64   11    9    9   54   71   58   79   76   31   84   34   79    1    7   98   80    2   52   27   31   47   55   74   29   94   94   58   69   74   40   81   26   88   57   13   33   82   22    3   16   34    6   62   62   18    2    2   83   40    7   41   76   57   68   20   60   55   20   96   10   18    1   36   99   70   96   56   35   23   20   68   33   14   90   28   72   60   84   54   11    9   53   32   16   11   86   42   46    0    4   75   13   93   47   41   31   85   70   36   97   83   76   67   59   49   59   19   63   10    5   20   11   14   68   48   42   89   74   22   44    9   74    4   69   36   33   86   76    5   80   40   94   89    9   41   17   10   89    8   71   16   98   77    1   10   29   78    8   17   99   10   88   44    6   81   55   27    6   18   65   60   19   93   18   77   63   96   55   70   23   30   31   45   39   24   22    7    7   22    4   72   91   41   89   87   55   14   50   56   82   74   95   55   14   24   32   57   97   24   38    7   52   59   13   52   44   45   74   73   28   95   13   33    1    2   39   41   39    1   41   52    5   99   38   72   69   80   21   35   65   87   64   81   34    3   57   15    0   86   94   68   20   12   97   89   55    9   24   74   79   33   78
  54   15   90   96   26   20   19   66   62   99   77   36   77    8   82   35   17   81   50   41   84   62   37   98   64   12   34   60   90   14   44   85   75   64   54   25   69   30   42   57   80    5   32   75   71   17   13   94   78   56   59   34   22   27   64   24   79   54   15   17   37   14   42   78   11   10   47   90   30   14   73    3   79   26    9   58   25   92   23    3    7   63   18   31   10    3   22   97   89   45   94   73   43   39   55   13   78   85   67   24   76   51   44   13   17   14   30   97   13   38   15   95   37   13   53   45   19   23   48   35   92   54   99   80   52   31   76   62   14   25   29   61   13   44   87    0   27    8   85   36    8   81   22   78   32   80   71   90   96   22   84   10    1   58    7   72   14   72    7   84   82   47   33   88   18   59   51   90   83   76   21   79   21   37   37   75   67   52   73   14   34   64   70   91   89   49   63   78   12   18   95   92   33   51   43   67   27   37   35   75   75   54   66   44   93    8   34   80   70    4   92   64   90   95   31   50   59   12   16   15   49   57   51   23   74   22   59   97   94   57   89   78   76   57   55   64   17    6   58   89   31   98   48   85   30   46   24   38   82   28   70   46    0   32   62   67   54   98   70   18   75   48    9   79   11   50   51   56   22   88   64   76    5    5   53    3   69   18   61   46   82   28   56   20   37   80   18   52   36   96   54   80   69   99   70   38   96    7   14   79   94   42   38   23   50   48   40   91   78   33   53   60   86   35   65   89   33   71   70   48   44   61   47    0   72   17   45   70   72    2   24   25   15   21   82   72   59    6   37   61   50   55    8   34    7   26   47    9   24   79   12   66   56   47   87    9   10   39   54    4   56   52   45    2   90   62   23   56    5   78   81   74   54   90   43   92   37   95    3   75   99   47   93   73   87   17   86   34    0   53   98   39   54    6   13   43   47   41   32   57
  30   26   30   96   10   30   24    3    9   61   14    0   32   77   11   77   92   24   56   38   76   52    0   48   89   49   57   37   76   11   21   13   55   43   76   65   44   59   41   16   40   95    2   10    8   72   83   63    7   90   69   99   54    0   45   39   93    4   60   78    2   53   84   44   77   28   78   53   32    1   31   57   46   10   63   73   19   92   90    7   30   17   44   47   62   22   83   17   65    4   60   48   59    2   44   93   70   53   97   24   39   51   49   35   75    3   74    2   90   23    2   37   49   93    1   69   54   19    9   84   19   98   44   57   39   16   59   36   73   55   89   56   97   52   60   72   98   11    9   42   51   84   25   15   82   95   31   37   22   42    5   63   46   85   93   12   80   35   87   99   47   34   68   28   85   76   86   32    9   96   21   67   84   19   92   61   91   78    6   28   62   54   64   92   70   43   28   22   86   85   33   43   24   27   78    4   63    9   40   27   59   20   69    8   18   91   21   34   92   11   28   88   97   60   50   90   65   32   99   59   78    5   96   53   65   16   39   15   47   14   61   14   91    8   25   20   40    3   67   40    8   25   56   40   41   25    0    3   69   59   48   58   98   38   24   93   37   61   67   76   40   85   67   84   39   41   67   32   22   32   53   89   16    6    0   71   49   70   86   14   53   28   72   40   65   64    1   79   57   27    9    5    2   82   16   42   73    8   86   27   65   35   52   10   33   52   46   89   97    8   76   56   98   14   18   27   51   79   25   25    3   81   68   44   40   10   65   98    4    2   23   76   86   50   19   49   33   18   10   90   26   30   84   12   87   74   35   81   35   59   75   73   75   95   19   65   34   15   86   74   10   88   45   29   51   31   90   14   26   16   48   42   22   72    5   84   73   28   74    1   73   87   48   90   24    3   21   88   86   44   19    7   39   68    4   25   40   14   94   69
  24   14   60   56   37   27   83   51   27   48   15   89   68   93   18   61   61   13   93   20   58   55   22   72   56    8   27   63   36   15   78   96    9    6   52   45   47   14   25   96   13   63   13   42   96   21   21   14   88   76   15   13    3   17    2   68   63   85   54   30   87   60   36   72    9   70   17   52   46   10   21   55   59   21   11   10   63   92   48   40   77   13   17   94   48   13   38   98   78   10   40   11   60   91   43   11    6   83   54   23   88   95   59    9   84   81    4   98   68   17   57   56   11   72   15    7   71   66   40   79   57   27   97   22   45   94    5   69   95   50   19   74   93   50   15   94   32   97   40   40   69   19   95   19   68   30   59   72   35    1   90   21   97   71   94   93    5   98   38    6   63   63   64   93   63   19   21   64   64   88   37   16   70    8   65   15   59   17   33   88   43   13   42   15   69   38   47   37   45   28   55   24    0   62   68   47   12   41    0   91   95   65   70   13   57   39   14   52   73   45   14   87   60    9   33   15   75   86   74   63   55    4   12   58   50   96   77   70   91   15   96   33   25   51   98    6    9   17   69   36   35   72   14   18   38   45   12   53   45   53   75   91   95   69   54   85    0   96   39   92    5   84   81   57    9   16   59   18   49   54   52   49   39   49   68   10    8   66   52   79   94   58   37   67   84   48   81   58   66   13   49   11   25   31   16   47   68   26   53   75   65   68   36   43   89   24   78   29   46   13   38    5   56    5   96    2   56   75   36   10   58   54   30   26   36    2   42   84   61   95   69   74   48   79   37   85   59    9   47   50   75   45   59   85   56    8   10   31   11   86   45   98   38   19   96   15   22   28   18   70   78   56   82   13   55   27   74   23   17   50   77   16   53   72   25    1   33   10   10   28   71   34   80   26    4   63   54   22    0    7   58   16   42   35   33   30    9   20   94   29
  50    7   22   33   49   91   29   68   57   18   63   66   73   86   16   60   45   40   96    2   17   50   62   64   44   71   20   34   83   43   83    7   46   62   94   81   59    9   42   88   46   17   41   47   10   74   72   23   65   98   73   97    2   79    1   85   89   25   77   99   25   22   96   40   51   19   47   52   86   99    7   68   61   70   67   54   94   25   74    0   66   62   49   24   39    9   15   79    6   75   62   50   47   75   82   63   82   67   78   38   77   62   43   66   89   14   20   89   38   63   43   35   49   41   50   34   14   80   27   33    3   67   96    4   45   52   80   47   93   16   17   57   26   87   82   32   73   20   64   67   80   96   85   99   66   54   41   11    6   58   44   86   52   48   77    8    1   83   98   88   86   92   61   42   79    8   59   93   56   84    3   14   33   83   22   13    6   37   16   65   42   77   98   12   80   98   31   97    2   10   74   10   84   73   11   21   89   86   70   86   95   69   74   81    4   50   15   40   11   52   36   50   85   10   18   68   67   44   69   15   93   19   94    0   97   81   88   68   92   19    2   18   60   66    1   11   32   56   89   27   81   23   97   84   85   96   21   24   37   92   64   91   16   93   87   13    7   97    7   27   88    7   80   50   38    3   45    5   30   73   89   21   96   89   20   80   53   47   91   89   74   98   47   50   57    2   83   17   84   16    1    0   12   31   68   55   70   58   31   46   23   97   73   57   93   27   94   39    3   25   34   28   14   28   36    4   68   44   99   20   28   91   41   71   92   81   53   46   19    0   87   19   98   30   84   40   12   35   28   86   55   33   96    7   10   32   41   14   69   90   25   60   99    4   75    2   61   86   23   88   27   55   67   35   93   94   74   28   14   54   11    7   39   89    0   97   15   58   12   86   86   42   16   66   49   29   90   41   57   17   13   58   97   13    4   97   65    2   99   10
  56   27   35   13   62   98   89   43   43   67   78   99   24   92    8    5   69   48   89    1    6   27    0   62   21   12   59   77   55   76   13   23   79   26   93   82   38   64   62   48   46   23   19    3   28   87   36   98   98   11   85   93   13   43   68   73   61   70   37   51   28    5   90   45   54    5   90   53   35   54   79   45   60   39   56   26   80   61   19   64   61   80   11   87    0   74   81   99    2   79   25   99   76   83   71   10   73    8   84    7   87    8   15   62   89   79   84   20   11   98   13    2   66   35   96    4   95   81   11   40   59   65   12   77   40   15   77   79   58   98   18   61   37    9   80   98   23   27   46   26   59   69   86   92   23   36    9   34   64   64    6   12   78   93   80   57   79   19   42   87   96   39   69   77   14   47   33   11   38   77    0   43   81   25   30   26   66   28   56   38   88   50   70   35   61   17   95   67   70   61   15   64   70   86    5    2   95   50   77   88   18   66   41   67   76   71   90   96   63   86   58   26   25   78   47   16   62   37   42   45    6   68   95   17   78   97   26   72   28   33   76   89   26   46   73   52   65   18   33   98   71   32   18   39   10   59   52   19   34   82   96   80   49    8   97    6   52   61   61   58   55   90   78   54   74   97   54   88   32   53   51    6   23   75   91   87   30    0   63   14   86   60   79    4   49   70   56   27   86   65    6    8   33   76   26    6   75   55   79   54   75   24   51   42   52   32    0   97   62   98    9   56   64   26   15   31   42   67   33   48   44   43   41   78   38   56   86   86   69   34   22   54   72   78   86   56   20   17   32   83   45   18    3   16   43   65   98   34   15   19   56   75   79   54   59   48   83   22   31   24   15   88    4   10   84   53   75   63   37   43   77    8    1   77   99   89   44   88   40    7    8   38   30   22   14   93   61   56   59   79   41   66   61   81   86   37   11   84   32   75
  25   67   12   18   87   73   13   94   88   14   94   86   33    2   55   33    7   16   77   15    4   25   20   58   28   97   82   42   21   75   11   87   97   90   88   73   69    0   43   73   18   34   78   61   89   70   87    8    3   83   97   11   20    1   37   45   94   10   21   71   55   70   29   16   47   69   61   63   24   73   55   65   85   96   72   55   42   64   60   60   72    2   20   56   41   44   99   22   44   53   66   95   97   94   33   76   50   13   26   45   87   56    3   12   61   28   19   74   65   83   39    5   65   70   37   94   62   95   20   86   89   98   32   68   27   57   73   50   48   18    8   39   85   68   18   86   87   85   31   28   64   35   85   19   44   71   82   36   30   59   55   20   65   66    5   78   22   94   84   31   23   91   49   78   96   61   56   49   84   96   60    4    3   83   71   92   37   61    6   53   92   50   79   45   68   94   91   30    0    7   38   72   91   67   10   74   38   63    3   62   35   80   74   71   85   84   97   14   15   20   83   87   56   55   98   99   56   36   23   35   93   52   86   56   82   56   85   87   87   25   37   42   59   18   21   76   17   16   82    8   45   43   81   46   93   40    5   38    1   11   85    4    8   76   80   85   12   22   51   21   23   69   85   32   71   35   30   17    8   65    2   98   44    5   51   73   89    2   19   54   41   13   34   73   67   91   32   61   44   86   15   65   18   26   50   87   91   40   50   27   72   53   98   81   75   98   15   30   14   51   54   99    2   51   31    2   91   67   50   73   33   84   58   85   81   53   19   76   11   23   46    0   33   13    2   91    8   84   27    9   80   47   12   84   59    3   82   84   41   75   61   43   60   68   48   76   71   64   25   18   12   52   91    6   60   64   22   71   33   33   23   26    5   58    6   81   58   58   19   16   26   37   32   13   72    5   94   11   10   89   35   50   20   30   28   31   11   10   16   49
  94   91   49   41   58   49   84    2   46    9   81    6   30   49   89   44   60    0   26   90   24   62   54   34    3   43   55   99   73   47   36   78   94   41   41   51   36   70   59   27   27   86   23   28   86   75   13   77   12    3   65   44    0   87   56   90   10   23   94   59   16   15   47   78   45   10   27   88   76   76   36   46   29   56   24   50   54   19   38   42   84   53   27   10   25    3   69   19   50   89   41   25   27   64   75   86   56   21   42   73   27   58   63   90   40   39   80    5   87   90   21   92   47   26   74   42   10   45   59    5   13   43   33   16   94   41   91   43    9   41   41   60   35   73   53   37   74   77   17   83   93   32   84   18   66   45   23   35   22   28    8   80   21   94   93   45   27    7   48   42   10   33   76   57   88   23   96   69   29   96   25   21   79   43   83   74   20   27   86   71   97   53   74   58   96   34   92   16   52   57   40   48   68   36   16   89   31   79   58   10   23   75   19   72   23   76   58   81   63    8   77   99   40   90   39   22   85   30   21   31   56   66   86   68   76    7   12   22   68   70   70   37    2   43   93   53   67    1   81   43    8   83   88   68   44   54    0   21   38   87   72   25   64   85   66    2   90   42   20   23   19   34   92   22   49   10   30   35   55   86   69   91   64   37   95   65   58   46   98   17   80   24   94   88   19   27   71   62   86   26   31   91   84   80   72   83   40   73   44   71   79   11   34   15   64    6    9   93   98   32   40   79   55   98   23   23   96   56    6    9   64   29   69   38   71   51   51   30   64   51   81   24   31   61   10   97   78   47   60   53   49   52   24   28   14   62   69   20   56   57    9   92   72   28   96   23    1   89   96    2   37   55   28   25   17   99   14   62   75   99   95   13   74   78   39   43   31   12   27   40   66   49   27   38   74   54   99   28   96   19   90   22   74   71   74   36   98   40   45   34
  75    8   39   95   71   31   23   73   32   42   48   88   14   45   82   89   71   44   34   25   88   15   21   48   40   54    3   78   13   67   74   42   11   97   37   82   39   81   22    0   10   19   41   41   53   78   28   97   40   95   38   55   71    9   45   76   72   81   46   22   49   29   65   91   28   90   14   74   86   69   56   96   31   57   88   21   38   58   89   88   62   99   59   84   96   80   76   72   34   20   20   50    1   90   40   91   19   96   42   28   27   86    4    4   74   64   33   37   67   95   97   22   45   34   90    7   99    6   24   24   98   75   40   11   38   53   94   77   90   28   24   60   30   55   60   83   59   13   35    9   87   90   12   90   36   15   30   24   80   38    7   70   57   72   78   84   51    2   34   10    3   54   47   75   36   60   58   78   54   71   35   30   65   53   37   92   32   88   18   95   21   73   36   26   99   41    0   69   54   36   16    2   71   21   44   27    5   82   69   14   85   80   14   31    3   21   63   40   41   79   56   76   83   58   66   17   46   78   72   73   47   46   66   17   97   16   68    9   89   53   74   28   94   63   71   47   25   51    0   78   83   94   13   16   95   91   27    0   17   64   12   84   42   92   83    2   48   36   23   77   37    8   62   70   49   52   94   29   88   43   21   10   51   29   69   22   85   70   50   93    0   82   58   48   84   28   33   20    7   13   82    8   45   79   31   79    7   91   40   84   72   68   72    1   19   50   66   69   55   98   64   12   13   94   65    7   45   46   71   53   92   49   46   40   50   78   80    9   70   66   90   47   20   64   87   37   30   85   56   41   21   22    1   27   34   77   53   26   53   65    8   82   67   31   57   93   56   66   52   90   54   80    5   88   90   92   12   26   98    1   33    4   91   41   38   79   11   31   46    7   36    5   40   75   62   42   91   21   93   55   49   28   63   94   33   70   36   11   15   29
  69   58   85   37    2   22   46   20   24   93   86   42   52   19   26   85   73   48   31   79   99   11   26   63   22   97   17   32   80   54    1   90   35   76    8   21   31   55   36   91   26   84   51   68   12   26   66   19    5   26   61   80   36   34   12   67   51   47   59   12   86   10   61   69   98   56   97   86   96   94   64   29   83   43   82   39    5   86   11   73    5   41   48   89    8   38   48   64   60   27   11   22    6   54   62   57   21   77   19   69   76   11   78   54    3   98    5   19   47   28   40   38   65   55   71   76   20   42   65   84   38   81   44   68   10   98   56   16   65   70    4   61   53   34   46   43    9   28   15   19   40   31   36   19   58   35   97   12    9   20   41   43   62   81   69   28   18   83   53    4   15   23   86   75   86   93    7    5   59   83   12   54   72   44   21   29   51   36   87   85   20   97   29   76   65    5   64   65   41   12   33   93    1   36    6   70   46   46   78   71   99   48   92   11   59    4   35   11   55   42   40   61   71   36   83   88   39   79    3   63   94   46   56   51   19    4   12   33   25   92   84   16   22   62   33   62   92   26    9   28   12   23   50   70   77   29   10   62    8   26   21   14   14   59   49   32   81   39   71   73   42   12   93   84    9   55   65    8   98   46   64   19   11   12   61   95   45   46   14   42   98   41   23   18   83   86   76   50   90   15   11   66   28   71   39   17   97   96   27   63   29   43   55   52   75   61   63   99   99   93   14    5    4   98   64   13   98    7   22    1   72   95   66   71   14   25   65   24   25   34   82   55    5   73   11   13   56   97   76   87   24   62   11   22   61   37    1   91   42   65   98   56   46   44   67   31   11   76   18   69   73   53   98   99   76   96    3   14   68   33   10   92   69   64   15   74    4   74   62   88   29   38   32   63   59    9    0   22   96   39   52    9   52   30   28   30   27   52   73   44
  45   73   30   69   47   65   66   22   18   86   14   64   60   58   81   79   86   30   77   38   16   24   45    0   33   21   74   12   34   70   40   16   89   84   55   17   40   56   77   12   47   69   80   45   78   17   44   33   70   29    0   75    2   27   17   94   41   16   87   28   64   97   30   28   76   28   25   39    1   91   76   53   94   99    5    9   98   29   78   59   89   92   47   62   76   47   33    2   21   53   98   16   77   19   84    5   50    1   58   89   70   88   19   31   81   35   42   31   96   13   73   62    2   80   99   81   88   34   64   37   69   43   21   48   96   23    2   23   87   35   29   43    2   86   51   89   23   52   33   63   58   83    3    7   67   21   25   16   18   46   74   33   19   38   71   75   81   14   61   90    5    4   96   98   13   91   34   61   27   30   54   56   44   36   79   33   66   90   66   42   15    8   21    9   95   34   38   85   70   88   35   82   27   84   15   58    8    8   76   92   92   68    6   41   92    7   40   28   44   83   47   85   73   12   77   22   57   28   12   81    4   16   40   26   74   31   67   89   78   34   91   13   96   66   86   26    8   84   53   67   49   71   77   38   22   88   12   20   56   54   83   98   53   42    1   25   46   37    2   85   20   18   86   77   93   66   16    5   27   73    9   55   45    3   88   28   13   31   76   33   26   12   99   93   93    7   94    0   17   81   75   96   64   32   89   18   29   96   57   52    8   47    4   54    5   82   60   22   14   63    4   62   54   62   82   67   24   10   79   21   91   39   74   95   33   69   35   64   79   10   11   47   32   11   56   51    9   38   65   18    1    9   88   61   77   37   60   63   96   19   50   71   20   91   18   23   84   20   80   23   54   72    4   53   53   94   34    2   47   38   33   22   70    4   20   88   13   80    3   33   20   46   33   65    6   26   84   54   72   50   91   77    4   38    2   77   18   21   97   58
  68   14   48   48   63   89   86   31   17   48   97   35   31   96    4   32   96   30   48   66   42   19   81    6   39   43   62    9   20   81    1   84   70   58   21   19   78   46   20   78   30   48   60   68   53   64   16   15   51   10   78   61   93   59   87   34   92    4   50   82   23   79   51   44   12   46   62   40    1    8   44   30   29    4    6    4   70   15    0   70   27   52   87   86   77   44   28   86   67   64   10   18   38    3   65   27   60   58    7   81   64   89   42   13   58    0   41   89   38   63    6   27   25   93   76   57   26   97   45   65   40   11   95   73    9   36   58   32   67   19   33   34    0   84   66   15   50   10   52   84   42   22   83   34   69   93   12   73   88   47    6   37   53    4   14   53   17   37   73    5   22    5   55   12   19   26   21   71   89   82   23   85   42   95   25   62   45   77   77   61   69   21   32   34   66   26    8   86    5   65   40   10   84   61   45   70    1   78   83    7   55   68   82    0    5   45   67   76   40   28    9   87   88   92   80    6   79   83   30   60   50   28   83   21   81   50   77   82   11   50   18    0   54   68   44   55   40   13   32   27   91   62   28   42   96    9   71   83   82   57   89   28   20   60   29   55   13    7    9   39   21   58   53    2    6   75    0   50   55   90   87   16   19    8    5   24   47   66   89   75   35   34   45   56   76   35   49    1   63   11   74   97   26   10   17   93   28   36   47   93   50   44   34    5   12   63    5   62    8   12   20   80   45   15   23    2   88   85   83   99   40   92   62    9   49   33    1   96   55   99   31   73   50   49   21   41   46   48   28   53    0   83   42   63   22   11   28   28   84   75   83   37   94   75   28    8   71   61   59   88   71   14   86   47    9   26   96    4    1   88   57   48   69   82   38    3   62   44   70   71   33   21    9   21   38   22    7   20   66   86   33   95   37   95   16   19   43   28    9   40
  34   18   69   25   95   40   93   76   36   34   55   54   75   74   50   83   77   79    3   27   16   62   47   12    7   14   71    8    4   98   77   22    2   84   68   59   19   87   77   87   43    9   30   59   43   94   49   33   39   48   46    0   76   10   96   87   46   19   64    4   74   56   35   68   91   30   58   50   99   25   49   12    9   71   60   71   70   77   78   26   51   84   25   48   96   80   96   41   35   95   39   11    1   63   27   93   32   60    6   59    3    3   44   90   84   20   88   12   34   26   71   87   35   15   74   17   31    4   16    3    3   17   92   87   53    1   22   27   95   51   77   19   58   60   62    2   57   45   24   22   99   95   42   69   29   61   37   30   22   35   42   81   53    2   13   46   88   60   97   91   41   10   28   41   35   93   14   13   68   46    6   59   93   17   42   72   88   12   13   56   67   50   51   66   62   85   90    7   12   73   83   39   86   43   63    2   90   43   39   35   83   46   54   58    0   43   63   63   28    8   15    6    5   25   80   61   63   25   88   56   10   98   80    8   42   60   43    4   43   26   93   63   37   62   41   67   33   35   28   27   83   79   16   55   43   10   36   62   59   70   88   62   96   51   75   94   74   81    2   90   51   53   92   14   54   45    4   89    1   70   34   93   62   90   72   95   26    4   36    0   74   63   47   12   28   43   33   92   22   69   44   24   33   44   69   87   26   62   47   47   83    2   54   52   83   76   68   10   44   62   50   67   30   80   52   48   54   94   34   71   15   53   85   36   28   18   69   99   95   79   15   21   25    4   33   14   12   26   67   78   65   29   57   18   88   91   35   71   76   32   98   32    6   23   46   16   77   48   22   30   16   26   13   49   28   72   69   38   37   57    5   32   66   96   29   22   72   44   73   56   23   21   68   44   39   98   28   57   92   65   39   70   46   70   39   95   84   16   83   63
  16   28   30   67   29   57   82   46   62   64   41   46   65   68   82   24   63    6   75   14   57   47   74   16   33   29   38   87   99   96   25   98   35   32    5   19   28   96    0   79   92   27   73   53   76   11   69   83   52   84   98   46   41   79   45   25   18   90   17   10   85   79   49    1   41   16   87   22   25   69   81    0   71   96   56   43   67   77   50   76   74   91   56   99   85   69   49   94    5   55   60   26   96   32   44   51   69   80   84   42   37   94   53   62   42   73   35   19   31   23   55   69    8   20   15   54   39   87   24   23   64   67   73   92   31   78   25   96   37   99   45   36   75   47   46   48   71   79   68    9   54   66    6   30   46   70   94   96   56   10   67   26   28    9   50   47   92   46   12   11   55   62    2   78   32   80   65    7   60   75   81   69   90   47   53   35   98   57   97    4   53   98   29   58   48   65   52    1   75   71   59   15   61   90   11   18   85   98   71   81   18   15   53   65   48   94   25   92   17   17   78   92   39   27   55   90   68   40    5   59   48   15    7   62   50   45   64    5   32   39   62   31    7   27   93   30   95    1   52   64   72   29   50   55   55   33   57   84   66   32   15   19   41   30   29   98   21   32   53   46   94   98   99   98   95   15   27   21   90   79   49   93   30   81   87    3   14   15   84   77   76   58   58   12    3   46   42   68   77   67   84   16   26   25   15   24   10   67   49   56   24   27   56   87   88   75   32   63   32   50   80   19   88   33   46   25   23   20   16    4   17   22   57   32   17   75   42   84   11   62   64   29   16   82   92   52   65   50   56   89   74   61   19   44   82   48   65   18   68   39   69   83   27    7    2   10   94   84   74   31   39   38   85   86   20   98   51   59   63   75   83   78    1   83    9   84   80   29   56   86   45   61   56   23   38    0   42    4   71   42    2   18   79   19   46   81   80   48   77   94
  63   80   60    4   95   97   61   16   49   51   94   72   16   47   83   82   72   91   71   45   89   13   68   85   22   44   13   15   59   75   52   97   63   72   47   57   11   51   82    0   19   40    7    2    2    7   54   70   59   29   66   32   45   48   98   50   50    9   79    6   66   96   52    0   31    1   11   65   31    0   68   62    5   27   57   25   22   82   67    4   36   84   84   71   99   46   65   70    9   69   70    8   51   61   15   90   34    7   76    5   21    7   21   98   97   34   93   16   51   25    2   39   67   63   37   15   14   79    7   36   73   29   96   60   12   65   73   70   39   88   19   60   94   84   45    5   66   81   87   40   72   41   34   79   22   29   30   82    7   79   33   25   52   87   23   34   72   11   32   60   19   79   51   47    8   81    7   30    8   93   97    8   91   81   42   65    2   11   27   39   83   22   75   92   99   76   59   26   60   65   10   30   50   42   42   17   26   82   87   29   59   87   15   99   55   67    5   19   79   53   36   92   37   80   98   63   58   44   39   95   12   34   70   55   81   61    7   36   75   95   70   77   42   96   75   87   64   28   18   93    5   43    2   99   95   51   61   72   60   61   37   36   37   50   92   15    8   16   84   80   39   45   61   87   82   68   61   26   87   40   35   89   10   84   74   40   42   83   68   79   87   42    8   78   20   13   70   30   42   65   77   61   79   59   66   47   26    2   23   67   71   25   20   94   27   79   27   49   99   84   57   72   40   98   35   38    2   33   89   73   72   63   86   90   70   34    3   60   16   76   25   80   33   29   45   14   28   13   86    7   19   61   82   80   57   18   41   13   34   17   23   14   30   64   19   25   75   22   73   99   48   83   31   78   56   84   96   86   45    6   88   75   17   29   23   69   74   59   46    2   31   85   88    6   53   14   39   63   14   37   46   95    9   92   45   41   97   81   95   90
  48   69   70    3   89   87   85   68   61   47   40   14   86   39   42   31   23   21   16   45   90   29   50   59   99   75   56   29   18   35   84   41   49   10   89   82   93   82   50   22   84   51    9   79   98   73   25   52   35   45   38    7   45   31   92   55   74   25   10   96    5    7   25   84   89   26    4   63   59   44   83   93   50   46   62   84   26   97   91   38    9   34   60   25    4   17    6   71   75   56   54   52   56   97   80   95    9   41   66   64   83   49   73   15   81   24   15   47   93   88   50   96   11   37   16    0   96   22   98   70   55   92   17   26   50   25   39   39   83   33   68   73   38    8   99   52   28   73   80   12   82   25   84    2   95   96    9   90   78   78   25   72   16   53   24   76   57   55   63   32    1   22   54   24   28   34   59   12    8   86   68   94   95    0    6   65    1   23   58   64   22   77   13   75    2   40   21   94   97   21   65   49   75   63   91   42   83    1   97   83   58   88   53   67   12   39   58   27   35    1    9   51   85    3   92    8   46   49   51   44   34   64   69   78   87   52   69   62   24   60   24   94    9   62   36   62   95   53    8   81   60   92   24   33   83   28   84   80   95   97   73   23   13   15   83   72    8   18   70   63   60   77   29   30   58   82   98    6   31   64   47   70   57   64   23    1   47   53   82   63   66   60   70   53   84   67   69   93   26   78   98    7   43   28   96   10   82   22   70   23   18   66   16   98   62   28    6   49   14   70   85   26   66    2    4   21   67    2   96   74   48   24   31   68   58    2   33   87   66    0   83   49   12   75   53   32   45   91    6   43   24   79   66   94   23   80   35    5   11   15   83   81   23   98   92   18   98   43   17   88   22   57   47   78   21   27   60   51   28   22   41   91   75   11   69   88   53   40   90   34   39   91   18    0   56   77   35   79   84   22   66   20   64   31   36   35   58   28   12   18
  60   19   51   46    3   61   18   77   85   68   49   63    9   26   45   13   19   18   38   84   62   53   62   55   53   96   87    1   33   84   98   97   44   19   64   43   62   65   31   95   27   73   32   42   45   56   63   37   95   52   83   47   12    2   92   52   56    0   69   60   17   34   52   96   11   89   10   53   87   80   26   58   48   57   91   82    3   16   80   52   97   27   99   79   12   90   55   64   84   39   12   58   51   62   88   20   26   79    4   43   70    0   73   70   52   87   33   10   50   22   77    8   78   70   44   41   30   60   18   35   51   48   44    4   22   43   59    6   84   33   78   83   54   59   34   29   35   51   42   52   73   71   40   10   45   94   61   98   59   32   27   73   92   53   27   66   42   96   94   51   77    8   12   85   16   91   31   69   20    0   29   49   34   87    3   63   28   12    6   87   27   59   40    9   14   38   43   21   28   40   40   96   95   35   31   38   96   98   26   93   59   71   27   82   12   74   28   25   78   78   85   44   70   48   26   69   64   71   81   89   88   69   96   61   29   74   91   78   53   41   71   48   20   53   40   79   30   76   47   47   49   77   18   77   45   70   57   18   19   31   93   65   78   31    0   63   63   74   41   83   51   52   44   47   43   39   51   71   24   72   66   12   72   99   49   52   67   80   57   20   98   60   54   28   78   97   85   90   59   47   60    5   33   66   44   82   60   25   29   41   44   34   49   48   73    2   53   99   34   66   76   84   95   55   96   57   27   12   39   58   35   66   39   29   61   26   69   22   96   69   32   61   44   10   22   41   82   85   96   62   84   81   45   44   42   69   43   34   69   45   95    5   53   98   28   34   97   80   21   20   91   52   93   63   10   92   69   27   96   58   95   56   87   75   31   31   69   67   73   59   65   81    2    2   82   79   58   55   35   66   21   91    5    7   27   40   24   81   99   92
  66   82   74   83    8    0   83   24   14   89   84   99   53   26   38   86   72    8    9   16   37   77   89   86    5   94   15   11   26   63   58   45   51   46   62   60    5   91   12   92   90   56   38   58   12   74   29   71   52   80   25    8   89   57   38   74    1   23   43   66   23    4   38   69   59   45    2   66   13   28   34   37   58   18   89   34   75   15   18   83   86   43   72   10    6   82   74   93   14   57   22   26   11   76   73   83   87   62   80   52   19   68   67   29   54   78   44   76   22   13   50   35   40   93   78    3   64   50   41   56   22   52   88   37    8   10   84   68   99   82   77   32   97   88   84   10   27   31   75   51   23    4   78   38   40   67   30   99   51   32   11   47   58   35   19   94   36   75   83   67   81   82   94   81   50   95   82   85   37   29   43    6   60    8    8    0   83   46   32   52   71   27   18   79   94   71   63    7   38   54   91    5   34   49   78   98    7   71   58   69   89   53   95   57   46   12   91   19   23    5   68   84   32   61   55   58   67    9   89   35   61   79   17    8   72   46    5    0   37   92   61   97   43   38   11    1   16   16   81   15   98   25   30   33   90   78   41   27   21   66   84   74   78   74   42   32    7   96    9   75   62   46   20   74   30   26    6   49   83   80   88   12    9    3   75   42   99   57   10   84   60   98   69   68   73   82   39   37   34   69   71   59   38   16   32   25   36   54   56   97   95    5   35   12    2   26   96   72   26   41   97   37   85   52   73    3   46   98   99   79   28   49   51   80   17   55   85    4   39   77   50   91   71   70   70   10   44   86   40   41   18   74   66   97   30   21   96   34   58    6   16   84   74   80   66   62   62   83   57   22   60   18   95   54   71   23   86   23   44   72    6   22   11    0   43   86   46   97    6    5   15   35    3   70    6    0   17   17   12   49   17   27   26   49   21   46   17    5   48   50
  70   47   30   63   15   33   32   51    8   34   82   25   67   77   68   19   91   35    2   99   69   92   66    4   29   16   39   91   73   67   43   71   71   28   22   54   20    8   86   32   39   59   29    3   60    3   39   82    5   71   17   81   76   35   69   16   83    9   70   66   53   15   48   28   35   12    0   77   42   63   43   49   79   91   11   33   55   92   30   40   92   28   25   56   18   79   97   49   38   99   10   66   50   63   30   60   33   74   70   26   42   34   28   96   34   93   36   63   58   48   44   54   86    2   59   85   33   98   32   17   86   30   76   56   75   30   70    2   21   37   21   65   54   95   32   79   57   17   18   31   35   44   44   80   62   26   60   60   44   37   93   30   70   29   98    9   37   30   62   31   52   33   88    9   55   53   88   84   98   64   65   92   37   21   63   80   20    5   12   98   11   33   77   45   45   12   76   19   30   36   64   54   23   95   80   24   30   82   24   30   18   95   39   77   23   23   53   38   80   61   85   66   38   74   93    4   75    2   33   57   86   69   12   80   54   57   49   33   78   75    6   12   46   85   63   50   41   84   97   70   90    2   81   76   38   52   38    4   75    3   69   16   54   26   98   10   88   91   63   21   82   62   48    2   65   65   21    5   51   21   37   16   51   82    6   40   68   48   80   79   54   11   65   42   75    5   71   88   89   47   94   95    9   73   14   37   41   69   11    6   84   44   54   38   63   20   42   68   65   18   98   18   49   69   13   99   37    0    8   57   19   11   12   73   22   82   19   41   66   72   14   73   73   73   72   43   28   31   31   91   84   76   18   74    6   74   40   94   73   57   70   93    1   89   32   22   35   28   50   36   53   18   39   56   32   34   83   26   30   56   78   11   31   46   63   35   84   62   16    3   43   28   60   54   34   18   35   12   15   45   90   50   17   44   22   82   84   45   41   80
  11   55   71   75   15   77   59   26   73   30   12   24   46   41   98   47   63   75   25   16   33   17   93    6   62   66   99   97   71   37   67   48   23   17   22    1   61   66   22   40   23   72   56   41   61   70   85   87   56   24   96   27   13   53   11   46   48   85   95    5   60   66   19    5   46    6   86   96   58   39   77   35   91   89   48    8   95   10   31   88   11   26   67   74   43   77   30   98   18   38   93   35   99   86   83   66   16   35   45   67   65   66   60   55    2   53   82   85   34   95   10   64   31    3   77   69   50   32   57   32   87   90   76   33   32   53   67   23   13   92   67   63   76   88   45   26   17   67   66   63    4   69   96   46   61   35   48   80    4    2    4   53   30   37    5   36   61   19   11   50   22   16   32   35   81   49   69   52   29   60   58   52   35   38   47   56   90   23   73   61    9    1   91   96   73   43   92   65   30   86    2   89   51   93    5   95   72   98   99   48   33   99    6   41    7   21   68   75   48   19   61   63   19   49   50   34   91   82   85   17   66   72   43   72   49    3   11    5   41   59    4   34   70   35   40   59   49   79   76   35   96    8   76   65    4   42   61   73    5   79   13   11   79   97   64   26   64    6   12   17    3   61    4   76   73   91   22   82   91   80    7   24    8   24   48   24   25   44   18    2   24   38   16   17   77   34    4   52   26   93   49   25   90   53   23   86   83   81   12   90   34   14   62   84   49   83   12   81   79   49   69   26   74   36    3   54   14   62   88   24   87    9   87   67   36    0   26    9   53   23    8    8   69   48   95   68   28   23   63   97   78   16   16   94   95    7   77   75   65   51   48   89   28   28   20   39   65   94   82   22   18    8   82   96   10   55   64   82   71   56   42   46   34   45   25   48    0   75   58    1   41   47    2   10   17   56   16   35   13   25   26   62   57   13   10   84    0   43   60    4
  25   35   67   43   95    3   81   42   10   48    6   51   93   78    4   73   10   37   93   78   34    8   10   81   71   85   95   80   25   94   14   25   78    6   76   81   61   80   17   31   16   44   87   54    6    2   10   90    0   85   25   80   38   42   59   25   32   85   55   27   88   46   27   19   92   45   58   64   45    5    4   26   68    9   85   42   32    2   41   27   77   15   83   18   34   48   19   92    0   62   93   99   27   63   62   67   92   96   73   24   88   79   43   53   59   10    5    5   95   27   10   39   79   28   24   45   54   68   71   61   92   30   21   96   64   45   68   36   89   30   28   38   53   12   94   36   73    9   19   65   63   36   88   55   49   42   92   84   25   29   33   66   10   11   35   91   41   63    2   25   90   37   52    2   22   90   21   52   54   72   60   61   94   76   69    4   61   84   68   61   81    7   40   19   27   25   94   27   12   96   81    0    3    5   15   83   85   30   35   49   97   11   47   49   75   50   93   17    4   59   30   89    4   22   67   49   45   47   51   85   97   40   96   45   56   40   12   82   26   84   29   11   16    0   80   86   71   14   68   31   99   59    1   41   29   71    7   68    4   49   15    8   90    8   68   53   19   39   84   14   61   56   54   20   51   56    9   39    2   17   53   34   60   23   37   89   99    3   44   61   34   58   11   23   58   71   59   63   34   89   50   80   36   20   76   26   22   49   13   59   62   96   42    9   21   85   42    4   80   56   64   25   64   75    6    9   12   14   44   44   19   30   70   76   73   53   63   95   77   22   67   88   13   88   57   22   19   75    9   89   71   90   44    4   87    9   28   58   27    0   53   72   68   53   12   20   19   27    2   18   70   26    9   19   64   46   97   77   33   55   67   99   36    4   38   34   71   26   66   79   93   48    3   69   85    8   87   76    3    0   24    6   59   99   23   83   30   19   19   49
  75   28   80    4   48   91   87   17   13   15   33   38   41   69   84   68   76   18    6   34   34   71   51   58   12   73   11    5    3   27   55   99    8   60   98   36   41   51    5   71   17   36   24   76   91   89   59   41   33   91   69   90   23   80   76   65   45   75   29    5   65   53   80    9    3   90   89   87   67   51   41   35   82   77   90   28   74   56   83   67   94   76   16   36   64   54   74   93   80   31   39   69   93   67   32   25   44    4   91   62   66   17    6   79   84   70    4   43   61   88   65   11   18   45   65   10   37   39   72   44   31   39   60   31   39   88   98   73   89   74   54   65   46   75   36   71    3   21   83   79   45   15   75   41   95   60   28   47   86   87   15   67   56   18    5   68    8    0   78   91   33   49   32   81   58   38   24   79   79   27    1   91   59   16   22   42   24   76   27   15    9   70   30    1    5   16   90   87   27   64   19   44   17    3   59   95   80   98   62   28   69   73   72   25   41   80   69   19   37   21   56   90    0   71   55   15    8   42   73   51    2   28   29   34   23   11    3   89   37   73   26   99   63    4    9   56    3   77   27   44    4   42   56   30   43    7   12   64   97   62   65   97   93   33    7   68   38   94   40   88   15   76   41   29   95   67   60   23   23   98   67   39    3   27   94   28    6   81   76   55   49   54    1   59   52   57   74   65   17   59   97   42    7   97   90   74   77   85    9   34   12   81   67    3   10    2   20   74   49   61    4   69   38   50   72   16   92   66   16   14   86   70    8   41   23   78   34   56    7   45    4   54   49   59   16   42   20   58   28    4   36   81   64   94   76   69   70   14   96    1   29   81   28   71   59   35   37   33   32   20   43   90   94   16   89   88   98   12   81   14   64   45   25   26    0   68   72   50   79   48   35   71   40   47   52   30   90   75   77   55   63    2   53    2   35   11   43   51   42   54
  23   50   61   32   70   12   30   97   51    1   65   68   45    8   69   47   28   73   79   18   88   97   51   63   93   27   13   10   45   58   29   56   77   24   96   37   80   50   59   80    6   92   11   87   56   33   89   93    1   36   86   12   87   24   10   55   16   64   84   42   94   77   68    9   33   87   53   77   52   53   71   18   72   80   29   82   34   24   89    1   22    9   71   30   64   12   70   99   18    3   79   15   53   74   38   97   87   75   64   35   80   74    8   86   21   53   10   96   63   77   46   59    4   61   60    2   49   79   11   49   58   28   88   70   56   43   14   40   23   62   47   28    8   42    0   35   69   95    8   90   68   53   77   53    6   62    8   23   64   37   55   98   32   54   53   18   92   66   55   78   35   59   94   85   14   64   94   82   55    9    9   88   29   92   93    2   12   10   40   33   57   53   88   66    9    9   71   62   13   53   65   66   74   62   82   28   38   45    6   48   24   49   89   13   16    7   80   63   50   73   96   81   84   71   37   61   44   76   32   74    1   39    3   63   80   53   46   24   45   65   81   12   19    5   30   92   86   26   72   58   49   28   34   95   25   24   24   42   24   21   18   87   21    5   35   82   33   96    2   62   27   76    5   29   77   38   20    1   27   71   81   49   60   75   26   94    9   31   62    1   70   16   33   12   78   16   70    6   46    0    3   85   22   45   32   70   56   37    5   96   58    9    7   13   57   57   17   23   90   32   58   61   21   87   68    6   20   53   41    9   70   70   73   50   93   91   12   80   80   11   24   22   75   64   44   42   59   45   24   89   56   45   73   44   68    6   37   77   64   48   68   80   17   98   64   67   23   38   41   36   50   90   19   68   63    2   31   43   16   17   21   15   21   68   20   21   19   40   76   11   44    6   45   49   50   28   56   47    9   66   63   73    2   31   89   31   82    9   40   11
  66   83   87   80   11   23   96   54   84   11   95    8   99   88   38   54   94   55   16   15   88   42   77   43   67   74   59   72    1   42   63   80   90   24   62   20   16   22   69   75   19   15   35   70   45   54   22   87   31   51   73   37   20   27   56   57   54    9   93   17   42   76   14   95   50   37   84   83   98   52   45   68   59   50   97   92   64   25   62   45   59   99   81   48   89   87   34   29    0   92   74   86   11   91   38   66   86   95   47   32    3   62   22   71   87   77   81   66   91   88   15   59   82   24    1   26   36   20   27    2   74   56   85   61   86   33   83   68   95    1   83   22   76   63   52   39   19   45    6   32   50   11   83   72    0   60   95   61   19   16   32   60   69   60   30   65   83   33   69   22   78   11   70   55   25   71   16   11   25   30   90   70   75   14   90   10   92   17   16   52   35   19   61   90    1   44   99    8   42   90   16   94    0   11   27   39   25   71   61   16   75   61   96   75   84   66   31   27   82   18   94   99    9   45   98   72   64   91   21   79   93   17   11   91   45   85   58   83   47   24   46    4    3   70   11   63   14    5   72    4   33   28   74   62   77   56   64   63   50   64   11   22   16   98   80   90   66   54   70    2   72   31   96    6   95   68   18   46   93    3   92   32   82    1    1   55   65   40    9   78   22   95   27   60   17   34   74   85   15   31   26   53   49   94   38   95   36   50    5    7   30   24   67   41    3   51   86   96    8   97   87   71   17   53   47   61    3   88   92   16   68    0   85    1   23   41   78   40   22   29   81   42   52   77   18   27   46   67    6   63   22   97   37   59   19   45   17    6   31   87   13   36   16   78    9   67   40   49   88   29   44   21   54   41   83   78   56   25   66   21   41   19   88   33   79   13   59   95    5   71   74   72   82   47   52   29   16   85   32   55   33   29    9    2   16   67   29   72   85   82
  16   51   22   14   46   24   71   44   65   57   80   36   34   30   54   41   16   76   42   67   79   77   30   42   64   80   90   35   40   91   21   82   54   97   43   88   96   51   93   78   24   17   50   72   80   77   11   42    6   34   34   18   99   55    9   94   85   15   21   82   51   41   34   41   41   86    9   73   64   76   57   26   48   42   49   80   13   59   24   65   36   60   41   31   88   66   23   21   49   76   13   18   71   12   22   30   70   22   77   14   21   87   25   48   53   77   34   74   85   14   25   36   74   92   28   88    0   59   17   91   94   27   30    4   44   18    3   20   31   77   86   83   64   79   72   41   15   23   85   29   30   48   86   65   63   41   16   38   34   58    3   14   91   58   59   73   79    6   17   86   83   55   42   30   25   93   70   99   74   68   94   25   36    5   92   37   95   27   82    5   14   73   40   76   59   80   74   14   31   36   26   26   24   15   38   19   97   87   24   27   22   75   79   48   24   50   23   94   52   58   33   64   21   92    9   52   15   35    2   23   22   91   67   38   17   60   37    5   64   30    4   86   86   61   65   50   91   52   98   57   86   30   72   73   90   46   49   43   62   73   28   38   79   70   51   40   47   17   92   67    8   98   24   16    9   55   13   22    6   34   31    0   46   89   65   35   38   93   11   52   49   59   78    0   75   68   22   84    2   34   37    4   16   77   32    9   62   37    9   38   81    6   52   93   81   17   34   70   61   22   61    2   18   19   83   49   59   76   17   75   79   83   76    4   44   28   44    4   22   98   24   29   61   76   84   20   85   46   67   40   56   54   48   57   33   20   55   13   93   20   65   24   93   97   32   24   18   82   67   13   53   66   47   16   80   73   86   25   95   46    6   22   27   64   87   90   11   60   40   15   87   38   89   61   58   18    9   19   19   75   25   25   73   43   30   90   76   52   12   15
  31    2   90   79   28    2    7   66   27   45   56   86   99   19   64   91   35   17   13   28   57   65   65   56   69   45   54   74   91   19   78   40   40   92   97   69   93   32   73   96   81    0   36    7   20   49   94    4    4   66   41   66   86    6    8   37   25   45   11   19    6   19   25   74    7   16   13   88   56   96    6   59   30   11   41   95   71   60   24   24   91   77   72   68   65   81   22   88    3   92   95   45   21   90    1   20   18   28   53   42   90    9   38   76   39   36   51   42   33   62   82   88    8   97   39   84   73   56   87   26    3   93   75   35   44   19   11   63   65   38   12   83   72   97   81   81   54   26   69   75   49    7   23   25   28   90   69   88    9   68   34   96   47   26   73   55   67   94   60    3    2   22   74   73   98   72   56   75   85   13   64   35   13   35   29   48   26   16   56   78    4   37   89   79   25   56   94   58    4   56   79   46   32   94   83   72   35   43    2   90   13   24   64   55   59   20   57   70   33   39   65   79   71   34   21   28    6   79    4   78   44   10   53    1   42    1   48   78   19   78   10   45   47   98    6   91   30   36   48   81    8   81   44   57   47   85    0   76   87   14   69   45   33   57   62   68   30   75   48   26   22    4   23   87   56   96   81    5   82   46   25   59   90    3   62   15   52   91   14   21    8   72   15   81   39   18   46   21   97   74   70    8   23   84    9   14    9   46   39   31   52   30   13   30   82   56    0   45   50   46    6   83   52    7   15   97    7   36   88   63    1   41   37   42   73   57    7   70   97   82   82    9   67   10   68   72    2   44   83   61   79    7   49   94   91   46   37    3   92   70    1    9   30    1   61   92   53   50    5   77   19   80   31    8   32   27   30   30   96   12   23   23   86   80   75   27   24   36   10   54   34   68   55   17   56   10   80   33   18   32   35   38   96   58    6   70   29   76    2   11
  36   11   53   79   48    3   21   85   47   84   67   97   20   38   30   55   41    1   41   64   82   92   28   14   47   45   46   30    5    5   78    0   14   11   44   36   83   67   31   44    6   11   77   71   66   97   28   73   38   85   68   39   87   83   95   80   13   30   72   48   27   60   88   76   86   97   65   59   92    7   58   69   86   16   39   95    5   96   82   85   69    7   48   98   94   36   73   72   87   42   38   51   27   20   50   90   49   69   70   57   72   19    4   41   24   39   86    8   36   60   78   57    1   56   54   45   73   21    4   60   88   49   24   61    1   24   58   43   80   82   51   62   30    2   55   69   17   78   49   22   42   55   21   90   85    3   65   78   11   80    0   88   24   95   97   26   69   26   82   76   21   62   21   20   32   30   36   65   73   61   35   83   81   40   39   63   83   86   27   73   86   94   43    2   47   85   62   52   43   96   96   84    9   25   67   73   98   69   71   90   93   44   64   73   48   51   77   36   92   62   81   70   27   87   24   40   63   30   94   47    4   65   99   65   56   99   27    4   10   39   87   47   23    7   37   13   73   74   10   11    7   52   16   90    3   83   54   42   30   99    7   12   80   54   43   13   37   26   41   37   86   83   90   63   66   36   94   25   68   92   16   78   17   41   43   13   60   90   11   54   47   58   71    9    5   91   75   29   95   18    1   39   42   53   28   77   32    4   55   84   28   51   17   44   10    9   34   24   18   49   51   89   80   49   19   47   23   67   54   44   66   94   29   14   92   63   74   15   49   83   98    8   69   34   42   19   74   85   35    1   98   19   96   99   26   31   29   62   55   87   24   25   96   24   59   34   98   64   60   22   65   91   61   39   16   31   38   30   53   72   15   13   14   40   72   24   81   11    1   94   96   90   75   15   28   32   12   24   52   31   78   80   94   14   55   51   35    6    5   39
  82   10   15   36   56   49   93   56   21   44   94   74    0   85   43   96   95   65   63   25   67   86   65   10   33   36   98   10   23   72   19   18   54   91   32   23   93   79   19   29   75   24   31   18   30   15   75   82   24   94    7   29   10   88    4   38   63   95   66   55   86   35   72   29   78   13   15   32   95   15   35   66   73   51   44   41    2   53   90   43   12   16   24   20   10   90   59   84   40   94   11   82   84   50    6   43   33   80   24   37   54   59   66   25   72   48   34   68   37   39   31   53   30   94    5   87   42   58   60   91   85   55   28   18   69   16   49   49   51   91   86   16    3   83   58   17   10   53   44   84   38   52   14   54   99   10   77   26   58   69   53   99   70   69   50   81   11   28   80   27   30   30   60   88   84   26    5   77   94   30   31   21   70   95   63   90   86   55   23   26   48   12   42   36   87   52   73   40    5   64   54   10   24    7   85   59   97   19   70   42   60   18   37   74   69   95   48   62   44   61   64   59   79   18   69   66    3   23   29   93   37   30   18   98   45   36   90   38   45   36   96   55   22   56   68   35   91   77   91   24   40   22   78   88   75   21   75    1   38   82   42    3   97   36   49   57   25   68    8   39    0   66   71   60   25   99   80   84   50   58   91   55   13   24   75    4    1   99   94    1   25   39   48   96   55    5   95   49   92   71   24   70   50    2   51   10    6   62   84    7   44   69   46   14    7   17   31   43   25   22   39    3   31   82   99   19   59   83    4   74   52   65   47   98   65   20   24   54   96    7   13    2   87   89   63   76   28   69   49   34   80   33   80   92   91   17    7   26   15    5   30    0   24   79   49   80   22    3   24   35   22   14   15   25   30   12   31   86   17    2   63   38   31   20   39   40   99   65   81   31   59   74   54   63   53   57   44   83   42   32   89    8   18   51   64    7   91   22   24   34
   1   68    1   17   35    6   89   51   22   90   62   64   22    8   86   45   12    7   33   10   91   36   46   58   10   86   70   97   19   56   17   75   22   41   75   45   27   87    0   62   41   96   56   49   31   36   69   17   92    3   29   21   66   10   61    8   39   35   33   77   50   46   67   35   45   13    4   45   40   61   16    3   30   46   11   63   52   65   96   98   65   19   57   41   35   13   68    1    4   41   17   58   63   18   88   52   83   40   27   62   14   97    0   75   60   21   41   13   33    8   99   80   53   84   57   18   29   57   89   17   96   84    5   44   89   79   65   96   50   34   71   57   28   95   38   89   43   98   75   53   89   55   22   33   84   18   74   19    9   99   70   41   83   85   98   67   91   49   17   67   88   36    8   47    5   72   62   22   65   29   43   57   68   53   98   97   30   39   39    3   66   58   46   89    4   43   15   34   41   41   40   38   17   26    5   97   86   52   91   43   71   83   95   55   21   17   46   25   39   35   88   48   75   48   75   83   65   96   77   74   30   80   16   56   55   21   97   79    2   80    4   61   29   19   46   85   72    5   66   57   18   23   78   24   90   81   49    6   21   83   63   37   19   18   63   32   34   37   73   44   69   93   16   16   36   50   56   67    2   47   29   63    3   41   97   19    7   92   21   87   52   75   75   71   82   15   71   94    1   87   86    0   82   72   26   74   58   34   42   48   20   29   91   33   62   71   12   67   66   22   30   82   56   26   24   81   43   28   60    4   14   65   50   14   59   70   52    9   36   98   70   40   57   15   12   45   89   89   69   73   61   32   68   70   52   99   80    5   64   38   76   30   92   12   65   22   48   14   47   33   96   64   70   55   68   21   20   71   74    1   17   33   89   83   47   46   68   33   57   94   88   51   79   66   18   82    8   21   92   92   21   53   20   50   47   19    0   22   74   70
  66   95   84   49   66   34   26   64   28   84   70   42   13   17   94   71   34   86   97   43   21   20   11   76   20   81   20   91   90   32   86   98   75   84   55   83   56   35   51   95    9   60   85    1   49   75   39   43   53   29   53   90   12   41    8   92   26   80   98   32   73   86   49   20   88   79   22   63   41   36   60   89   92   38    8    8   22    4   65    7   52   66   10   26   19   85   77    0   40   46    1    9   55   54    1   77   11    7   78   98   90   53   46   98   65   78   31   46    0   21   35   29   36   11   81   87   31   11   23   59    9   56   47    8   23    9    5   88   26   13   41   40   14   38   97   68   35   93   89   14   56   67   43   42   58   97   91   56   95    9   96   36   48   29   62    7   67   10    0   95   57   72    1   55   14    8   66   88   80    3   16   96   88   60   38   23   72   18   27   49   90   25   48   26   24    1   66   21   52   13    8   27   17   34   27    5   84   29   59   49   10   99   16   62   18   73   57   54   99   42    5   42    7    2   45   21   87   94   72   16   36    2    6   11    3   10   59   94   62   54   78   23   34   46   35    6   85   11   30   23   88   62   41   99   38    3   54   42   26   50   51   29   63   18   46   90   39   81   63   83   82   35   18   21   69   28   74   79   30   95   15   20   45   41   14   69   28   31   31   52    2   20    2   80   87   12    0   66   53   29    3   32   94   96   22   22   39   67   81    4   35   95   79   85   55   19   19   53   64    1   76   34   88   75   56   45   61   30   65    3   69   37   23   85   69   27   78   30   28   14   34    9   75   12   28    8   88   47   18   93   97   88   12   12    5   82   96   28   99   15   14   56   54   85   91   88    7   65   85   78   16   55   60   62   15   64   52   18   86   86   15   70   36   71   32   42   30   14    1   14   58   51   73   77   50   80   13   83   17   62   57   15    9   35   12   62    7   28    2    5
  39   73   16   67   51   89   30   66    1   13   96   47   43    2   57   82   45   39   39   86   85   19   43    4   83   58    0   27    4    8   67   76   23   77   37   30   83   99   53   92    7    7   76   15   69   96   70   39   45   37   93   36   81   72   91   20   10   23   81   23   70   83   39   96   18   79   53   69   87   53   78   48   45   74    6   79    4   53   51   53   20   47   12   66    1   80   48   35   38   79   44    8    4   61   92   53   71   60   90   15   98   98   83    0   77   86   75   16   84    4   55   36   98   25   59    2   55   21   15    5   81   31   16   87   79   11   47   28   15   14   91   52   39   91   87   86   16   64   95   19    0   94   11   97   70   42   96   66    3   74   75   46   14   86   97   85    1   90    7   93   66   24   33   46   47    5    5   76   26   21   75   31   94   18   53    7   65   62   45    7   87   70   18   32   98   99   52   44   99   13   20   60    8   95   40   82   17   10   73   21   42   88   21   90   83    5   15   34   40   37   85   65    5   61    0   76   44   99   34   13   49    0   19   36   44   71   88   56   60    4   40   24   68   67   56   97   87   44   72   90   21   73   73   55    4   61   35   46   26   93   74   58   91   93   77   36   48   61   22   44   82   12   42   36   10   38   19    0   47   31   88    2   54   69   18   66   86   36   42   68   19   51   95   46   35   42   88   93   11   63   78   99   10    0   35   13   11   87   13   77   76   89   62   49   17   59   41   14   16   24   65   33   62   81   69    7   81    2   74   78   20   86    3   31   79    6   32   98   90    1   74   25   45   31   69   89    7   11    0   16   58   55   12   47   36   27   42   43   52   65   25    0   60   71    5    5   46   10   29   17   34    9   39   16   50   84   71   34   79   57   35   81   41   42   89   42    8   64   16   77   92   80   12   90   65   23   35   50   45   65   73   92   94    5   78   41   54    1   88   11
  31   81   86   38   64   28   11   47   56   68   61   61   81   16   37    0    5   67   30   46   35    9   51    3   98   54   81   54   44   33   20   80   26   21   10    2   37   10   64    4   48   15   11   82   46   36   92   20    4   96   33   52   26   74   94   39    9   17   55   66   30   80   64   23   43   61    1   49   37   62   96    0   91   48    2   50   73   38   21    0   99   44   70   14   26   62   55   32   63   32   99   82    0   43   87   16   61   13   57   67   74   46   72   94    1   60    0   67   72   74   30   42   82   25   69   60   85   86   95   95   79    8   86   25   64   90   36   79   57   53    7   51   44   63    2    6   10   50   25   55   47   36   53   57   45    9   55    8   91   45    5   76   69   42   79   24   45   62   98   77   67   40   98   32   35   22   91   50   72   88   59    4    4    1   52    2   36   93   75   27   73   11   74   28   23    0   55   20   75   31   36    7   69   47   31    7   77   61   75   30   89   77   37    1   97   27   55   39   21   28   31   43   77   17   76   13   40   94   20   21   89   80   33   26   31   12   60   83   55   62   92   29   68   23   98   49   32   53   96   69    2   62   44   20   81   67    2   56   97   60   15   43   67   33   88   37   75   54   28   60   84   91   48   24    4   88   12   17   58   76   59   33   89   94   45   10   17   45   11   58   63   47    9   41   28   36   89   97   51   13   23   42   96   74   61   79   52   75   43   99   29   58   43   46   90    7   53    8   29    9   99   40   13   84   42   64   18   45   20   55   27   42   16   65   86   15   59   54   86   96   89    0   76   14   53   36   34    8   61   63   56   91   61   13   72   23   84   97   77    9    4   57   22   79   36   89    0   95   26   41    5   77   93   53   65   54   13   95   82   77   41    2   63   43   35   74   54   27    3   73   26   40   15   53   71   90   51   85   89   64   48   56   45   76   99   65    4   74   28   88
  57   11    1   53   43   27   34   39   61   81   44   42   94   73   51   99   65   41    0   90   73   81   67   99   73   98   26   27   51    1    9   45   67   14   43   63   47   51   11   26   19   94   14   27   22   38    8   36   94   35    7    3   89   45   32   83   97   44   39   86   96   89   13   62   51   43   96   59   92   46   80   52    3   69   97   47   50   85   98   97   93   66   11   87   13   17   87   35   28   70   82   30   84   52   27   93   68    0    4   89   36   20   30   94    2   35   65   97   21   63   88   68    9   96   63   63   71   13   20   23   93   20    7   60   55   14   50   37   90   22   68    2    9   39   44   61   19   44   38   80   82   82   58   13   23   74   78   81   10   46   68   25   73   87   11   39   37   21   88   65   73   12   81   64   75   25   27   11   25   50   39    9   15   17   37   88   98   84   79    6   61   99   47   87   58   50   43    4   82   54   14   31   45   54   13   96   42   54   32   28   42   82   33   49   77   85   97   97    8   87   17   23   94   18   63   88   98   77   55    9   71   28   28   83   43   89   91   80   41   73   49   41   48    8   88   32   51   35   96   92   77   72    7   28   72   43   60   36   10   41   20   37   22   27   87   76   63   34   77   35   80   32   93   64   22   64   61   71   30    8   14   73   95   20   12   42   78   16   34   43   10   95   50    2   78   66   88   32   81   94   24   13    1   93   41   83   81   82   98   66   81   99   50    9   50   16   74   69   33   31   36   77   13   40   73   95   74   36   43   98   17   18    9    5   21   64   15   19   51    1   70   55   73   93   34   45   27   57   71    6   84    9   24    8   74   35   50   49   92   13    7   82   77   95   74   65   92   36    9   94    3   41   63   30   97   11   14   16    7   58    3   78   79   90   26   49   73   89   75   36   35   81   28   79   38   79   91   45   62   93   49   12   92    8   63   82   63   53   32    4
  42   63   57   44   97   43   27   22   26   84   64   80    3   72    3   89   76    0   33    7   42   14   40   76   17   41    6   19   85   12   25   76   97   57   72   94   49   47    2   25   14   51   35   56   11   68   55   72   95   27   32   66   35   96   29   64   84   21    7   39   84   33   68   15   75   88   97    0   60   57   81   83   44   42   78   34   97   35   22   74   63   78   96   93   93   57   64   48   84   89   27   79   84   65    8    7   16   75   32   21   33   72   51   82   72   71   85   91   64   58   66   95   51   46   36   52   46   28   52   97   21   68   54    2   92   51   82   54   78    5   83   51   57   97   19   73   31   20   70   23   69   79   41   73   77   29   97   71   91   75   43   71   15   72   16    1   61   64   29   99    0   65   17   27   14   83   99   49   74   94    3   97    4   38   40   27   30   74   75   37   82   56    7   85   12   27   80   78   68    3   73   48   37   64   70    6    9   78   88   33   50   62   11    4   20   13   77   37   70   33   59   70   50   74   24   78   29    9   98   82   54   94   65   31   20   38    8   20   77   57   38   68   40   28   24   97   79   42   29    9   77   77   48   58   75   56   49   26   50    2   57   38    2   74   29   79   15   85   82    1    0   63   86   17   16   64   15    5   99   98   77   11   32   90   99   12   60   86    5   89    2   64   14   20   84   71   86   69   15    7   91   91   74   28   74   84   34   73   81   31   49   70   99    6   40   42    3   39   19   58   77   81   90   89    7   60    8   80   39   48   19    4   23   49   88   63   65   83   60   45   25   34   22   62    2   44    5   54   91   99   51   26   11   89   41   64   80   33   59   37   44    8   62   18   53   93   98   86   91   95   37   67    3   14    4   34   12   65   14   78   64   86   71   18   21   87   66   86   89   81   84   69   90   71   27   37   26   97   75   46    4   81    4   45   68   95   72   76   36   62
  67   21   83   73   38   26   36   54   17   68   85   97   70   15   93   80   82   94    2   53   96   75   65   88   97   64   89   61   57   41   51   68   20   70   59   76   41   60   86   87   27   12   13   74   63   28   74   28   64   95   64   49   30    9   66   99   45   21   30   97   96   73   81   63   42   81   16   55   61   17   32   80   60   43   42   39   18   60   92   77   73    8   60   85   77   29   66   12    6   32   66   11   76   49   91   15   28   93    3    2    3   23   70   90   11   52   13   43   29   84   48   49   49   80   35   17   86   81   32   38   36   86   86   92   82   46   88   58   26   53   61   63   81   71   66   27   51   35   16   59   34   34    2   32   77   38   67    3   15   17   94   74   50    1   36    4   87   39   19   90    6   52   56   20   96   59    8   95    0    2   42   27   72   59   30   18   82    9   60   30   79   13   95   18   95   25   90   14   43   39   87   37   60   38    4   53   76   54   28   94   76   69   36   23   41   22    8   26   33   12   38   37   70   64   91   25   84   70   35   20   80   98   72   35   32    1   38   49   38   60   70   62   80   94   94    2    8   37   91   76   19   57   91    4   68   77   80   26   45   58   39   91   47   25   67   62   40   91   23   77    1   98   69   47   58   70   99   79   83   83   93   31   23    0   87   43   61    9    4   75   70   73    4   25   14    8   64   30   78   55   72   20   34   24   73   42   63   31   52   23   17   21   50   19   30   66   49   55   91   71   94   83   90    7   36   56   17   18   70   84   65   42   96   28   85   76   90   88   61   86   89   97   23   71   69   19   16   91    3   24   96   33    4    7   89   69   84   52   72   98   40    0   53   88    4   41   78   66   42   58   46    3   89   27   80   43    3   31   66    3   90   50   62   28   75   83   91    6   21   82   66   80   20   23   99   52   69   31   71   10   21   35   31   79   80    7   52   50   90    3
  27   20   95   23   85   13   81   34   49   81   33   97   29    4   44   47   87   81   32   27   42   97   47   43   10   64   90   68   34   36   90   17   10   15   30   96    6   57   33   26   27    5   89    4   47    0   28   22   91    2   90   87   87   17   56   31    9   93   45   39   94   65   41   73   92   94   58   69   39   76   27   50   87   46   87   17   44    0   74   19   17   75   36   13   52   10   89   35   45   86   94   69   25   98   24   64    0   56   92   77    8   10   69   47   23   80   56   14   98   85   58   62   54   71   54   42    3   56   16   70   84   75   25   11   60   74   25   36   40   78   84   26   43   34   53   27   61   42   76   90   62   81   19    4   58   35   17   69   68   74   83    3   48    6   51   43   23   69   94   99   85    3   36   37   17   23   40   67   24   76   87   71   53   52   84   54    5   11   90    6   59   79   19   53    7   22   44   25   85   59   39   19   91   26   92   15   91   80   71   69   23   30   79   62   14   48    6   24   14   98   57   98   94   99    0   64   12   73   75   48   35   15    3   48   48   44   28   32   25   17   81   24   74   11   39   44   43   90   60   91   47    4   76   83   16   21   69   74   46   56    5   44   11   20   90   72   33   37   52   46   69   60   40   19   52   29   71   89   21   36   47   55   37   96   58   49    9   27   79   77   43   35   34   18    0   33   75   17   15   77   91   85   58   20   67   83   10   52   69   96    7   25   52   73   62    5   72   93   92   55   56   91   12   55    6   90   60   66   22   70   54   63   76   34   76   46   41   93   20    2   58    2   30   40   57   64   69   18   79   37   52   67   72   37   94   16   99   26   90   49    2    7   91   37   14   62   52   25   39   13   69   89    9   39   41   17   91    9   29    5   97   64   28   95   15   33   60   80   61   95   48   88   64   43   97   43   52   79   54   30   91   93   54   21   96   56   22   50   47   51
  71   60   12   47   39   75   76   90   28   99   50   36   92   25   52   13   39    9   75   13   68   70   34    5   21   59   93    8   80    5   46    1   13   19   17   97   93    6   25   70   52    0   39   55   48   12    2    3   76   42   93   43   74    3   20    0   63   21   14   86   75    4   24   84   85   25   35   42   50   20   91   78   85   25   23   75   73   26   21   23    8    5   79   11   88   52   84   27   17    0   29   59   23   82   84   66   20   79   32   68   70    4   68   89   43   96   82   78   35   25    0   47   56   59   82   97   29    6    9    7   76   15   89   38   98   44   29   18   37   34   30   48    4   43    5   92    5   35   34   92   92   88   44   76   50   97   60   58   98   24   15   24   67   77   61   18   17   47   39   76    7   15   93   46   24   87   10   32   71   64   13   97   70   56   89   32   80    4   54    3   15   70   87   69   84   46    5   67   11   26   83   83   43   44   84   23   42   98   70   20   10   15   79   80   35   31   60   50   19   92   93   98    4   14    7    0    7   26   48   80    8   75   12   54   39   45   87   92   36   61   51   86   59   27    8   34   31    4   42   16   89   10    3   29   17   47   80   40   38   51   23   16   64   83   20   34    2   83   61   38   56   40   56   37   41   38   24   69   80   42   75   46   40   50   93   98   22   13    8   93   51   65   34   22   29   95   64   31   41   50   21   18   11   25   48   93   81   33   62   76   63   72   43    4   36   11   80   45    9   56   83   85   16   33   54   38   76    7   45   59   44   55   48   90   24    8   10   21   45   57   52   23   16    2   63   85   78   69   39   28   55   26    3   84   11   34    6   82   90   48   45   17    0   31   31   30   48    5   58   35   12   58   40   84   80   99   47   18   46   72   77   62   59   63    0   99   68   17    7    5   83    7   71   77    8   28   22   54   86   84   27   59   87   84   11   30   14   13   50   48
  59   64   59   18   38   70   88   58   23   93   16   22   84   89   37   50   10   25   99   97   81    9   89   93   28   46   47   99    9   43   98   58   61   76   96   83   77    0   71   16   19   36   69   45   39   52   14   51   26   65   30    6   67   18   95   43   67   67   24   23   74   48   54   49   76   32   28   10   70   73    5    2   12    3   82   60   88   36   19    8   69   82   62    7   70   15   81   49   20   25   43   24   46   44   33   15   12   32   37   35   42   95   60   66   56   95   23   91   25   28   70   60   88   50   72   83   45   65   63   22   90   92   23   56   35   46   76    1   38    6    1   48   75   38   92    8   36   84   31   28   45   36   87   78   92   14   48   32    0    3   71   51   27   74   64   88   45   95   19   82   29   22   75   35   10    6   28   85   74   41   68   76    6   22   70    0   85   85   34    9   94   57    8   89   62   65   52   17   78   91   83   44   16   40   56   15   40   89   45   74   96    0   31   67    2   83   61   78   86   58   42   80   79   18   62    3   98   84   60   83   64   29   41   79   96   88   58   45   85   59   27    8   55    6   87   56   60   23   46   67   74   38   32   91   70   21   60    3    2   99   81   14   56   52   84   17    6   75   13   58   24   52   11   12   95   10   50   46   24   27   47   99    5   86   75   26   99    1   14   20   59   56   41   71   64    9   73   90   91   65   83   27   91    2   23   95   21   26   59    1   32   73   18   34   67   80    2   85    1   32   92   20   77   62   33   56   83   88   48    5    1   56   99   62   17   63   96    2   59   99   79   82   34   57   91   97    3   30    1   73   95   64    2    7   81   27   24   69   59   96   33   10   73   74   13   44   81    4   18   56   87    7    6   66   89   74   65   40    2   79   63   31   98   65   34   92   93   14   92   74   92   60   79   63   83   13   20   42   82   94   11   20   58   13   81   93   87   20   24   37
  61   97    3   24   40   37    7   62   78    5   69   74   80   42   85   84   95   20   78   41   75   78   55   59   46   69   78   27   81   48   50   82   81   79    9   46   55   15   50   79   54    1    8   40    5   98   18   48   37   85   86   77   98   58   29   46   61    3   23    8   33   64   58    2   12   64   82   69   19   29   38   90   74   64   61   20   83   56   66   62   20   61   82   10   33   47   88   49   22   49   69   86   55   65   79   82   87   60   73   57   79   77   90   87   94   74   84   15   86   13   67   96   98   70   91   51   72   85    2   14    8   56   22   20   93   52   94   94   80   76   22   84   64   81   33   22   63   30   18   20   42   93    1   58   20   58   19   25   93   12   53   52   14   84   29   27   32   56   50   16   41   30   29   75   11   42    1   38   75   17   19   58   35   97   44   21   38   29   80   71    0   91   85   47   49   71   71   11   27   43    7    5   26   49    5   53   93   29   51   47   22   34    9   89   26   87   65   38   79    5   18   21   75   24   49   75   59   94   61   92   17   82   30   64   17   28   83   86   68   83   73   40   40   40   63   26   81   80    6   41   36   76   22   41    4   37   83   21   29   48   18   69   67   77    2   25   43   58   21   47   63   56   98    6   95   72   70    9   21   81   74   11   74   27   96   73   58   72   54   98   74   57   75    3   62   81   12   50   22   80   53   82   35   86   50   93   98   68   26    7   82   56   78    9   54   85   98   52   31   81   24   15   81   44   21   31   66   27   52   18   35   69    9    7   15   54   83   93    0   42   55   55   17   46   79   43   80   54   50   15   29   35   11   28   14    7   46   74   20   55    7   26   71   22   47   15    7   19   22    7   10    5   80   19   70   31   47   40   65   52   75   55   57   89   12   61   24   68   23   40   23   54   13   26   58   80   16   92   46   96   74   92   69   83   71   86   10   79   60   59
  25    3   22   23   35   67   84   43   16   69   41   95   39   92   49   21   24   53   23   54   83   12   30   54   84   74   44   56   13   62   88   62   99   19   42   99   40   90   21   93    2   45   14   42   76   29   26   10   94   93   13    5   71   33   56    1   31   50   12   91   53   34   79   73   82   61   19   39   51   72   31   32   49    3   29   13    3   12   81    5   86    8   53   51   39   98    7   96   32   70    5   69   15   10   10   50   67   26   46   31    4   81   55   52   29   16   54   10   51   26   34   77   54   37   41   70    5   43   21   58   68    2   71   65   77   30   56    7   28   54   44   87   51   83   50   82   97    2   22   51    5   49   43   17   23   63   87   86   47   39   76   50   61   70   66   53   32   97   39    5   93   45   77   27   18   75   73   50   68    1   61   75    0   82   33   84   72    9   21   99   34   47   30   38   53    8   79   33   89   54   73   67   96    2   34   63   23   84   16    6   49   15   49   16   32   94   85   42   72   98   72   97   91   82   28   30   64   80   53    6   23   81    9   49   64   18   16   44   50   81   11   41   59   50   54   47   65    2   58   90   37   17   40   47   23   93    8   62   61   52   70   79   65   11   57    6   20   56   30    7   44   13   27   56   77   72   26   35   65   78   54   11   86   69   24   34   34   43   43   78   77   80    0   25   72   66   99   27   55   10   77   82   21   59   84   63   34   67   54   80   98   83   69   12   25    0   49   47   31   58   64   21   99    9   40   15   62   86   94   21   72   52   21   45   46   80   87   44   26   18   76   32    9   72   34   71   10   35   54   84   87   82   13   54   57   60    5   32   92   50   66   49   39   81   96   65   85   61   50   44   50   70   65   61   46   43   12   28   84   87   56   52   74   77   56   35   10   17    3   51   47   76   91   14   60   91   17   96   32   45   77    4   10   33   18   28   10   86   85   82
  87   99    7   60   96   61    5   70   13   10   99   54   76    6   80   69   90   67   96   50    5   82   35   13   34   74    6   95   10   49   10   84   80   50   77   15   61    0    7   37    3   29   52   14   78   33   92   14   10   18   98   70   72   98   39   12   28   11   42   69   26   72   13   39   94   36   82   78   28   90   96   55   78   15   89   34   12   95   65   74   29   23   40   65   52   30   22   12   87   95   66   63   28   62   99   89   63   43   99   27   66   52   86   94   63   55   11   34    4   98   44   32   32   64   13   87   89   71   67   50   83   33   55   32   81   45   20   51   71   26   33   31   64   73   84   20   94   66    8   57   55   71   26   39   28   56   33   72   94   94   93   11   52   12   99   16   28   39   74   43   13   56   75   25   65   83   73    2   82   97   47   88   61   30   44   59   76   67    3   19   26   99   24   17   90    8   39   73   90   81   58   16   59   16   17   22   28   59   37   55   17   57   18    6    1   69   70   29   74   45   46   18   55   51   54   26    8   61   23   20    6    8   63   83   61   46   29   25    7   89   31   68   10   57    6   33    0   62   49    5   41   92   20   52   95   74    6   97   29   14   72   24   27   20   87    2   10   31   35   70   11   30   70   82   84   81   76   49   31    7   13   36   42   42   13   66   32   89   93    7   12   57   10   39   39   16   49   92    6   88   40   48   48   34    5    9   27   47   56   36   34   74   54   53   59   36   83   36   79   93   72   57   22   40    4   87   84   98   56   46   75   71   22   92   28   22   81   74   53   83   13   43   40   71   71    3   31   65   59   62   41    4   44   66   53   39   59   18   96   50   39   33   43   61   36   33    6    1   38    8   55   46    8   10   55   90   27   61   46   69    2   21   70   45   87   32   35   67   32    0   53    3   76   32   70   18   97   60   59   20   66   97   72   98   30   80   24   87   13    2
  83   80   44   68   59   82   52   48   91   67   98   76   98   66   64   48   38    7   13   64   76    1   12    9    2   44   34   61   75   77   96   11   69   32   39   34   16   71   96   46   60   62   36   74   27   24   14   88   31   54   18   61   28   35   52   67   99   42   50   42   76   83   42   64   86   97   94   46   39   38   50   85   91    2   26   81   27    7   88   85   73    4   23   34   44   23   11   92   10   62   74   53   45   31   50   50   50   80   91   31   13   70   18   30   94   73   26   54   16   83   54    1   24   51    1   24   10   95   52   24   23   17   18   27    0   52   18   96   14   73   18   94   83   10   12   96   17   72    3   62   88   41    5   14   24    9   50    3    1   92    2   18   61   11   51   44   90   24   17   19   49    9   13    1    5   88   38   61   30   52   39   59   99   33   69   15    5   86   46   57   62   79   63   78    3   11   83   76   55   56   57   62   95   56   60    6   30   82   82   33   83   16    3   76   39   99   72   17   51    0   10   62   84   66   20   94   17   39   76   41   38   71   86   41   15    1   25   91   42   60   42   56   55   50   61   75   90   79   71   57   53   34   70   15   28   98   27   73   57    0   59   62   76    2   98   13   14   57   81   81   12   63   55   65   12   71   70   51   45   71   92   91   96   85   40   64   24   72    3   98   96   60   39   83   90   26   91   33    7   50    7   44   59   12   44   96   35   29   51   46   23   60   72   21   26   86    7   18    7   46   22   70    7   82   98   16   75   57   19   94   88    8   27   27   44   61   37   65   51   92    7    9   40   79   78   87   16    5   83   13   53   44   74   50    0   27   86   69   87   45   35   67   28   91   24   63   42   89   22   45   46   72   78   59   82   90   26   45   20   34   50   36   80   74    2    9   11   96   69   44   28   29   87   58   93   42   93   37    0   20   11    5   33   49   51    1   82   36    5   24
  35   37   79   48   61   87   77   97   72   76   31   15   75   95   79   17   56   37    0   18    2   43   83   59   50   69   73   67   84    2   13   93   29   47   83    1   40    9   77   80    1   43   38   67   63   37   90   29   66   49   10   33   52   37   67   54   26   87   80    1    5   56   25   12   42   56   10   81   87   60   77   16   12   89   89   10   14   78   53   72   21   95   26   72   36   78   41   89   62   30   56   72   69   81   76   22   40   89   15   85   12   58   47    6   46   82   25   39   76   27    1   98   79   15   98    3   90   45   14   13   73   26    1   64   89   16   49   27   11   46   37   71   29   19    4   29   36   31   69   61   57   29   18   40   67   19   58    2   65   24   54   31   68   72   72   86   79   20   54   82   36   78   12   87   90    5   38   96   17   31   66   55   77   50   82   40   62   90   38    6   31   38   66   65   72   39   42   54   94   96    9   63    5    5   75   90   22   93   99   70   53   65   13   87   58   13   96   19   39   33   81   57   95   92   48   55   20   30   21   75   49   16   48   93   52   94   40   88   62   13   49    1   63   11   38   64   85   29   47   85   18   91   90   55   87   41    4   98   15   73   86   45   83    6   22    4   99   18   96   57   47   15   34   76   92   91   97   12   10    0   65   70   15   11   31   30   56   39   63   48   82   67   29   18   48   98    4   37   70   53   37   38   31   96   89   34   72   86   99   54   63   82   98    2   10   70   65   40    7   86   67   12   81   69   89   93   24   90   88   33   82   10   18   85   54   22   25   59   49   28   44   86   57   51    7   46   79    6   96   79   88   19   66   97   89   76   92   11   58   48    5   28   98   53   19   58   58   27   48   80   48   25   36   85   75   18   38   11    1   56   54   69   52   10   21   13   71   15   69   95    7   32   22   20   51   32   76   28   98   13   85   25   21   41   52   98    4   21   64   33
  70   43   13   54   99   35   48   91   64   79   70   20   71   74   10   39    9   47   65    3   25    5   47    3   79   62   62   91    7   70   44   35   90   14   20   70   79   12   39   85   76   33   34   14   67   39   12   64   59   93   45   25   80   53   87   37   51   77    4   75   92   21   48   23   35   33   10   53   23   30   20    4   14   76   52   16   88   93    6   90    1   85   56   58   78   93    8   82   66    3   85   54    3   42   55   23   45   71    9   20   77   57   52   53   12   92   17   22   26   80   97   39   67   43   95   56   27   38   74   31   52    4   68   74   34   75   24    9   38   78   89   39   50   43   37   81   61   86   47   71   61   92   58    4   57    3   46   55   93   54   30   52   15   10   20    4   57   52    3   33   27    8   87   13   10   45   33   87   47   18   14    5   10   89   62   44   67   15   86   49    6   51    6   91   92   66   60   56   85   73   64   49   19    5   14   25   29   47    5   44   77   52   95   13    5   22   95   72   64   28   21   29   19   45   99   96    0   95    1   79   11   64    2   57   53   19   31   47   12   46   78   60    8   65   78   46   19   16   50   67   96   44   63   86   57   34   27   88   74   49   82   56    1   46   59   35   52   17   39   24   20   64   56   17   12   36   14   44   11   43   76   22   81   88   15   50   66   89   78   10   53   99   74   84   78   90   65   39   25   82   39   28   15   24   11   36   68   11    1   70   35   76   34   27   51   35   57   13   95   79   11   91   87   45   19   45   90   68   93   54   27   93   16   44   56   90   39   30   85   87   10   60   21   72   30   46   55   57   33   60   80   87   59   44   61   44   22   83    3   31   33   24   23   87    4    1   13   30   68    4    3   23    1    1   40   83   16   48   45   41   45   18   22   87   75   19   66   23   78   10   91    4   92   95   72   60   15   21   68   72   18   51   80   29    7   62   10   46   95   20
  83    5   29   16   49   87   10   99   81   87   31   54    5   38   51   89   61   63   87   32   24   44    3   59   28   75   30   55   16   14   68   73   81   87   86   36   59   65   30   78   71   61   73   83    0   71   17   14   55   58   92   77    8   66   43   77   55   62    3   82   97   10   70   86   39   37   79   19   76   17   41   28   20   41    4   87    1   43   38   57   11    6    6   21   55    2   64   64   18   72   29   88   15   35   72   18   65    6   68   33    8   55    8   61   82   28   40   92   64   48   69   87   66   34   95   42   86   31   68   58   33   32   12   83    0   96   93   20   93   71   70   11   12   68   91   61   52   64   51   11   18   91   12   97    4   17   67   96   44   66   51   71   67   41   69   70   30   47   56    3   18   87   54   55   96   15   61   76   12   81   72   28   33   14   41   20   55   11   39   26    4   63   77   37   78    4   70   78   26   30   22   40   78   23    7    5   13   88   25   74   91    5   87   86   21   41   52   12   99   54   18   65   23   74   10   70   92   37    4   23   47   72   89   18   54   43   92   27   40    4   75   21   34   43   19    0   39   27    8   62   17   69   46   99   77   13   90   43   94   38   96   39   44   82    3   12   98   86   15   12   49   45   12   10   29   12   17   35   44   50   93   28    7   95   68   84   29   16   21   37   89   14   28   71   25   96   46   55   27   82   71    7   42   78    9   33   27   90    1   34   97   39   53   52   91   75   79   50   14   81   32   23   16   62   52   63   25   24   50   65   63   38   17   22   28   88   28   98   68   36   87   56   50   55   19   91    0   24   17   23   51    0   44   44   87   58   31   53   53   43   47   44   19   15   22   79   72    7   67   47   66   98   16    7   70   26   35   77   31   61    0   24   81   83   86   22   47   84   25   34   55   11   17    4   68   26   87   52   81   35   51   22   14    0   65   31   93   95   78   69
  21    1   61   86   56   37   81   74   12   87   66   98   45   70   22   98    0   87   81   45   89   19   49   63   94   21   40   35   71   41    9   86   32    7   38   36   60   18   87   43    7   20    4   28   98   58   84   88    7   41    2   91   31   97   91   27   87   57   86   69   31   93   93   46   25   31   95   59   47   38   42   46   39   56   69   17   25   44   56   86   80   99   32   90   16   23   53   62    1   10   90   26   75   48   54   44   31   94   35   85   91   86   51   79   95   76   19   61   27   39   47    0   91   11   43    4   40   82    8   49   79   69    7   21   69    7   48   46   23    6    8   40   23   28   79   23   54   35   80   55   20   24   18   78    2   30   35   71   95   86   56   22   24   60   29   43   25   42   56   91   91   51   49   41   32   69   13   66   90   78   40   20   35   95   32   21   51   14   77   59   76   69   91   23   39   59   19   26   70   46   11   96   92   56   57   49   68   77   66   76    7   77    6   38   74   72   52   67   27    7   86   28   44   68    3   73   25    4   60    8   61   49   94   47   76    8    7   23   93   38    5   22   61   19   42   77   98   16   99   71   35   15   78   10   55   60   33   78   78   42   52   27   35   89   27   91   80    5   17   33   46   55   25   30   61   85    7   60    1   16   69   64   32   19   43   86   57   53   69   36   69   86    5    5   18   67   61    6   75   99   13   14   78   77    1   38   70   51   61   50   66   50    8   78   96   79   95   74    6   51    8   88   30   32   26   62   50   48    2   99   33   60   36   39   81   85   17   74   14   14   34   66   54   64   68   83   55   76   94   53   45   48   91   22   47   51   19   81   11   64   54   11   49   30   49   21   87   63   58   17   83   27   94   15   51   16   53   28   17   76   35   14   47   69   14   88   28   88   59    1   13   35   35   39   19   50   52   93   69    3   90   75   93   23   18   60   97   56   16   19
  72    7    6   64   41   10   57    2   25   82   63   11   33   93   43   40   57   84   74   85   22   25   45    8   95   21   17   74   98   63   97   77    1   39   72   68   30   89   18   10   59   59   58   10   33   94   30   25   60   13   13    1   82   66   63   32    7   38   64   33   72   44   84   47   78   16   74   26   56   13   62   89   41   28   96   22   88   96   11    1   52   70   20    2   81   81   34   98   95   94   38   82    6   14   24   89   49   19   40   80   29   95   57   41   14    7    1   60   10   92   51   63   93   21   44   24   68   85   57   25   40   96   38   75   80   82   33   44   55   87   35    6   29   86   66    8   92   64   10   39    4   88   71   13   13   41   35   15   11   54   62   70    9   44   72   93   48   70    2    4   91   33    9   41   81   77   68   41   49   23   64   66   99   88   41   64   98   44   10   59   22    0   27   73   94   57   51   45   19   24   22   65   34   32   56   55   53   25   56    0    4   23   50   76   52   36    1   46   44   34   28   54   10   42   21    1   60   60    7   45   90   36   25   21   46   75   23   74   50   48   13   60   48   54   24   27   25   75   36   19   29   94   87   97   84   43   56   35   77   36   69   59   51   33   86   16   17   27    4    5   48   28    7   27   89   71   41   52    4   59   95   94   16   22   99   26    0   67   63   41   94   81   51   92   51   76   89   36   63   34   80   46   74   56    0   52    0   50   66   97   69   25   94   51   71   24   21   54    4   68   27   23   38   16   18   26   29   43    0   80   60   91   80   17   96   28   96   55   95   53   93   28   53   36   21   18   57   61   23   23   51   89   97   72   81   67   48   43   91   71   57   36   45   64   93   40   75   43   34    5   25   21   77   36   63   58   55   60   29   12   74   68   18   23   56   42   13   79   28   30   27   59   21   77   75   70    6   36   28   77   81    1    0   71   74   15   78   17   32   12
  51   66   19   85   79   23   48   42   47   33   93   57   65   37   10   16   96   78    9   50   29   35   68   75   29   47   21   89   45   38   67   39   53   35   42   14   77    3   27   36   55   85   92    5   78   31   77   11   11   92   36   12   51   35   55   71   92   39   34   68   86   17   34   30    7   98   76   66   36   59   64   12   76   47   92    6   57   57   73   71   24   90   34   34   23    2   92   96   94   54    6   27   58   95   87   94    7   81   62   44   47   89   80   88   29    9   76   82   19   29   89   60   84   84   43    1   31   75   65   27   55   15   20    4   64   12   27   53   96   46   69   95   37   31   78   41   64   47   37   35   72   74   79   93   94   84   46   50   43   44   64   56   55   96   47   31   27   30   41   55   73   14   65   81   33   30   11    1    0    8   73   63   36   91   25    2   91   18   87   67   99   57   34   35   44   63   43   14   20   91   19   70   74    9   74   17   34   82    8   22   83    8   38   16   19   25   37   86   68   77   81   84   98   84   51   24   57   37    1   54   55   78   66   11    9   87   94   71   92   61   69   18   87   67   15   13   40    0   20   19    3    5   44   62   62   79   58   91   26   49    5   47   79   14   79   65   38   47   91   22   71    4   70   94   27   74   35   90   99   50    1   99   90   83   90    2   66   87   83   77   92   38   90   95    1   77   42   52   45   85    1   74   90   34   25   34   57   10   95   69    8   93   64   27   81   16   54   68   23   67   10   42   50   29   30   16   71   91   90   25   16   47   45   59   61   40    7    0    6   44   26   24   89   57   88   54   76   12   91    4   16    6   54   15   18    1   57    9   91   22   31   19   79   90   31   81   70   14   43   92   14   76   42   74   90   88   19   76    3   43   37   67   88    3   24   18    9   55   71   22   94   89   41   36   18   30   28   68   40   39   96   79   83   70   14   64   48   61   23   92
  15   88   11   35    4   99   40   91   34   64   50   96   65    3   22   27   17   19    2   74   81   52   72   26   73   75   12    3   20   75   61   73   18   61   65   46   74   52   86   91   57   39   50   21   96   19   69   17   80   76   22    0   57   86   33   94   51   78   40   32   31   31   27   19   51   77   54   37   12   93    1   46   14   19   15   26   61   49   51   76    6   20   22   26   40   58   18   91   45   85   68   40    7   90   35   96   78   37   65    9   47   43   62   47   72   10   83   82   71   31   63   58   31    9    4   82   66   47   10   96   76   93   90   56   70   89   34   97   19   20   43   46   71   13   79    3   94   90   28   23   43    6   97   77   31   20   23   51    5   88   95   29   55   97   27   42   60   35   76   83   77   36   10    3   20   83    3   10   12   78   19    8   15   63   80   70   48   97   12   73   53    1   48   25   81   29   79   32   18   59    8   54   17   45    6   36   38   27   34    5   49   11    1   16   56   78   21   61   31   22   53    6   73   29   39   77   64   15   29   40   98   24   82    2   53   57   23   89   56   34   86   35   31   61   92   17   70   61   19   90   88   79   23   13   68   49   78   30   36   29   69   80   95   74   74   81   93   99   38   15   89   41   43   35   95   77   26   35   43   45   72   46   36    1   68   21   95   79   39   50   25   35   92   70   25   90   39   73   11   29   59   15   99   98   15   68   70   18   20   43   88   35   30   15   19   70   68   12   36   81   93   27   65   48   46   25    6   25   19   45   58   22   47   12   22    7   94   72   22   88   10   29   60   81   63   57   53   17   43   87   98    1   92   75   96   67   74   26   96   33   81   53   93   53   49   97   52   77   76   32   47   57   46    2    4   59   51   80   92   96   57   27   63   87   71   33   96   42   58   85   76   89   31   60   22   69   95   12    0   45   48   10   58   45   38   73   27   56   86   88
  78   44   25   45   91   19   14   60   35   88   20   41    8   29   58   11   86   10    5   61   93   74   39   16   51   55   70   92   23   59   89   45   37   36   52   75   43   29    9    1   33   91   54   38   30   10   47   20   59    2    5   79   48   20   39   19   69   28   46   50   55   68   95    1   51   75   19   80   47   67   94   42    6   34   87   29   56   36   18   14   86   93   86   84   64    8   55    8   29   10   99   22   60   14   62   89   72   81   43   34   35   30   11   15   19    7   62   68   82   85   94   20   98    9    6   62   68   49   73    0   91    4   27   25   90    8   36    7   30   19    9   36   96   38   21   63   33   62   12   71   50   56   31    6   59   12   10    4   92    1    8   49   63   99   96   35   85    2   74   43   63    1   94   92   55   11   80   51   46   65   67   63   64   21   58   88    8   15   12   75   59   45   90   29   22   65   95   26   12   70   33   65   76   20   64   19   92   88   62   86   55   26   42   67    4   66   99   57   96   78   88   51   46   86   68   88   54   23   37   69    1   19   52   52   48   22   84   84    0   77   89   40   83   29   33    9   63   71   29    5   75   93   96   52   41   87    3   98    6   78   54   20    0   98   28   23   12   24    7   22   97   83   87   76   19   39   61   67   38   80   55    7    4   73   29   94   57   15   19   34   87   16   78   98   39   67   90   43   51   44   13   40    1   15   87   12   84    5   81   67   81   30   68   71   75   70   20   46   97   93    5   54   95   94   18   36   62    8   70   97   36   69   83   28   21   51   50   98   59   60   52    8   91   98   44   75   57    7   70   93   11   15   67   73   56   90   56   31   82   46   52   47    4   51   49   36    6   91   39   23   76    8   55   63   38   26   61   83   82   96    0   54   35    9   86   99   95   70   34   97   72   97   55   49   83   76   15   84   84   76   23   18   21   23   46   45   57   49   62   61
  12   81   29   11   20   53   11   94   27   54   72   95   54   49   35   87   15   15   34   80   38    9   75   50   99    8   73   75   57   28   73   17   89   63   66   33   89   87   40   18   53   67   55   85   63   11   68   36   93   69   17   19   80   53   20   10   75    4   20   24   81   97   86   16   95   20   84   15   41   50   11   23   12   93   97   26   97   94   40   85   73    7   87   29   59   40   24   82   20    6   42   72   40   13   41    4   60   77   18   16   49   53   72   52   99    4   41   86   96   37   63   33   77   60   86   85   11   41   98   31   30   26   71   79   77   34   25   90   69   28    8   77   67   59   72   55   57   27   87   20   52   38   78   50   77    0   48   22    1   85   25    5   96   54    5   15    2   20   90   39    4   18   45   20   12   91   94   59   71   36   85   30   76    1    0    0   13   24   83    7   32    0   14   72   44   46   62   68   33   35   97   16   67    5   17   53   10   89   85   75   39   95   35   19   31    5   95   94    1   84   95   59   99   59   75   14   80   96   72   86   29    0   87   34   18   58   37   64    6   22   20    7   40   48    3   71   96   50   15    4   89    3   58   53   33    8   84   80   52   17   72   22    9   40   33   26   43   13   20   81   81   64   61   12   13   87    3   20   65   65    6   42   68   88   56    8   48   39   73   50    6    1   81   33   11   80    4   20   14   73   67   79   99   17   47   57   24   79   44   90   77   46   35   58   20   21   68   63   95   92   40   86   93    8   31   49   50   55   24   74   90   21    5   35    1   65   80   22   62   30   21   93   55   47   63   13   65   14   62   71   12    1   51   61   77   33   77    2   80   88    7    7   41   29    2    7   85   21   29   24   65   34   53   56   18   76   74   93   31   90    3   70   19   10   47   70   66   60   63    2   60   58   87   47   45   62   16   69   31   85   14   77   73   57   24   38   79   76   45   22
  95   22   59   87    5   75   45   99    1   80   63   63   29   91   27   99   74   62   39   43   93   25   31    5   11   21   13    8   48   95   89   73   30   51   35   57   39   32   97   92   39   61   23   44   71   10   58   75   84   22   67    5   29   44   59   31   75   15   89   25   51   39   80   49   49   33   12   23   77   52   31   78   26   13   26   12   58   29   24   37   11   53   34   96   40   15   48   72   52   34   63   50   97   74   59   83   92   78   68   77   89    3   35   41   98   53   74   54   81   41   48   71   73   84   33    4   97   54   22   60   68   76   64   80   11   26   22   53   87   10   37   55   28   15   34   40   34   22   87   63   22   16   97   97   50   34   21   95   26   90   18   71   54   90   18   23    9   47   62   32   93    1   34   45   16   62   36   36   24    5    1   29   90   60   81   56   21   47   60   49   24   64   75   20   60   92   97   36   22   54   76   92    5   56   14    5   64   75   64   85   91   74   44   10   19   73   26   81   87   96   46   98   34   78   51   32   95   26   64   85   89   27   65   70   52    4   27   36   56   46   54   73   12   37   35   76   10   50    5   20   74   36   77   91   21   38   57   71   88   25   46   23   22   60   20   78   85   74   81    4   27   88   11   88   67   37   46   37   45    2   78   99    2   28   56   26   44    9   54   77   21   84   88   55   52   99   27   90   78   92   94   35   70   19   73   73   99   34   83   89   49   87   33   40   80   51   70   25   45   59   39   41   21   93   87   93   24   84   94   31   89   99   93   67    8   25   69   85   82   25    0   77    0   18   58   21   26    5   65   10    0   51   56   95   96    6    2   61   56    0   75   56   91   22   43   63   83   66   87   55   53   10   92   23   50   22   17   54   23   53   39   38   84   87   62   56   11    0   80   93   70   99   65   82   86   97   69   82   46   57   45    8   81   74   79   12   79   20   83   23
  58   11   55   91   85   75    0   97   72   50   14    1   70   23   29    2   55   38   72    3   54    7   94   65   34   69   29    8   83   93   26   54   79    2   14   76   30   47   70   22   84    9    8   46   73   79   95   95   76   99   98   19   48   94   13   64   48   47    3   15   34   15   45   34   21   56   19   99   40   34   96   29   61   99   76    7   50   98   91   45   86   34    4   42   11   76    2   47   20   99   98   80   34   39   11   88   73   36   17   42    1   44   16   32   49   15   79   99   29   70   98   85   79   57   78   60   64   86    9   87   46   36   50   67    5    3   90   24   31    5   50   28   98   59   48    4   77   94   28    2   98   46   49   13    4   56   38   18   90   41   36   88   58    1   17   38    3    9   94   55   44   46   52   15   88   27   96   85   77   47   18   24   23   32   15   61   30   45   90    1   93   37   46    9   87   84   40   77   94   63   93   77   18   51   24   57   84   69    8   78   61   56   73   74   64   12   44   26   82   27   63   21   41   55   12    5   26   45   25   12   98   37   49   45    7   50   63   15   70   99    3   56   86   35   39   96   40   41   48   99   75   96   94   19   99   57   44   61   36   73   88   44   30   16   46   56   72   26   63    5   41   50   39   58   10   96   27   59   73   43    5   21   64    4   47   37   49   26   30   91   44   67   86    2   63   15   56   65   62   77   85   66   16   44   50   98   34    7   62    2   30   83   81   76   22   28   43   19   76   86   99   70   97   67   11   41   52   14   79   89   74   60   31   14   14   80   94   19   54   88   81    7   59   21   79   95   34   25    4   19    6   94   50   42   93   28   86   26   23   68   89   70   31   73   18   11   32   98   58    7   98   52   79   71   29    2   86   44   85   70   42   22   48   80   81   62   24   35   51   16    7   85   79   48   86   97   26   62   37   16   27   11    0   15   17   57   14   32   94    2
  52    5   65   22   25   36    4   26   96   21   38   72    6   41   19   48   40   10   93   85   12   34   63   86   98   92   99   45   17   83   68   32   15   84   24   56    3   91   65   26   12   86   41   57   60   92   12   49   57    8    6   71   45   73   96   28   57    0   58   45   87   62   31   89    9    7    4    2   40   17   63   32   83   44   69   15   74   40   37   55   58   57    0   43   97   81   95   85    8    5   34   30    6   87   53   13   15   49   56   52    0   48   37   11   52   80   16   44    6   90   84    1   56   33   63   24   47   97   82   24   34   38   26   84   39   11   53   72   18   24   29   59   50    6   18   30    2   31   26   43   65    7   86   98   58   16   48   32   26   69   15   92    9   36    5   57   16   16   80   46    3   64    4   36   74   65   91    1   76   18   57   33   41   56    2   85   76   23   89    2   50   19   28   60   56   34   33   22    9   90   72   21   16   18    7   97   27   31   48   33   28   32   54   35   15   28   79   93   64   69   74   94   72   61   18   23   35   22   78   79   27   26    2    9   43    1   45   79   32   71   31   24    4   33   47   65   92   71   17   35   41   44   75   33   75   44   11   11   12   86   82   87   89   93   75   41   38   95   53   13   28   28   52   50   13   34   15   57   83   36   97   38   63   11   51   63   20    8   39   98   97   11   72   57   65   86   46   30   73   12   19   88   89   41   97   51   37   57   90   85   85   30   58   98    2    9   97    9   61   91   62   57   42   21   81   50   58   73   50   46   76   83   70   26   82    8   98   65   44   52   70   10   64   55   23   54   81    0   80   18   39   54   88   94   46   53   35    6   32    1    8   79   63    8   53   22   49   65   71   94   41   16   24   47   58   67   13    5   59   42   58   40   73   19   61   10   42   98   23   28   61   74   49   43   56   60   30   17   92   47   98   91   66   46   17   98   99   62   51   60
   4   54   86   24   94   77   62   56   35    8   19   57   11   78   15   40   35   59   92   59   82    1   24   18    8   11    9   18   78   15   83   45   81   64   27    3   28   83    4   17   68   39   86   76   87   82    5   25   68   33   31   85    9   97   29   15   53   61   88    6   26   23   16   44   18   79   37   16   39   57   87   34   33   81   43   26   83   46   92   54   34   53   87   17   66   45   13   61   84   40   77   13   31   87   87   31   30   29   86   16   71   19    2   13   40   45   50   28   44    5   32   41   32   55   12   63   40   83   21   20    1   51    1   55   94   15   29   88   69   12   17   66   12   58    8   42   87   78   15   78   97   69   26   93   34   89   51   40   25    3    2    1   47   55    4   90   27   99   45   46   61   32    4   73   24   48   91   52   92   22   43   53   41   16    4   22   61   12   23    0    4   27   97   51   34   68   19   77   73    0   69   94   77   44   98   65   49   93   94   39   22   59   37   49   14   81   11   35   27   75   29    2   14   58   88   47   69   81   28   77   34   56   90   28   54    8   80   93   38   45   89   79   23   41   23   56   75   11   40    6   22   42   95   10    5   82   47   24   72   54   77   61   80   93    8   48   21   92    8   49   40   43   30   97    0   24   76   47   98   81   41   29   71   48   39   89   30    5   50   54   44   13   66   63   26   44    8   88   62   85   56   55   35   71   48   41   77   19   87   97    2   29   58    2   32   51   19   87   28   30   44    7   37   28   82   49   65   74    8   50   96   79   62   44   38   22   33   30   10   28   15   98   55   99   46   65   36   91   30   92   83   84   61   58   75   18   71   19   48   31   56   60   95   92   61   71   42   53   41   39   76   67    6   31   76   77   10   81   72   96   21   44   14   86   97   84   95   53   39   39   89   60   55   10   60   81   77   70   24   78   26   21   23   48   50   62   43   61   89   10
  35   50   74   12   57   56   77   56   21   47   84   18   56   66   45   47   56    0   90    2   57   85   13    8   88    7   74   49   10   48    9   49   53   97    8   59   88   79   31   11   94    0    2   21    4   17   35   90   73   86   70   24   39   80   11   12   80   65   50   42   71   36   57    2   92   43   22   19   29   17   70   67   42   94   56   34   23   14    5   20   54   93   40   40   44   39   36   63   16   99   38   30   54   87   34   25    8   52   74   58   85   31   89   64   27   83   47   50   69   78   76   49   68   32   43   90   79   37    8   98   56   42   92   17   20   61   41   14   46   25   82   17   34   70   29   77   51   11   90   75   43   21   54    8   19   43   39    8   57   90   24   96   87   18   94   69   42   23   90   18   82   77   42   97   79   34   59   78   15   23    1   16   90   97   73   22   80   50   64   64   16   91   40   98    3    3    5   32   90   82   40   32   24   23   36   25   76   31   89   77    4   27   61   86   15   12    6   75    7   33    8   32   35   95   58   49   73   85   72   40   45   33   11   27   59   69   18   42    0   59   73   29    8    7   46   14   30    8   17   46   22   77   94   29   49   32    5   63    3    3   92   18   81   76   65   45   29   15   78   84   71   28   80   63   72    0   81   75   59   37   97   21   52   72   12   21   75   24   76   35   54   30   91   13   19   37   34   54   24    6   71   95   54   77   82   13   11   19   98   23   97    2   45   91   76   33   58   83   42   22   63   96   59   70   47   14   55   64   73   87   31   56   98   91   44    2   68   65   13    2   31    8   58   42   76   19    2   30   19   31   70   58   51   60   50   66   38   47   37   11   64   42   82   50   54   30   41   95    8   30   93   15   94   10   70   11   37   10   26    7   69   34   56   26   85   44   87   35    2   33   20   57   92   59   98   85   37   12    5   52   90   18   44   97   10   77   29   97   66   11
  97   69   65   85   43    9   60   54    2   44   77   55   96   38   76   15   47   79   18    4   58    7    0   21    0   68   28   42   68   34   81   36   16   55   78   92   46   22   38   27   92   12    1   38   47   71    1   22   63   20   37    3   40   45   20    5   11   94   11   45   94   17   87   39   88   76   67   49   56   87   34   38   87   49   53   24   28   99    8   85   57   99   85   99   55   95   65   48    6   71   27   10   69   43   76   88   14   43   21   26   12   64   52   71    1   24   34   36   57   38   73   79    8   23   85   86    9   19    6   74    2   35   58   37   80   88   85   35   13   65   64   18   37   89   80   94   17   40    1   47   55   20   70   80   66   27   71   80   61   24   16   17   47   98   34   66   55   41   19   38   84   53   22   71   29   32   79   45   78   61   46   54   34   83    7   93   16   59   97   77   70   94   46   64   84   48   32    9   17   95   41   94   42   24   51    7   82   59   84   84   85   52   80   71   78   17   12    1   34   14   57   92   12   25    0   26   93   83   53   30   41   63   99   22    0   37   91   45   16   28   91    5   36    9    7   68   61   45   13   92   28   92   47   41   33   45   71   39   36   25   46   27    6    3   38   34   69   63   65   70   99    5   90   85   58   52   92   29    1   16   51   16   55   65   53   89   47   20   92   37   40   52   10   73   71   42   73   94   79   67   25   34   51   35   90   91   34   54   44   30    1   94   55   42   74   45   50   94   73   88   85   90   49   88   11   83   65   25   24    9   98    1   85   75   95   92   33   33   81   12   32    0   33   41   94   42   54   86   15   33   31   15   65   16   34   16   29   20   78   16   76   96   22   55   88   35   83   36   86   93   60   70   38   54   54   14   98   43   26   95   35   87   28   39   14   28   28   97   95   64   41   17   78   97   74   25    2    9   67   24   60   77   75   39   53   52   10   33   80   99
  69   77   84   43   96   11   76   81   44   83   48   65   55   70   35   14   19   57   66   50   56   16   73   85   88   66   33   84   53   71   12    4   68   35   13   41   62   69   26   37   90   27   35   23   41   35   26   20   81   45   59   85   78   23   62   82    7   92   45   59   71   95   93   37   62   37   56   20   44   76   40   21   13   63   41   32   71   56   21   76   25   82   11   64   37   55   95   19    7   88   92   93   17   85    2   31   82   74   62   28   87   93   43   62   23   83   66   97   52   30   35   56   82   49   22   24   40   12   49    2    7   60   93    5    7    5   18   74   41   60   89   46   44   86   34    8    9   69   68   21   61   89   74   21   39   52    7   66    4   78   88   27   33    5   48   37   11   23   47   49    2   44   47   49   46   32   85   86   69   18    9   62   96   55   33   80   98    6   13   49   44   95   78   39   52   73   19   88    7   78    2   24   17    7   48   72   50   31   47    2   93   41   54   91   57    4   91   41   12   51   23   51    4   98   10   78   96   66   41   10   64   71   55   91   87   54   66    2   51   98    5   19   58    6   81   36   61   71   19   78   32   94   95   58   10   96   51   34   72   25   20    0   93   68   51   18   71   37    8   93   20    4   45   41   71   85    6   90   83   56   37   53   63   89   17   41   89    1   75   28   86   48   62   78   78   99   87   50   85   54   72    1   66   60   97   25   50   84   33   64   34   41   31   30   48   61    8   99   95   54   30    8   29   60   94   44   50   65   10   55   58   12   77   65   14   17   39   67   63   88   43   69   22   75   14   56   56   73   35   40   72   47   16   72   76   40   85   24   62   56   57   91   34   89   70   23   96    6   96   20   47   53   65   49   58   40   89   10   21   25   33   51    8   43   10   83   31   82    4    1   39   15   50   11   47   87   78   71   74   20   67   71   91   48    1   62   40    5   23   48
  36   75   60   55   89   82   24   43    0   75    2   99   89   91   15   12   51   17   75   77   61   17   20   72   81   52   64   41   11   20   98   98   37   59   12   26   65   86   66   84   21   18   44   93   84   77   39   16   49   48   54    6   25   12   16   66   76   51   47   51   58   32   14   42    8   22   66   92   34   95   41    3   33   34   44   18   17   97   59   90   38   88   37   99   57   63   18   78    6   36   99   88   55   51   91   46   12   50    2   45   37   67   18   28   51   81   93   87   69   33   97   95   42   66   12   99   53   10   11   98   69   70   22   12   81   56   46   95   77   54    0   60   40    2   93   35   79   46   28   61   15   91   45   96   36   86   90   14   64    9   37   66   29   32   37   82   93   49   85   23   72   53   43   49   73   97   94   47    7   58   66    4   92   72   80   61   31   28   14   98   25   63   64   36   32   37   34   58   23    6    4   98   93   51   22   45   52   28   36   33   83   32    9   95   84   32   83   71   76   51   50   14   23   48   72    7   50   56   37   70   47   35   86   34   82    6   31   29   69   32   61   27    8   62   32   19    6   86   15   21    2   48   18   93   41   81   89   51    2   49   64    8   38   94   13    9   31   67   23   71   94   91   62    7   33   98   29   23   28    8   77    6   56   22   71   17   43   47   37   49   15   16   87    8   15   66   42   40   56    9   15   95   80   71   22   19   75   14   21    9    9   64   15   57   77   86   59   44    6   39   85   25    9   48   41   69   48   64   61   63   66   53   70   26   10   41   53   91   52   64   26   64   75   46   56   68   50   45   75   77   85    9   76   92   12   58   14    3   92    4   35   70   26   11    2   33   74    4   72   71   90   77   79   10   49   53   90   47   22   72   61   33    8   88   15   68   14   53   89   32   93   88   74   33   61   58   91   69   51   43   89   72   77   13   59   99   97   42   82   68
  81   69    4   49   71   31   59   23   67   37    2   19   44   18   54   78   36   85    4   35   66   40   18   55   51   50   96   61   41   48   46   33   10   56   35   38   11   82   34   22   84   51   99   80   78    5   26   91   91   24   63   97   87    5    6   44   75   53   71   28   37   84   21   13   44   16   39    7   90   20   39   64    4   21   98   15   69    5   57   28   63   31   35   84   20   11   87   81   57   41   69   37   46   54   74   89   78   91   71   87   35   71   40   57   72   72   25   12   97    7   24   40   48   35    7   67   75   65    6    2   13   79   17   42   88   54   78   83   31   94   44   66   94   29   89   70   53   81   74   30   70    1   82   45    4   36   95   76   53   58   81   15   60   20   23   60   67   73   56   61   26   39   82   69    6   93   92   72   78   86   24   95   77   70   56   78   78   12   32   85   59   39   23   51   25   31   19   19    0   90   68   96   17   67   32   10   87   40   98   26   41   84   68   57   35   24   96   61   19   65   23   61   12   59   82   21   83   15    4   31   93    4   15   18   24   96   99    4   50   65   54   40   17   17   69   60   53   45   13   87   43   51    1   15   37   74   65   98   54   82   41   23   42   28   91    3   29   44   34   36   93   78   77    4   82   27   59   11   48   37   29   39   70   40   18   89   32   48   69   62    2   21   17   22   72   79   45    7   73   92   97   96   41    3   64   24   99    1   30   40   23   79   45   21   60   42   82   13   58   15   21   25   84   38   40   10   20   11    7   14   95   68    3   54   33   86   19   62   22   90   78   62    4   82   77   45   57   67   16   93    2    2   79    2   40   34    0   67   66   20   48   53   31   53   86   40   59   45   83   50   43   93   64   75   87   56   80   75   88   98   71   34    7   93   19   93   73   23   76   97   89   76   65   59   50   35   55   89   73   62   10   68   88   56   85   99   26   48   20   31
  87   13    6   50   11   27   81   14   99   78   14   91   99   88   42   55    5   17    1   26   50   50   95    5   42   35   81   69   33   97   74    0   11   33   85   82   99   96   67    4   69   24   62   11   38   87   56   68    0   81   60   26   28   90   91   71   60   58   51   24   79   39   82   45   30   47   96   34    0   86   74   14   69    4   50   96   53   82    0   87   28   53   84   82   10   99   19   75    2   88   26   52   17   18   85   14   90   28   97   89   28   95   81   88   56   60   44   32   42   82   42   93   14   38   75   93    9   45   95   74   63   92   30   40    2   86   89   41   97   54   72   82   90   88   17   89   60   96   86   79   59   99    0   79   30   65    0   74   78   71   61    0   77    5   74   21   80   47   36   77   75   68   34   24   91   82   40   83   80   92    5   44   92   54   17   83   29   99   68   42   79   97   46   91   54    4   35   19   41   21   72    2   53   49   93    7    3   24   33   28   10   59   19   95   48    6   35   56   65   92   28   98   65   26   70   25   80   23   75   18   16   52   18   26   52   48   67   13   72   84   30   25   70   78   83   10   71   47    7   85   31    7   89   43   35   64   54   77   89   62    7   35   41   31   43   78   76   15   47    9   49   27   64   70   65   68   28   55   43   23   50   26   92   58   20    6   73   93   71   93   15    6    4   92    2   41   41   49    7   50   79   70   89   97    9   54   89   53   24   94   35   65   44   16   65   94   38    9   42   96   31   86    8   19   92   12   60   56   95   93   16   47   63   67   89   17   83    4   63   39   83   15   67    3   62    0   72   42   16   37   15   69   43   64   84   61   94   62   35   20   15   83   90    1   44   32   68   14   82   74   87   49   21   18   38   20   12   42   78   22   66   26   77   88   46   36    8   15   47   34   29   90   91   33   77   48   47   10   89    7    8   40   79    3    0   94   61    3    7   48
  13   34   32    6   49   46   51   23   73   65   86    1   88   77   64   14   93   62   51   96   67   62   15   53   99   46   89   53   31   44   34   57   62   65   56   10   10   98   23   71   75   71   64   46    2   25   51    5    9   54   71   15   29    6   92   93   62   93   73   56   59   40   36   36   94   32   59   51   20   25   69   31   20   76   19   81   18   81    1    7   65   93    9    6   89   44   74    0   64    2   13   41   67   66   65   93   41    4   92   18   29   62   19   94   72   84   72   20   78   33   40   52   83   30    9    0   92   23   87   78   23   64   11   94   14    2   91   98   23    9   35    3   86   24   24    1   91   17    7   27    3   65   63   47   44   93   81   23   14   56    7   61   61   75   90   44   59   89   84    1   68   18   13   69   54   93   11   85   66   91   32   42   89   99    8   47   79   10   56   80   10   42   29    1   23   11   22   79   71   77   12   62    3    4   35   23   19    6   63   36   59   67   17   20   98   85   50   28   46   98   22   90   55   24   29   32   58   39   63   62   88   22   97   99   27   71   85   23   48   68   81   80   56   62   44   22   32   74   55   53   55    8   39   42   50    2   27   92   25   64   76   79   27   73   39   66   65   93   69   88   37   65   55   46   90   86   84    5   82   64   81   55   86   26   72    3   90   50   15   90   91   19   61   60   47   79   58   31   40   60   65   98   57    3   64   69   63   75    4   72   87   33   25   44   21   30   19   12   79   91   51   81    1   58   42   55   21   85   73   84   20   91   82   44   98    1   81   13   42    3   68   50    7    2   84    9   11   61   67   28   75   13   87   23   68    6   80   80   61   35   78   61   67    5   40   85   81   87   64   26   58   25   84   46   96   78   49   81   72   32   35   15   15   64   92   95   30   43   49   89   40   36   96   87    3   49   99   60   35   43   66   60   92   12   60   40   58   56   11   68
  39   96   69   29   21   89   46   96   75   51   36   56   35   74   42   69   85   46    7   73   95   93   42   64   72   72   83   83   83   44   10   33   35   90    5   59   34   64   34   38   73   33    8   16   69   37   54   46   47   99   46   30   31   98   45   82   53   47   24   21   25    9   89   88   24   34    1   19    1   63   53   11    6   90   30   73   45   77   90   97   16   66   89   64   15   93   47   63   45   69   51    6   31   67   34   49   15   20   66   83   46   39   59   43   93   54   18   85   91   24   71   61    8   89   96   56   60   20   61   57   40   50   75   77   66   77   80   65    6   37   36   74   73   19   59    9   29    8   50   76   66   23   78   16   77   29   88   79   98   92   12   58   30   96    5   23   83    7   99   53   95    8   46   40   98   35   94   47   18    6   46   84   48   23   41   39   15   16   46   21    2   44   33   82    5   95   65   52   50   70   38   62   61   15   70   51   59   29   99   16   82   71   20   91    3   75   90   62   97   80   22   41   59   84   73   65   64   16   34   73   59   91   50   72   61   54   60   26    1   51   61    3   81   40   91   65   32   13   30   10    0   35   70   12   19   95   71    8   13    3   30   45    1   88   48   11   36   32   33   28   63   17   92   83   10    1   74   11   73   33   59   14   40   61   41   87   72   40   84   93   46   83   80   81   72   19   43   40    5   71   20   63   92   87   71   73   61   77   62   84   71   75   11   48   21   92   57   76   20   54   24   95   24   22   37   51   55   27   20   43    6    0   60   53   87   92   76    5   21   32   50   15   40   57    8   52    0   53   72   87   15   25   66   32   84   13    1   46   93    5   36   67   54   17   91    7   53   84   93   44   22   20   55   43   33   37   18   59   44    3   20   52   53   55   39   38   68   67   65    9   78   71   63   46    6   55   64   47   55   28   84   61   37   71   22   60   45   85   57    3
  81   43   91   61   67   88    7   54   10   74    9   98   81   99   40   40   85   43    8   12   88   82   14   96    8   50   99    3   98   31    0   48    0   75   17   81   52   85   25   26   74   16   25   86   21   79   78   76    3   23   69   57   75   52   13    3   90   93   79   74   99   65   65   64   92   57   79   93   23   28   71   53   84   37    5   43   55   14   70    6   17   44   97   22   81   45   26   30   75   24   23    3   24   14   78   80   91   21   14    9   39   88   14   13   18   57   89   23   92   89   15   94   94   74   50   49   19   64   89   34   15   95   30    4   84   17    8   44   83   55   19   91   84   97    6   63   40   66   89   15   10   86   47   79   93    8   62   19   35   76   32   24   49   44   23   56   68   79   87   73   91   80   73   25   98   80   78    6   94   99   63   40   10   37   79   52   20   56   48   66    0   85   79   41   91   95   74   94   44   94   39   83    4    4   52   71   71   90   41   43    6   46   34   57    6   85   45   62   99   37   71   93    7    6   52   91   50   80   95   10   15   96   88   44   29    3   26    4   56   13   75   18   92   50   87   12   83   42   29   41   44   70   12   41   35    9   56    7   54   58   74   21   26    7    3   86   66    5   89    8   14   54   42   96   52   62   10   73   61   48   66   91   42   23   52   24   83   20   46   32    7    7   78   56   33   90   34   56    0   73   54   60   88   24   34   95   84   51   33   72   48   69   91   37   87   80   54   79   98   59   63    5   26   86   66   69   50   40   32    8   16   71   40    9   86   76   72   69   42   25   21    3   57   66   54   69   11   67   60   78   18   88   99   19   70    9   64   23   94   91   77   92   45   89   55   83   26   44   36   13   31    2   87   26   25   62   10   60   65   71   37   10   17   66   88   53   27   83   58   78   94   94   39   64   54   18   70   29    2   91   12   17   26   60   17   95   16    2   12   16
  16   39   61   95   75   17   29   27    2   29    1   69   83   19   11   36   17   88   46    7   59   16   53   22   82    8   73   57   29   57   69   17   66   73    8   96   18    4   12   74   17   66   64   23   47    4   52   67   83   64    5    6   39   47   45   93   34    7   93   28   72   27   41    3   82   25   83   67   17   78   38   53   73   94   37   64   37   81   26   83   57   12    9   56   16   24    7   96   85   70   35   31   84   54   28   60   63   52   88   93   72   95   53   62   85   56   85   95    9   67   24   57   51   46   90    2   81   15   44   28   44   98   95   19   37   36   87   13   12    7   15   16   75   23   99   58   87    7   69    8   56   62   22   56   76   42   22   91    6   99   46   32    5   42   93   36   88   93   30   37   33   46   98   95   62   74   96   15   70   88   66   56   91   46   71   97   50   84   73   37   81   38   10   33   26   55   97   14   33   43   13    0   33   93   44    9    4   57   54   30   19   18   26    0   92   40   48   37   79   18   86   20   51    2   18    2   27   60   85   68   39   38   28   30   30    8   83   75    3   36    8    0   28   86   57   52   57   96   68    9   54   41   79   16   74   21   33   44   37   80   29   19   85   92   50   74   66   46   75   48   22   48   78   45   70   68    0    8   94   40   22   50   88   44   80   48   64   41   22   98   72   35   68   76   52   67   39   94   10   82   31   66   22   72   67   17   42   68   43   72   18   67   28   25   15   47    5   14   90   80   95   93   59   23   23   42   58    2   66    4   13   88   27   28   32   34   64   48   10   94   99   79    7   79   98    0    3   41   31   10   40   34   90    1   22   22   10   96   63   47   60   76   32    1   50   76   18   50   66   61   19   13   14   53   93   72   70   59   51   35   23   66    5   96   52    2   25   45   53   67    0    4   66   23   82   86   84   76   28    5   81   23   46   97   53   51   97    6   47   78
  89   61   74   73   98    6   12   49   56   24   48   37   54   58   67   57   67   53   58   93   41   31   70   61   55   48   71   69   58   14   25   97    5   44   82   76   90   60   21   50   61   47   18   74   18   47    8   97   35   37   15   36   91   14   72   34   96   14    7   30   80   85    3   28   11   53   28    9   53   89   93   80   70   96   80   63   18   32   29   23   97   33   90   75   40   34   69   26   43   65   49   85   40   69   79   88   69   64   13   19    2   64   37   54   77    6   67   60   41   16    5   24    4   82   95    5   26    0   53   65   11   95   61    0   63   21   31   52    0   98   62   50    3   56   34   60   33   10   10   92   56   64   55   19    8   10    6   67   15   91   90   42   70    2   93   79   92   72   64   30   66   24    0   57   87   77   75   94   47   30   96   70   47   86   33   62   23   96   90   47   19    2   97   44   66    9   61    7   96   73   49   26    1   71   74   16   43   67   30   44   57    9   89   61   40   27   63   38   32   99   56   72   45   82    9   10   39   56   62    0   68   42   93   59   13   97   37   74    7   73   71   82    8   87   17   41   54   99   42    9   68   54   48   48   18   55   50   89    0   95   19   13   73   11   10   75   57   39   56   11    7   65   91   19   90   10   37   33   98   15   49   93   51   71    6   15   47   96   99   40   14   14   20   63   24    7   54   70   78   62   44   38   74    3   86   46   79   89   82   45   96   95   27   29   53   10   51   26   10   75   76   66   69   15   10   39    5   58   16   57   39   89   90   42   49   27   61   33   59   67   77   84   60   63    2   55   10   95   66   23   18   66   13   39   81   82   60   86   38   39   26   55   10   41   27   40   28   37   38   59   63   50    9   81   97   88   21   68   55   60   92   26   71   29    6   39   46   62   37   50   96   95   13   89   99   66   60   91   48    3   86   96   19   86   43   29   92   40    2   16
  14   27    3   66   47   28   28   97    4   43   41   40   21    6   56   71   65   15   20   10   31   94   11    1   83   56   35   34   97   66   42   60   78   80   73   12   53   31   43   44   76   81   29   53   24   25    3   49   77   47   94    7   61   78   40   93   81   53   68   53   34   78   47    6   96   29   87   23   32   30   15   29   15   26   39   50   92   21   10   46   72   60   45   16   35   71   74   60   93   51   37    5   73   62   63   43   40    0   61    2   17   10   63   96   70   20   21   32   11   74   87   10   91   17   97    2   79   62    2   26   36   32   78   29   54   80   16   24   39   77   65   14   75   30   81   51   68   14   25   22   14   23   34   72   83   30   96   12   95   21   38   98   96    4   10   37   64   10   69   10   34   54   35   99   30   49    6   28   97   45   49    2   20   69   91   25   52   59   82    9   54   29    6   85   79    5   25   65   59    6   73    3   19   77   81   70   34   28   28    1   22   72   88   85   69   82   82   89    7   14   57   13   93    7   34   59   70    8   89   57   47   87   82   16   44   27   24   37   37    7    1   21   44   61   62   69   91   44   75   96   89   80   89   69    2   28   41   36   31   32   47    4   25   52   93   17   96   97    4   73   69   56   40   76   83   64   67   78    5   89   68   84   29    8   51   70   27   25   29    5   16   75   49    1    8    8   14   13   30   91   26   28   76   85   34    0   59   52   36   30   89   74   68   65   77   55   95   68   93   98   70   14   36   69   62   33   37   97   50   31   68   12   20   77   99   12   86   72   16   87   94   74   73   13   53    3   67   94   95    3   99   13    4    2   57   46   28   92   60   74   12   58    1   37   82   86   72    0   27   47   28   32   81   72   90   84   41   73   61   88   42   66   60   62   70   57   42   24   22   61   95   96   67   39   32   79   27   68    6   40   13   95   37   70    3    3   67   72   53   11
  41   53   33   91   45   67   11   53   62   35   54   67   14   74   81   53   58   56   35   48   53   12   49   75   32   28   50   55   24   78   98   43   80    6   97   39   73   57   69   99   96   40   58   95   52   51   64   82   49    8   92   17   62   45   44   26   58   79   75   79   13   17   22   89    8   20   97   23   32   52   15   38   28   78   74   91   21   55   32   70   93   57   19   49   89   66   83   66   46   31   69   23   74   86   79   75   97   46   11   46   13   84    3   32   35   65   13   55   62   66   10   61   48   41    2   68   83   21   59   89   97   86    0   31   63   80   94   93   23   52   60   16    3   86   21    5   44   44   77    9   52   58   51   93   74   50   29   49   14   24   87   49   24   62   92   49   37   48   80   40   21   69   18   34    4   29   75   14   22   19   82   46   12   65   79   84    5   45   25   11   65   46   54   27    6    3   69   67   77   32   22   43    0   73   11   56   98   73   26   59   41   78   51   15   66   48   75   92   26   45   55   46   14   84   42   41   43   51   33   50   54   15   83   33   97   75   50   20   57   46   12   75   13   93   95   95    8   54   26   79   46   18   49   25   17   99   99   98   10   29    5   93   49   66    3   75   20   51   13   34    2   47   90   87   60    6   47   21   96   52   33    3   42   50    1   23   73    0   65   62   96   69   55   95   13   23   10   68   81   54   72   74   76   62   28   85   16   54    7    1   46   46   29   64   83   54   93   29   22   92   67   91   77   76   64   96   78   84    1   87   45   19   95   11   38   86   36   98   89   96   11   28   21   45   17   14   67   21   31    3   54   89    6   12   20   17   42   68   28   25   20   87   77   48    4   10   80   79   70   97   84   65    8   73    2   63   31    3   99   11   51   13   87   81   16   33   12   16   45   11   38   94   55   78   25   96   83   45    6   88    7   97   61   59   11   75   62   55   30   17
  89   72   99   39   98   76   79   80   97   48   77   98   91   83   46   72   78   37   90   69   30   61   88   56   40    6   26   78   87   13   79   28   63   23   39   42   92   95    1   64   61   11   36   34   78   46   83   87   10   69   13   33   24   62   35   18   23   65   96   95   21   80   76   70   72   48   72   48   70   71   99   69   85   87   29   68    6   10   66   63   69   15   20   92   15   38   12   90   72   58   80    4   26   35   80    3   12   35   89   25   82   27   42   98   18    4    7   30   28   72   11   82   86   15   60   97   79   85   66   30   37    3   20    6   13   11   32   90   24    9   88   56    7   98   39   63    7   59   68   23   58    2   18   98    7   69   35   58   14   40    5   48    0   95   75   52   42    5   26   44   25   39   80   32   80   19   87   58    2   26   78    5   87   16   24   44   38   29    4   55   25   12   21   27   52   44   46   16    5   72   38   83   73    1   47   31   72    2   41   47   29   85   49   37   31   34   17   43   62   52   83   29   75   42   47   27   83    7   21    7   90   45   99   47   48   51   77   62   70   54   78   70   30   41   19   98   48   76   51   19   32   60   67   79   33   26   18   41    8   13   56   22   99   56   69   69   70   55   42    0   54   56   20   44   15   48   60    4   55   37   40    6   63   43   88    2   24   85   62   10   83   75   89   53   60   72   86   78   34   35   28   19   37    2   29   94   95   32   31   93   66   64   37   12   85   39   46   80   79   42   49   46   87   86   19   43   63   16   32   19   17   53    7   16   51   57   55   26   45    0   20   72   24   81   18   95   44   35   69   12    5   41   73   80   64   94   77   14   14   36   19   41   94   71   61   86   60   54   69   47   30   29   31   10   64   22   75   80   57   80   67   34   94   11   39   87   15   29   18   94   31   34   45   88    7   14   69   46   77   60   22   40   51   66   84   93   40   47    8   58
  38   19   73   40   35   34   10   86   74    7   58   18   91   89   89   67   26   50   88   95   34   73   55   75   12   25   61   19   38   64   82   61   96   57   68   57   94    7   24   28   56   14    1   13   57   95   99   49   86   33   72   61    1   42   57   11   69    4   52   88    4   19   71   72   63   77   28   22   75   41   70   73   26   91   32   31   75   26   35   75   17   86   71   90   92   12   31   58   43   16   48   10   70   96   10   10   53   52    6   70   27    0   64   31   42   55    1   13   55   53   32   25   91   46   83   26   80   84    2   71   36   94   14   98   33   81   52   12   33   71   36   45   89   67   46   58   59   82   65   74   39   62    4   98   75    5    9   97   79   98   77   86   48   17   31   17   78   22   90   68    4   78   67   13   52   74   82   86   25   72   95   74    8   44   87   12   87   70   98   14   53   31   31   86   12   66   34   27    2   10   48   47   53   32   73   10   35   25   28   68   26   14    2   94   37   49   30   36   19   12   69   42   29   27   36    0   86   69   44   13   84   91   75   67   30    4   12   68   51   16   55   58   10   46    1   23    7   35   88   89   96   12   24   31   46   26   76   39   46   94   57   77   70   66   96   35   63   95   47   43   93   89   31   29   70   85   52   35   12   35   96   89   25   37   75   79   49   17   24   11   51   78   38   98   38   94   53   95   67   14   49   74   23   57   53   35    3   23   42   37   31   39   93    8   37   67   53   27   28   53   73   69   68    2   89   43   98    8   27   54    5   46   66   35   12   27    0   57   77   55   13   44   59   90    2   25   26   72   70   81   48   79   86   18    8   63   36   85   18   63   30    4   18   78   16   15   83   59   39   72   29   20   63   14   94   97    9   90    2   90   25    8    6   60    9   37   97    3   76   94   81    6   30   16   75   31   97   28   93   61   16   85   54   41   61   19   46   35   67   21
  49   10   82   95   57   64   83    3   14   10   47    7    1   40    4   78   83   93   85   27   18   59   20    9    7   55   94   82   77   14   50   20   90    4   71   69   61   98   32   22   43   11   67   55   46   82   15   65   30   58   13    2   69   13   69   64   97   74    0   81   34   84   78   71   53   77    1   44   63   22   34   74   65   10   27   10   80   45   35   63    1   81   74   30   37   65   91   55   81    7   59   32   77   85   51   83   46   84   46   65   92   57   20   45   29   44   29    7   19   25   59   93   77   30   84   75    5   58   59   37   26    6   41    7   58   49   34   44   12   53   65   48   89   81   93    8   88   75   53    5   57   54   29   56   54   41   27   51   67   12    7   21   59   82   94   85    5   50   34   18   64   77   16   65   20   71   76   32   95   54   56   11   21   41   47   98   65   73   76   75   59   57   29   73   65   53   88   59   30   43   97   45   23   51   26    0   24   21   93   41   42   33   66    7   91   87   68   74   57   93   17    9   92   11   45   74   37   35   83   48   58   40   94    4   17   75   47   48   46   73   60   84   24   69   47   40   45   22   61   78   19   95   88   82   95   40   48   98   71   21   27   71   43   83   17   94   45   94   89   20   39   94   29   19   27   93   48   50   83   36   93   43   59    7   44   69    2   78   41   94   42   40   39   90   95   33   66   80   56   79   20   76   20   84    7    3   30   73   69   27   38   62   71   22    6   67   16   65   21   96   65   41   23   83   87   88   21   67   15   10   17   38   80   90   14   27   15    6   23   23   72   86   31   45   71   72    1   30   84   61    7   44   86   46   74   84    5   74   74   65   38   16   69   47   95   16   38   44   34   97   95   36   24   88   27    6   32   97   93   50   94   78   97   39   60   96   33   13   93   79   38   63   50   52   97   34   25   69   85   42   87   37   25   16   91   55   68   33   72   23
  90   48   52   74   37   59   34   66   37   90   23   48   88    8   67   17   49   46   68   52   71   68   43   44   83    9   36   53   99   23   33   65   74   35   64   93   14   12   54   86   67   12   74   37   18   38   83   79   58   42   13   34   65   25    3   13   41   69   38   46   23   16   47   89   13   20   10   76   46   31    8   34   43   61   66   51   88   96   44   23    0    3   26   47   38   96   39   36   61   48   73   34   25   66   22   32   94   64   68   67   51   11   49   72   18   52   60   75   96   35   21   40   68   50   81    9   68   62   59   36   97   81   32    8   58   22   63   64   56    7   38   29   25   35   45   40   31   45   51   90   28   69   30    5   98   93   39   39   89    0   42   24   70    3   34   39   18   68   51   12   47   23   48   58   55   57   79    2    1    2   97   15   82   19   90   26   15   81   58   29   99   83   41    0    0   71   91   21   20   28   32   76   56   64   44   19   95   33   33   13   32   13   87   38    7   26   75   90   82   71   16    8    2    8   64   20   24   33   95   96   89   77   11   19   80   68   53    5   58   22   19    3   33   14   94   98   57   53   12   58   87   46   31   58   11   41   14    4   15   79   48   55   65   10   76   54   57   48   24   28   99   95   14   22   11    1    6   28   65    4   63   73   90   46   39   69   96    8   67   80   84   87   47   58   20   26   43   49   93   56   64   68   16   17   10   56   58   49   15   79   54   72   76   19   12   20   58   69   10   35   23    7   20   16   42   30   95   53    4   70    3   69   63   43   35   41   68   25   51   98   10   83   42   33   54    7    7   36    3   45   18   36   46   27   66   90   14   13   98   20   98   83   99   59   18   13   19   58    7   79   60   73   41   98   28   68   86    3   81   83   33   90   38   66   33   96    3   83   95   58   68    9    4   65   77   59   69    0   86   39   37   63   85   57   91   55   60    8   88   58
  13   14   39   23   55   87   56   14   19    6   72   62   83   79   64   39   38   92   71   14   56   28   78   40    7   19   76   24   46   79   49   43    9    0   63   20   15   91   91   75   89   78   31   48   21   44    1   75   56   57   87   81    5   92   15   76   86   81   83   96   92   78   79   30   17   79   89   67   11   90   22   42    6   87   15   38   75   62   19   88   45   93   49   51   61   34   92   77   66    9   92   83   24   72   82   16   68   11   79   46   97   61   83   36   35   38   48   61   97   94   63   15   84    0   71   66   19   73   47   72    8   95   37   77    3   68   56   82   54   88   69   96   44   96   62   67   36   55   69   17   85   29   88   20   75   61   14   84   19   39    2    8   55    9   51   92   19    9    7   21   56   41   82   37   79   97   89   72   19   21   82    4   73   32   33   84   75   60   94   88   98   95    9   46   63    1   31   55   50   80   76   84   69    8   60   41   83   22   30   24   69   13   31   13   47   18   33   20   19   74   85   66   27   71   41   32   73   66   10   36   74   36   85   57   52   64   37   93   42    0   49    8   40    1   18   12   14   34   47   36   62   13    0   14   52   60   65   36   48   22   36    2   82   29   94   66   55   96   60   95   82   39    5   26   81   71   29   16   63   19    1   50   17   42   26   74   24    7   20   84   34   23   87   67   47   62   25   14   54   38   40   59   41   80   80    9   38   38   33   23   54    9   81   52   35   61   14   93   69   74   76   59   22   35   63   67   66   62   24   63    6   92   50   10   27   80   90   63   53   28   49   60   99   83   42   19   20   77    4   67   95   55   13   16   33   74   66   86    8    6   24   65   55    8   47    4   92    5   18   61   70   91   74   12    0   68   29   23   20   46   29   44   69   47   15   24   33   83   97   15   81   12   85   69   96   38   49   97    4   58   47   79   74   35   30   52   14   61   70   36
  92   75   63   77   70   56   34   27   98   59   37   53    5   57   26   27   91   72   54   13   23   52   64   64    6   88   55    0   30   17   79   56   91   47   89   67   14   15   28    8   92   14   51   10   30   27   79   99   77    9   44   27   51   32   18   42   62   27   78   21   58   69   69    9   98   65   82   89   43   27   76   68   74   35   94   23   26   34   50   92   31   86   71    7   16    4   89   20   65    9   43   76   55   21   22   66   99    0   26   17   98   41   97    0   88   72   12   15    3   82   18   49   27    3   30   20    7   67   54   25   22   11   87   76   86   43   30   76   91   48   47   78   39   21   86   12   19   25   88   32   54   52   57    2   61   59   83   27   67   79    6   93   30   80   15   51   79   83   87   71   54   13    6    2   32   48   27   85   24   48   75   74   73   77   73   98   13   49   13    5   95   94   92   77   10   85   92    1    9   26   26   31   15   27   32   66   14   84   14   31   55   74   67   32   93   56   72   11   81   37   47   20    2   73   99   67   88   42   84   47   38   40   71   67   48   28   14   17   12   44   64    7   36   29   63   23   70   44   51   44   57   80   48   54   16   18   59   12   17   90   44   90   89   31   91   30    3   20   46   81   28   99   32   48   35   24   42   12   53   20   18   72   95   99   12   57   83   19   11   31    2   20   28   97   89   13   79   89   52   75    9   20   43   29   88   16   10   60   66    8   67   30   79   75   25   74    4   15   30   62   89    7   49   34   59   28   47   77   97   47    2    7   74   46   64    7   88   66    3   23   69   87   34   79   47   77   59   87   86   43   23   95   16   40   78   22    0   96   58   25   12    7   64   87   10   16   47   86   46   43   76   82   65   29   72   72   16   54   18    5   61   90   73   58   14   58    7    3   43   35   77   32    8    8   72   76   53   31   47   22   91   97    8   78   92   66   58   56   35   65
  40   95   76   78   25   18   96   35    9   21   81   70   94   64   23   58   97   39    3   90   81   86   22    1    5   10   99   21   94   18   92   43   37   98   90   42   82   24   60   49   38   70   71   68   49   70   31   85   88   28   81    8   98   71   91   26   74   71   28   36   34   95   89   63   40   57   31   78    9   18   68   49   81   86    6   60   13   16   19   29   56   74   71   13   90   30   71   24   11   54   13   23   97   65   29   52   57   77   86   45   74   24   82   95    3   45   22   98   93   10   24   91   86   33   19   75   14   26   86   48   43   82   90    8    7   58   40   95    2    3    5   44   69   58   67   15   22   81   21   43   29   44   89    8    5   39    2   86   24   20   81   56   35   90    0   74   83   56   86    8   43   42   29   39   11   11   87   39   75    4   89   11    2   75   59   88   85   85    2   98    3   87   33   20   42   84   39   67   63   57   28   68   99   81   98   20   58   38   74   56   62   14   46   11   67   57   48   13    2   56   18   34   13   18   18   35   14   14   32   69   33   96    1   79   26   11   85   50   13    6   83   83   14   88   92   60   87   32    5   95   38   64   89   36   29   38   74   75   39   44   35   47    3   16   80   33   92   86    3   57   88   33   55   61   41   62   48   77   40   68   52   70   29   70   70   29   64   99   53   55   69   10   67   94   13   41    9   23   47   54   51   76   14   28    6   99   25   54   44   23   99   97   57   87   76   63   21   33   90   63   83   63   55   72   33   14   82   43   13   32   49   62   41   48   82   81   27   96   98   87   83   14   67   12   23   94   73   80   55   52   28   53   28   45    5   66   91   70   91   62    5   23   89   48   50   60   15   64   45   25   66   38   33   38   50   61   23   58   84   64   20   33   45   58   88   87   69   74   91   10   78   50    8   25    5   20   33   14   99   91   24   49   42   42   93    5   46   19   51   32
  25   87   69   15    2   62   65   33   22   80   72   62   38   43    1   29   94   13   24   94   88   51   32   11   52   20   42   84   10   69   41   62   39   50   23    2   57   28   11   13   21   56   73   52   30   37   90   68   29   32   23   95    4    1   75   99   53   44   89    4   33   58    9   23   37   43   96   25   43   37   44   85    6   34   11   76   50   71    1   26   17   17   28   39    5   65   38   18   94   65   74   90   78   89   96   33   49   15   89   32   69   48   58   65   41   32   31   93   88   23   85    5   66   60   35   63   52   19   44   13   51   46   86   73   14   23   15   75   73   98   43   31   84   67   39   57   47   21   73   97   19   57   93   32   36   18    9   64   83   50   96    7   21    5   70   51    5   65   34   79   25    7   16   59   39   91   29    2   86   91   41   95   24   22   20    0   31   23    3   89   45   93   83   17   88   74   97   27   60   29   69   69   53   54   49   57   54   11   91   90   46   59   53   35   31   57   61   59   25   66   69   64   30   68   65   74   63   97   74   17   51   30   83   37   27   86   36   69   55    3   10   96   51   51    8   12   39   94   18   73   74   73   77    5   46    1   80   19   58   53    6   23   79   51   66    2   82   72    1   82   16   11   12    0   72   62   99   18   44   92   21    4   79   48   83   98   85   52   42   20   11   96    2   16   44   31    5   65   95   24   99   35    8   74   43   52   27   33   21   45   50   90   79   78   83   86   59   15   45   15    9   44   33   70   83    5   95   76   50   40   96   71   77    1   23   19   55    0   99   89   89   74   54   38   18   69   42   33    9   76   77   60   20   34   45   46   95   63   44   46   87    2   79   10   99   62   18   79   47   24   48    1   33   33   67   39    5   42   16   41   31   61   50   48   44   30    5   26   57   40   30   76   79    4   46   80   57   80   82    1   10   58   71   76   95   31   12   85   47   13
  95   32   55   16   92   77   50   29   27   33   23   80   44   33   85   38   11   33   82   24   29    2   32   33    2   42   44   53   39    2   65   35   93    2   51   86   25   86    1    7   64   19   80   28   63   77   58   74   57   74   29    0   73   29   55   95   54   43   96    8   97   36   30   95   92   80   82   39   55   81   33   35    8   15   37   48   24   29   45   14   63   41   66   90   29   84   26   60   59   15   51   60   22   58    5   66   81   81   63   89   61   17   66   67    5   68   21   61   39   96   93   29   98   26   28   26   99   44   81   19   66    1   64   38   53   83   22   97   16   29   36   10   20   15   39   69   36   62   57   29   25   95   85   16   47   42   64   47   57   53   82   29   25   65   77   95   89    0   72    1   30   83   59   51   16   19   22   82    5    8   74   13   48   85   11   10    0   91   79   28   39   81   86   24   20   69   94    1   22   28   77   30   13   12   81   60   87   58   26   28   58   81   11   26   46   53   65   95   18   37   31   30   38   30   58   91   81   83   25    7   49   12    3   14   48   65   87   71   93   52   72   92   16   48    4   64   17   40   35   82    7   84   98   25   16   42   47    1   25   99   92   90   98   99   93   57   11   59   49    3   43   33   44   46   50   50    1   59   81   10   28   38   99   85   53   42   61   41   94   56   86   32   61   83   56   85   72    6   65   44   21   77   86   73   16    4    3   38   61   81   95   36   92   24   19   61   15   85   21    9   81   74   72   69   21   59   60   52   61   71   49   49   38   36   85   99    0   33   52   71   76   79   48   34   16    3   62   71   96   31   18   18   62    2   11    1   22   30    3   31   75   76   96   55    4   21   41   82   26   92   56   81   99   32   58   81   53   25    1   35   58   78   47   53    2   23   42   53   90   94   74   41   99   36   94   25   60   80   41   63   90   57   18   24   15   72   51   48   28   67
  45   73   77   88   65   73   11   78   45   43   79   33   45   59   28    8   50   93   65   41   38    8   77   17   99   52   18    6   55   91   44   20   15   68   82   38   45   16   59   86   54   31   47   76    6   12   86   81   25   17   29   58   63   46   51   38   78   89   64    7   35   64   58   82   40   88   13   86   47   65   12   89   50   48   55   63   27   42    6   54   43   19   30   24   72   38   35   70   54   86   93   81   22   41   33   73   52   95   57   95   81    5    3   45   99   17   64   52   52   99   65   97   88   48   93   44   28   66   75   46   11    2   35   36   34   79   38    6   92   22   85   66   63   17    0   90   87   14    4   52    4   91   32   93   24   79   47   11   13    3   11   48   21   47   26   65   66   43   81   21   78   93   50   13   86   10   71    8   31   74   82   97   73   54   16   16   79   48   85    4   19   15   99   45   19   97   49   63   99   54   71   98   36   40   84   73    2   42   54   46   71   13   47   10   98   64   90   70   78   58   19   64   68   16   31   80   70   81   75    2   20    6    5   26   88   78   99   78   53   33   43   83   97   73   75   70   58   92   84   94   23   43   26   43   10   16   10   40   43   84   86   23   90   89   97   27   52   57   75   74    5   20   78   23   73    9   57   89   15   35   33   41   74   90   88   84   68   95   28   66   17   13   81   14    4   33   32   24    0   28   65   27   12   42    3   39   27   97    9   67   37   42   42   67   85   55   33   98   59   43   62    8   27   96   82   44   75   81   46   40   25   93   58   77   86   51   65   63   32    8   80   89   70   50   19   36   75   37   90   24   96   85   53   34   68   69   26   23   95   24   74   22    5   73   65   31   24    7   77   50   23    8   18   96   73   49   80   44   95   75   46   87   75   77   66   27   96   80   70   34   92   83   49   82   53   59   33   90   38   34   91   63   44   31   95   23   69   25   71   28
  94   65    7   24   58   71   15   74   35   29   68   62   25   32   22    9   24   55   49   60   29   27   51   92   49   25   69   68   17   73   19   94   65   93   45   22   89   59    8   35   12   81   31   87   56   53   83   19   23   98   96   14   40   70   69    9   97   42   45   47   93   22   93   24   69    6    3   85   25   16   91   41   63   73   22   54   47   97   95   55   18   19    6   20   12   82   10   96   59   17    2   16   58    9   48   23    2   14   61    2   13   89   89   78   73   33   31    1   10   32   83   24   32   95   58   47   49   54   26    6   10   53   74   26   63   31   53   96   63   96   31   43   74   58   44   60   90   54   50   13   97   85   11   78   20   90   59   11    8   61   30   34   43   36    9   91    7   39   46   92   34   52   61   36   43   97   75   97   86   39   74   51   93   14   42   29   22   68   57   26   94   13   92   38    8   26   72   12   15   88   99   95   56   89   36   43    2    2    5    5   42   71   64   23   68   91    3   53   62   93   11   89   52   56   70   15   61   90   58   24   16   14   76   24   20   77   98   41   89   17   84   89   20   40   72   60   91   34   94   81   98   83   58   32   68   84    8   18   41   75   58   26   89   14   88   66    4   63   87   15   32   83   59   72   10   59   52   49   39   24    6   41   55   68   87   19   25   73   31   15   97   93   70   34   14   51   10   27   34   63   14   76   29   46   43   50   20   52   97   65   45    8   67   94   81   23   46   10    2   80   20    9   39   16   22    5   95   66   44   75   32   30   55   24   14   12   23   39   75   71   31   20   41   20   98   28    7   92   80   14    4   59   32   25   83    0   55    0   50   33   82   63   73    6   59   99   99   76   51   90   73   96   27    2   54   50   48   93   68   47   83   84   37   70    3   70   36   15   67   63   85   21   27   13   83   96    4   74   37   61   74   19   19   83   38   38   16   88   97   38
  85   75   48    7    0   27   62   35   66    3   85   72   80   65   19   44   18   52   79   73    1   16    3   42   31   82   23   84   83   84   68   83   35   56   22    2   12    3   94   58   41   47   53   52   64    8   41   55   87   14   13   28   87    4   28   50   27   66   62   87   66   89   39   61   12    2   11   76   57   90   60   11   82   61   62   19   40   65   69   77   48   63   91   60   52   81    8   83    7   36   93   61   56   52   43   16   34   99    4   97   19   64   39   49   10    1   97   25   50   71   81   73   49   74   46   19   92   39   31   41   10   25   84   55   32   99    2   49    9   98   62   18   10   67   14    5   24   85   80   55   25   20   92   32   53   50   66   57   87   28   53   46   61   81    7   69   40   88   72    4   28   87   62   93   46    7   69   18    3   97   26   14   76   19   59   97   82   37   57   60   91   96   11   93   10   50   13   62   40   89   10   24   79   47   86    6   76   12   62    7    9   84    8   31   51   45   86   63   61   93   48   17   36   58    1   93   20   29   33   85   20   56   47   57   32   53   19   68   81   65    6   10   17   63    2   99   20   27   73   18   98   57   69   50   46   77   85   13   50   59   16   37    7   15   12   13   41   45    9    9   46   24   78   28   91   41   29   47   75    7   92   11   66   21   26   22   18   81   19   47   45   78    7   69   67   56   40   75   90    3   50   66   61   73    8   15   92   10   19   91   92   81   39   99   81    9   42   34   39   56   43   40   93    9   74   56   94   17   40   30    1   74   47   97   23   46   25   99   36   47    7   45   35   32    4   88   71   17   25   77    1   16    2   17    8   36   53   37   88   87   77   25   29    2    5   76   18   34   89   51   61   25   26   16   98   10   43   94   94   93   81   48   10    6   13   32   52   85   67   18   37   84   30   65   57   79   16   18    1   77   25   48   85   10   11   24   55   33   81   75
  46    8   18    1   15    6   30   66   65   98   29   92   14   49   39   68   88   83   11   99   34   89   43   81   72   85    4   39   90   46   81   89   16   86   84   47   37   67   85   71   74   48   37   89   97   14   39    2   98   51   16   98   56   47   54   62    9   67   88   91   92   56   41   40   27   94   33   80   26    1   16   90   50   95   58   95   93   62   24   41   18   36   18   39   90   62   36   10   26   56   56   43   74   24   33   94   89   99   34   23   81   79   90   47   59   20   19   11   59    9   33   70   46   74   85   84   43    7   70   82   75   92    7   91   58   65   84   14   39   48   16   21   18   71    5   14   61   62   73   20   98   25   35   70    9   19   14   68   96   26    2   84   72   80   62   98   59   36   93   86   94   24   30   51    8   62   24   48   16   66   43   67   95   94   78   32   11    4   23   46    6   57   10    4   71   96   59   62   35    7   45    0   68   78   86   40   80   27   59    5   25    5   59   32   66   44   87   91   38   26    6    2   86   50   66   47   37   73   20   36   88   21   54   38   11   26   14    3   98   28   10   41    1   72   32   15    8   44   12   73   76   27   50   93   12   14   62   69    3   46   11   68   18   59   59   83   27   22   25   38    8   97   88   44   92   40   45   16   37    9   73   15   22   57   43   63   93   55   90   55   82   92   38   14   48   30   55   66   76   59   78    7    0   92   78   12   12   28   73   75   35   29   14    4   30   23   67   55   56   97   66   74    3   92   92   75   97   17   25   39   48   80    3   37   88    7   36   79   10   88   84   98   10   74   39   29   10   54   12   72   36   65   48   80   53   23   23   59   62   91   39    5    4   41   62    3   51   15    5   45   34    0   82   82   39   54   66   74   94   49   80    9    2   53   32   59   36   79   58   58   17    5   46   51   85   98   16   37   37   80   48   57   81   14   85   46   51   88   12   46
   5   29   67   20   67   54   98   56   39   33   71   58   19   68   25   88   49   71   48   35   18   62   48   10   63   89   20   72   48   72   18   52   83   48   11   32   68    6   58   37   92   78   25    8   54   59   40   24   36    2   19   51   69   37   45   45   78   52   57   68   98    0   21   80   11   13   47   42   85   80   56   14   57   93   64   36   28   96   82   28   19   59    6   69   64   69   32   12   95    6   78   77   57   53   33   33   69   14   42   22   55   99   81   67   15   53   65   65   62    1   84   72   98   84   19   58   29   69   30   47   17   44   73   72   69   17    5   69   91   85   23   59   32   76   50   15   61   44    2   68   58   35   78   71   50   13   51   20    7   70    3   67   70   41   99   72   22   25   18   54   38   57   22   36   66   71   32    4   96   60   83   71   83   45   89    8   41   59   14   51   81   22   82   10   72   64   71   44   63   97   63   34   57   55   96   83   26   53   30    6   90   79   85   11   64   57    6   78   55   99   54   72   54   39   21   28   62   68   93   22   92   44   20   96   49   38   97   63   14   66   86   31   37   66    9   19   20   55    1   87   88   32   74   23   23   27   23    8   68   39   27    7   44   30   36   35    9   48    2   17   74   77   68   78   69   72    6   43   82   84   22   98   55   71    7   88   81   54   42    1   59   76   61    3   44   75   22   28   45   46    1   76   43   46   69   55   45   12   88   55   39   71   56   57   12   47   84   60   53   45   93   98   37   46   29   65   83   87   38   16   36   63   69   80   52   40   36   61   66   85   56   59   35   73    5   52    9   12   62   24   51   16   22   27   52   59   33   18   86   10   26   96   85   96   37   12   68   51   56   87   26   77   25   22   34   10   92   55   55   25   34    2    2   16   82   43   49   22    0   71   58   85    4   92   11   67    6   85   76    8   63   91   38   20   91   32   98   34   13    8
  14    5   85   14   22   24   84   91   46   23   16   71   49   75   74   37   58   81    9    2   74   91   11   78   87   76   14    4   24   82   33   64    1   84   86   66   97   91   24   26   85   21   62   28   79   47    3   82    9   72   13   92   71   10   47   39   85   86   40   95   19   21   67   25   45   39   56   35   62   33   79   22   97   86   79   49   34   59   72   71   68   27   17   45   87    2   41   80   25    2   92   63   45   27   37   34   87   49   17   60   86   16   23   54   15   44   42   18    8   92   79   87   48   95   60   40   50   81   30   48   94   54   55   91   31   62   63   88   19   67   72   48   87   99   81   64    6   99   22   22   68   13   25   18   22   35   83   56   81   97   55   63   20   84    0    0   39   34   99    4    9   69   22   90   90   67   30   99   35   78   12    5   26   60   35    1   84   81   11   79   14    6   17    9   69   31   39   31   99   85   75   39   55    0   42   20   99   21   30    3   83   80   40   61   99   27   24   99   44   91   40   21   45   14    2   29   28   35   96   42   67   10   36   47   73   20   10   30   32   84   55   78   92   40    1   94   60   35   94   92   60   99   32   98   98   13   96    3   43   42   21   44   65   89   10   47   86   64   21    2   71   19   18   94   64   69   34   69   45    2   13   10   69   72    2   16   67   99   48   26    9   85   99   28   29   53   22   73   53   35   34   68   19   79   34   71   29   77   29    5   74   66   32   12   27    1   23   98   40   32   94   18   62   55   49   60   57   66   39   30   79   59   84   77   58   11    8   50   72   66   38   44   55   85   66   70   20   13   82   11   24   53    8   17    8   36   54   45   69   48   26   21   72    5   33   51   31   38    3   55   36   31   71   62   66   78   58   24   87   83    2   73   21   19   21   68   53    4   54   36   56   53   67   92   15   15   33   11    5   67   16   64    2   29   44   96   60   30   38   93
  31   66    4    8   87   87   64   47   91   56   59   69   60   21   28   64   63   62   43   70   90   27   87   78   20   99   96   99   71   21   30   83   46   53   75   84   26   59    5   43   29   54    7   62   72   68   22   58   99   29   31   40    1   74   22   85   88   24   19   76   31   41   37   73   22   10   92   62   61   92    4   17   88   84    9   41    1   36   21   39   92   34   88    2   16   77   84   75   48   96   41    2    0   89    2   10   55   98   52   96   51   97   24   38    2   72   57   46   88   34   79   45   35   26   40   45   81   51   33   98    3   56   59   16   55    6   87   54   40    8   91   68   14    4   26   89    5   66   11   58   24   95   46   18    6   92   97    5    3    5   35   27   12   88    9   19   15   48   75   77   95   55   24   68   79   33   66   72   11   92   83   41   74   35   84   57   33   23   64   43   31   52   63   87    3   50   85   41   31   19   42    4   43   64    8    3   35   67   20   67   14   18   57   60   77   89   51   40   91   86   73   25   14   86   46   98   73   32   97    0   58   92   91   95   80   80   99   29   59   96   11   92   23   99   83   20   17   33   19   67   77   33   26   60   84    8   49   13   62   93   33   45   22    0   32   17   81   69   99   49   89   14   90   81   63   27   77   46   89   24   69   50   64   49   44    7   71   23   64   30   39   73   58   25   62    3   64   56   96   48   63   31   98   29   89   66   70   50   72   38   93   84   73   22   44   54   69   85   40    4   74    9   71   30    0   73   87   20   77   50   60   24    8   88   70   70   24   43   15   99   74   99   60   66   91   35    1   55   36   98    6   97   70   73   65   62   81    0   27   10   28   55   55   97   37   71   34   95   18   17   75   62   74   96   17    5   67   56   10   10   78   21   95   41   89   98   61   34   28   98   86   91   75   45    0    8   90   13   58   20   32   65   64   50   86   76    9   56   58   63
  33   55   95   30   15   41   86   28   59   34   61   60    0    9   74   24   11   49   16   38   79   53   86   82   84    6   50   83   13    3   50   23   90    7   54   12   43   59   29   96    3   61   46   42    4   28   46   97   20   37   93   33   51   12   14   61   37   99   14   53   91   48   61   65   85   35   82   15   69   40   43   92   15   29   63    6   65   59   48   69   59   77   69   16   14   43   87    0   26   42   41   65   33   29   61   47   64    8   33   85    4   49   71    8   66   18   68   40    1   70   20   84   71   20   97   81   51   15    7   42   67   88   92   19   81   65   94   63   81   19   93    0   14   10   43   85   96   21   35    5   99   39    3   51   32   75   36   78   10   98   81   86    1   29   23   92   66    9   57   17   94   45   91   52   82   77   98   62    9   45   61   87   24   92   54   40   38   60   57   12   67   89   13   68   74   12   59   47    7    2   47   80   80    6   24    2   63   84   86   57   81   38   54   28   23   20   39   40   80   71   74   31   17   98   89   41    2    7   76   16   40    5   87   42   36   82   74   76   53   58   83   23    3   69   36   64   88   48    6   51   60   46   15   13   87   66   35    7   47   55   38   78   98   37    8   83   99   29   56   86   16   97   64   57   56   91   56   39   11   81   44   33    6   93   65   42   57   91    4   38    4   53   94   14   63   34   22   11   64   57   19   65   76   83   16   15   74   41    1   20   37   39   91   51   53   55   57    4   91   40   87    2   22   47    2   79   78   76   95   20   18    5   99   95   20   36   33   27   27   33   89   39   50   41   34   73    0   47   27   87   16   15   77   48   52   94   64   36   41   75   95   36   42   89   95   81   90   54   98   92   39   21    6   37   60   58   37   97   40   68   68   19   26   60   24    5   85    7   28   78   12   37   34    2   81   69   17   24   22   58   26   37   60   62   33    7   40   24   13   40
  39   44   17   53   90    5   47   61   63   79   95   52   37   32   56   23    6   17    2   58   59   22   84   92   59   60   25   50   70   72   81    8   32   92   68   58   71   48   46   58   51   11   28   80   93   86   67   21   60    5   52    0   57   73    1   12    5   63   47   82    9   12   24   55   77    2   54   77   66    6   68   51   99   79   24   93   66   13   13   47   98   44   88   30   14   15   38   45   66   86   34   24   66    4   11    9   86   75   17   80   23   43   39   45   53   11   30   65   91   56   20   24   30   99    9   50   69   45   43   84   57   46   56   40   38    0   66   35    9   98   48   51    6   68   43   60   62   88   76   90   69   65   57    5   16   87    6   97   97   45   74   14   14   46   97   59   87   26   51   78   31   17   10   90   49   62   80   46   89    3   50   85   18   63   60   30   71   56   40   72   33   35   64   47   76   76   17   12    0   85   60   24   11   39    7   75    6   19   12   29   99   55   89   78   42   42   86   87   93   24   74   88   76   76    9   20   93   82   18    3   44   41   63   53   58   72   40   60   86   81   65   20   57   40   93   39   44   87   30   28   86   22   79   43   41    3   83   22   77   23   84   43   51   63   36   73   62   94   60   41   52   89   47   80   17   42   55   69   77    8   78   92    9   71   43   95   77    4   36   36   14   60   45   23   25   83   46   25   92   16   66   17   57   71   47   30   45   85   71   56   81   14   75   29    6   96   29   22   68    8   10    2   83   10   37   31   53   31   55    4   98   45   72   80   92   13    3   50   23   99   90   12   36   53   40   63   29   39   84   26   68   76   10   57   55   58   82   61    7   70   18   59    1   19   72   74   68   92   91   14    2   53   79   63   70   89   26   57    6   30   79   50   17   72   28   28   40   89   89   68   94   17   74   87   86   72   66   38   18   45   37   30   82   36   53   92    7   21   24   33
  47   79   62   81   92   28    6   10   21   98   33   60   84   64   37   47   25   65    3   74   79   41   62   58   69   23   89   30   26    7   71    9   46   79   64   81   10   94   45   83   59   46   14    9   57   87   16   18   48   59    5   91   33   16   49   55   56   38   75    8   70   24   15   24   43   85   20   16    0   96   43   69   23   57   45    4   31   83   53    0   58   96   35   20   32   14   17   55   44   11   54    4   69   96   47   66   39   57   19    6   59   50    7   84    7   48   61   90   36   81   16   80   87   49   26   56   11   12   87   27   40   36   81   96   33   51    0   81   43   18    0   22   80   34   32   54   51    4   47    5   20   98   94   67   78    6   81   60    9   22   11   16   15   11   70   57   62   71   47   72   80    1   70   87   54   56   78   45   93   73   24   48   67   96   50   53   12   28   66   64   49    7   21   30   85   34   32   12   48   76   26   37   80   52   47   18   24   70   12   96   14   27   44   70   94   58    1   42   27   47    0   71   47   81   50   65   98   44   81   88   83   80   13    5   58   14   66   75   47   43    2   61   57   77   94   89   23   31    9   34   45    0   28   62   41   33   80   69   74    6   82   51   16   12   25   48   32   35   80    7   51   46   68    7   92   20   47   57   38   43   91   82   55    9   77   11   73   56   52   53   68   19   54    4   55   60   17   76   76   69    1   98   51   89   69   76   84   39   12   85   34   38   64   65   77   90   59   71   60   42   64   15   38   36   49   31   44   57   92   75   57   72   93   36   74   69   33   92   35   61   86   96   39   21   73   87   23   90    7   98   19   86   10   29   89   60    7   76   72   80   70   20   35   94   97   44   47   97    3   19   85   74   60   56   86   29   82   25   67    0   46   55   56   18   24   82   20   14   70   35   67   43   64   73   44   11   76   24   62   78   53   88   41    4   63   40   95   96   61   49
  62   75   78   21   26   94   89   99   90    4   78   52   38   91   58   25   22   40    4   27   37   91   86   91   13   31   54   57   91    3   35   68   52   84   82   12   56   75   52   62    1   14   23   33    7   34   12   35   71   37   73   34   40   18   38   72   65   68   96   49   67    5   86   44    1   11   16   91   41   61   94   23   38   23   32   41   40   35   34   66    2    6   62   82   55   46   29   28    0   39   91   78   46   34   69   19   78   46   59   90    4    6   93   86   44   26   95   89   93    1   15   30   47   95   33   20   46   32   78   29   48   17   71   22    0   64   42   20   99   49    9   32   63    6    5   40   20   90   67   71   81   96   80   35   64   49   19   20   69   56   63   98   87   54   29   84   84   45   94   44   69   55   92   87    3   48   34   31   27   46   92   58   58   48   97   73   15   94   41   52   35   19   11   35   92   84   12   70   57    7   45   94   19   60   86   36   49   41   55   99   90   29   10   70   81   30   98    2    4   97    1   72   23   99    5   99   44   52   96   56   74   33   19   67   42   96   40   80   56   15   44   90   26   24   66   67   25   11   35   86   35    8   41   46   72   30   55    7    4   57   62   68   17   27   18   52   87   35   10   55   54   61   60    3    0   12   20   57   74    2   25   24    1   25   84   80    1    4   22   21   27   40   39   46   70   97   68   27   14   37   56   39   50   98   47   17    0   55   22   85    2   79   19   29   12   31   19   38    4   60   44   20   23   30   83   84   41   83   28   78   94   60    9   32   11   12   68   98   68   70    1   91   25   90   86   47   79   97   64   21   84   66   43   15   30   59   70   46   93   33   69   24   47   47   83    5    9   85   37   89   86   12   49   34   48   27    5   88   59   12   41   33   67   52   51    6   72   24   43   67   88   88   90   93   66   97   70   17   61   91   85   57   62   89   48   37   48   21   73   30
  45   49   43   10   67   81   75   96   97   20   46   97   95   14   42   63   63   26   72   34   55   42   43   62   53   56    1   94   71   84   54   99   74   16   92   52   38   65    9   66   31   99   62   40   38   41   89   58   27   37   43   68   75   15   36   95   99   39   26   12   19   33   41   90   35   70    2   70   41   71   40   23   65   22   25   82   94   93   63   21   77   41   82   92   30   40    5   43    8   29   97   69   50   56   35   31   63   42   46   65   98   46   27   82   63   74   81   54   31   23   77   93   83   71   76   92   43   56   29   49   54   17   69   50   90   74   24   14   16   74   45   72   23   44   85   11   19   19   41   46   25   87   95   85   94   98   42   14   22   74   40   97   64   70   23   56   49   47   55   50   43   25   42   91   13   97   66   48   84   98   79   20   31   96   17   65   57   42   61   78   55   76   54   26   21   26   14   20   76    5   52   97   63   76   69   37   22   83   39   28   18   44   43   61   44    1   38   76   68   74   92   44   57   22   37   61   49   86   70   97   46    3   12   31    2   34   84   84   97   71   25   91   56   85   87   54   34   77   54   23   57   36    5    8   81   70   64   55   20   94   53   47   94   59   90   56   28   14   92   11   64   60   67   16   71   23   79    7   61   71   14   59   34   91   51   48    8   19   69    8   49   80   45   55   92   55    3   70   14   28   77   99   86   14   17   54   50   19   18   47    5   96   26   73   60   12   99    8   68    9   32   50   32   62    9   54   34   38   26   68   75   98   40   75   38   62   85   90   38   18   56   22   66   89   99   76   99   53   28   84   90   51   97   82   68   78   95   88   28   67   55   76   14   99   15   54    7   34   91   97   52   45   50   79   67   66   87   94   53   28   15    3   91   38   51   39   88   20   90   42   39   52   69   93   37   74   18   88   63   42   76   46   55   90   87   73   76   77   62   48
  81   84   51   31   18   48   82   54   34   89   85   30    8   80   39   94   35   53   38   81   21   76   54   29   85   24   85   76   64   82   72   17   84    3   31   86   45   16   60   87   43   39   94   52   41   84   94   87   27   72   55   67   83   45   26   24   33   48   83   22   27   50    6   50    1   79   30   11   92   70   80   16   95   98   96   52   96   73   53   57   37   87   51   76   61   38   50   89   53   32   43   81   42   26   98   26   46    3   78   41   37   22   31   88   95   27   67   72   31   60    8   24   97   94   44   34   16   98   26   53   29   51   49   80   21   59   95   66   67   81   54    5   15   89   93   33    5   55   17   61   87   59   31   89   84   90   17   28   77   37   29   28   31   89    1   96   51   48   85   94   88   89   51    6   96    8   13   87   93   12   42   88   91   79   90   91   47    5   78   21   64   13   80   34    8   89   58   23   85   36   40   88   53   91   16   98   54   80   83   24   50   20   43   56   97   15   91   80   96   26   91    2   70   69   17   98   59   22   25   41   13   75   97   41   98   40   17    1   29   17   48    5   96   22   72   82   21   53   42   12   32   40   51   42   83   65   21   10   60   99   56   77   44   44   83   34   27   52   61   58   47   91   46   90   56   90   44    3   23   94   10   27   26    8   71   66   81   62   26   93   12   63    4    3    4   17   63   79   19   64   31   11   23   84    3   79   34   93   40   50   42   47   58   32   33   70   29   90   56   12   70   16   62   42   50   52   39   26   64   10   48   30   83   32   96   22    2    3   37   56   62   82    0    4   30   25   74   51   25   93   48   95   32    4   94   34   80    7   14   50   51    3   74   57   65   82   16   90   83    9   70   95    8   81   76    7   87    8   53   82   22   43   38   46   17   60   11   76   56   46   19   99   90   86   64   10   52   44   55    4   39   31   81   12   94   12   14   45   68   21
  51   22   86   16   51   82    6    7   54   28   36   92   41   34   66   10    8   99   18   18   25   37   87    1   14    5   35    6   56   80   21   60   84   57    9   90   50   71   77   74   30   65   35   30    9   47   90   80   89   10    4   20   22   20   45   26   54   38   69    5    9   88   35   59   38   58   63   33   30   84    7   13   35   30   70   12   20   27    4   58   32   77   20   17   59   81   45   56   71   79   56    6   88   77   38   21   42    9   74   28   13   81   16   51   39   40   84   44   46   53   41   81   94   55   65   32    3   75   82   91    9    1   96   61    0   20   58   98   46   21   24   61    5   37   47   43   82   91   44   10   32    3   64   69   13   17   45   20   56   53   36   91    6   87   57   76   18   32   79   73   78   99    4   71    4   40   33   81   73   60   92   40   57   32   75   59   95   76   39   53   55   86   50   42   23    6   41   62   44    1   73   89   90   91   80   37   29   99   13   13    6   22   38   11   43   38   35   39   95   51   52   31   87    7    6   29   67   98   23   47   19    3   89   38   80   14   60   47   53   85   63   57   59   53   42   46   83   98   45   93   35   93   36   15   32   91   12   79   95   31   11   40   26   38   15   66   80   95   12   77   34   18   90   49   20   12   13   53    3   75   13   93   61   42   81   85   73   33   94   36   58   21    3    3   37   30   31   25    7   73   24   26    5   53   86   60    3    1   95    4   99   48    2   24   34    8   97   99   88   96   34   31   78   57   66    3   15   96   38   37   94   29   80   63   64   83   27   88   63   26   72    6   88   66    5   33   55   31   27    2   83   81   20   55   92   46   16   72   49   86   49   96   10   89   83   63   60   73   45   44   13   72    8   79   58   25   46   26   93   16   38   92   59   57   79   86   30   83    5   59   21   71    6   19   84   56   30   75   32   24   47   78   41   45   68   44   23   53   24   33
  44   85   52   82   94   48   52   36   27   49   63   50    6   98   94   64   68   88   93   52   17   25   96   87   78   99   26   74   25    8   51   27   42   97   26   79    6   64   43   55    1   88   80   41   84   34   77   43   50   53    8   48   23   83   72   77   90    8   44   74   66    5   18   62   60   10   94   19   85   85   93    9   16   44   83   72    2   72   52   27   45   22   42   20   67   97   30   64   67   97   75    8   52   58   23   44   68   72    9   75   30   18   15    5   39   17   58   39   59   19   11   13   68   46   53   53   30   46   31   10   79   18   21   55   31   11   89   51   69   60   59   58   76   32   72   35   31    9   64   24   98   90   16   42   44    0   47   13   50   37   21   20   91   91   39   58    7   97   73   47   48   91   85   92   18   69   31   72   99    5    3   70   67   69   87   64   61   88   45   68   93    0   55   54   28   51   32   90   72   37   85   79    6   62   68   73   71   58   40   48   85   61    2   63   95   16    0    7   41   19   67    0   65   97   26    7   84   82   77   26   53   68   64   25    8   85   33   38   85   78    5   62   45   50   43   64   52    9    0   13   43   88   23   79   94    4   20   98   82    9   19   35   24   57   31    9   67   27   90   47   48   91   27   67   82   86   98   12   80   73   47   83   80   71    6   20   63    0   37   56   12   39   57   25   96   68   20   57   98   47   47   16   69   33   23   42   92   84   98   36   47   86   34   59   44   66   31   75    2    3   98    9    9   77   34   22   81   29    5   15   13   33   76   95   18   68   92   65    3   90   74    7    6    8   11   99    5   95    9   19   47   87   72   84   26   82   79    3   80   52   30   92   95   59    4   49   11   72    3   21   35   69   47   22    5   60   40   42   58   63   34   27   60   70   35   51   99   63    9   74   40   46    8    8   19   64    8   56   54   83   20   56   57   77   26   52   29   39   44   72
   9   85   59   97   11    1    3   92   95   14   12   80   84   81   21   53   11   72   50   52   63   96   54   15   15   55   96   19   70   29   62   36   44    6    8   20   30   47   26   15   50   13   47    8   42   67   10   87   90   27    8   74   21   56   11   94   50   42   38   63   88   86   10   71   49    7   82   44   55    0   13   95   65    9   75   76    7   33   73   96   36   76   23   99   10   73   36   46   76   79   29   57   12   50   23   54   96   34   38   79   96   42   93   66   79   24   14   79   88   45    9   44   10   83   32   80   32   87   35    2   26    7   37   56   37    5   27   65    0   81   65   44   46   13   20   65   19   43    4   52   34   88   78   38   99   92   94   71   61   30   55   79   89   14   16   15   40   36   39    4   91   50   33   44   47   56   44   50   41    6    7   24   94   19    5   66   43   89   17    0    8   22   92   55   25   89    2    1   68   38   92   75   28   40   96   56   41    9   52   21   13   76   34   71   59   62   94   74   40   99   45   59   40   79   28   36   70   49   84   16   34   47   46   85   37   57   13   93   40   53   26   32   56   13   44   83   57   88   13   90   95    0   94   95   63   51   19   37   86   75   39   39   40   23   31   65    6   25   16    4    3   26   12   54   39   85   13   10   12   27   18   80   77   73   28   74   51   11   60   18   27   90   63   25    3   11   66   94   53    6   96   80   69   27    9   97   72   83   88   64   70    3   73   28   19   92   41   28   82   27   76   20    9   55   87   36   29   70   45    1    4   44   57   54   68   38   36   55   76   23   71   53   17   98    6   54   26   18   26   40    0   36   79   24   61    1   10   42   63   11   52   83   25   72   62   11    7   65    2   35   75    9   68   22   84   37   83   54   46   63    3   38   42   52   98   23   12   87   63   78   61   14   14   33   87   27   41   61   31   95   17   37    9   98   91   61   38   77   37   86
  10   30   68   52   35   42    4   12   14   14   38   88    2   37   67   23    8   32   44   38   11   24   33   54   46   38   33   87   51    6   59   94   86    2   84   75   40   67   42   38    3   26   81   36   79   74   40   33   93   10   38   56   34   95   61   70   81   90   23   62   13   33   10   29   63   50   19   42   93   33   83   43   40   51   74   69   75   21   55   38   18   52   97   65   58   84   63   45   70   82   83   13   85   71   40   92   24   96   47   34   55   17   98   25   45   48   10   29   18   28    3   69   91   39   25   34   94   53   57   13   82   20    4   31   19   94    7   71   73   14    7   64    4   36   26   60   36   12   36   92   16   18   49   34   52   11   40   37   47   81   49   10   47    9   34   88   15   83   82   99    6   34   71   10   59   83    3   78   47   68   29   32    4   15   76   49   98   14   13   55   92    3   91   37   98   55   37   92    5   75   20   20   96    2   32   86   85   41   14    5   17   38   56   85   98   27   80   11   68   78   76   21   87   54   50   35   89   22   24   40   43   71   97   21   55   95   74   97   50   43   84   76   34   13   41   13   78   15    9   99   71   14   36   59   79   45   97   96   20   18   79   10   35   48   27   30   64   21   64   54   93   38   53   42   69   94   92   96   91   51   99    5   27   76   30   16   19   44    7   32   69   37   80   54   42   89   50   58   88   90   71   16   20   34   34   72    7   84   20   65   73   20   89   15   19   67   65   71   69   97   78   13   59   89    4   20   38   11   68   71   67   92   46    9   81   53   33   82   22   95   58   95   74   17   68   36    9    7   17   76   93   46   30   22   32   66   24   19   43   82   56   85   73   33   15   83   51   69   18   84   27   37   73   60   68   79    2   24   61   93   86   59   82   66   44   79   69   70   33   87   77   86   96   67   71   54    7   92   87   34   86   15    1   54    8   64   31   62   70   97
  73   70   25   20   62   22    9    4   53   31   27   48   16   65   65    9   60    9    6   75   11   84   57    8   84   96   50   52   42   77   80   43   19   16   64   35   77   11   84   27   45   61   41   15   47   70   38    2   22   12   59   30   14   25   69    4   55    3   37   71   64   22   86   19   91    3   40    7   89   26   54   24   10   38   62   11    3   31   36   37   70    8   54   82   34   27   81   80   71   32   18   99   47   28   89   92   49   28   63   25   75    9   20   98   50   94   12   55   97   33   19   76   85   46   31   59   17    6   84   54   38   64   98   44   84   86   45   96    9   11   14   51   33   83   27   18   88   40   59   98   30   83   57    2   13   60   65   51   40   59   62   87   21   70   74   64   49   37   31   57   59   52   82   27   42   49   94   72   51   34   44   55   19   44   68   25   88   62   56   62    7    3   86   81   47   29   25   73   19   34   30   85   16   76   64   63   84   53   47   97   75   95   77   91   74   45   18   95   47   55   87   45   28   10   49   71    8   35   22   56   63   82   62   33   69   29   11   97   72   88    9    2   96   87   30   46   42    0   54   31   78   90    7   27   92   63   98   61   85    6   68   18   22   97   45   95   33    2   26   58   54   62   56   34   52   32   61   53    6   35   88   63    6   57   78   71   37   25   50    2    3   28   56   38   91   93   92   32   91   78   30   44   37   77   32   84   25   40   80   31   16   12   80   80   65   12   51   15   19   83   34   39    7   68   22   65   68    4   90   12   93    8   81   62   45   75    0   57   11    9   98   77   59    6   46   76   35   94   36   32    9    6   66   57    5   22   17   58   44   84   33   13   43   23   56   76   55   64   83   11   63    0   31   63   15   41   62   17   20   33    9   90   17   83    1   55   51   44   99   81   88   79   37   63   37   61   89   69   46   65   51   61   56   55   10   51   14   27   73   83
  74    8   83   66   34   75   65   14   35    6   63    8   98   61   51    6   11   26   48   17   15   41   23   88   11   25   57   52   40   58    3   23   45   53   27   71   34    0   12    0   83   34   93   54   91   28   75   53    3   78   28   38    0   95   16   81   82    1   57    3    5   20   55   86   10    3   68   15   95   86   44    7    5   81   83   65   76   51   58   55   47   67   26   93   65   36   84    1   88   96   36   42   11   49   98   38   35   42   48   10   66   90   23    9   88   39    8   70   14   43   81   72   81   23   44   30   20   54   56   49    8   99   13   18   97   59   20   72   52   65   17   95   24    5   31   14   10   67    0   91   87   40   82   46   54   38   45   66   61   57   51   44   96   11   31    8   61    8   31   38   82   82    7   25   31   63    8   98   79   23   65   98   65   37   51   83   82   79   74   77   61   41   90   84   61   50   42    9   67   81   48   26   97   10   63   24   90   79   68   93   25   68   23   25   38   93   83   39   26   78   91    1   73   37   13   45    2   26   41   65   73   39   45    8   98   66    8   23   38   69   70    2   32   69   39   11   79   12   31   57   53   18   98   77   95   24   10   37    3   91   63   88   78   55   94   32   10   58   86   89   36   36   45   69   41    5   85   35   70   45   25    6   29   40   75   10   40   77   62   48   32   93   83   21   76   68   74   55   74    4   19   54   32    8   55   14   73   71    1    1    7   15   70   31   96   59   65   91   32   24   98   85   16   24   47   39   35    9   22   93   39    5   99   47   94   70   98   56   77   47   84    1   51   65   41   33   75   35   34   24   83   54   88   26   13   42   93   50   21    8   44   57   20   48   19   70   92   14   64   90   19   59   90    8   31   50   16   59   11   30   33   62    3   37    6   37   26   49   99   79   30   36   33   57   58    8   22   28   18   19   87   31   67   69   68   66   67    7   58   81
  27   65   99   38   20   35    9   67   40   40   94   42   72   56   96   18   83   68   65   92   90   11   16   62   17   13    8   65   58   77   93   14   48   57   43   79   71   58   19   86   47   79   50   55   52   93   63   33    6   12   68   43    6   84   32   49   45   90   29   78   81   29    2   10   41   10   30   71   83    0   82   29   81   19   89   27   71   89   29   43   97   68   74   88   96    0   94   53   70   99    1    1   51    0   79   25   66   15   54   66   59   13   41   21   39   42   18   82   55   12   23   15    3   82   26   83   87   25   87   49   37   40   56   17    1   52   38   55    4   19   11   14   38   66   31   35   45    8    6   31   86   93   43   12   46   67   11   94   78   73   19   44   46   30   58   47   80   32   83   11    7   76   70   13   31    1   74   63   85   74   13   34   25   60   68   42   88   39    8   17   38   50   38   25   69   95   57   67   24   40   78   69    7   76   57   45   83   88   44   81   30   76   61   43   88   69   96   61   31   70   10   45   87   72   35   30   12   50    1   55   17   40   87    7   77   97   35   40   79   73   39   61   96   26   90   10    1   46    2   54   60   51   19   79   53   63   30   89   82   27   25   54   36   23   10   72   47   10   63   77   97   24    5   18   50   50   47   49   35   12   51   50    2   45   15   15   79   52   62    9   26   36   23   13   95   71   44   95   12   91   69   63   34   17   11   11   48   42   40   79   92   12   55   98   98   26    9   11   20   99   52    9   57   51   61   54   94   11   26   34   12   35   10   71   78   64   15   13   80   85   42   82    9   83   25    3   64   18    2   23   58   63   10   45   63   87   40   63   76    2   70   69   82    3   34   64   58   28   60   20   32   73   31   12   10   29   39   76   89   55   75   67   78   94   84   27   85   10   88   12   93   25   62   79   43   67    7   29   79   82   90   69   42    1   79    1   52   81   45   17
  87   42   52   92   23   99   22   55   31   83   61   24   34   38   55   78   10   95   45   44   85   36   26   59   21   76   76   50   27   25   50   94   49   84   24   93   68   84   29   31   22   25    5   83   92   99    8   41    8   32   35   19   44   78   67   70   53   89   72   49   53   72   98   66   59   11   26   24   63   78   68   97   45   50   54   87   18   71   42    4   47   59   93   64   70   25   54   26   93   99   89    4   80   33   35   75   17   18   92   31   98   80   60   92    6   56   80   91   64   23   65   58   20   10   51   76   13   72   17   92   39   85   54   90   44   89   45   66   37   90   32   43   22   52   71   96   84   15   67   41    1   53   68   17   40   30   17    0   46   94   65    7   26   97    7   89   76   43   41   28   59   87   17   33   20    2   41   49   10   86   58   77   77   76   23   26   64   13   63   47   16   41   20   24   35   68    6   64   55   39   16   57   56   60   37   75    8   45    3   68   61   41   19   90   90   47   98   91   13   83    9   59   82   64    3   53   66   42   80   76   88    8   22   59   60   57   26   74    8    7   50   55   52    7   31   35   39   38   54   41   72   36   16   49   80    1   66   99   11   14    6    9   90   87    0   41   69   92    1   27   92   62   47   27    1   83   15   90    4   91   96   15   68   44   94   43   63   89   29   87   83   88   71   15   35   55   92   24   63   22   36   39    7   47   12    5   58   13   59   78   92   25   87   83    4   14   85   71   29   37   39   35   43   99    8   34   19   42   68   92   63   30   19   95   67   41   60   28   49   12   54   46   19   32   71   46   51   86   95   99   92   42   56   33   52   93   57    0    4   40   64   42   87   63   57   88   70   59   18   70   35   87   52    9    5   90   55   99   60   48   69   18   11   79   10   47   12    5   55   20   45   96   18   29   29   79   47   32   89   13   94   41   81   40   12   56   34   29   14   64
   7   72   50   35   46   56   53   96   87   29   74   94   93   26   67   49   70   82   44   18   18   27    3   50   88   12   48   81   80   20   46   47   84   31   47   65   33   65   58   29   18   24   66    5    5   50    0   46   80   93   13   51   30   34   34   24   77   38   58   43   11   27   41   21   45   86   46   23   85   60   40   98   66   73   54   62    3    2   37   94   94    2   10   51   65   96   98   91   47   33   36   71   98   71   66   17    4   95   26   31   37   27   13   10   78   82   41   46   95   98   12   83   64   38   18   76   86    9   66   81   99   79   11   33   61   38   69   12    9   46   48   11   25   36   65   58   24   68   56   56    8   19   62   96   87   45   56   98   68   84   60   80   65   83   63   29   39   10   21   46   84   16   48   63   38   67   29   14   19   73   23   14   17   41   96    4   54   11   92   13   18   24   97   98    6   64   21   68   68   24   80   18   35   83   52   34   56   97   25   37   41   10   94   98   70   91   92   29   14    6   84   54   50   85   85   81   10   27   50   39   14   16   25   91   84    6   94   76   43   43   45   20   91   14   51   89   72    8   63   52   45   42   60    0   95   17   40   39   32   39   83   64   57   86   23   84   80   39   86   89   15   96   12   99   97   61   69   76   91   13   53   53   16    8   36   15   66   64   59   41   86   20   38   47    1   79   11   88   30   93   35   41    2    1   50   31    7   76   79   42   95   69   73   70   46    9   17   47   40   40   88   38   53   85   59   66   20   70   53   33   78   30   22   16   53    1   90   86   55   18   19   34   86   33   43   23   62   70   73   80   34   22   22   39   34    9   95   34   54   71   58   51   51   94   39   88   21   12   67   50   17   42   59   60   75   76   50   63   63   45   56    9   64   82    0   69   18   93   91   49   55   48   71    7   37   60   78   73    4   17   67   66   38    8   93   64   67   33   43   58
  77    6   55   11   15   57   95    5   68    9   62   66    9   35   96   45   34   93   65   63   59   43   22   75    0   97   93   62    7   83   31   94   45    4   32   61   79   43   82   81   90   89   46   19    0   68    7   67   40   71   42   16   89   35   28   74   89   82   17   84   11   26    4   72    9    6   58   69   35   27   28   80   78   84   24   30   34   82   78   35   96   45   60   93   43   86   34   85   73   58   30   23   98   58   52   40   46   54   47   35    4   86   60   16   12   87   85   69   32   38   41   89   50   14   65   26   64   34   34   91   36   94   71    1    5   73   25   77   86   19   78   74   82   28   25   57   82   28   44   63   62   64   75    3    9   90   93   22   47    5   72   27   97   22   83   33   21   93   48   26   68   30   95   94   86   43   76   93   79   19   49   35   56   17   26   30   97    1   78    4    6   10   65   43   68    6   14   90   84   56   16   11   59   18   73   85   25    2   71   26   32   12    4    4   62   67   95   23   99   32   49   32   18   73   11   45   93   94   65   64   66   62   41   36   20   89   64   24    7   56   58   99   85   25   23   41   92   23   95   78   60   51    3   75   88   46   38   53   42   26   27   37   28   88   51   51   56   20   43    4   95   49   75   69   81   42   41    4    5   53   98   79   99   32   72   90   97   53   85   33   98   44   45   72   44    9   85   46   61   66   64   56   88   49   34   14   59   97   49   14   14   22    7   22    8   68   12   57   32   75   72   37   23    7   97   35   80    3   24   21    8   78   73   51    2   24   69   16   54   43   74   57   85   88   88   55   15   75   60    8   88   36   10   13   62    6   79   98    8   45   82   13   51   44   63    7   44   32   77   45   16    3   39   52   78   52   34   50   87   29   42   62   46   80   66    0    3   41   41   30   75   23   64   76   14   56   72    4   10   69   53   25   81   25    7   13   16   29   11   34
  51   89    2   18   99   86   46   32   47   29   80   93   34   81   32   53   39   28   79   34   16   32   46   55    3   67   81   86   42   37   34   25    7   53   97   12   50   41   85   76   10   44   82   27   72   16   61   26   69    2   51   47   19   72   86    9   58   23    0   98   99   45   17   28   35   16   87   94   84   26   86   63   51   67   70   99   28   50   28   49   37    7   97   79   66    1   59   71   19   18   27   39   58   66   55   68   69   47   11   34   81   70    4   70   93   92   13   39    6   28   63   73   13   71    5    7    6   93   63   62    5   66   70    0   84    6   53   25   20   60   50   42   95   26   34   68   37   15   91    3   88   20   97   50   39   89   48   82   81   51   30   81    5   43   13   98   34   88   32   95   31   71   14   64   13   35   86   18   77   97   51   14   36   16   58   91   30   15   81   10   53   58   50   66   74   65   73   51   88   16   55   37   21   71   98   29   73   15    4   31   64   11   34   25   66   43   82   58   46   70   95   66   10   12   86   49   61   13   19   29   60   73   51   39   31   99   26   91    3   33   32   66   70   39    3   65   27   16   59    0   88   67   14   25   39   18   80   47    8   74   31   15   45   28   53   14   20    5   59   38   86   46   60   28   36   78   25   28   50   43   62   18   90   46   63    6   48   75   58   78   80    5   37   60   14   30   37   35   84   70    6   36   63   59   13   83   50   53   76   86   13   42   15   46   31   82   20   97   86   77   72   37   49   82   53   34   13   77   24   71   29   17   93   82   85   97   86   39   19   71   65   41   21   69   90   53   45   37   14   18   88    8   31   96   31   64   63   54   74   30   33   64   32   39   77   10   28   46    4   58   52   17   66   23   56   91   57   33   69   66    3   79   61   52   90   33   24   82    1   73   92   19   19   73   50   72    6   46   67   74   47   65   19   25   67   75    7   78   82   25
  46   31   79   71   43   52   80   20    6   87   27   87   64   23    9   98   43   64   67   40   73   15   94   95    2   51   46   82   81   45   71    5   55   75   81   15   58   25   89   97    7   90   22   34   46    5   43   13   74   24   23   84    3   93   88   54   40   59   70   13   56   11   85    9   32   22   78   40    1   22   63   76   79   67   64   94   80   78   50   79   20   64   20    3   18   68   52   73   62    1    9   82   84   16   10   67   78   35   63   97   69   71   67   77   51   30   82   42   94   56   52   43   16   93   23   64   21   76   39   74   26   94   86    8   58   31   63   14    6   20   53   34   27   18   65   94   10   28   34   49    8   83   80   12   86   14   61   20   79    5   46   63    8   88    1   66   46   44    7   94   75   66   47   75   28   60   19   12   20   39   80   43   49   19   52   10   61   32   24   52   40   55    7   95   66   82   68   39   30   69   91   36   57   69   64   81   19   34   38   65   49   55   77   37   40   87   41   53   59   59   35   38   76   17   45   82   94   49   37   44   94   56   67   85   31   53   23   14   63   99   86    7   28   31   45   84   82    6   16   40   57   94   59   42   41   30   88   10   83   96   29   56    9    7   47   71   71   65   99   72   65   30   75   44   16   76   42   51    0   68   93   71   57   60   26   83   76   15   51   68   66   96   37   38   40   50   83   74   34   34   50   85   13   92   13   40   86   71   97   56    7   21   27   96   87   29   34   33   65   84    9   83    2   23   63   51   67   89   40   75   21   57   72   25   92   13   70    9   19   45   42   53    5   52   47   23   53   47    0   81   97   39   54   60   74   44   17   66   70   38   72   91   44    6   43   11   12   44   82   23   31    7   68   98   68   69   21   33    6   92   28    3    2   22    1   84   69   80   13   13   99   64   28    1   14   14   80   46    7   15   24   20   42   42   61   12   92   15   50   67
  16   49   82   38   68   69   10   20    5   40   21   48   19   18   60   17   68   58   53   69    5   50   91   34   61   16   41   67   47    9   59   86    5   72   93   52   94   29   32   21   64   36   17   50   10   59   91   40   84   52   52   89   66    7   65   96   51   36   77   29   15   41   48   98   47   93   24   82   66    0   56   47   73   44   18   48   10   88   65   69   55   19    0   17   18   24   86   23   11   13   64    3   66   59   39   40    0    2   61   53   52   84   46   31   34   86   86   37   83   65   44   30   61   42   25   23   58   28   11   35   49   73   96   88    8    9   45    6   47   91   61   63   18   42   81   11   36   90   60   19   76   61   38   15   66   92   34   35   89   68    1   44   35    6   71   56   90   46   99   29   14   56   41   59    1   47   72   44   57   10    7   47   68   50   28   42   23   93    3   94   95   64   65   20   59   99   18   85   31   80   42   94   18   58   56    4   74   34   64   32   62   14   73   67   81   43   98   87   81   54   91   38   87   68   56   58   89   49   96   14   10   49   80   42   33   62   81   71   18   32   53   24   96   15   65   57   34   14   70   30   40   69   16   55   95   25    8   52    6   94   88    7   97    7   25   31   17   12   74    6   68   35   88   95   95   21   40   56   34   65   13   43   62   75    0   85   97   50   65   98    5   63   10   10    6   32   18   58   44    7   18   79   13   98   45   12   41   29   49   63   40   40   60    2   19   73   51   56   71   15   83   64   75   65   81   95   21   11   96   43   16   37   88   11    5   11   23    6   58   11   79   36   49   16   72   76   89   10   33   82   70   62   42   12   19    3   19   35   36   14   27   63   85   68    7   48   56   31   64   29   78   76   48    7   50   20   21   66   40   90    9   11   26   67   50   90   65   37   97   16   56   45   71   70   10   48   48   27   99   63   58   56   68   47   39   15   77   92   36   48
  66   83   26   90    1   73   76   70   71   64    1   55    6   13   45   86   27   73   62   52   59   55   12   44   90   22   36   57   94   55   17   28   36   74   94   99   77   24   97   53   81   99   61    5   43   90   85   10   34   44   86   93   44   72   83   32   84   39    1   74   96   47   23   70   49   20    8   21   72    1   24   45   55   83   26   59   80    3   51   22   25   72    8    8   15    9   22   62   76    8   43    3   52   29   65   87   17   21   43   28   13   87   52   27   81   42   26    1   72   29   71   34   44   30   87   67   71   25   71   51   24   41   20   30   88    1   65   20   92   51   11   45   44    6   93   77   65   66   81   95   33   13   73   41   84    7   92   32   12   35   43   14   38   18   32   36   44   94   27   11   11   85   95    0   57   51   83    8   28   90   21   10    6   49   41    5   13   93   44   12   94   40   21   91   51   65   71   99    5   35   57   38   56   18   58   14   80   16   82   75   85   49   13   19   22   82   83   44   51   87   57   37   54   72    4   90   33   68   41   53   77   56   75   59   30   82   64    4   64   31   76   97   24   30    7   19   89   28   55   28   55   20   73   38    7   55   61   26   33   78   51   42   58   71   56   63   26   29   80   21   34   49   44   77   32   83   46    4   57   30   63   24   62    8   18   27   69   11   79   26   78   64   79   24   72   19   40   53   36   48   79   10   21   71   86   99   60   45   76   19   99   75   80   91   32   14   16   51   92   92   25   46   19   69   71   16   59   65   84   60   95   20   25   11   89   63   62   17   36   75   12   37   57   48   90   53    8   40   97   24   22    7    5   24   48   24   25   87    8   95   47   20   75   31   93   54   67   98   51    8   99   94   88   26   68   75   48   80   83   55   47    9   57   58   11   27   51   15   91   17    3   37   49   40   74   62   69   57   49   49   60   26    4   96   63   87   74   74   46   10
  54   40   20    8   30   64   20   74   34   38   74   30   39   77   33   22   39   39   55   33   89   81   45   77   64   15   23   17   86   18   11   14   49   69   49   82   71   64   26   10   29   21   87   28   99   96   97   70   71   22   19   71    5   65   57   91   91   54   18   75   19   32   51   58   27    7   41   88   83   38   78   80   78   14   21   11   84   54   16   24   38   80   13   52   67   85   75   17   37   75   68   76   55   89   91    5   28   78   58   18   55   31   27   74   93   80   52   96   86   11   67    0   46   65   26   70   16   65   83   53   61   50   65   19   62   71   36   74   55   81   69   49   27   29   33   72   66   65   32   61   69   73   47   64   87   83   62   75   19   77   38   48   65   98   40   50   10   74   68   38   63   82   54   43   38   18   33   79    8   97   50   16   56   51   36   86   12   59   97   44   11   96    9   87   19   26   19   89   39   26   68   71   24   28   97   47   41   84   95   92   34   71   48   62   42   27   29   28   44   28   92   82   73   31   98   97   75    1    8   65    4    6   48   11   28   74   44   70   72   96   97    0   87    3    7   93   64   35   93   40   18   53   18   32   52   16   35   56    0   83   28   20   54   25   26   48   35   11   80   15   49    7   62   81   66   38   68   65    1   23   47   14   93   45   62    1    9   57    2   12   84   73   97   76   57   42   85   95   35   92   97   45   85   64    8   93   12   94    2   35   20   47   83   62   52   67   56   64   26   31   95   50   96   16   75   40   90   80   60   74   75   92   10   11   98   46   57   57   65   68   78   78   88   42   94   88   85   46   43   95   43   33   26   84   25   17   96   62   15   29   98   99   75   96   39   57    7   95   49   98   95   83   50   13   76   56   43   20   63   90   15   57   76   70   99   27   23   80   88   45   30   29   73    9   67   70   92   84   52   15   83   32   19   20   65   75   87   94   12   13
  46   55   74   34   64   45   31   22   97   74   99   39   21   40   22   13   99   44   51   87   73   57    6   66   58   99   79   76    5   79    6   16   49   75   15   12   40   49   79   14   18   82   35   95   24   26   58   76   37   14   44   57   60   49   16   19   67   61   64   46   91   49   63   51   27   33   53   54   78    2   54   45   92   97   66   56   21   93   45   17   64   44   51    3   58   36   61   85   92   48   14   64   88    0   24   57   74   87   66   29   11   42   93   95   60   73   79   51   63   45   95   52   89   44    9    9   57   55   33   95   42   20   74   45   47   63   50   57   66   49   22   63   46   89   97   37   15   95   26   89   92   14   82   72   92   48   88   29   58   88    9   35   66   44    0   13   13   58   71   62   46   94   18   46   92   72   67   45   52   64   75   27   67   77   84   84   10   75   78   18   79   21   82    8   38   29    2   72   78    4   69   73   28    8   45   55   77   99   26   82   61   33   59   10   18   68   15   40   69   83   18   30   54    6   89   10   83   28   49    8   74   50   99   94   41   92   89   90   38   28   66   47   53   45   42   17   66   10   79   22   36   96   23   30   37   45   46   44   47   21   39   83   61   24   19   17   54   69   65   88   90   18    7   13    6   39   15   43   15   49    5   37   80   51   92   88   61   91   33   47   53   84   49   57   70   30   59   57    6   94   72   57   99   55   38   79   32   74   10   12    5   85   80   86   16   95   28   35   29   89   90   52   73    7   17   75   15   38   29   53    4   97   26   91   25   99   22   66   54   75   49   42   64   57   21   38   77   99   58   48   78   27   39   73   90   46   20   37   31   44   76   92   59    7   44   41   33    3   63   33   63   73   74   60   68   43   59   64    5   74    8   38   30   25   19   29   42   93   33   73   62   92   85   69   61   23   22   43   69   15   19   60   76    7   87   10   35   54   41   20
  82    5   63   17   39   28   93   83   23   39   88   94   93    9   90   31   37   36   79   79   11   78   85   59   30   60   81   88   34    8   41   13   38   73   63   95   77   48   81   25   66   40    3   42   65   34   85   25    8   50   99   50   62   14   56   24   76   65   67   20   89   95   93   85    1   48   27   76    1   50   73   92    5   18   76   85   15   66   11    3   13   72   67   59   87   84   18   50   86   38   70   83   59   18    1    5   98   20   51   20   66   63   23   34   98   32   83   12   41   93   88    0   66   15   49   99    6   92   46   55   92   72   62   73   47   62    2   61   10   45   18   83   53    1   78   31    1   39   33   30   32   39   80   61   54   39   13   63   27   15   35   20   22   51   92   80   76   69   15   91   10   25   92   34   68   78    1   83   60   57    2   17   40   93   65   93   30   45   40    5   58   31   30   99   84   33   44    4   18   97    1   61   70   81   67   59   86   52   15   36    3   32   74   52   40   85   20   55   72   18    1   38   83   32   92   70   51   21   71    7   28   47   35   42   28   27   49   60   71   14   63   91   62   99   76    8   94    2    2   89   10   26   94   56   59   18   97   84   63   50   83   10    5   22   72   76   77   99   66   95   43   97   69   28   14   30   63    7   35   39   48    6   46   39   69   68   85   91   19    1   99   88   36   23   24   26   79   35   97   80   19   61   77   71   96   98   73   16   15   83   84   19   38   70   71   14   64   29   99   24   38    7   54   72   52   38   75   21   79   89   31   13   76   89   46   46   62   58   57   81   79   64   69   35    4   35   84   99   49   44   53   33    4   60   73   92    7   67   89    4   74   23   50   38   95   40   60   51   92   34   40   18   27   83   19   10   17   80   74   39   22   17   28   47   84   62   54    2   70   57   44   33   89   64   34   92   60    3   78   10   76   10    7   93   87   29   45   42   83   13
  71   64    7   91   76   47   98   41   36   68   60   54   13   61   54   81    7   70   74   10   27   34   97    2   14   27    3   33   51   66   70   81   23   30   55   69   13   93   75   22   58   17   28   54   72   61   18   35    8   46   86    3   84    3    0   16   70   67   40   30   34   71   15   84   90   49   45   62   74   20   76   17   58   64   54   21   35   11    9   92    9   64   97   34   56    1   11   31   52    4   93   61   77   91   46   87   33   61   35   10   48   89   46   50   68   41   57    6   71   78   43   96   72   57   39   22   54   36   36   37   15   60   83   81   36    4   55   47   69   83   99   68   61   70   97   26   29   38   58   64   35   93   64   93   72   31   34    0   67   27   85   39   13   25   26   91   95    2   76   59   41   88   96   49   18   54   69   69   76   63   77   99    5    4   65   49   17   31   76   33   16   75   98   63   98   68   70   16   82   62   60    5   14   32   99   26   22   61   57   87   30    8   70   54   65   86   98   69   28   81   47   64   30   56   61    4   14   16   33   48    3   39   84   70   48    4   74    4   89    3   40   23   62    5   24   36   97   21   77   26   81    2   52   60   80   29   86   30   48   23   64    2   24   90   18   50   74   38   54    5   30   64   22   73   94   30   21   33    7    2   77   52   11   43   90   70   57   12    1   85   17   73   59   83   78   72   22   94   49   91   80   23   38    5    1   56    5   33   33   35   69   79   12   89   26   62   42   13   97   65   30   58   15   54   12   69   98   61   87   19   75   31   38    6   75   88   25   93    1   81   55   34   52   62   79   28    0   83   17   76    2   84   32   86   92   28   65   33   20   63   44   18   60    5    8   39   49   13   66   53   27   86   40   28   66   96   32   41   34   53   89   14   74    3   59   66   91   82   66   30   20   36    6   72   79   37   62    2   19   51   85   87   20   29   15   48   90   69   84   33
  83   48   73   66   60   80   33   46    4   60   21   40   17   39   74   13    6   24   25   22    1   66    3   41   71   20   46   80   61   43   76   67   28   78   30   41   24   65   30    3    2   55   51   14   93   28   65   92   20   50   62   32   49   90   80   36   50   16   55   62   47   88   91   54   31   63   65   32    3   17   24   42   77   26   82   64   59   19   19   72   69   15   35   73   58   32   88   44   92   48   20   76   65   94   83   66   67   23   25   15   47   84   11   49   37   17   94    9   65   40    2   19   17   53   29   81   92    4    0   95   10    4   11    1   21    8    0   59   26   98   60   42   36   13   69    7   13   98   42   10    2   78    4   20   61   28   11   96   39   70   57   35   66   12   21   58   33   75   40   63   60   65   77    9   91   97   57   56   48   29   61   66    6   78   78   79   22   99   30    4   47   41   17   43   94    6   59   46   95   74   93   44   68   56   71   64   44   28   93   59   64   99   75   81   23   23   57   40   66   33   15   68   52    2   83   52   35    7   73   92   42   39   83   77   82   73   67   60   23   39   68   24   89   52   83   22   94   95   65   58   11   51    0   34   92   43   96   18   25   66   95   24   33   50   98   82   46   57   44    1   99   61   38   65   32   92   71    9   36   44   31   59   59   36   92   35   59   55   91   13   68   22   35   58   97    3   94   35   12   89   60    3    4   90   63   69   54   11   84   73   93   43   80   24   61   90   56   96   50   76   62   97   57   55   92   31   58   30   86   30   64   58   11   71   99   26   86   44   42   93   61   82   90   30    9   25   90   78   61   89   85   42   51    5   96   19   58   78   84   64   12   37   10    4   45    2   73   18    3   41   63   96   93   80   74   72    8   70    0   19   95   12   41   32   83   17   92   98   33   71   31   36   25   47   75    2   95   87   70   41   84   87   32   22    5   73   11   77   76   62
  69   64   38   19    0   29   33   24   81   73   27   80   86   48   74   10   31   89   94   55   44   77   67   80   58   22   85   69   28   25    3   47   83   81   78   47   49   57   76   18   17   26   47   67   21   84   17   14   65   86   14   42   86   37   13   44   90   12   22   78   44   54   88   60   85   67    5   48   65    9   30   96   56   48   63    7   20   42   89   76   89   67   58   69   72   21   33   31   72   73    8   19   39   16   51   41   35   89   50   55   50   52   30   62    8    4   67   19   30   19   93   90   47   99    7   86   82   25   51    5   47   93   84   74    6   72   84   18   14   29   99   86   15   66    9   28   64   15   30   38   83   61   48   78   33   46   58   79   99   18   70   40   58   59   23   38   18   17   73   71    9   83   22   37   23   58   42   70   66   99   23   60   27   24   83   83   99   45    8   75   63   59    2   86   20   67   63   62   66   84   74   34   14    9    0   37   62   15   59   30   67   86   52   56   54   70   81   33   54   77   67   14   43   58   54   44   24   69   43   70   21   12   90   72   34   16   21   12    4   96   53   15   86   73   60   22    4   49    3   43   75   84    4   36   55   15   28   93   93   10   12   20   89   79    8   53   71    0   58   25   11   21   31   42   94   63   93   38   24   38   27   54   12   73   88   78   81   16   47   43   81   81   52   67   82    3   18    1   38   80    9   53    1   81   63   41    7   22   84   42   23   34   71    8   40   71   17   69   48   30   14   43   64   93   39   13   45   49   93   52    9   15   70    5   55   45   97   65   63   30   81   86   92   68   50   13   84   58   69   52   25    6    7   87   81   80   11   15   19   44   28   99   42   68   92   76   50   52   56    3   13   50   24   59   62   40   74   37   10    0    0   10   93   94   18   68   27    3   43   59   25   70   51   57   15   92   91   28   33   75   73   34   95   27    8   68    1   33    4   12
   6   85   93   57   49   48   65   11   53   73   68   55   63    0   86   44   81   38   25   80   94   36   96   28   20   54   72   55   21   28   18   63   28   51   80   85   91   21   94   86   30   29   17   82   47   96   96   45   35   57   88   69   93   24   21   79   21   96   41   83   16   52   38   43   67   75   24   55   20   50   57   12   67    8   30   10   76   65   55   68    5   57   24   48   91    6   37   56   36    8   11   72   42   12   74   24   40   34   66   11   95   85   82   20   46   32   49   29   11   27   80    8   24   87   99   33   55   15   34    3   84   11   45   16   55   33   50    4   23   22   57   22   41    3   99   31   92   66   89    4    9   52    7   81   89   57   89   89   84   55   30   31   23   84   30   40   12   43   42    0   93    5   99   80   80   61   52   71   17    2   26   55   93   30   44   65   98   62   30   49   77   51   41   30   19   16   37    8   67   94   99   32   98   37    6   56   92    7   73   16   62   14   15    8   74   66    1   55   95   47   65   78   75   62   45   14   38   62   13   84   97    9   10   63   53    3   54   58   63    5   42   37   65   20   83    5   84   78   75   34   97   11   96   22   39   83   66   81   92   81    1    8   86   85   26   44   93    9   23   88   39   56   40   12   13   46   67    6   54   93   70   62   48   89   30   84   72   20   26   43   53   43   95   12   54   78    9   39   59   40   58   28   72   70    1   42   56   78   40   46   13   24   13   61   63   48   93   95   26   81    8   85   29   14   90   30   92   24   66   44   43    0   28   32   33    9   45   38   52   15   34   13   69   19   56   91   67    8   25   23   53   50   35   55   87   42   62   26   61   90    6    9   80   79   55   13   74    2   11   12   49   17    0   36   32   90   71   42   59   59   73    3   14   57   85   27    4   46    3    1   36   56    2   54    4   75   84   50   12   98    1    7   78    4   41   59   32   29    6   36
  76   19   11   80   33   95   31   39   41    9   47   98   97   72   26   47   84   97   35   31   16   90   27   59   77   47   38   77   98   94   81   65   84   78   92   48   71    5   18   56   62   28    8   14   66   77   93   25   57   41   46   82   30   53   89   93   46   80   87    1   47   92   45   32   77   68   11   24   94   19   95   24   26   42   57   79   53   87   84    9   29    8   75   93   23   70   10   57   55   48   82   85   61   79    1   70    5   90   53   92    2   99   72   76   38    9   82   39   22   55   50   50   25    7   48   64   41   81    6   67   81   16   77    3   68   16   97   49   66    5   48   23   39    0   68   47   58   45   90   83   46   11    6   60   86   95    1   60   81   40   68   48   96   92   43   51   96    9   23   52   31   23   69   75   32    4   47   60   75   76   97   18   56   71   50   74   63   24   94   62   40   20    1   38   39   71   49   19   66   77   10   40   51   19   19    3   35   43   86   61   83   40    0   57   48    3   35   10   17    6   20   70   25   30   73    4   19   55   19    2   39    2   68   72   50    1   72   80   21   91   20    0   82   63   88   92   43   91   38   92   85   17   61   17   35   43   17   80   33   21   99   91   59   24   57   10   40   45   35   52   89   20   69   46   51   23   59   79   64   81    2   80   88   54   49   38   26   57   95   96   95    0   30   38   98   10   15   37   51    5   61   71   35   44   96   33   36   59   74   49   71   16   60   44   18    8    6   94   78   57   38   16   47   91   27   33   10   44    3   33   67   15   97   39   16   52   34   33   29   78   71   53   61   81   28   77   21   30   50   87   16   48   42   55   47   10   34   91   28   66   60   88   43   90   58    8   10    1   90   69    1   22   57   47   62   65   89    0   61   91    3   35   15   24   71   64   64   51   60   18   63   11   58   42   74   54    1   23   22   82   34   65   59   45   61   63   52   64   18   94
  27   97   21   38   82   37   74   99   30   52    2    4   90   56   76   23   32   63   26   47   80   67   95   11   17   75   91   19    8   54   50   53   48   72   37   48   46   24   12   83   45   46   34   47   13   15   23   87   82   10   98    4   94   77   45   87   34   90   87   12   43   21   38   29   53   68   46   46   92    3    0   60   73   96   84   97   34   67    0   57   40   79   24   86   64   90   50   30   73   48   51   41   26   74   16   74   95   40   26    9   89   32   10   41    6   96   11    4   94   64   74   34   75   35   61   12    7   19   39    4   13   44    8   32   90   34   92   34   50   96   58   31   83   23   52   38   82   69   60    4   69   62   64   97   96   92   36   95   70    7   86   52   36   82   12   77   28   21   55    1   66   89   53   99   79   49   18   24   70   20   57   73   10   21   14   42   35   49   27   27    5   12   35   69   18   73   46   17   45    6   99    8   63   48    5   93   93   97   54   56    3   68   55   61   60   87   64    2   27   60   89    0   47   50   22   35   96    7   51   12   79   43   96   42   85   89    9   55   44    3   66   34   77   66   71   28   14   13   94   46   15   19   10   80   15    3   92   97   69   76   97   33   42   82   49   76   81   86   37    4   37   17   12   23   20   20   20   96   37   41   53   71   64   69   51   13   39   86   16   37   18    5   56   48   24   41   48   56   39    7   92   97   23   20   40   90   50    7   46   62   69   42   21   18   35   13   65   50   74   91   35   67    2   33   74   48   68   66   69   42   14   99   97   97   91   99   95   68   89   94   91   94   33    4   91   87   35   78   71   14   45   75   32   84   26    3   32   60   62   42   44   57   81   60    8   63   24   29   81   13   88   29   60   47   46   28   24   57   96   35   66   61    8   16   69   40   27   66    6   45   27   32   29   53   87    1   60   10   39   68   63   24   81   43   48   41   36   86   82    6
  79   43   64   16   40   87   59   98   18   70   63   64    5   76   85   43   58   79   42   64   95   98   94   16   21   20   90   29   35   87   30   32   23    7    7   54   89   55   53   61   95    7    8   35   50    9   40   76   20   21   35   61   48   22   92    8   48   26   31    0   75   56    5   95   29   39   40   54   60   11   29   35   96   50    9   71   75   76   73   29   81    6   77   98   20   22   94   94   90   63   34   94   93   71   25   68   56   47   39   40   79   12   55   14   14   96   41   28   98   41   28   60   66   21   56   60    0   42   11   60   19   16   53   77   45   68   90   42    8   15   31   91   75   76   94   96   64   32   45   89   22   41    2   75   28   37   11   37   33    4   55   35   86    3   92   53   50   37   56   91   35   50   58   63   68   71   97    7   14   17   53   96   87    2   96   47   30   98   44   77   19   15   52   69   88   55   28   31   30   18   35   38   20   87   94   96    9   70   18    7   22   44   67    1   68   26   62   55   54   97   61   48   77   15   62   91   79   72   31   14   89   12   17   41   57   20   13   11   50   14   80   73   56   21   32   32    1   62   89   54   10   34   28   49   69    0   53   35   72   92   85   54   16   31   21   47   18   17   37   95   20   88    7   21   39   91    6   80    8    3   77    1   54   45   42    8   26    5   13   82   66   60   49   80   80   86   36   35   37   39   35   53    7   67   62   10   35   27   19   62   72   43   26   82    8   92   13   24   71   51   28    8   70   93   12   10    2   87   13   70   96   29   28   43   50   60   76   57   93    8   65   72   46   83   50   74   75   69   18   49   53    0   59    9   47    3   37   50    6   85   78    6   55   55   20   38   21   72   89   19   98   37   14   35   41   31   45   46   90   39   15   30   85   69    4   54   87   10   71   75   92   42   52   42   36   12   25    3   15   18   15   39    8   32   66   32   70   23   91   23
  39   12   86   99   24   84   74   44   78   41   71    7   66   82   47    7   49   66   74    7   16   97   61   27   33   12   98    6   88   81   85   46   56   52    8   23   39   60   16   99   99    1   65   72   34   84   78   25   55   43   40   71   42   17   94   40   98   20   32   14    4   89   37   62   14   59   87   45   20   57   42   51   47   83   42   42   86   89   51   46   61   33   82   58   24    3    4   39   60   32   46   16   12   74   45   43   30   43   13   85   30   22   90   26   35   50   58   71   23   77   29    1   48   87   86   92   34   94   70   64   58   14   29   64   46   19    0   58   29   82   48   49   12   13   51   75   80   62   62   92    6   86   22   66    3   72   34   90   67   75   87    1   19   77    6   81   34   10   76   53   31   45   43   61   54   64   81   39   46   92   12   40   94   77   63   83   11   29   99   80   85   27   43   50   31   21   64   46   89    3   37   63   50   32   63   53   47   21   25   17   10   34   98   50   70   58   27   58   10    1   98   57   71   64   98    4   22    5   19   54   24   11   49    2   37   32   69   68    0    6   38   96   39   69   43   98   20   93   26   40   97    4   84   68   70   62   33   80   72   92    2   14   86   51   85   86   29   46   18   28   38    6   59    5   95   85   86   15   35   88   70   41    1   25   57   92   69   58   74   10    4   47   91   20   96   35   31    1   21   31   38   83   16   40    7   13   51   25    4   41   38    2   28   44   90    2   23   75   91   73   89   50   89   27   47   54   68   88   52   74    6   89   41   75   10   67    3   52    5   29   32   87   24   68   23   95   18   80   72   22   49   35   29   76   51   43   17   19   58   90   80   53   24   54   89   36   82   43   72   27   37   33   25   11   96   38   62   39   55   77   95   63   97   79   20   73   76   27    5   85   21    7   27   56   47   85   66   85   97   77   54   73   63   63   57   42   29   42   97   99
  56   10   99   93   46    7   52   37   78   78   56   40   17   43   93   17   91   33   49   95   13   50   30    9   80   71   87   36   38   43   60    1   59   20   49   57   87   54   43   16   75   50   43   22   91   69   37   54   22   66   69   62   65   55   35   15   45   13    8   55   39   21    3   45   69   65   34   89   66   48   71    7   29   64   84   35   63   37    1   58   52   44   37   46    8   42    8   23   42   93   75   22   70   95   29   73    3   60   78   81   80   68   48   37   68   71   93   70   22   34   64    2   81   26    0    7   42   26   45    3   35   47   37   33   48   49   97   87   71   46    9   58   51    6   60   99   26   74    4   70   61   32    6   47    1   64   20   66    8    5   23   11   17   54   55   38   12   10   81   16   34   45   31   99   60   30   21   50   45   31   77   51   38   47   10   97   53   26   99   42   99   80   43   37   11   16   60   83   24   94    1   31   97   54    2   91    3   16   97   25   69   40   49   77   21   48    2   72   63   94   94    9   62   82    5   80   91   25   34   26   22   86   44   39   37   75   14   66   80   62    8   30   42   23   97   25    2   72   35   44   59   95   46   80   14   43   60   99   66    3   19   76   31   59   52   78   15   69   90   91   67   48    1   64   20   60   24   75   52    5   67   28   35   20   89   49    9   42   41    4   32   15   24   20    8   35   79   25   42   18   74   14   38   63   82    1   93   51   55   38   49   67   43   73    7   51   69   47   46    1   13   57   15   78   64   85   54   89   55   82   17   27   12   54   44   44   79    9   81   97   60   95   60   60   67   69   36   71   34   45    3   32   93   85   97   58   40   39   72   13   74   32   64   18   23   32   44   87    0   79   78   37   91   52    7   38   70   43    7   88   69   16   14   24   35   84   44   74   15   87   11   69   10   65   88   49   13   33   23   95   10   22   85   39   34   98   93   42   40   63
  36   84   87   15    6    5   10   13    7   91   17   85   84   39   32   77   89   19   66   34   92   74   29   27   93   23   58   83   94   48   53   17    6   12   56   20   76   34   76   39   44   35   19   39   17   87   53   39   14   97    5   90   76   90   24   64   79   23   24   96   52   64   16   75   10   63   16   77    0   11   11    0   18   88   19   16   21   54   62   78   92   49   42   26   79   52   71   71   61    0   92   39   61   75   39   16   40   35   35   62   67   22   78   38   26   68   87   99   33   70   12   56   37   56   23   31   57   63   30   53   34   83   89   50   50   87   64   82   86   40   98   44   57   33    9   83   75    1   13   27   52   96   75   37   23   37   20   75   71   35    7   25   20   61   85   56   79   71   29   70   41   96   60   11   89   86   52   31    8   19   39   51   21   89   66   94   71   55   52   22   89   25   10   63   95   78   40   13   96    9   54   78   84   16   73   56   10   10   81   56   97   62   94   76    0   68   37   57    3   99   80   13   92   36   46    5   64   96   78   63   76   88   36   21    9    1   31   34    2   19   14   55   81   46   72   12   72   60   15   82   92   58   13   60   50   10   97   27   45   91   77   75   53   87    2   61   81   88   78   74   16    6   94   81   49   34   56   56   73   23   32   27   35    8   19   27    8   57   55   10   38   34   93   45   50   25   59   66   24   45   91   82    7   96   40   95   40   82   69   45   68   67   34   57   65   99   35   17   87   64   50   61   53   74   27   12   80   14   16   91   70   36   19   84   37   21   76    5   81   39   18   14   31   96   25   33   40   44   84   72   12   26   65   10   85   48   30   61   69    9   98   45   27   37   84   44    6   31   41    5   71   45    6    8   67   27   31   12    5    2   97   16   49   95   12    2   66   94   49   35   25   16   93   18    5   23   77   45   51   18   60   47   26   21   94   81   52   94   20   94
  38   57   67   70   60    9   83   53   44   16   70   73   77   80   54   30   39   98   38   77   22   35   49   84   43   22   60   86   82   75    9   69   72   48   16   79   68   78   71   24   85   57   93   56   45   89   68   89   70   20   13   89   78   72   79   66   70   92   73   66   87   17   35   36   64   36   43   91   62   53   32   16   63   17    9   47   55    5   75   73   56    3   33   88   35   53   66   22   65   40   86    4   92   92   92   22    6   63   43   78   41   59   38   93   80   83   65   39   74   86   76   48   68   98   45   95   75   14   11   49   27    7    7   58   60   52   73   85   43   74   38   93   20    5   16   53   63   73   23   23   32   17   30   29   14    5   11   69    5   26   56    1   56   68   73   60   50   20   77   87   24   17   27   93   89    0   50   48   89   78   82   73   27   82   52   72   68   72   70   51   43   76   14   69    4   25   74   56   50   14   72   51    8   20   17   84   28   89   21   25   78   87   81   64   94   38   33   65   66   23   94   56   62   83   68   21   99   98   67   76   64   75   56   24   23   89   39   36   90   46   56   24   79   57   78   59    8   36   57   78   71    6   99    4   16   31   12   37   97   16   64   96   21   37   58    4   96   52   21   50    4   38   74    4   57   12   94   21   51   48   58   44   63   80   59   31   85   14   94   67   67   62   39    5   17   11   63    4   12   71   40   87   57    1   69    0   73   56   73   58   93   98   56   54   36    9    7   91   99   73   98    4   77    5    0   15   96   25   84   11   83   98   59   43   87    2   84   19   74   26   34    5   22   85    5   62   19   13   76   27   79   39   10   15   12   62    2   22   64   51   62    8   13   22   81   87   30   99   79   72   47   19   62   43   85   26   50   35   13   27   26   58   82   51   45   62   31   19   22   44   82   95   83   11   85   68   36   94   67   19    4   29   87   74   78   31   25   81   30   67
  17   10   23   80   30   37   58   39   66   17   19   44   36   13   96   45    3   24   14    9   17   59   83   51   67   51   17   23   90   51   97   21    8   51   84   42   51   54   75    4   66   26   54   79   48   23   42   83   79   49   95   19   74   71   81   68   58   38    7   11   11   50   88   99   60   60    3   85   90   20   64   12   26   35   36   67   66    3   80   41   22    8   74   20   41   46   94   33    8   25   81   71   91   89   16   86    2   51   55   36   99   67   37   75   28   22    9   68   82   50   95   11   91   22   39    8    7   99   87   34   51   54   17   88   41   54   84   87   29   91    6   11   62   15    9   23   63   86   40   72   95    7   99   26   88   63   70    6    7    0   94   51   93   77   61   20   21   82   69   11   12   40   68   88   57   10   29   24   77   85   15   84   73   68   79   20   43   95   41   55   16    7   77   98   75   68   85   83   18   86   80   99   18   73    5   27   21   34   53   51   73   48   59   10   95   19   82   16   74   76   64   40    3    7   48   12   10   56   67   58   30   51   58   19   47   59    6   44   69   20   42   10    6   16    7   32   57   71   88   84   55   34   43   37   20   58   86   41   77   24   81   12   71   94   60   63   94   77   46   55   26   42   49   58   51   96   25   74   87    6   32   47   26   23   35   52   85   65   81   31   24   43   67   41   33   59   97   33   21   34   14    3   34   48   50   28   77   23    9   63   15    5   15   58   15   53   29    8    8    8   82   95   68   32   50    0   51   54   66   59   39   40   20   67   88   42   12   54   34   15   29   97   18   52   46   29   95   55   24   11   25   94   19   83   18    2   71   51   46   37    6   83   97   95   56    0   40   39   81   76   63   27   69   73   59   82   56   92   77   99   58   74   27   90   25   13   60   92    3   34   47   99   73   23   58   53   84   24   53   13   30   17   26   48   98   23   60   75   42   65
  24   81   96   54   20   63   74   99   44   69    9   47   56    0   16    3    8   27   51    7   55   52   29   72   16   37   36    8    0   25   20   54    7    4   26    3    2   99   94   98    2   73   67   74    7   52   56   15   67   23   38   95   58    9    4   28   11   42   94   94   48   30   38   92   87   69   16   80   65   68   79    1   28   19   69   11   98    1   77   74   94   40   67   78   94   61   14   51   94   66   75   73   55   67    4   19   33   93   62   77   55   52   14   77   37   41   49   13   10   76   10   91   84   25   79    2   29   25   81   55   83   66   55   40   99   59   20   23   54   47   12   72   91    2   30   71   49    8   48    8   72   37    9    0   11   12   65   53   77   58   59    7   81   96   34   58   11   46   42   46   41   27   67   43   37   65   64   99   28   40    7   84    9   56   71   68   45   72   47    1   24   78   78   29    6   28   52   87    4   38   18   45   66   38   36    3    0   64   36   56   89   73   26    4   17   38   45   44   79   86   79   19   70   14   60   81   70   28   56   64   12   13    4   41   99   81   58    7   49   21   42   54   23   44   69   89   72   16   88   69   57   93   20   77   59   95   68   54   31   90   51   48   68   62   18   59   28   70   29   55   53   11   93   96   43   84   80   68   79   89   26    2   67   85    4    9   82   20   80   22   82   38   86   72   88   64   79   83   37    5   92   30   24   97   27    0   97   24    1   89   23   56   17   78   27   52   16   73   63   37   62   97   88   28   18   28   74   79   77   78   54    2   76   56   50   27   34    3   79   37   67   67   24   29   65   27    3   58   83   43   68   23   65   99   31   33   22    8   98   38   77   92   45   67   71   26   87   73   12   15   86   16   65   31   67    6   72   67   27   24   69   46   72   90   61   88    5   66   82   69   66   87    2   99   65   97   94   17   59   63   47   44   56   24    5   39   92   99   24   85
  82   29   47   53    6   20   69   21   62   38   69   20   40   37   12   44   76   29   61   24   30   67   57   92   30   77   22   23   86   90   32   21   14   73   25   42   23   33   43   14   88   92   91   79   89   53   87   11   15   59   19   17   33   34   57    9    0   11   78   72    0   45   66   28   83    3   87   32   78   74   16   99   45   78   38   97    7   95   31   74    4   37   49   66   69   15   57   53   72   84   81   19    8   96   76   14    2   57   28   89   71   57    6   48   78   25   14   97    8    4   52    7   74   19   95   20   98   99   72   47   93   99   14   67   49   85   62   77   16   70   12   98   31   25   70   46   51   97   11    4    2   60   38   36   69   39   59   31   13   80   61   50    3   86    1   81   33   66   52    5    2   66   73   36   79   82   98   82   17   31    6   45   94   66   62   64   66   34   77   43   30   51   65   20   61   72   16   77   81   41   50   22   60   34   89   43   62   74   41   54   32   63   59   28   16   62   31    7   95   86   40   18   95   54   21   71   16   53   23   92   87   94   19   80   91   81   44   13   53   95   33   33   84   17   28   78   26    2   99   59   42   67   52   24   54   55   29   54   16   63   22   84   17   25   57   67   26   95    1   24   10   44   60   95   13   69   83   38   45   78   38   15    6   54   17   36   76   85   71   87   56   23    2   98   62   90   18   69   94   67   67   81   27   35   46   98   31   61   72   69   33   87   73   98   37   53   69   14   99   51   85   21   92    4   89   43   76   31    8   76    0   57    1   61   41   71   40   90   85   26   87   26   88   75   65   97   92   69   64   49   27   41   57   58   61   20   16   77   45   43   87   67   91   32   58   65   83   35   76   28   47   50   46   47   96   20   22   13   87   52   71   52   53   20   74   51   13   80   58   24   39   94   59   75   61   39   60   54   41   30   71   85   28    4   42   12   54    0   38   89
  39   87   20   96   89   86    0   15   24   26   57   65   56   91   61   69   96   25   43   91   59   81   35   48   52   69   80   86   60   76   19   39   93    9    6   18   96   38   46   83   62   56   36   35   85   71   26   85   46   87   86    7   67   74   22   20   41   74   47    1   53   48   37    6   43   44    3   11   18    7   65   48   95   96   92   13   99   90   24   37   41   75   28   58   37   26    8   62   57   81   87   96   74   31    1   76   17   19   93   89   73   23    6   61   85   27   20   44   45    8   53   30   24   28   83   78   85   56   90   84   49   12   77    5   11   29   11   40   10    5   81   28   37    5   18   71   22   87   38   23   16    0   92   18   90    2   47    3   94   46   43   63   82   93   67   95   53   40   74   78   33   14   41   29    8   93   63   84   81   12   23   69   68   66   80   89   39   52   13   58   96   19    2   86   74   93   15   12   66   78    4   79   78   98   36   36    7   96   97   15    3   86   88   66   12   33   29   67   17    0   64   73   53   22   29   39   91   71   48   94   67   63   14   73    8   69   63   33   36   54   12   35   84   30   16   77   38   23   69   97    0   12   29   42   61   73   91   79   89   91   11   30    7   19   14    1   58   36   27    2   56   68   84    0   59   11   77   66    6   37   56   57   85   99   41   40   89   75   41   27   52   64   13   22   43   21   18   67   55   25   29   40    8   18   91   41    3   84   99   56    4   90   29   90    9   92   71   27   14   88   33   61   44   26   90   53   78   94   83   84   95    4   58   39   14    3    3   92   35   39    0   15   72   80   17    7   86   40   65   98   94   30   63   40   81    3   16   13   63   71   71   29   18    4   17   72   34   60   26   96   82   53   88    9   50   33   78   19   62   54   63   28   43   27   15   62   90   47   88   68   94   66   75   11   20    5   10   44   41   90    0   80   76   88   40   99   57   40   29   79
  16   36   76    0   52   40   71   30    0   28   23   64    2   58   87    7   73   74   35   93   30   33   98   61   81   20   34   12   42    1   13   68   59    4   84   31   78   47   39   11   90   76   35   98   26   64   20   44   48   56   93   56   48   75   46    3   11   99   39   71   74   80   72   50   52   32   22   62   25   40    4   30   28   56   17   60   87   84   61   31   33   63    4   90   10   40   91   95   65   53   59   99   73    7   68    0   79   95   93   78   67   77   17   82   35   13   61   83   67   37   27   22   98   19   20   54   32   58   22   36   61    4   30   76   32   31   71   50   71    6   56   79   31   16   27   31   92   15   76   97   71    4    5   87    5   10   94    6   50   24   55    0   55   63   84   72   46   96   58    1   53   58    9   28    1   91   90   11    3   52   76   41    7   18   28   25   23   74   63   22    7   99   99   35   42   72   47   66   71   81   21   70   45   78   45   92   15   58   24   93   77   73   77   90   41   25   96   58   29   36   75   58   31   12   72   81   53   78   25    8   60   79   30   72   82   77   11   32   26   60   21   93    2   57   81   27   51   27   68   36   77   22   31   53   53   73   50   28    4   69   80   13   62    8   32   33   66   77    0   17   71   12   89   41   39   54   58   47   72   35   49   32   64   18   52   43   78   39   48   83   66   58   31   33    6   28   34   81   24   52   15   71   82   54   60   92   48   51    0   54    7   96    7   23   98   68   94   18   45   32   31   85   50   50   93   60   44   34   63    5   47   39   69   53   85    5   21   42   98   24   81   96   98   77   82   77   41    3   20   29   99   11   38   18   76   48   34   17   67   79   90   55   77   92   61   77   70   48   83   21   11   93   64   93   78   91   84   64   78   54   87   28    1   27   37   36   14   99   32   38   54   69   21   19   19   64   57   61   27   11   23   67   72    6   32   80    6   93   32   89
  11   86    2   40    9   29   92   64   12    3   41   38   49   17   58   26   39   28   83   37   15   72   15   63    9   81   12   92   49   60   64   87   67   78   30   81   51   15   44   78   88   58    2    7   94   23    6   15   94   41    3   69   85   86   67   45   67   73   52   15   68   43   77   82   69   72   67   17   16   35   81   75    8   69   21   34   78   25   62   32   48    6   77   32   74   13   58   83    9   70   99   10   48   65   48   75    2    9   24   17   41   17   72   22   29   17   93   57   95   75   88   62   46   81   37   61   80   43   58   48   15   78   11   20   56   97   25   98    4   87    9   31   37   40   56   55   93   97   97   31    4   39   70   51   58   21   50   72   20   41   64    5   57   74   21   39   19   96   56   45   36   79   23   17   79   56   99   81   42   19    1   23   24    6   77   67   80   21   29    9   15   14   13   48   30   79   81   85    5    8   86   10   78   11   80    6   95   55   49   15    3   47    3   82   43   24   60    2   91   75   92   22   64   57   78   27   34   31   87   67    3   89    0   13   21   45   10   21   15   18   46   45   67   64   79   47   51    1   46   57   22   86   26   75   98   78   34   66   84   12   11   52   80   24    4   21   19   86   74   64   85   82   23   21   83   64   76   22   36   83   43   59   19   16    4   61    7   67   75   74    2   52   12   84   86   50   70    4    3   84   51   98   50   38   86    2   54   32   69   97   98   31   71   88   71   23   80   83   35    7   45   99   34   91   25   41   27    6   94   31   69   50   92   51    6   98   55   67   31    3    6   75    0   32   90   62   55   29   39    7   36   64    2   52   25    9   33   21   63   86    8   29   66   54   91   35   64   90    6   25   52    1   17    0   10   58   44   25   96   79   58   15   87   68   46   86   14   97   59   51   53   99   96   21   83   21   91   41   26   59   62   58   49   65   89   97   24   11   38    3
  15   18    0   61   17   45    8   51   73   34   42    4   79   35   68   66   44   17   10   69   25   80   62   97    8   58   56   61   68   84   49   82    3   99   17   51   27   52   32    1   57    7   26   97   51   52   33   72   85   21   96   45   37   48    1   27   38   63   47   20   29    8   55   63   45   78    3   58   58   18    8   58   53   76   67   43   39   69   53    1   58   84   86   70   37   98   59    4   87    0   40   55    3   90   37   48   22   21   23   61   91   63   72   36   65   55   15    0   13   15   12   30   82   12   30   37   46   14   70   80   90   59   57   66   44   27   99   92   58   50   35   21   51   63   22   80   70   89   13   99    0   83    9   12   71   92   44   73   53   52   73   66   67   10   89   20   58   79   58   26   40   63   64   26   88   80   74   14   14   90   12   99   20    5   97   58   91   14    1   76   67   29   47   93   33   38   51   90   75   20   18    4   18   72   35   51   80   50   35   99   69   78   65   80   57   63    2   78   44   35   76   17   98   68   49   60   87   92   49   27   42   51   16   19   85   78    5   50   91   76   35   94   61    4   86   11    4   95   13   40   17   45   58   72   24   67   59   38   80   57   24   23   18   96    1   59   70   44   52   84   15   66    4   65   53   47   91   76   55   13   67   55   88   68    9    2   57   36   26    7   58   40   59   89   65    1   32   93   27   88   41   45    5   14    3   61   41   36   86   98    5   48   20   82   47   43   26   94   46   99   77   46   23   13   44   42   70   76    6   82    5   96   20   78   84   71   23   34   56   59   97   27   48   93   17   20    4   61   67   51   32   76   45   37   62   32    5   19   57   44   90   97   25   34   73   80   59   12   56   85   16   51   23   65   17   23   81   94   94   25   62   57   23   41   97   24   86   10   83   18   74   83    2   89   71   53   62    7    7   49   41   99   73   57   46    0   15   15   92   20
  38   51   97   37   48   55   34   85   40   78   86   51   60   31   10    5   56   99   68   45   97   86   77   40   34   39   80   39   72   49   38   64   71   52   50    9   94   96   42   59   82   61   79   58    9   10   50   45   59   39    2   23   68   64    0   75   27   11    8   84   23   74   14   97   33   33   72   63   87   19   86   74   30   14   99   73   56   82   79   48   30   34   87   97   46   67   11   49   83   56   80   30   24   76   64   21   18    9   11   38   93   22   25   67   50    0   73   44   71   70   55   62   80   85   50    8   96    6   21   49   34   37   67   56   39   86    6   44    6   56   23   42   16   95   90   45   58   22   55   48   44   61   93    8   82   69   69   45    5   97   78   39   75   11   48   60   33   99   48   22   49   31   28   34   94   11   92   88   92   82   19   94   82   31   21   93   72   12   94   86   91   55   19   65   32    1   68   64   69   18   63   53   95   40   72    1   90   86   61   80   35   48   25   68   28   95   48   53   62   83   44   31    7   94   78   20   23    6   91   21   86   81   82   91   89   37   33   16    9    5    1   21   62   70   40   79   33   21   46   16   82   15   57   18    2   11    8   20   22   64   18   24   46   25   78   31   39   58   26   54   66   94   84   62   72   26   31   20   59   35   30   98   67   63   47   25   90   12   60   14    8   90   39   52   56   40   38   87   27   74   92   88   83   17   58   50   21   29   16   61   69   67   56   60   57   60   67   22   64   45   64   51   33   89   99    9   82   32   45   95   40    6   71   89   18    2   99    1   56   78   19   73   65   61   97   72   77    2   26   13   85   52   14   56   33   86   48   14   88   84   86   86   56   33   41   38   33   90   81   61   98   28   36   73   86   92   52   43   80   27   18   42   76   83   13   69   36   99   70    7   75   79    6   99   11   26   56   83   44   95   71   50   44    0   25   88   66   94    6   75
  46   30   56   85    7   26   65   88   88   56    1   79   35   69   77   47   56   48   14   60   54   42   21   24   15    2   35   48   57    3   74   48   88    9   33   28   46   61    7    8   89   58   31   54   22   13   41   38   53   11    2    9   82   90   56   30   56   50   90   44    9   51   85    9   10   23   46   20   91   86   76   16   46   45   12   17    3   33   76   63   81    1   10   38   89   48   97   75   64   90   27    9   86   70    0   17   66   85   59   34   61   31    4   28   79   38   17   95    9   99   19   25   86   19   18   15   64   52   13   36   62   78   14   21    3   95   68   60    5   28    9   21   39   91   24   58   23   96   39   96   84   78    7   31   39   69    8   78   31   91    4   20   36   52   33   56   67   76   69   45   85   11    6    1   72   91   85   17   19   13   26   28   37   32   62   31    2    1   48   41   79   89   75   96   21   71    1   59   49   16    8   18   31   88   20   50   65   89   47    8   26   88    7   66    0   24   29   83    6   11   50   74   98   19   69    2   62    4   81   12   76    5   94   12   10    4   75   35   92   56    3   53    0   42   20   46   91   79   76   68   22   85   90   96   18   33    3    9   45    4   15   45   32    2   89   28   20   11   27   17    5   20   61   33   42    7   90   49   81   38   59   64   56   45   92   24    3   90   44   20   86   49   66   66   98   94    1   69   18   41   37   60   40   24   72   53   27   44   94   55   72    5   36   36   44   59   96   56   14   61   85   33   93   53   56   36   37   88   23   16   54   92   34   30   68   73   67   68   60   40   30   43   57   19   74   31   47    6    1   80    2   47   56   25   17   85   95   55   33   71   58   84   44    7   92   95    7   19   90   79   31   97   32    8   56   56   36   70   52    5    8   80   79   96   78   10   94   80    8   27   63    7    9   13   85   67   42   96   68   60   43   45   58   35   17   66    0   72   39   46
  44   68    2   35   75   45   76   58   24   84   32   18   54   53   69   24   54   62   72   52   24   17   74   19   30   78   55   15   58   72   94    4    4   42   34   78   45   50   50   93   99   12   31   32    2   33   61   47   58    1   42   80   77   45   45   26   51   66   85   39   43   58   46   79    8   18   63   17   21   63   61   22   23    3   24   55   39   15   56   94   27   22   37   38    2   73   22   21   20   72   42   42   60   62   78   11    4   95   32   20   50   13   67   17   56   24   73   16    6   78   28   86   85   46    0   63   53   54   39   23   42   78   87   30   18    3   56   83   81   47   17   34   88   65   32   58   97   63   66    4    1   27   61   71   42   69   84   55   91    9   39   21   10   75   39   39    3   77   12   68   14   13   41   64   83   18   51   33   35   43   42   52   38   31   45   43    6   49   24    6   61   21   72   20   95   57   24   46   96   69   33   67    9   99   32   58   25   92   62   40   24   12    0   83   24   19   12   44   17   58    9   51   66   86   44   72   51   67   84   52   40   45   66   86   11   81   36   55   75   29    5    7   47   38   65    7   82   60   18   84   33   99   79   63    9   23   49    4   33   62   41   18   50   33   40    3   38   58   15    0   81   40   30   99   32   55   34   41   23    9   94   30    0    0   11   37   53   21   65   38   31    7   40   54   65   20   83   95   25   17    7   97   67   44   37   18   50   79   96   67   74    1   76   71   16   95   59   71   92    0   24    0    0   57   56   15   15   56   48   74   79   64   89   29    5   27   51   48   64   20   14   37    4   91   15   96   85   65   55   69   29    7    1    6   35   10    6   58   59    6   23   19   86   10   86   65   78   21   96   32   45   86   19   99   93   43   11   49   66   25   88   11   40   63   43   55   93   24   61   36   33    4   28   78   91    0   12   15   91   80   38    9   85   86    9   33   52   89   56   24
  67   41   41   82   81   30   50   89   75   28   59   37   81    4   21   82   72   83   62   30   52   72   96   78   67   36   71   62   40   61   60   31   43   25   68   20   57   30   87   61   30   78   20   23   83   90   58   19   75    9   52   18   86    0   41   43   73   25   75   80   91   20   97   84   70   74   91   96   15   40   90   51   76   51    3   32   25    5   96   18   81   23   47   48   19   76   22   71   68   34   29   66   81    6   86    3   58   60   63   89   76   50   77   49   40   83   46   60   80   90   37    6   27   25   64   20   34   40   82   98   11   48   20   99   21   40   75   76   44   47   57   57   59   71   55   60   85   16   93   91   96   18   41   70   67   85   18   72   64   56   53   52   63   39   10    2   85   34    9   54   16   90   85    7   37   70   96   16   82    6   35   70   57   16   77   46   86   79   94   26    2   24   26   64   55   16   10   73   22   96   93   16   72   76   15   28   53   48    9   15   99   87   83    2   57   52   98   78   21   97   85   50   93    1   67   24   86   14    4    6   87   62   38   59   59    2   94   78   18   29   66   23   74   15   84   74    4   33   27   31   35   19   23   51   86   97   11   38   68   29   93   52   45   82   30   74   25   59   76   66   90   51   60   51   27   73   28   20    1    1   49    5   86   55   65   31   87   91   80   31   35   34   19    4   43    7   45    6   66   57    8   36    8   57   99   36   13   84    9   82   66    9   30   78   24   74    2   99   42   50   42   86   35   73   55   36    7   13   48   80   56   11   52   68   15   83   25   31   20   53    3   43   21    5   35   24   42   17    3   73   14    0   26   15   50    4   36   51   77   76   82   15    6   31   70   28   46   93   88    7   29   91    2   78   31   32   27   63    4   56   82   23   89   86   88   75   99   47   45   29   26   42    0   56   95   57   98   67   58   92   26   90   33   59   19   51   76   40   52   84
  65   38    0   33   56    5   76   48   71   49   82    8   73   99   92    7   32   22   46   23   44    0   67   64    5   12   66   18   65   43   50   82   13   38   38   73   55   64   55   67   54   93   35   87   21    8   41   63   45   20   12   63   82    4   27   66   48   27   40    3    0   62   17   26    1   97   93   17   95   50   16   55   10   68   37   61   93   81   73   67   97   47   16   13   77   24   95   14   29    1   47   82   39   94   77   85   31   90   45    1   14   90   95   49    8   14   28   95   42   52   59   72    8   53   82   62   74   51   22   92   92   60    1   43   64   59   69   66   94   90   65   11   66   52   34   55   95    8   86   67   74   53   13   77   32   46   44   61   66   45   22   20   61   24   68   88    9   37   49   86   10   31   19   57   10   88   73   45   12   43   80   86   67   76   28   20    3    8   97    4   65   29   35   62   98   96    4    2   81   28   37   71   19   92   18   68   11   95   77    5    2   59    8   63    8   99   16   97   69    4   15   94   42   26   89   62   49   15   83   96    7   29   40   34    8   18   83   41   95   37   16   40   68   76   15   35   72   86   18   34   55   60   49   66   39   35   45   81   74   30   27   53    6   79   84   28    2   44   16   71   57   45   80   38   24   33   74   85   81    6    4   39   55   36   67   60   62   90   75   71    8   61   30   82   78   74   97   62    1   88   14   34   94   52   81   53   28   71   64   86   31    5   41   18   80   28   81   46   75   89   19   78   41   22   75   70   72   79   64   15   14   36   87   47   16   10   59   35   62   86   30   10   22   62   13   62    4   15    9   49   71   37   59    8   11   76   81    6   41   29   56   33   10   66   57   85   21   62    3   19   50   58   77   62   43   10   47   97   45   63   63   57   93    7   74   46   67    4    9   21   98   93   92   72   21   46   41   87   30   12   57   19   34    6   17   35   58   30   47   46
  14   15   22   36   58   79   68   22   20   45   31   35   10   95   54   94   65   18   10   19   85   78   85    6   35   76   86   18   78   49   21   66   68   64   12   68   90   62    9   68   52   28   79   18   83   88   97   35   75    2   16   72   89   57   38   75   16   20    2   95   53    6   54   31   49   97    4    0   70   65    1    1   96   10    1   91   78   18   72    6   28   77   96    0   75   37   97   75   22   24   12    1   34    1   81   15   85   98   74   64   54   58   43    5   88   95   29   55   53   22   34    3   69   62   48   80   37   35   68   21   93   20   59   92   41   55   74   42   33   55    4   38   53   27    3    2   98   98   11   67   44   22   57    6   70   36   47   69   17   41    0   47    5   13   88   88   30   77   21   73    1   66   98   81   30   94   50   29   15   13   37   47   18   18    5   18   54   56   22   41   90   50   92   77   51   71   96   52    7   66   54   16   59   67   14    9    2    0   85   44   27   87   77   65   60   98   99    1   29   53   11   22   71   64    0   36   75   85   80   99   59   22   77   48   84   52   98   58   55    2   54   99   31   30   28   40   10   87   18   43   60   53   82   54   54   61   73   61   58   33   89    4   14   27   55   28   24   69   75   92   74    0    7   33   13    5   97   42    5   52   19   62   59   96   31   86   43   87   47   64   21   91   28    4   62   35   70   97   14   24   17   64   87   73    3   69   99    6   56    5   52   36   30   16   59   42    3   28   63   93   67   87   59   96   45   40   30   59    6   44   42   40   47   24   45   83   66   80   65   93   77    5   67   18   66   86   96   91   69   87   55   32   38   70   64   82   52   34   90   77   42   70   94   21   27   73   26   33   92   89   18   30   73   51   77   98   12   99   73   87   48   40   40   69   85   58   72   24   30   14   69   26   49   33   73   56    6   13   50   92   28   92   97    4   64   19   14   46   64   84
   6   56   58   76    3   92   10   37   48   76   35   67   49   81   87   88   50    9   93   92   38   61   51   27   90   70   24   80   11   48   43   73   93   84   43   40   36   64   89   51   21   93    9   19   56   68   69   31   20   46   55   43   61   28   22   23   38   12   62    5   19   90   15    6   70   72   58   97   47   79   67   32   31   38   88   81   75    0   26   62   22   44   34   66   25    0   19    4   62   87   92   93   96   26   87   59   38   95   75   27   58   31   44   94   97   51   43   51   27   63   36   21   31    7   87   68   53   46   77   66   36   93   58   10   90   84   97    2   58   18   84    5   22   10   64   55   25   12    1   77   64   91    9    1   21   58   71   77   95    6   16   52   26   94   17   14   72   89   21   68   78   81   72    4   27   52   11    1   71   67   31   48    1   23   82   50   68   34   85   69    9   21   33   38   81   92   81    7    7   54   29   82   88   61   44   54   57   64   31   37   19   19   11   15   52   39   96   70    6   73   54   12   77   37   28   14   43   78   39   46   29   66   71   99   51   38   28   63   39   57   79   93   81   84   92   30   14   64   25   69   70   72   27   80   90    8   76   65    0    3    7   74   77   23   25   51    1   62   88   44   29    8   37   36    6   75   46   16    5   50    8   66   71   14   75   88   80   87   27   98   45   85   19   22   49   68   80   19   92   71   80   31   64   49   22   61   50   38   63   57   98   90   91   30   41    5   89   93   64    4   43    2    1   49   75   70   11   55   18   25   94   15   29   93   18   34   70   10   69   59    3    9   35   53   66   68   10   74   81   79   43    5   71   41   75   70    2   28   71   29   81   14   22    0   22   73   37   29   43   81   93   22   86   84   72   88   57   90   55   78   29    6   41   30   18   54   88   61   22   50   48   53   68    6   91   50   65   22    4   38   88   24   77   43   86   20   51   92   88    8
  14   89   93   78   19   24   10   77   75   60   93   66   13   34   49    3   60   20   64   30   59   37   27   77    1   65   93   54   21   40    5   68   43   12   93   73    2   90   54   24   41   90   19   68   64   24   11   74   99   82   13   93   40   75    6   85   63   59   71   48   57    7   89   23    0   87   60   78   86   34   27    5   63   33   17   43   85   19   22   57    1   98    2   27   16   76   88   23   79   63   15   21   62   71   35   68   15   71   10   99   96   46    8   34   63    7    5    0   72   32   44   81   67   11   43   70   74   79   74   26   59   52   13   40   19   20   43   96   86   57   55   73   70   70   85   46   48   66   53   30   28   48   65   65    4   78   35   45   68   89   68   49   16   95   37   15   81   69   53   67   30   59   43   13   76   45   32   90   42   64   79   61   10   12   24   95   56   32   91   45    4   52   52   83   49   79   34   75    0   85   72   13   61   60   70   38   74   51   37   66   63   80   95   13   46   94   81   97   12   23   80   30   96   41   34   22   66   47    9   93   46    9   61   28   36   14   45   87   52   92   53   64   35   32   53   11   10    8    9   73    6   95   49   18   83   34   85   16   21   49   51   99   58   48   67   37   43   35   42   41   17   20   61   49   87   72    1   82   11   99   72   66   38   71   62   34   19   52   12   96    2   81   42   42   29   20    6   82   54   47   64   13   51   54   75    3   13   41   34   78   91   12   93   61   87   88   84    6   79   95    9   66   69   22   83   52   71   27   57   23   29   31    2   15   20   72   97   25   65   65   51   95   11   70   27   41   84   69   98   59    7   37   68   80   85   57   71   81    7    8   46    3   18    7   79   95   46   41   75    9   61   76   46   46   26   86   36   76   13   98   83   98   90   14   83   83    9   71   52    3   61   59   56   35   80   28   92   96   87   33   71   29   96   54   43   96    7   40   13   65
  10   44   12   22   79   86   42   85   92   20   96   95    0   83   83   59   58   32   88   15   44   86    1   64   66   63   41   23    8   96   78    5   19   33   16   45   42   45   35   70    7   74    3   57   66   27   80   13   49   43   81   37   85   22   20   19   44   87   36   16   39   88    7   22   18   78   11   96   86   91   51   28   16    2   40   51   57   26   88   82   86   35   18   75   71   66   60   18   62    8   29   22   14   40   93   59   63   80   76   84   74   33   53   67   11   58    8   57   96   99   93    0   48   35   76    2   70   32   31   89   92   80   72   11   44   57   66   81   74   41   83   10   34   80   86   51   34   90   13   74   80   23   72   89   71   17   35   53   94   77   40   17   74   22   14   17   32   88   98   62   55   94   22   25   68    5   16   38   82   60   77   28   19   34   31   39   75   23   37   83   53    5    3   33   14   49   99   65    6    4    2   76   24   22   44   51    6   91   67   52   92   97    5   85   64   55    6   60   36   89   13    4   23   42   65   69   66   12   81   88   66   54   52   58   18   57   53   50   38   75   41   78    6   91   93   10   66   44   10   17   31   35   62    8   80   83   82    6   45   35   32   86   88   85   51   97   17   14   77   11   55   40   20   19   72   82   62   66    0   42   85   25   69   76   36   25    8   92   35   96   78   24   35   72   46   59   26   20    9   42   10   94   42   34   70   95   12   53   60    1   25   72   26   88   86   38   35   40   19   24    6   66    5   68   24   51   66   37   44    3   10   27   19   27   90   69   69   22   33    7    8   80    9    8   30   10   79   65   59   43   64   88   51   88   54    0   92   86   64   16   24   72   54   64   53    1   60   18   52   21   24   15   82   16   31   62   81   48   52   33   50   43   56   25   16   81   21   35   91   13   58   23   21   22   40   36   79    9   54   98    9   55   43   14   63   22   62   62   23   64
  20   53   66   81   58   56   47   49   80   30   97   97   60   50   29   48   69   97   60   79   58    1   73   71   66   25    3   62   14    0   56   94   95   15   98   12   77    7   41   23   39   65   43   55   33   87   66   87   49   19   58   65    8   13   61   52   50   56   71   78   41   61   17   13   16   50   58   26   38   69    0   94   78   57   15   76   76   75   47    4    8   36    0   14   96   80   54   31   79   47   71   74   89    7   93   68   72   43    3   77   21   11   19   33   28   97   91   85   43   46   44    6   51   75   85   96   21   66   44   71   59   74   58   73    3   88   34   38   16   80   47   18   19   90   70   70   32   29   61   86   54   14   86   54   97   23   21   93   51   76   81   57   76   95   92    1   75   69   53   38   24   78   37   85   30    8   93    1   50   14   79   69    9   88   34   94   61   61    9    1    1   76   64   99   98   38   58    6   61    8    6    4   53   41    5   53    9   83   34   76   92   39   99   94   27   23   71   12   27   95   85   36    9   20   75   18   49    9   90   20   31   69   86   99    1   54   24   39   76    0   75   15   80   37    5    7   30    4   83    4    3   95   14   78   86   35   93   77   45   31   88   10   82   97   83   29   39   80    2   84   94   62   50   25   61   79   85    5   38   14   90   44   95   44   64    4   54   54   22   26   83   64   56   94    9   96   89   38   48   22   91   83   51   54   63   79   50   88   94   22   81   38   86   24   90   56    5   63   89   74   81   60   51   65    1    9   36   59   16   31   84   23   84   46   94   88   71   78   92   67   15   89   60   82   44   69    8   82   81   51   79   35    7   62   89   72   24   85   29   96   34   46   70    6   23   99   36   86   21   64   44   43   54   80   89   55   44   19   31   20    4   66   44   68   69   55   96   64   88   83   15   82   26   78   47   66   75   15   26    4   30   57   54   53   48   83   75   12   35   18
  41   15   97   96   25   38   44   35   88   21   61   84   30   86   78   17   27   37   91   61   38   36   84   39    2   77    2   75   24   91   69   40   70   98    8   28   49   53   84   93   87   84   70   63    8   33   70   51   90   60   89   79   14   57   11   93   86   38   45   52   33    1   79   22   32   45    6   68    0   17   43   10   95   35   53   69   32   66   16   39   57   55   51   60   67   83   28   54   86   32   73   33   74   40   98   88   76   59   91   29   61   90   55   50   59   41   30   60   74   79   39   41   78   94   90   94   10   32   22   29   29   25    9   23   21   80   18   49   95    7   58   14   14   34   90   31    5   19   89   68   19   88   95   66   73   71   69   58   86   74   55   78   23   81   61    2   27    2   44   63   16   66   63    0   60   51    0   58   57   59   69   12   84    8   38   35   97   49   33   96   23   10   42   87   98    4   62   89   59   77   23   62   85   57   45   92    2   71   63   83   77   56   95   44   97   71   48    1   44   81    6   55   57    3   18   88   40   50   93   86   46   53   70   82   32   76   90   37   90   62   46   89   34   92   75   31    5   63   43   16   10   77   49   86   75   49   46   33   22   85   75   66   52    4   25   95   75   62   26   25    9   40   93   17   31   15   61   34   95   87   24   69   18   99   84   54   53    3   78   34   90   33   54   10   95   75   44   41   58   96   44   64   34   24   32   43   22   46   24   39   14   37   30   66    4   14   96   63   59   87   95   17   47   60   58   54   17   67    2   16   96   60   17   65   36   19   89   22   38   28   14   87   69   45   17   32   78    4   55   30   64   76   18   90   28   76   12   87   65   52   79   54   38   23   60   32   27   96   23   64   24   29   80   73    1    1   30   86   83   50   98   10   52   16   49   80    5   34    0   31   75   69   24   89   20   39    0   81   55    1   31    2   72   29   69   11   47   18   95   94
  36   93   70   47   57   90   36   71   76   88   80   96   15   67   18   24   25   87   34   88   36   51   10   20   93   98    0   14   75   85   72   37   36   12   13   89    8   98   60   79   86   67   29    8   50   38   80   15   72   51   20   45   78   11   26   20   56   91    2   57   68   51   73   33    8   77    5   48   71   12   80    9   56    2    7   56   19   50   58   29    2    2   75   63   72   50   86   43   21   86   42   75   65   76   94   25   82   48   34   67   94   17   37   41   95   53   75    6   51   34    4   75   95   19   98   96   72   20   80   13   59   85   90    5   90   86   65   39   79   81   12   81   44   57   88    6    7   49   75    6   24    5   58   69    7   37   65    5   26   42   39   79   71   95   41   28   80   80   40   63   28    0   76   58    6    7   65   85   29   45   87   80   46   82   14   40   98   25   10   31   75   12   55   41   88   61   74   89   65   64   94   44   30   22   42   44   30   87   16   28   97   61   16   60   57   61    0   42   48   88   98   75    8   58   94   27   72   19    5   73   88   30   77   47   75   94   81   88    4   36   43   87   37   30   42   83   60    2   19   55   31   56   43   12   78   62   51   68   57   43   85   47   85   73   59   14   87   76   89    8   87   16   81   72    4   89   18   56   43   27   73   34   98   89   64   46   46   87   99   81   60   27   17    9   44   66   20   56   67   81   65   58   17   53   64   98   43   96   84    0    6   41   93   46   11   46   41   12    8   37   81   27   28   39   41   90   91   46   78   77    9   13   64   99   36   83   80   56   78   10   27   65   30   10   19   65   60   72   21   85   66   99    9   67   24   38   19   96    2   42   28   82   26   36   48   78    6   70   13   35   88    5   42    0   52   54   13   89   64   12    8   28   42   91   32   76    0   61   79   59   49   47   33   60   84    5   44    0   42   45   14   13   10   57   33   73   87   87    8   51
  71   54   41   52   12    0   21   71   32   49   46    9   46   54   77   66   45   61   20   37   34   85   50   31   83   18    4   56   53    4   49   10   39   35   89    0   19   13   61   56   90    7   48   24   47   54   87   65   28   73   41    2   88    6   93   37   83   38    5   73   12   30    5   19   37   56   70   35   23    7   85   82   57   27   73    4   83   65   79   22   79   11   26   15   71   96   36   36   66   62   48   56   40   40   75   48   75   21   28   20   84   14   28   57   42   26   56   27   10   83   91   60    8   31   42   99   36   82   56   23   16   83   59   99   39   87    8   17   95   42   62   57   99   61   83   50   75   24   43   80   75   23   75   19   80   52   69   97   88   95   55    5   68   63   84   65   89   99   39   51   10   36   22   91   38    7   25   15   83   82   29   31    8   63   29   39    4   24   31   69    4   84   54   83   81   51   72    7   45   87   48   83   82   10   72   72   51   79   48   84   48   92   23   95   62   62   77   61   28   28   74   59   53   64    1   81   29   66   87   80   15   23   19   64    2   26   44   31   79   38   17   31   19   17   92   93   82   45   65   88   23   41   64   37   20   96    2   98   77   16   69    4   70   71   58   26   37   74   69   50   45   43   26   39   89   72   77   81    6   58   89   41   45   39   82   28   49   42   32   67    6   39   18   31   87   78   54   82   37   44   85   88   65   29   34    6   89   59   54   57   45   12   56   48   71   27   83   63   68   63   96   62   54   12   49   23   23   51   91   32   79   52   23   20   63   40   81   79   56   61   38   78   24   78   21   10   52   24    3   61    0   62   94   45   91   98   41   71   60    9   89   74   37   31   97   16   88   19   84   85   67   56   97   42   55   53   38   96   71   52   41   11    1   39   23   12   21   30   88   90   54   39   23   88   52   51   89   13   64    6   38   36   91   53   43   50   91   57   96   65
  15   84   24   56   37   76   86   19   57   87   17    8   27   37   99   71   79   75   69   42    4   31   94   95   26   42   91   10   27   52   80   37   42   99   26   93   72   87   53   54   32   42   74   63    7    8   93   99   83   40    6   42   44    1    6   15   31   93   48   63   97   28   65   73   50   81   56   96   54   97   38   67    7   26   84   99   51   45   49   61   69   78   68   31   27   34   92   36   94   60   68    3   36   31   86   26   86   92    8   52    4   99   79   20   67   11   50   10    2   50   68   64   43   68   12   34    0   32   39   88   55   32   13   64   11   13   94   30   67    2   58   56   41   15   98   41   49   77   78   95    3   72   21   31   88   11   41   76   95   56   63   36   25    2   55   52   32   38   57   17    9   41   61    5   12   14   75   23   95   25   50    4   44   47   87   81   46    7   17    2   99   27   77   79   79   27   39   53   12    5   63   22   30   43   71   52   95   56   46   57   90   43   27   96   39   93   49   94   71   54   23   41   82   96   69   74   70   73   47   90    0   88   98    2   69   90   96   71   79   55   34   50   51   43   87   15   48   50   78    6   27   37   36   39   22   87   66   67   20   51   15   23    1   20   36   18   95   10    4   75    2   45   32   33   67   64   96   87   40   44   46   59   86   18   44   19   72   29   86   13   70   84   41   69   51   25   64   91   11    3   13   54   83   99   21   15   72   36   95    0   40   78    7   31   14   41   37   12   41   30   47   11   66   33    3   87   49   74   44   53   51   33   90   56   37   58   39   99   60    0   68   46   37   94   44   73   53   32   64   43   86   37   47   69   78   61   66    6   95   17   30   53   41   75   58   47   32   35   65   35   90   60   94   62   96   73   31   47   65   42   87   59   42   40   42   67   18   64   88   76   25   11    4   58   92   38   29   89   74   75   99   85   67   96   81   43   73   22   29   81
  22   36   39   87   46   37   45   76   38   35   56   61   81   14   72   18   68   42   64   21   81   40   72   36   27   89    5   27   28   87    0   80   82   85   87   25   74   85   86   79   73   97   78    5   73   84   91   82   24   90   48   51   92   16   31   60   60   98   16   57   49   72   84   42   81   66    1   23    6   28    3   85   76   14   87   85   98   21   38   14   63   74   21   11   90   41   18   53   11   76   79   68   58   84   14   13   56    3   70   64    1   27    1   21   16   75    7   17   38   15   49   87   77   71   65    9   51   97   58   52   53   17   68   30   72   38   42   62   58   63   83   43   42    0   70   62   95   23   57   70   21   83   53   61   46    5   48   21    6   74   26   79   43   43    9   89   19   16   69   22   88   77   13   59   89   74   86   99   21   88   70   26   86   63   65   14   42    0   64   35   17   72   63   45   94   74   86   68   94   89   94   54   53   39    8   29   77   53   14   90   59   51    0   48   13   97   78   31   51   27   47   79   54   81   41   55   44    2    5    6   69   61   71   13   43   65   11   37   98   56   77   66   85   16   11   74   50   51   54   12   91   28   24   55   56   36   31    9    3   13   16   98   10   16   74   13   89   86   85   64   33   12   12   95   42   46    0   72   15   32   73   81   90    4   78   73   59   16   20   13   50   85    7   61   25   34   52   97   63   88   25   76   35   57   87   22   75   67   50    6   73   23   74   12   48   43   23   79    4    5   91   76   77   42    6   24   24   90   81   57   68   86   11   62   81   45   96   77   79   10   26   14   33   87   19   13   67   23   12   73   99    8   12   70   27   49   31   65    2    8   37   19   41    7   92   61   94   21   60   17   23   91   12   73   57   24   40   40   11   71   28   35   86   95   40   98   69   51   38   47   77   75   94    0   59   61    7   37   72   71   63   95   53   21   99   73   13   75   90   56
  45   27   36   72   60   56    4   33   68   71   17   50   77   38   77   65   59   75    0    9   18   75   84   10   36   44   14   29   66   35    3   25   90   40   55   58    5   88   72   18   18   57   90   69   82   88   62   40   87   63   69   44   43   99   37    9   49   89   69   47   17   64   79   43   92   54    1   58    9   27   51   22   50   80   41   36   42   23   65    6    9   90    8   19   20   85   89    2   26   25   50   34   86   61    6   86   19   11   25   70   41   36   62   30    4   35    6    8   37   43   23   37   92   76   87   47   71   52    2   73   71   84   11   87   72   74   30   21    3   37   79   83   17   21   25   79    7   54   59   99   30   91    0   99   31   77   38   44   10   14   63   33   65   72   10   61   80    8   84   37   15   59    4   36   89   10   47   28   19   23   41   49    3   69   72   67   15   50   45   40    8   74   15   44   30    6   91   65   96   63    1   88   41   57   38   81   43   73   76   25    1   66   46   38   48    4    1    7   37   66   27   84   30   98   33   18   25   95   10   63   70   18   15   74   77   51   38   24    7   31   73    6   42   68   18   21    1   87   53   90   11    5   77   24   86   84   77   43   93   56   38   39   73   67   45   97    3   34   49   27   30   76   59    1   38   51   31   68   61   75   33   65   70   47    3   50   87   70   86   67   26   23   27   87   42   23   50   70   49   20   70   63   44   20   43   77   22    9    7   93   87   43   88   12   82   29   69   58   88   70   21   71   90   12   19   21   22   79   88   34   53   62   56    1   58   94   25   97   25   88   81   84   29   92   61   79   94   54   85   35   56   88   96   44   53   59   90   61   25   98   62   81    6   70   15   30   57   62   57   63   79   88   65   65   82   83   27   91   55   82   64   24   40   14   19   81   26   15   47   12   45   92   90    3   49   93   39   20   66   48   56   58   72   79   20    4   40   34   31   50
  64   59    6   89   20   80   35   24   94   48   38   14   82   51   10   66    8   80   61   15   27   55   54   76   72   27   19   16   50   37   37   22    8   27   53   48    4   94   56   18   64   52   48   79   42   65   12   77   91    5   21   86   18    1   66   13   38   81   71   91   13    8   41   41   97   74   58   37   99   99   53   17   98   43   24   78   87   90   28   45   78   87   98   84   30   50   77   12   57   97   16   63   42   94   87   63   28   82   44   70   66   43   47   47   76   71   95   27   84   52   10   44   83   14   60   44   50   14   20   15   53   86   65   27   33   46   61    2   19   94   14   77    8   86   27   83   68   50   94   42   42   70   97   69   82   55   26   69   28   46   41   51   28   53   51   86    0   97   98   36   16   55   68   87   58   47   34    7    1   85   76   13   96   49   64   46   44   13   49   41   97   51   14   66   99   53   66   76   82    0   95   95   57   77   89   14   41   63    6   92   45   32    4   21   64   55   38    2   47    1   28    4   80   73   59   26   61   87    8   65   20   73   23   63   53   56   59   38   14   69   13   67    9   10   51    7   52   55   50    2   67   73   67   34    1    5   40   96   14   35   44   94   20   67   81    8   84   31   58   49   38   15   50   68   62   80   53   75   74   57   15   19   39   92   77   52   52    2   25   64   71   35   91   51   95    7   24    2   21   79    8   91   69   86   80   24   78   15   11   63   40   77   11   42   29   47   77   50   72    8   62   67   78   98   71   38   68   22   24   59   43   85   32   67   70   80   53   41   97   79   39    8   41   19   94   88    2   69   43   96   54   81   98   84    3   66   22   21   15   87   89   33   23   21   17   77   12   84   25   36   53   23   67   13   86   68   42   41   91   44   20   95   86   92   26   59   86   13   89   41   63    8   38   39   29   21   59   62   73   34   10   74   42   82   13   78   40   53   55   20
  35   39   27   41   48   27   29   66   18   35   23    7   23   53   89    2   54   41   76   46   75   83   50   82   59   58   29   14   59   31    2   47   60   68    1   99   78    8   93    9   25   20   11   51   80   12   19   78   23   20   17   86   81   44    8   34   81   17   23   23   64   98   49    9   73    3   65   15   43   84   15   34   69   74   51   98   94    4   13   35   10   80   50    7   99   89   20   34    1    0   76   56   58   21   89   28   72   14   39   20   24   93   49   48   22   22   35   42   18   74   52   68   33   86   77   13   28   50   13   62   29   47   46   72   24   46   37   31   67   46   67   17   45   25   63   68   45   57   32   58   98   84   53   20   31   54   69   25   72   47   37   93   64   32   77   75   11   26   23   40    8   16   20   23   55   30   56   56    0   46   71   64    0   26    5   74    2   64   98    9   83   69   30   43    8   64   50   38    8   63   50   43   12   37   68   40   62    2   51   75   26   75   84   32   73   13   59    6   76   24   86   37   16   98   43   26   59   96   43   39   50   54   94   62   20   60   48   14   64   18   53   22   34   72   68   49   71   79   37   98   50   40   63   10   64   64   55   16    0   34   33   31   74   99   25   90   21   34   75   51   25   23   50   47   40    2   51    9    8   29   94   96   71    7   27   64   97   14   22   45   11    1   50   54   79   49   51   93   96   31   67   83   63   80   84   26   32   45   87   70   94   48   72   45    0   82   13   81   56   31   68   84   83   44   34   18   40   52   22   57   19   12   86   62   78   21   39   28   15   26   66   86   71   90   52   45   21   33   39    5   92   93   52   26   23   36   54   47   24   33   28   66   36   86   71   50   51   75   34   45    1   24   12   36   50   84   99   18    4   49    5   26   93   65   83   83    0    0   17   63   56   64   42   78   73   55   28   49   62   61   57   11   69   68   56   32   93   73    3    5
  97    8   46   90   30   66   29   97   49    2   38   26   77    9    9   37   46   58   88   26   12   29   93   14    6   14   60   22   20   31   58   84   82   58   12    2   35   35   92   92    1   64    1   39   37   50    3   67   46   34   99   81   74   89   11   67   62   97   56   88   96   82   98   77   68   55   30   60   15   74   11   21   23   59   16   87   73   68   59   75   36   25   24   18   42   91   32   55    0   31   53   32   58   37   40   37   78   65   49   30   61   67   76   53    4   87   85   19   42   50   70    7   18   83   79   19   61   17    5   52   60   39   44   31   25   12   92   59   18   76   23   45    3   88   88   90   32   94   31   78    9   87   99   86    0   84   27   35   81   32   87   97   16   50   26    4   14   58   28   47   30   54   30    6   24   74   77   64   14   17   39   35   82   69   59   28    6   80   46   47   84   10    2   28   54   98   18   69   41   73    5   75   59   31   87   64   40   13   16   99   81   61   76    5   24   84   30   38   61    2   78   42   56    8   10   58   41   29   22   28   29   45   67   84   19   20   82   95   87   11   34   27   28   83    9   96   73   25    3   58   40   52   88   86   84   15   82   73   46   44   98   92   75   15    6   12   60   82   59   58   84   85   58    7   69    9   17   45   13   58   62   69   55   68   24   38   49   91   23   91   89   37   64   44   83   14   17   58   91   66   31   41   32   31   75   63   50   56   76   28   17   26   77   59   68   39   47   18   37    0   48   39   46    4   51   27   74   80   76   54   25   60   24   46   56    1    6   20   95   97   47   31   24   20   66   76   25    6   55   70   27    3   38   83   39   86   77   41   17   70   34   24   73   69   33   21   59   89   30   70   80   65   54   49   36   91   44   39   40   59    0   57   29   63   10   48   43   14   58   26   25   33    6   51   33   15   82    6   62   29   52   80   36   74    1   39   53   10   22   97
  96   68   34   53   27   32   36   86   10   30   72   89    4   64   17   21    6   47   41    7   71   78   58   19   43   30   56   17   48    4   24   43   21   91   48   50   53   64   57    3    9   55   29   79   45   93   73   58   74   16   74   74   97   99   88   60   94   65   30   39   98    3   12   14    8   95   38   44   73   49   65   45    4   18   95   47    7   25   77   56    7   89   92   95   67   72   92   94   75   67    3   39   60   92   14   93   64   46   22   78   40   62    9   28   25   90   25   19    7   96   52   32   79   30   96   41   63   61    4    9   18   38    0   10   58   96   46   45   28   83   46   50   93   60   98   30   50   60   31   79   83   27   77   84   48   29   50    0   97   96   93   93   15   54   64   75   13   67   94   49   83   29   96   94   82   52   88   44   24   60   79   85   85   50   14   12   91   46   46   16   75   26   59   58   51   55   65   95   69   67   56   33   26   23   48    9   50   43   96   58   33   74   61    1   14   85   41   38    0   73   91   46   49   36   69   96   94   92   12   63   27   92   58    1   59   50   26   93   71   54   29   82    6    3   23   39   24   44   37   46   19   36   64   35   17    4   67   31   94    0   94   20   67   25   52   14   52    1   88   72   40   81   17   63   61   57   44   25   15   93   68   61   70   70   27    6   78   59   71   58    7   13   43   46   25   13   64   10    2   37   26   93   11   38    7   94   94   23   71   40   96   35   84   93   50   58   15   38   69   71   90   65   96   88   28    6   56   73   47   47   74   18   36   13   23   52   39   76   25   96   14   46   75   78   81   24   57   13    0   71   89   69   86   37   44   10   54    0   85   39   77    5   50   40   33   20   75   73   53   25   93   99   34   33   70   69   35    7   96   39   35   45   92   10   10   98   60    8   75   69    1   44    8   40   48   13   92   77   77   37   62   93   21   17   61   99   59   80   88   80
  60   16   21    3   53    0    5   74   72   78    8   99    9   13   24   66    3   36   86   33   86   45   21   53   87   64   50   57   60   74   25   14   74   77   67   16   93   95   16   49   88   85   54   41   28   52   58   18   80   57   69   42   65   62   53   96   20   11   95   31   29   92   92   27   35   39    4    9   69   10   87   40   17   14   24    9   50   32   68   16   77   85   64   73   90   34   10   45   34   37   96   20   69    7   96   32    0    6   42   15   71   84   30   92   14   17   83   58   38   57   90   19   83   37    4   68    3    2   19   52   40   95   65   20   28   92   30   58   99   53    3    0   39   87    1   21   13   91    7   98   59   77    2   44   25   70   90   60   26   27    2   54   10   14   90   83   92   98   35   23    3   81   34   42   74   19   97   48   99   52   23   19   38   56   15    1   19   54   53   30    2   96   35   61   32   71   60   44   22   57   62   64   33   54   67   30   53    1   38   25   16   16   52   73   77   92   34   70   21    8   59   92    0   46   86   52   82   41   56    6   97   76   16   28   51   67   51   30   57   19   91   37   60   95   56   45   93    9   38   66   54    4   66   51   12   56   15   67   85   27    6   67   36   27   49   21   16   86   29   79   83   16   26   97   70   35    0   20   13   17   15   63   10   11   15   90   54    2    6   56   77   13   27   27   73   62    9   10   82   95   90   55   91   96   13   99   97   51   83   36   41    9   57   38   64   55   89   70   35    5   84   65   16   41   10   29    5   88   17   14   15   85   65   84   69   17   99   34   92   65    9   90    2   75   19   89    6   27   41   33   64   81   37   76   19   78   96   73   74   33   23   60   60   90   29   60   88   99   11   33   67   21   49   46   84   46   95   87   97   17   15    8   56   24   66   83   98   14   15   68   76   83   33   50   48   55   59   76   20   38   49   33   34   39    8   74    9   62    7   37
  46   67    8   25   85   14   67   12    2   29   84   23   12   20    8   94   19   88   49   89   38   45   77   32   24   49   81   22   34    9   75   42   24   93   13   77   20   81   94   53   43   28   27   74    4   44    5   96   51   26   34   83   70   32   88   79    4   82   19   99   82   41   34    7   52   14   89   86    2   49   31   64   82   39    7   45   86   69   64   56   28   41   39   88   59   42   59   40   43   56   16   73   51   68   28   76   98   27   30   36    2   59   95   60   72   90   19   92   40   53   63   21   11   68   16   18    6   28   89   92   49   48   22   99   30   92    0   33   37   73   27   50   34   78   67    8   50   49   84   44   15   98   17   45   12   37    0   92    3   25   28   65   29   67   20   28   12    1    7   45   63   49   82   82    8   99   81   66   74   55    6   62   25   11   17   58   38   80   78   98   51   19   15   95   62   22   10   33   90   73   48   22   68   58   93   87   49    6    8   17   33   28    3   69   21   63   15   54   72   89   82   83   91   21    6    7   41   44    4   13   58   68   11   50   45   80   34   83   17   92   35   51   90   14   46   43   93   36    4   93   13   67   92   95   35   29   18   60   29   39   73   78   61   16   84   75   98   39   26   52   31   35   90   82   57    4   53   81   53   31   49   68   32   61   66   97   33   37    4    9   15    6   24   70   68   64    9   27   17   32   17   85   50   89   12   93   79   38   97   97   51   60   27   28   95   16   24   49   62   74   46   21    9   28   48   49   84   96   31   17   84   80   53   90   29   83   78   16   60   16   94   14   26   99   47   99   29   89    2   16   62   28   48    0   49   76   79   95   89   12   92   52   63   43    5   73   65   87   72   74   69   89   85   37   13   21   44   11   90   57   82   50   85   39   39    9   29   47   37   80   50    8   99   68   88   89   22    8   24   68   85   90   62    7   18    3   32    3   18    5
  47   88    2    9   72   57   76   47   51   78   47   37   92   44   20   85   36   85   42   45   93   83   83    1    6   26   96   26   64   16   52    6   80   43    0   99   11   65   11   61    1    6   13   27   26   54   37   54   16   13   89    3   64   85   98   54   10   22   91   60   88   14   55   62   16   89   19   80   38   86   88   84   19   23   86   18   35   96   62   41   84   53   47   29   30   48    5   14   27   42   92   79   77   86   87   98    6   28   60   37   55    0   77   76   52   35    1   68   88    7   44    8   52   75   21   61   10   22   62   28   20   30   80   33   95   47    6   76    9   90   25   14   86   35   49   65   59   96   99   56   46   64   11   73   71   51   41   22    0   35   64   81   34   27   56   58   80   90   49   30   22   35    2   86   73   70   93   13   73   68   66   42   69   12   97   78   83   65   83   61   20   55   79   35   95   68   91   18    1   40   45   11   65   51   80   93   11   30   95   34    8   49   95   70   59   55   75   52   58    0    1   87   95   63   76    7   60   87   14   67   81   51   99   37   99   96   91   32   53   98   15   84   87   83    6   51   44   95    2   66   79   64   26    0   60   32   41   82   82   32   41   60    5   99   69   26   79   37   75   66   83   76   16   63   48   22    8   97    8    1   26   71   98   84    7   81    3   99   73   31   98   85    9   69    3   98   62   64    4   97   62   14   59   82   57   32   48   50   87   43   83   29   67   41   64   48   81   68   22   97   74   67   85   20   86   58   36   86   24   61   22   38   86   41   76   22   35   48   74   47    4    8   72   87   39   91    1   35   10   43   62   35   68   23    8   40   65   76   47   19   82   71   96   84   40   16   38   61   77   58   46   52   76   96   11   44   54   74   59   63   90   57   36   12   17   29    0   22    2    0    3   65   44   77   50   94   10   91   12   88   97   17   88   26   53   87   21   10    7   84
  42   70    1   33   76   70   60   32   89   93   39   33   59   39   87   45   61   62   64   79   12   11   66   23   28   29   96   46   97   18   12   82   91   41   92   57   50   54    0   89   14   10   15   25   38   13    7   59    6   35   56   47   60   44   99   72   54   82   95   98   48   95   30   65   48   31   58   63   71   38   95   97   19   84   67   48   60   12    9   23   41   52   57   43   12   56   92   34   17   19   38   47   52   20   74    2   39   59   69   34   38   60   56   13   81   86   40   83   22   80   44   24   71   77   44   33   19   45   97   31   73   77   94   62   62   74   56   79   51   76   53   65   95   57   44   49   81    8   60    3   51   92   58   68   57   77    2   97   12   84   60   74   22   33   17    3   76   49   39   69   53   44   70   90   79   62   23   56   11   62   15   33   13   38   98   72   48   59   31   19   50   16   66   24   26   62   62   38   40   11    3   97   32   22   96   42   59   64   23   52   81   33   22   42   87   26   98   12   27   98   49   47   91   92   68   20    2   28   54    9   74   26   33   23   56    9   85   80   97   18   14   60   85   67   34    7   47   33    0   68   58   32   70   97   27   16   46   48   57   63   64   43   23   47    8   47   64   64   36   38   76   89   92   85    0   60   44   44   17   70   73   45    0   63   49   35   31   73   64    5   37    3   74   71   23   67   26   13   38   59   49   67   99   36   59   90   84   25   41   53   28   13    5   73   65   11   85    1   37   33   63   54   57   73   59   60   44   40   71    0   35   16   87   21   68   75   45   92   70   21   44   13   11   21   81   55   41   57   19   75   38   15   33    6   19   28   38    6   50   93   51   75   97   91    9   59    3   45   75   56   74   39   32   40   76   88   74    5   41   53   65   25   62   11   68   59   84   45   96   26   65   27    0    0   98   49   61   89   25   28    4   83   54   98   25   64   90   60   45   10
  87   45   64   75   47    8   56   57   31   18   88   69   30   14   32   48    3   86   45   35   54   37   97   38   20   98   36   71   59   77   85   72   38   16   80   23   53   73   68   54    6   51   72   19   69   25   62   16   25   72   31   40   54   87   95   74   39   18   44   19   12   44   69   40   79   26   56   56   40   47   67    5   54   33   73   43   74   24   35    5   37   31   74    3   79   42   46   87   87   34   18   10   61   23   15   88   75   34    6   55   15   77   90   21   31   68   74   93   39   44   69   85   62   45   27   81   44   11    8   65   40   91   84    8   69   59   97   92   69   80   22   79   56   85   11   23   75   42   50    0   23   67   34   62   26   80   70   87   84   45   22   72   77    4    5   48    0   45   83   20   32   16   71   95   34   80    5   87   46   76   10   41   88    9    2    0   69   93   78    8   47   25   94   51   89   39   35   39   10   90   20   45   70   25   10   41    0    9   25   24   31   18   58   61   67   66   15   41   90   54   52   52   80   17   66   49   54   99   21   25   53   98   27   20   97   15   20    6   77   51   91   43   35   34   59   53   65   49   80   12   46   62   33   54   85   56   91   73   94   87   93    1   43   16   83   72   56    4   61   31    4   32   58   14   62   12   56   77   34   18   63   33   74   91   27   35    9   70   73   19    3   57   28   69   89   12    4   60   46   18   68   54   35   39   29   38   89   46   24    2   15   91   82   84   35   98   93   85   65   85   53   97   49   71   55   81   99   36   31   65   65   14   24   13   73   82   80   50   74   25   44   44   26   19    1   21   40   78   43   34   72   17   43   32   95   42   47   22   55   36    2   64   17   59   28   36   58   33   67   59   69   67    2   12   82   25   13   75   39    0    9   78    5   69   80   94    0   41    1   42   32   97   98   29    3   40    0    9   22   68   31   59    5    6   30   18   67   69   40   21
   0   30   71   18   28    9   27   49   61   37   48   97   15   28   20   92   79   93   87   70   57   22    7   46   74   21   68   34   10   93   40   11   57   22   32   33   62   77   22   21   22   91   52   38    9   17   91   59   65   55   23   13   32   63   77   81   70   37   26   76   99   60   25   95   99   65   52    8   47   97   94   60   46   12   74   48   42   42   85   35   55    7   34   87    8   32   38    8    4    8   65   26   13   17   16   58   92   14   55    9   10   74   25   71   80   79   51   75   71   73   17    1    8   22   49   52   73   79   62   33   85   52   39   12   56   28   79   12   57   71   15   74   92   10   95   39   92   80   88   55   83   20   27   24   89   13   39   80   47   51    0   12   74   77   43    1   73   27   34   19   56    3   28   36   65   93   71    6   69   38   62    9   34   34   80   40   96   62    7   29   70   59   79   55   87   39   21   53   64   67   93   34   35   23   15   71   71   21   60    2   44   41   39   89   66    5   93   61   83   21   48   50   80   59   40   90   66    1   42   86   86   37   88   20   40   20   24   53   15   76   77   66   27   94   86   15    0   20   18   34   44   88   61   59   72   51    3   83   95   21   73   56   32   23   53   51   83   17   14   72    1   66   20   27   81   73   98   18   90   53   27   37   60   96   19   52   44   87   13    7   22   63   20   76   59   56   89   86   69   93   78   75   79   52   12   38    9   21   35   14   39   31    0   63    0   29   34   98   33   32   70   27   77   93   11   51   44   84   18   68   44   35   60   14    9   55   51   65   27   21   27   89   44   86   95   90   82   80   51   37   47   74   37    1   72   25   55   77   13   77   74   26   20    5   74   13   72   37   42   90   46   27   87   23   24    2   94   20   69   13   34   34   93   58    9   97    1   91   36   86   26   55   37   48   34   71   33    9   11   63   78   18    1   62   94   19   81   10   35    4
