  90   74   20   99   99    4    2   24   79   59   51   41   47   63    6   58   22   78   19    7   43   44   51   86   69   36   72   50   22    2    0   22   81   46   45   39   25   71    1   61   93   88   36   85   23   24   34    1   26   85   76   32   31   34   11   15   99   69   67   28   85   17   96   50   33   75   41   26   68   72   60   46   32   40   87   35   96   14   16   33    0   87   34   10   61   95   99   10   79   36   83   60   73   83   89   14   72   14   94   62   19   29   89   64   22   82   71    7   28   84   35    3   60   89   55   97   11   66   64   98   52   82   14    4   71    0   87    2   68   45   64   62   44   48   50   67   71   44   35    4   77   22   43   99   78   34   47   32   62   15   95   98   29   23   53   64   64    4   71    6   34   71   88   63   15   68    3   23   12   98   36   55   79   96   99   16   39   40   79   33   23   75   49   74   37   48    0    1    0   17   34    5   16   84   85   28   94   11    3   35
  26    7   84   97   27   31   71   93   28   68    2   56   98   47   64   68   63   68   88    1   88   90   90   36   58   35   84   40   31   68    4   37   20   37   44    6   86   41   35   14   99   85   48   33   46   96   22   68   90   75   87   94    5   23   14   56   40    4   55   10   40   36   89   68   62   83   18   25   75   74    2   22   22    0   66    5   84   58   76   49   97   27   55    0   83   56   17   81   98    6   84   73   35   63   78   47   66    4   92   92   21   47   23   39   27   86   69   84   79   72   16   82   78   12    8   76   39   32   39   86   36   37   39    5    3   41    1   75   42   50   33   76   42    3   48   17   59   56   47   38   59   68   87   96    8   65    8   41   74   54   80   91   97   67   67   80   23   30   34   74   35   13   79   74   59   88   79   90   25   11   34   82   92   10   85   47   81   68    6   48    8   33   75   68   70   66    1   58   48   52   21   70   60   40    5    6   35   53   99   72
  48   29   16   14    7   91    1   86   58   61   95   78   14   96   17   56   64   24   63   63   97   91   39   69   82    2   68   91   12   75    6   40   81   98   72   72   25   82   65   94   60    3   51   77   78   38   17   86   82   87   67   82   40   77   48   79   14   29   21   40   81   11   73   83   67   64   13   61   22   24   86   61   99   45   35   99   62   86    4   52   81   80   71   16   54   10   80   63   19   72   71    5    8   20    7   53   87    6   61   42   83   48   66   92   13   31   26   16   64    0   38   12   61   75   46   44   44   19   37   93    4   78   16   11   28   26   31   84   90   69   14   94   84    7   38   77    8    7   60   33   44   75   54   71   12    0   25   20   32   77   15   12   20   32   19   18   57   11   15   83    1    6    6   53   69   69   69    5   34   63   68   33   84   83   76   79   97   79   58   39   36   82   29   62   50   37   45    8   70    6    7   25   53   29   88   92   39   99    8   14
  34   94   50   70   65   49   93   95   44   71   62   59   10   20   99   24   65   91   60   21   85    3   72   26   64   48   56   38   52   93   82   41   94   88   62   59    3   52   21   16   85   27   61   86   59   77   77   44   92   90   33   81   18   11   53   60   58   79   39   80   90    9   44   22   65   41   28   25   35   10   10   62   94   50   92   15   97   58   74    6   60   38   89   79   86   89   72   24   28   85   60   89   79   60   15   98   24   24   14    6   37   84   86   49   31   34   91    5    5    6   88    9   94   18   54   97   11   28   72   81   90    1   77   32   55   90   90   18   47   28   61   82   31   12    6    5   36   96   25   40   67   65   27   12   15   22    8   45   64   67   90   29   65   88    2   78    8   55   83   45   55   61   57   73   85   13   41   85   38   48   74   93   25   95   70    3   86   38   28   52   57   53    5   82   34   14   56   62   10   94   60   99   67    1   20   97   55   12    7   53
  59   24   19   60   43    3    5   23   56   30    1   91   69   58   24   70   94   67   29   39   92    1   22   10   64   45   13   94   55   24   94   69   12   82    5   90   39   29    5   93   55   60   85   50   28   77   53   23   84   81   24   64   92   79   19   85    5   61   51    3   72   29   85   87   59   62    5   89   68   38    8   50   90   86    9   76    8   37   44    2   13   88   62   78   57   44    1   54   77   20   49   41   87   16   10   21   15   84   26   36   25   81   66   47   79    7   67   36   37   15    9   69   85   91   24   76   11   77   56   86    6   77   46   56   53   71   59   41   43    7   72   70   56   72   26   22   92   95   85    5   54   73    3   96   78   30   50   91   85   82   98   74   93   95    1   65   33   49   16   67   83   41   69   32   74    8   88   37   50   80    2   94   61   97   55   20   58   57   92   57   40   17   32   58   36   36    1   94   83   25   13   83   83   89   54   73   72   21   52   26
  75   97    7    7   26   11    0   97   58   77   56   74   68   16   15   48   37   84   30   32   52   19   85    1   84   62   88   29   90   86   45   28   19   15   58   96   56   96   75   68   72   92   85   16   58   46   87   20   81   47   93   79   34   84   18    0   50   38   12   99    3   58   26   29   21   38   66   32   72   44   78   44   36   50   68   46   90   51   29    2   39    5    3   37   29   88   73   79   54   11   85   49   42   60   16   48   60   69   50   99   99    9    8   51   82   51   21   56   94   16   44   63   39    4   66   74   65   66   65   33    1   98   20   82   54   53    2   99   52   83   77   13   94   59   18   58   61   65   32   94   23   49   83    7   40   47   77   78   79   35   49    2   82   30   46   68   77    8   76   37   41   13   71   47   10   14   72   10   52   69   91   15   29   15   87   59   98    4   70    3   10   43   36   36    6   54   34   99   78   43   76   57   49   91   58   48   56   78   74   54
  17   63   43   93   90    0   99   90   90   49   27   60   88   45   98   26   85    6   83   94   70   62   41   87   12   29   13   27   52   33   42   23   35   49   21   93   89   87    0   49   79   34   23   61    0   61   45   68   68   53   58    2   98    7   97   97   71   74    2   94   52   33   66   53   36   32   11   90   66   28   72   69   13   17   23   10   82   15   81   52   11   84   17   99    1   62   31   53   83   78   28    6   28   80   51   75   49   52    6    2   70   20   36   36   63   94   75   63   83   51   14   48   97   77   34   32   91    9   93   67   80   32   64   32    1   45   97   24   16   92   91   84   97   99   91   96   74   31   45   38   50   69   24    1   60   99   86    1   59   53   42   66   42   91   90   64   45   59   90   30   86   59    6   74   20   51   95   77   69    6   85   33    5   95   19   32   14   62   86   51   86   93   87   16   20   29   63   86   31   66   18   54   77   39   16   41   76   93   61   67
  41   92   86   97   86   54   96   60   60   65   18   83   36   65   84   11   30   94   36   66   56   86   51   42    1   47   58   68   78   77   45    7   25   40   97   76   89   99   13    1   57   26   86   46    0   22   34    2   31   53   89   64    9   41   76   36   56   98   13   47   60   79   83   28   46   83   83   82   66   26   36   65   25   68   51   44   35   77   46   30   38   48   61   99   34   17   97   14   90   14   36   99   16   15   60   19    2   69   95   75   96   52   61   98   50    3   23   62   85   60   40   32   68   89   27   55   42   24   40    8   53   10   47   89   14   25   72   90   95   12   23   98   50   83    1   11   20    8   89   80   39    7   10   26   72   80   53   90   92   76    7   88   90   55   59   77   59   34   69   78   14   67   17   57   10   99   66   46   50   61   12   50   71   26   47   33   16   97   59   39   33   67   10   56   23   88   78   75   14    8   45   35   72   71   39   16   32   50   25   31
  24    6   60   99   95   92   65   74    6   20   70   98   90   63   10   96   31    4   76   17   30   67   96   90   16   17   80   31    7   58   65   99   48   79   53   92   48   67   96   87   40   50   59   12   23   70    7   60   48   48   84   27   79   78   99   82   50   36   78   92   28   36   49   10   31   16   77   49   60    7   57   71   68   79   11   54   48   89   69   95    2   44   70    8   65   23    7   65   42   40   32   68   61   66   78   60    7   15   99   28   42   37   99   82   48   68   55   64   95   67   11   50   81    3   35   20   72   14   62    6   92   31   40   78   37   11   90   11   49   12   69   26   93   20   66    1   11   27   88   99   61   33   31   21   34   49   68   22    3   55   24   40   71   89   53   92   26   71   97   21   73   47   88   30   96   79   70    2    8   66   47   32   84   48   45   32   98   36   25   67    3   59   56   24   76    4   98   85   17   49   19   61   35   48   95   61   86   62   47    1
   8   53   50   50   84    9   65   74   64   23   40    5   17   80   61   86   69   24   81   68   19    0   76   72    8   46   91   79   81   39   12   35   68   84   64    3   59   18   60   41   53   59   63    0   96   57   50   37   10   63   36   90   65   44    3   55   84   46   65   11   40   79   42   88   40   81   64   94   53   46   35   65   98   16   93   97   76   58   86   26   63   80   80   58   38   94   67   76   62   87   47   54   80   51   24   75   37   10   37    5   87   98   26   91   71   95   16    6   92   26   59   90   34    8   79   45    2   34   53   87   22   51   18   29   26   52   66   11    7   73   29   61    7   60   90   43   57   29   28    6   47   94   11   41   83   49   76   37   60   98   59   79   69    9   16   60   34   48   48   79   99   99    7   74   72   86   42   50   45   37   24   64    1   74   84   22   21   50   84   11   43   21   85   88    8   14   15   81   90   37   15   66   89   91   44   78   95   82   47   26
  37   36   98   73   85   77   47   79   63   74   30   23   18   28   97   94   14   55   94   75   61   59   32   92    8   86   87   26   51   88   47   30    7   44   27   85   86   32   21   29   40   66   15   99   70   13   31   70   50   52    4   41   61   74   44   55   22   79   69   74   66   98   87   81   33    6    0   77   89   64   72    8   56   60   15   75   33   19   69   43   53   54   62   41   81   87   48   16   27   77   25   77   66   44   12   53   69   15   82   19   41   53   73   22   33   80   32   61   39    5   51   35   26   85   77   27   52   71    5    9   53   93   92   44   70   49   90   56   89   36   93   72   76    1   80   16   93   18   82   63   39   89   38    6    7   85   38   81    2    7   98   14   68   35   50   11   26   75   53   50   94   41   80   72   46   29   35   87   30   65   12   34   93   53   82   25   76   98   92   43   68   89   81   97    3   53   79   72   15   57   16    9   11   95   27   45   25   89   88   65
  82   10   99   41   40   19   87   16   85   71   77    3   73   96   39   44   11   48   67   29   74    8   67   58   22   34   23   62   63   55   19   21   81   46   43   30   93   23   76   76   24    1   24   26   74   53   43   47   95   94    2   84   36   75   98   51   62   42    7    3   36   82   34   43   53   32   48   60   85   75   81   52   69   14   14   92   60   11   40   96    2   44   83   94   36   91   71   40   77   80   27    8   78    8   77   35   70   60    3    0   62   51    4   97   23   85   11   23   52   52   60   17   26   26   44   92   46   99   25   24   10   21   31   38   71   44   68    8   94   14    3   42   65   23   16   84   82   75   22   53   68   43   17   83   93   16   70   88   54    4   69   92   26   13   25   81   55    1   58   81   18   58   22    1   40   77   66   10   18   53   32   33   43   75   57   85   10   46   55   75   51   91   83   68   39   32   53   46    2   22   83   45   94   24   96   80   35   60   98   63
  93   11   16    0   32   78   96   54   42   93   58   53    8   21   69   69   49   70   69    6   83   69   21   21   95   25    3    3   22   62   45   73   23   23   40   79   50   76    9   40   43    6   31   28   45   16   26   95   14   81   54    7   40   51   27   26   71    3   92   32   38   12   88   22   80   32    3   40   52   46   98   52   77   37   14   49   55   41   76   96    8    6   27   58    4   19   40   37   84   54   87   75   41   97   84   49   85   25   20   79   78   22   75   50   55   84   16   40   28   55   15   11   69    5   41   98   99   17   92   33   19   50   48   37   42    9   26   19   93   49   54   43   88   79   68   31   30   94   93   28   33   33   78   94   88   84   34   31   88   39   21   84   47    8   89   29   30   53   27   82   69   56   20   48   27   96   79   11   52   78   52   12   13   73   52   54   26   26   40   54   46   87   18   47   23    0   41    5   37   63   37   67   29   40   87   24   50   71   36   30
  69    7   26   40   21   53   61   96   60   59   72   20   47   83   17   29   21   95   35   32   81   90    0   87   70   86    8    3   33   84   49   72   24   33   87   49   77   63   17   94   94   78   46   42   29   64   31   18    6   42   81   79   84   60   86   78   80   50    8   38   84   74    1    9   65   97   73   94    6   88   12   88   97   51   53   49   55   82   28   28   96   84   54   20   95   87   32   54   41   84   68   49   96   60   48   92   44   41   38   22   27    9   72   58   93   61    8   62   17    3   66    2   40   89   25   69   37   11   19    7   15   16   88   80   35   72   20   63   20   64   35   85   83   33    4   32   28   42   57   98    6   55   17   54   63   80   55   17   91   40   47   64   26   98    4   15   99   45   89   90   99   72   68   61   68   25   81   18   47   37   76   25   20   80   48   72   87   83   39   17   96   30   76   76   44   16   47   14   35   38   51   18   84    7   98   31   48   87   65    5
  60   56   93   56   99   53   19   50   91    1   39    4   84   51   71   96   83   40   93   47   97   98   22   77   69   77   16   50   15   89   87   58   12   65   43   78    9   40   36   95   29   98   92   58   17   22    1   77   72   32   73   57   81    8   19   80   36   95   88    9   40   73   13   86    9   10   54   24   63   39   27   83   15   49   16   13   20   25   41   46   13    3    9   63   97    2    3   78   72   73   17   86   62   15   11   60   77   78   58   51   69   13   36    9   83   60   77   49   92   92   61   83   65   72   24   98   18   69   60    9   77    7   50   81   12   36   50   92   38   11   13   19   86   77   41   84   91   86    0    9   72   38   15   64   35   91   57   23   93   60   29   14   55   74   83   12   43   99   66    9   91   68   46   77   64   25   79   25   22   59    1   63   55   72   15   58   44   17   45   92   82   16   84   56    4   92   52   91    9   16   90   23   54   60   94   33   75   73   70   52
   7   26   56   41   18   69   46   78   54   36   10   10   50   35   71   63   28   75   56   87   95   96   12   52    2   88   70   26   60   55   54   53   98   76   40   77   14   28   11   88    2   89   83   94   76   45   81   98   89   78   76   65   89   43   50   84   26   76   11   58    3   99   84   24   15   64   90   32   96   45   44   33   27   33   17   37   28    5   36    3   18   72    2   31   68    2   73    8    5   19   86    4    9   94   61   56    4   39   57   53   52   11   98   70   24   96   30   13   89   15    6   62   26   15   10   12   96   67   84   61   54   21   96   82   52   10   76   33   20   73   83   61    7   60   91   68   26   64   24   87   84   56   13   40   12   76   68   25   85   75   93   27   17   48   26   73   42   62   17    8   93   44   13   81   13   99   38   46   25    8   40   36   44   48   63    7   36   86   95   53   36   41   78   39   94    2   60   51   45   47   15   34   35   65   59   41   51   57    4   88
  89   36   76   39    6   86   26   35   57   43   26   80   35   59   66   93   47   47   91   47   29    4   32   19   30   53   52   18   46   45    4   28   72    2   30   47   16   64   71   33   23   77   21   14    3    9   87   93   54   92   70   40   71   41   96   85   84   53   51   11   65   11   54   13   47   78   30   60   25   29   18   16   37   12   89   74   22   88   36   53   69   77    0   28   33   58   87   43   46    8   52   48   63   84   56    5   81   47   48   87   58   79   88   49   98   17   87   84    9   15    3   27   99   12    3   45   35   62   60   82   41   46    2   97   21   59   88   60   62   17   70   19   69   57   48   72   71   20   37   48   15   35    4   43   20   22   81   14   12   32    2   86   98   80   79   10   55    8   30   49   68   27   25   82   22   48   28   85   53   10   14   97   94   76    7   73   66   94   48   47   63   14   74   49   18   81   26   85   27   48   43   73   18   24   19   23   45   58   86   42
  40   16    9   76   63   53   44   52   84   18   49   24   10   69   70   85    2   17   57   81   94   78   90   81   31   58   63   35   88   77   51   47   79   22   21   40   12   45   43   50   46   89   27   41   73   28   65   96   37   24   19    1   28   84   25   95   95   68   98   40   95   54    8   83   95   88   41   10   58   86   84   61   78    3   62   10   74    4   59   94   11   42    4   71   92    0   54   79    2   48   12   92   50   52   99   78   31   62   29   52   81   94   95   49   89   89   54    3   11   65   83   91   24   89   82   48   37   47   67   81   17   33   12   93   40   25   20    7   47   77   32   40   63   35   73   32   44   98   83   57   39   99   46   34   59   41   88   21    5   43   94    6   80    0   55   45   15   74   17   43   55   51    3   44   65   52   73   77   17   80   89   83   85   21   65   45   98   83   16   94   69   54   44   49   77   76   55   99   23   42   59   16   49   83   67   71   16   14   44   32
   1   55   75   73   10   78   38   15   47   21   67   74   72   11   34   49   98   54   65   33   29   79   83    5   53   77   15   64   47   50   59   87    8   20   34   80   59   18    2   99   13    3   40   55   25   16    8   40   95   14   57   19   67    6   20    0   64   71   17   45   29    4    3   93   64   66   29   26   79   43   10   48   52   56   53   85   24   58   88   97   96   72   10   98    3   55   44   67   78   73   22   75   75    2   63   12   56   22   35   27   86   90   79   72   36   14   56   42   28   24   16   82   32   91   66   16    6   41    8   95   90   65   29   86   64   35   87   20   56   69   90   13   28   83   49   75   77   30   33   49    2   79   11   93   77   35    7   78   44   19   42   90   68   68   51   15   94   73   51   72   36   74   96   34    0   73   85   82   97   34   91   20   58   88   91   62   54   46   86   87   23   13   81   81    9   49   50    4   66   97   21   77    8   21   56   92   88   93   98   80
  36   12   82   18   52   75    3   91   30   21   37   46   45   15   18   47   22   64   89    1    3   64    2   63   49   45   60   89   12   13   69    5   42   49   39   53   11   26    0   96   83   25    3   27   95   81   65   92   17   53   79    1   43   35   17   22   96   51    8   68   59   39   39   53   92   75   40   24   10   19   13   80   57    3   92   15   64    1   58   55   90   60   48   53   63   41   71   52   96   19   72   82   71   98   43   54   15   37   15   79   78   19   80   32   72   93   82   18   18   11   84   54   15   58   52   59   63   16   38   72   90   24   57   94   60   22   58    1   48   56    5   20   98   62   45   22   12   42   54   17   80   42    5   13   86   33   37   19   80   81   24   72   45   16   79    8   87    2   32   22   23   48   75   39   51   97   49   79   38    7   25   15   90    2   82   13   15   52    8    7   77    5   59   11    8   66   39    1   68   96   56   38   84   33   61   47   72   51   48   42
  29   48    6   33    7   32   35    2   29   67   96   61   71   66   94   94   11   47   90   88   53   44    5   47   50   63   52   21   96   21   38   50   29    6   61   23   87   79   42   46   94    2   37    6   13   91   10   95   78   64   74   18   11   36   76   30   17   78   63   53   41   77   73   36   12   86   13   42   89   41   83   48   74   59   28   89   46   45   65   93   87   39   23   32   26   29   43    2   53   84   43    7   38   33   59   25   30   74   17   93   29   81    8   31   37   45    9   24   87   92   44   11   27   95   91   81   86   71   62   77   64   33   64   29   62   38   48   18   95   74   10   47   45   88   75   87   46   15   72   21   63   41   34   11   80   68   34   73   98   72   94   47   37   84   66   60   64   99   68   81    3   72   31   12   27   83   81   30   19   41   33   46   78   33   17   10   68   19   21   80    9   65    1   94   71   82   66   40   99   78    8   57   54   28   45   97    8   92   70   11
  30   83   70    7   14   92   15   62   99   16    4   81   94   51   23    5   91   79   89   78   43   48   38   73   10    4   96   31    3   67   39   23   43   45   61   93   88   82   49   55   13   57   67   88    4   86   51    8   99   46   41   19    7    8   26   29   46   61   99   79   48   91   55   42   21   42    4   15   94   19   56   10   60   97   45   12    2   75   10   31   84   53   87   87   66   93    3   24   27   91   62   25   20   80   85    1   36   53   23   72   75   83   78   84   36   29   31   85   64   32   72   23   26    0   96   23   75   11    3   67    9   14   33   58    1   12   33   70    9   28   19   30   25   64    6   93   24   99   72   35   30   94   99   61    4   90   47    2   80    3   37    7   43   80   12   13   95   17   11   58   27   95   16   56   92   73    2   18   12   91   20    5   38   28   16   45   90   22   98   66   38   67   34   21   23    0   64    7   19    0    6   90    2   62   32   13   29    9   31   81
  62   81   69   92   10   15   41   52   78   12   11   79   54   41   22   69   80    3    5   77   88   22   70   84   11   18   13   79   77   13   17   66   89   77   16   38    6   24   56   34   60   29   56   63   19    4   33    4   15   28   33   27    5   17   88   71   44    2   35   92   80   75   24   40    2   85   11   61   28   57   82   31    1   66   53   13    4   52   61   11   59   44   13   61   64   15   67   22   59   81   93   25   33    9   96   33   80   93   47   69   47   57   24   84   12   66   91   81   75   65   94   86   27   62   42   26   81    4   12   10   20   51   94   97   90   75   45   77   26   66    0   90   97   73   17   25   73   49   54   40   83   16   44   22   69   28   29   17   86   21   86   91   96   34   65   82    7    6   20   98    8   76   83   90   52   52   74   63   78   36   93   43   24   75   62    4   16    3   57   87   32   11   85   72   54   19   67   36   24   29    6   49   75   82   72   87   96   22   43   33
  68   83   88    8   51   11   32   47   61   79   99   33   55    6   11   96   93   93   26   65   22   68   48   93   37   64   65   78    5   46   45   22   80   83    8   68   86   28   63   62    1   81   75   27   31   76   80    7   35   62   12   99   20   86    6   87    4   68   36   46   10   67   62   32   47   55   68   53    5   54   34   41   37   35   23   33   71   22   75   43   61   11   20   90   83    6   90   83   13   24   17   85   85   72   25   92   84   87   35   70   67   15   58   54   58   33   66   88   60   87   77   31   73   67   94   33   16   67   63   61   73   51    3   87   27   24   81   79   50   68    8   28   24   42   35    6   68   59   37   88   36   11   84   13    7   47   57   28   83   27   96   63   18   41    7   84   64   42   67   61   59   39   35   25   78   47   46   72   53   95   24    4   42   53   82   63   93    8   53   82   50   27   76   87   25   55   80   15    1   73   75   15   59   72   96   80   21   57   73   27
  16   43   71   52   60   66   95   63   13   40   16   75   99   77   24   69    2   27   30   46   32   43    0   81   39   80    5   86   62   23   75   74   72   87   95   16   28    3    6   10   69   60    3   42   11   19    5   52    8   78   93   85   82   75   91   88   21   60   30   83    1   41   37   85   29   89   49   68   53   43   30   28   64   32   86   13   21    4   86   41    3    4   91   88   27   64   25   84   71   44   92   22   99   29   88   85   56   12   75   69   86   22   23   35   36    0   15   47   96   12   24   85    3    9   88   25   30    1   40   99   98   64   67   64   69   51   20   86   87   14    9   79    4   80   98    3   79   13   29   54   68    9   10   28   68   40   27   15   96   70   98   49   81   63   52   47   50   41   63   49   97   89   46   39   75   64   23   83   68   62   78   22   79   12   79   59   58   72   31   76    2   69   79    0   69   77   52   60    5   98   96   76    1   43   81   67   90   61   71   33
  81   53   80   20   26    8   67   73   28   38   56   75   30   48   18   80   87   73   81   76   83   42   20   96    0   40   72   79   68   48   92   23   14   62   32   46   45   26   99   38   67   15   99   98    6   64   59   17   76   76   84   60   70   72   76   58   74    6   61   20   40   76   11   75   25   75   76    1   23   80   34   43    1   69    9   27   47   76   49   98   52   25   19   78   45   60   37   27   59   29   99   73   81   28    2    4   85   87   67   58   20   75   51   60    2   51   69   76   14    3   85   31   47   62   49   94   84   39   19   97   70   75   46   48   18   42   54   12   63   61   84    5   22   42   87   23   97   95    9   36   25   48   92   37   66   13   57   35   91   77   21   62   34   43   46   82   29    0   19   82   29    5   40   87   87   94   68   81   77    1   41   52   46   82   98   54    9   35   19   47   23    8   17   49   14    2   28   64   63   39   66   19   72    1   13   92   46   55   39   64
  74   77   24   62   78   41   38   62   57   25   95   56   56   20   67   91   72   50   63   23    6   63   18    9   77   43   85   86   12   76   33   70    4   47   62   44   55    1    0   60   41   57   35    0   70   13   78    1   92   25   89    0   45   41   16   47   21   43   37   19   78   52   83   81   26   29   95   31    9   54   96   23   63   33   38   45   14   38   27   81   22   84    1   40   26   44   77   95   72   50   51   99   99   76   16   26   27   22   96   15   85   80   52   30   26   67   67   54   56   82   75   75   28    6   45   33   33   52   92   80   67   71   41   54   43   80   99   43   72    5   40   87   68   52   21   80   97   39   80   58   39   33   50   40   61   14   47   74   84   28   60   30   78   35   67   43   26   57   62   68   79   67   85   42   50   48   57   14   85   52   55   87   46   46   56   93   25   15   10   73    1   70   88   68   17   66   44    2   19   74   56   49   77   52   96    5   28   18   41   91
  40   31    8   39   22   18   13   63   70   74    5   92   50   56   87   27   50    7   49   26   18   61   13   97   23    7   44   38   65   66   59   57   77   65   13   46   68   26   86   48   32   38   61   70   25   17    9   49   92   95   55   53   50   23   41   93   61   24    8   75   90   10   37   85   25   18   39   39   48   96   97   57    7   26   18    0   38    0   57   27   72   52   95   48   15   92   30   76   78   92   64   51   38   44   78   56    4   37   91   21   47   83   29   68   78   32   89   44   29   22   26   56   22   35   71   87   67   52   69   41   27   74   13   90   42   81    9   49   42   35   51   66   94   81   23   97   49   45    1   66   88   29   86    8   96   25   48    1   89   50   97   37    5   67   16   61    3   16   63   67   15   18   85    0   23   97   54    2   89   34   71   63   36   37   55   38   17   72   67   60   74   51   92   88   98   10   10   46   69   23   11    3   55   97   46   73    5   21   68   40
   2   22   79   68   80   35   92   91   36   20   96   34   49   93   26   88   16   29   38   48   24   88   66   67   73   63   64   66   72   92   19   51   18   18   94   47   70   72    3   49   18   31   18   66   13   45   30   96   78   35   29   71   63   55    7    7   63   46   82    2   18   78   97   73    1    5   87   49   49   96   24   28   68   90   36   15    5    0   37   53   48   23   67   87   23   67   54   68    1   67   74   67   84   74   98   66   44   83   69   55   57   35   61   46   13   44   94   33   67   41   28   38   95   11   66   83   18   75   63   33   17   94   19   94   64   85   29    2   65   37   55   45   32   71   50   63   67   67   33   76   21   94   80   55   18   90   55   81    2   33   29   81   46   11   61   15   44   99   43   42    4   46   95   95   96   36    6   23   21    7   70   52   72   19   69    6   72   81   25   32   43   57   52   10   37   50   61   63   66   44   50   33   27   31   43   10   21   11   40   49
  16   13   52   22   86   16   48   80   10   44   47   55   88   58   37   39   62   29   68   38    6   53   25   35   32   13   28   91   32   73   40    6   83   90   23   17   93    9   88   17   86   93   24   22   10   78   34   64   61   51   24   36   50    9   40   71   42   39   84   53   73    5   92   77   82   69   53   52   62   49   72   33   76   34   47    6   90   68   24    4   85    0   48    3   69   20   42   57   37   68   50   42   32   40   32   57   76   59    3   84   78   81    4   82   46   84   78   87   12   55   72   59   81   72    3   19   63   36   35   91    8   52   31    5   37   40   45   16   72   35   57   54   56   50   30   49   53    1   72   44   29    2   30   40   83   64   41   12   27   91   12   63   51   21   87   39   66    9   96    2   31   91   63   67   31   77   93   62   21   90    0   89    0    5    4   18   72   39    7   34   99   52   72   26   52   79   67    0   60   79   13   39   64    0   71   84   52   44    9   72
  94   87   54    3   28   26    0   11   57    9    3   94   60   80   24   36   61   68   36   91   70   22    9    1   84   82   47   72   88   16   98   48   43   16   67   60    2   64   14   27   61   78   13   47   28   70   82   63   79   45   59   29   98   20   92   74   98   64   35   28   17   96   10   81   69   12   91   16   16   54   10   10   62   96    5   63   60    6   14   44   69   22   43   49   71   24   68   83   58   72   16   90   30   19   54   38   46   80   53   37   80   37   95   98   46   77   70   86   46   40   27   58   61   45   31   45   50   12   66   84   32   39    9   58   42   85   90   77   21   19   48   61    3   49    8   26   35    4   26   62   99   77   30   94   44   35   84   39   73   16   33   98   24   84   46   95   41   49   39   20   84   57   50   37   77   34   23    8   87    7   84   37    0   92   74   72   54   76   13   23   54   73   58   40   67    5   50   39   49   13   90   85   94   84   66   28   11   61   94   36
  99   15   28   64   49   76   34   77   30   14   56   51   56    2   41    9   80    8   93    5   61   33   11   35    3   69   87   32   43   14   48   94   53   87   78   12    5   36   94   16    4   95   19   35   78    9   17   72    0   71   54   24   61   32   94   41   74   26   83   28   50   80   92   75   66   69   40   68   57   52   31   35   12   72    2   11   29   14   74   12   45   73   58   59   34   45   76   47   69   82   24   12   46   38   14   76   62   65   70   43   51   22   73   94   87   40    4   87   57   77   30   86   83    1   56   47   65   25    9   27   52   26   46   38   69   41   14   63   21   30   70   27    6   36   38   68   70    0   75   74   17   33   76   57   33   76   63   51    0   64   17   91   18    2   37   34   35   92   27   83   16   61   13   22   14   33   45   85   75   69   48   28   29   13   66   78   54   57   37   96   88   40   75   34   12   29   83   48   86   32   45    7   78   31    9   21   66   81   95   23
  59   45   71   67    7   14   59   53   88   84    5   58   40   48    6   83   16   94   93   82   11   40    2   61   86   52    2   30   17   43   37   82   22   30   23   88   29   99   66   30   59   12   90   95   29   17   42   77   62    3    0   23   75   26   89   29   89   91   72   17    7   17   63   69   98   95   30   38   77   77   31    3    9   82   34   72   80   89   49   63   19   94   88   38   36   73   41   72    9   26   78   92    2   77    6   86   25   36   71   84   41   31   97   96   52    2   96   61   55   11   99   71   21   36   34   87   47   87   68   36   40   80   49   68   12   42   57   34   84   21   84    6   42   51   25   54   90   44   53   95   92    1   72   85   94   80    8   75   84   52    2   19   27   86   12   74   17   83    1   23   10   55   78   41   53   63   45   75   28   17   18   17    3    4    5   15   63   24   58    7   80   35   44   67   99   79   40   34   33    8   33   75   27   39    6   25    6   47   29   96
  58   37   53   95   18   25   54   10   51   15   86   77    4   53   20   58   54   96   17   50   96   11   25   71   10   20   95   58    5   85   52   47   99   31   37   57   24   12   13   30    7   50   99   25    4    3   16   58   47   40   75   39   61   99   16   11   21   15   82   87   55   13   85   91   40   67   60   52   35   27   27   35   75   82   11    5   47   76   56   82   71   70   53    5   17   74   30   72   33    1   67   89   44   13   41   96   31    7   76   23    3   69   33   13    5   18   14    1   37   82   39    3   88   63   96   58   47   51    0   37   44   29   83   95   47   78   22   92   70   73   59   82   53   96   66   45   20   90    5    4    3   10   24   49   27   45   44   43    5   53   29   53    6   87   72   34   35   31   99   70   46   64    6   82   59   30   69    0   49   94   75    4   58   68   52   32   67   42   94   83   90   41   67   14   75   75   77    2   45   27   91   53   61   43   11   62   61   38   62   39
  66   34   77   88   48    1   68   93   70   35   56   36   77   72   62   38   17   61   33   90    6   84   77   51   99   71    4   39   84   77   16   17   92    4   94   54   80   21   34   72   16   10   60    0   93   67   71   50   62   95    0   24   69   12   24    2    5   44   66   10   98   77   66    7   51   92   23   54   56   69   91   13    6    8   26   35   87   52   74   57   95   32   66   27   23   98    2   27   38   13   77   35   45   30   89   42   78   62   95   60   98   69    5   15   78    4   19   79   35   21   19   31   83   45   95   71   26   16   94   90   12   32   74   98   90   28   89   72   46   37   81   83   91   46   26   87   30   75   50   58   20   24   65   25   66   99    8   92   17   13   83   20   64   10    8   20   52   29   22   83   17    9   11   88   47   97   80   28   79   45   56   52   75   20    5   73   95   57   11   11   54   89   61   30   62   15   47   98   62   10   20    5   40   23   97   31    3   43   73   68
  97   36   52   55    2    0   79   38   68   94   24   77   21   74   15   30   47   48    3   84    0   88   20   71   71   45   53    7   90   11   65    0   74   35   48    2   21   43   71   59   26   59   22   55   54   22   20   51   58   97   49   44   47   87   30   38   36   62   69   48   26   68   27   89   62   44   23   75   60   88   70   78    9    2   65    0   89   88   58   72   42   95    3   29   69   78   24   80   46   85   26   69   20   13   70   68   29   60   94   33   50   20   51   88   63   14   74   42    1   62   29   97   99   67   63   30    7    6   46   31   96   29   21   81   83   37    8    9   52   86   38    1   37    0   42   47   73    6   48   17   46   98   74   84    3   76   86   67   78    4   73   83   23   47   42    9   12   30   10   50    5    1   62   25   37   33   46   46   13    0   44   56   76   19    8   59   90   23    8   40   56   62   11   65   34    3   92   53   30   81   79   20   96   53   26   44   18   84   26   43
   6   94   30   65   35   56   56   29   43   59   21   13   17   41   21   28   68   67   94   76   42   92   92   22   17   88   89   84   46   86   76   74   60   26   74   87   88   59    3   74   25   20    7   15   49   27   38   51   52   41   45   88   28    1   80    8   77   32   84   16   16   40   41   71   64   99   67   20    8   26   98   76   74   27   46   70   94   58    2   85   93    3   39   97   95   96   97    2   15   49   60   40   26   25   60   97   82   17   14   26   73    0   70   58   65   86   59   62   48   65   38    6    2   71   63   40   74   47   25   58   37   97   72   74   68   68   77   43   82    3   66   53    0   66    0   70   52   60   60   30   62   22   75    9   14   70    5   97    3   52   98   67   63   69   70   16   30   19   21   20   63   93   55    1   69   54   77   37   42   65   70   22   58   96    6   33   53   92   96   58   54   41   44   73   54   55   84   13   95   70   58   57   57   56   35   73   25   65   52   36
  80   31   65   25   20   57   97   29   11   12   49   78   71   20   83   16   55   84   80   70   33   76   38   35   53   61   20   93   86   28   24    6   40   17   93   89   82   28   69   49   27   53   16   96   16   30   22   52   67   95   38   20    2   59   97    6   99   26   90    6   89   33   27   20   13   79    6   46   94   40   82   69   79   94    9   30   32    6   10   10   94   85   58   84   34   47   88   14   14   52   25   66   63   33   11    8   44   32    3   69   95   97   11   19   43   91   57   45   92   66   98   86   99   55   37    6   72   26    1   80   42   55   78   32   81   58   56   26   78   24   61   82   11   40   67   27    2   40   49   92   80   18   27   18   91   35   89    6   55    7   55    1   15   14   70   64   55   19   26   37   97   70    3    3   34   20   40   99   19   59   48   65   54   51   27   96   26   14    9    6   35   81   15    0   52   56   56    0   20   34   73   65   81   54   40   55   38   15   57   29
  26   71    6    2   35   59   83   51   25   34   37   33   66   79   70   38   28    7   79   96    5   13   21   79   21    1   33   36   39   51   24    2   10   73   65   26   94   54   79   79   30   59   59   45   63   33    9    4   44   91   21   59   16   63   18   44   80   37   93    4    8   16   24   42   91   24   35    4   71   54    4   46   21   42   28   78    5   59   79    0   90   76   27   48   68   51   75   88   35   10   43   59   77   28   92    3   58   43   69   28   93    0   81   49   51   31   39   43   31    1   40   40   72   47   54   46   42   71   67   99   49    2   58   39    9   85   63   62   63   98   68   71   75   72   70    7   40   27   89   58   51   52   68   76   20   99   76   20   60   42   37   86   28   83   63   81   74   62   19   99   64   35   25   11   31   13   88   43   62   80   96   45    5   61   94   35   10   71   62   15    0   52   14   18   30   46   81   43   83   60   39   50   14   97   30   90   64   29   48   12
  61    6   63   19   12   22    8   88   93   92   71   23   75   75   23   83   99   37   58   87   26   98   30   96   23   74   52   37   43   22   67   99   58   27   66   43   92   26   51   49   88   11   61   80   36   50   29   41   95   36   20   57   46   77    3   90   70   84   40   44   33   83    7   52   25   63   96   67    4   39    3   48   17   69   53   30   85   74   62   35   27   58   79   83   77    2   98   24    1   56   45   10   21   20   43   74   68    2   17   61   80    3   33   11   48   39   17   96   76   54   76   31   93   41   38   56   57   61   83   26   70   19   24   49   52   64   13   81   55   59   74   69   42   48   23   56   20   63   41   23   47   93   56   34   45   60   15   56    3   85   60   11   46   88   96   13   27   14   36   86   70   25   32   61   59   46   42   93   50   78   95   33   77   81   21   22   16   61   76   75   38   70    2   65   47   82   96   55   62   92   34   14   50   35   63   78   50   30   56   44
  18   77   33   53   90   18   42   17   43   30   91   30   61   13   45   83   67   28   97   80   40   97   18   33   93   97   82   19   21   64    5   99   94   80   96   22   88   25   12   26   77   94   61   24   60   50   51   34   13   36   89   40    2   34   46   59   64   42   14   44    0   50   44   35   66   75   26   50   50   50   40   20   17    3    5   80    6   85   89   24   44   36   39   35   34   68   41   18   37   97   98    6   57   97   19    6   21   31   93   25   33   25   39   99    8   45   61   11    4   98   26   24   34    7   14    2   53   46   27   91   30    1    9   72   53   26   24   21   42   70   63   74    4   55   76   20   58    0   90   73   62   59   66   42   96   21   81   76   83    7   44   64   61   68   63   22   82   48   97   52   53   59   87   90   58   54    5    6   73   34   43   62   22   33    4   76   50   18   59   14   78   23   27   87   74   68   60   52   19   30   96   91   72   88   80   39   71   75   13   91
  49   31   47   32   33   54   99   40   21   76   29   53   25   21   25   35   95   67   69    5    1   34   88    1   76   82   27   11   15    7   84   78   67    8   95   68   82   37   19   82    5   18   15    8   55   22   96   93   16   82    3   28   65   20    7   15   65   22   24   20   88   88   80    1   25   88   55    4   24   82   87   42   15    7   22   79   82   25   97   87   98   75   57   98   68   83   40   24   57   40   35   69   61   31   24   54   32   23   22   66   41   34   11    5   69   96   32   84   60   30   56   12   33   73   85   22   91   60   22   77   88   27   10   28   75    6   28   31    1   59   80   15   88   95   87   72   44   20   91   53   45   39   21   38   79   55   39   10   41   21   39   14   94   17   12   65   34   99   40   65   83   98   80   57   81   28   87   87   38    6   68   10    1   94   56   65   88   92   95   13   32   76    2   23   51   34   17   89   44   41   65   67   49   88   29   87   86    0   75   15
  48   91   19   56   77   48    7    6   51    2    1   95   53   47   10   78   51   22   75   23   50   56   27   87   70   28   15   32   46   55   40    4   67   37   33   55   83    0   96   63   54    5   71   71   56   80   83   83   32   67    5   56   14   30   67   42   86    8   97   70   43    2    4   41   57   50   29   65   61   34   32   44   74   58   12   92   20   67    1   25   56   84   56    5   95   27   36   10   69   44   21   63   19   53   66   81   69   56    3   23   57   53   53   73   90   50   13   44   25   52   58   54   58   31   17   85   40   20   99    3   34   74   41   84   35   64   42   46   49   97   75   37   41   40   73   59   53   43   39   55   83   96    6   23   68   14   61   42   19   50   50   71   82   95   43   68   78   98   65   24   34   20   19   30   49   78   29   18   12   19   43   41   39   31   45   64    4   89   30   13   17   54   52    8   49   22   91   30   99   57   96   55   12   64   47   81   39   18   11   74
  23   66   13    7   71   34   56    2   18    9   27   28   37   24   45   90    8   89   41   57   67   73   94   99    9   41   53   52   99   65   40   92   73   79   62    6   97   71   14   25   34   25   62   54   21   69   28   15   95   31   23   71   76   15    5   84   50   45   42   58   67    8   26   95   16   90   40   19   59   66   34   79    6   12   62   57   69   85   93   50   50   92   96    4   50   91    5   97   74   15   64   43   33   62   73   89   41   15   86   33   75   79    5   41    8   60   79   56   32   97    8   14   36   94   89   56   95   90   58   11   89   64   14   84   39   78   26    0   45   45   86   11   91   15   93   70   35   95   35   63    1   10   35   24   22   37   60   12   75   84   83   19   88   12   10   72   76   12   41   41   72   51   60    8   97   55   66   48   24   66   28   21   55   35   89   65   37    3   34   11   21   28   65   10   16    3   91   98   29   45   30   53   55   25   64    0   64   75    5   72
  73   97   80    2    8   13   58   71   65   33   20    6   37   30   30    8   29   83   24   87    8   63   10   38   95   76   51   63   66   79   59   51    7   95   56   29   13   60   78   80   88   89   62   94    7   39   48   69   29   29   90   64   63   18   50   42   62   92   27   81   63   49   95   14   67   39   68   13   73    6   34   90   63   49   33    8   11   71   27    7   43   39   95   23   26   16   18   53   22   71   81   48   23   82   96   91   92   80   73   95   33   92    2   83   33   29   67   17   99   72    1   84   10   82   81   64   60   82   85   70   17   66   20    4   15   46   96    3    7    9   19   54   82    4   80   91    7   45   81   69   18   14   44   84   94   47   52   55   49   64   27   53   61   56   97   74   73   80   52   30   53   92   87   35   48   27    1   31   10   35    5   31   71   84   88   56   54   96   55    8   93   61   66    9   46   45   81   38   34   68    1   74    0   23   49   19    3   41   70   24
  27   67   94   51   55   82    6   98   47   37   61   91   93   77   48   14   19   83   12   48   40   70   34   70   50   88   18   76   72   82   49   32   51   97   19   66   22   77   42   85   16   12   95   33    8   83   41   92   43   75   57   48   48   25   73   52    0   39   40   88   42   56    8   39   28   49   89   93   28   61   95   22   43   50    0   46   12   31   11   73   83   26    4   49   11   44   54   46   52   56   16   68   66   14   43   28   39   77   59   90   56    4   71    7   34   93   98   14   98   97   87   82    7   12   61   10   25   97   91   25   53   53   26   23   43   60   80   84    2   65   61    4   83   59   71   66   33   20   37   76   63   62   13    0   66   95   35   44   95   23   52    8   26   37   68   30   46   29   14   79   67   64   58   13   51   70   49   72   32   51   38   99   17   28   68    5   51    2   52   32   18   49   33    7   53   56   66   90   70   79   64   67   79   66   50   73   96   49   22   40
   1   30   88    9   88   56   31   47   87   11   56   26   54   78   92   25   66   42   50   16   85   16    3   75   40    6   68   28   97   98   55   47   44   60   90   64    9   19   62   36   47   40   59   23    7   23   66   60   80   10   14   12   56   57   15   44    5   61   56    2    8   70   89   84   56   52   80   84   90   39   47    7   17   37   80   44   58   86   47   33   73   31   38   88   43   25   83   64   76   32   78   95   16   18   56   72    0   55   12   97   72   99   21   79   38   10   48   46   50   85   27   63   19   87   45   79   26   31   98   19   56   32   39   69   78   48   63    4   23   74   66    4   89   40   30   46   39   50   16   13   98   74   36   84   79   69   72   95   83   25   72   16   50    6   16   72   37   16   97   93   22   59   29   80   68   43   93   73   15   44   82   53    9   77   48   23   81   88   58   71   24   74   90   23   94    9   44    7   44   64   87   15   88   99    6   96   90    2    6   72
  41   26   40   34   97   24    8   83   83   89   97    4   76   27   42   44   98   52   22    8   58   83   71   93    4   40   61   85   31   67   20   59   77   81   45   47   88   54   35   27   71   71   53   15   16   24    1   47   41   38   93   23   80   19   61   86   83   59   20   37   42   84   37   82   95   11   93   56   60   30   33   54   19   71   66    0   21   51   74   29   88   53   53   10   62   81   21   54    0   21    7   76   99    3   70   59   70   50   99    3   14   24   78    7   12   73   41   70   36    8   59   10   47   88   18   20   94   30   37   68   12    6   84   94   98    2   52   84   84   36   49   15   13   37   23   97    8   52   55    5   44   94   10   14   16    5   88    4   28   82   99   15   36   17   19   94   33   61   15   28   36   58   90   24   64   49   79   33   42   62   44   75    1   34   17   14    5   35   21   75   50   78   88   78   42   97   38   82   17   96   30   62   35   22   32   60   11   19   91    8
  72   30   31   36   38   70   80   36   17    0   72   91    3   58   21   21   82   25   30   12   90   90   91   23   18   94   61   26    4   79   80    1   47   48   46   36   32   33   92   99   11   72   57   25   18   75   36   12   96   92   41   42   42   19   10   27   38   15    3   93   87   30   61   14   92   81   17   21   33    9   34   66   72    0   35   83   87   56   73   24   86   47   69   26   17   53   52   57   80   77   30   46    8   78   13    6   52   92   37   18   18   83   66   49   92   10   61   35   23   91   95   83   14   72   35   37   19   58   85   23   53   64   63   26    2   82   59   70   53   38   25   65   83   32    2   15   57   23   81   27   49   22   45   67   79   73   50   45   32   98   73   89   73    8   26   46   31   90   49   22   59   37   12   94   94   77   31   83   28   87   88   17   31   69   23   80   67   22   77    4   38   17    0   74   15   69    7   89   97   31   48   62   58    2   97   93   48   55   16   74
  51   28   30    8   78    6   56   81    5   15   76   82    8   26   60   54   51   26   53    5   87   54   37   36   36   43   19   60   18   31   87   56   90   65   78    8   50   35    1    8   18    0   43    5   82   59   96    8    7   86   39   75   18    0   49   57   11    1   21   10   99   98    1   45   38    2   66   85   61   91   63   54   94   70   76   78    3   73   74   49   56   83   14   52   77   25   26    0   31   35   95    8   64    6   79   46   42   94   74   10   26   27   60   83   63   40   74   75    8   54   71   60   24   16   29   35   92   62   83    2   78   18   56   38   86   67   46   50   70   71   57   72   78    3   36   90   32   82   54   27   35   48   12   30   68   90   95   38   79   39   80   91   44   60   86   13   24   62   17   79   26   33   81   52   79   62   51   51   80   99    2   50   78   64   48   79   46   13   27    4   70   97   37   73   98   39   88    1   67   16   78    0   83   39   23   55   98   16   31   63
   9   95   52   99   41   83   33   44   34   54   22   50   83   15   79   85    3   67   48   63   29   22   28   15   40   87   77   17   55    7    5   62   30   70   15   11   71   20    5   78   70   92   59   47   67   79   62   31   88   70   87   55   44   84   61   77   88   28   19   14   59   80   97    3    0   67   26   47    7    7   52   68   88   48   64   86   43   20   82    0   27   13   64   26   34   65   29   36   49   11   93   98   71   10   47   35   16   87   41   65   69   31   34   97   82   50   53    0   20    0   80   94   16   28   35   81   40    4   58   14   64   85    6   99   66    5   22   16   88   72   37   52   34   40   63   19   75   94   97   17   41   26   63   32   39   13   55   53   55   34   75   60   17   36   66   11   35   87   44   50   68   32   82    1   47   59   23   78    7   65   63   78   20   15   58   97   78   21   40   26   77   51   43    0   63   44    3   19   72   74   49   75   73   61   20   42   81   31   66   82
  53   50   18   49    4   11   54   21   34   36   47   69   44   84   48   99   99   42   76   45   87   76   33   32   88   54   69   67   16   23   90   27   86   35   84   57    9   27   95   20   22   14   60   80   93   88   88   90   56   82   63   13    2    9   34   49   63   52   36   73   86   22   26   93   97   30   50   57   63   86   10   52   21   75   59   74   90   79   85   81   62   39   33   36   60   80   36   57   41   60   81   41   39   20   49   45   16   96   85   29   94   27   41   13   61   48   26   28   93   68   15   13    7   24   73    6   24    4   64   81   52   90   68   76   31   86   63    8    8   89   27   46   76   76    2   61   91   34   54   26   72   11   51   41   64   49   98   98   28    3   49   59   75   52   58    2   76   32   38   42    7   49   38   23   24    3   88   29   87   83   45   80   21   18   89   64   68   92    1   17   96   12   44    2   32   17   25   81   27   81   89   54   53   33   66   80   86   19   68   13
  49    8   55   85   81   71   57   62    9   72   68   14   63   38   50   81   32   91   41   51    2   12   28   97   25   39   85   31   81   11   13    1   12   60    9   61   59   23    3   16   14   52   93   43   63   30    9   21   47   85   24   98   63   35   62   69   68   86   66    2   37   90   20   49   50   55   86   53    0   24   63   78   64   73   24    9   94   56   73   95   18   87   36   62   38   19   87   34    2   15   96   82   66   77   64   91    9    6   69   96   58   96   40   67   50   88   64   43   24   31    7   15   50    3   47    4   16   69    2   33   19    5   20   11    8   66   12   93   48   40   87   77   42   97   53   70   96   72   59   61   65   97   70   29    2   78   48   41   93   15    3   73   92   82   87   86   68   92   34   74    9   52   29   93   43   20   56    7   12   43   63   58    5   67    5   81    3    2   51   80   76   60   17   95    2   34   75   61   79   76   93   51   82   15   17    4   20   11   82   49
  44   63   35   57    0   71   87    3    8   13   60   76   82   78   57   70   27   74   18   96    4   94   46   64   15   31   86    1   19   63   80   43    8   14   89   21   57   93   37    6   81   78   65   90   77   68   33    6   72   84   69   65   71   27   11   62   94   13    7   70   42   90   47   52    6   95   33   43   62   85   79   77   10    8   83   91   62   91   31   35   17   79   66   22   99    3   77   20   78   48   23    5   62   16   44   95   88   49   73   82   60   20   81    8   52   78   57   34   41   45   74   99   77   31   11   47   85   63   32    8   25   71   66   45   33   17   97   43   76   46   56   64   35   93   45   76   91   38   23   96   78   79   94    2   94   11   14   21   11    8   12   48   37   34   17   97   33   47   14   21   23   97   17   51   54    7   35    8   17   67   56   49   21   62   90   84   17   68   24   86   47   74   53   67   93   13   90   48   14   43    5   54   47   39   44   62   82   39    1   55
  94   39   12   90   41   37   29   73   14   61   34   38   21   80   45   92   82   76   45   94   58   43   34   91   25   87   22   76   28   83   83   73   99   51   83   55    3   41    3   66   15   32   87   73   33   50   58   35   74   14   42   25   67   64   80   36   23    3   86   32   75   36   33   23   78   28   29   70   51   74   10   95   23   11   10   31   42    7   62   61   77    1    9   20   43   58   20   35   51   54   52   64   75   83   96   39   32   27   35   53   60    6   99    4   40   45   34   21   53    0   74   67   77   81   88   14   83   56   12   98   81   26   89   73   44   16   73   93   19    0   22   29   37   97   96   67   21   21    8   79   22   89   60   48   92   15   46   25   18   94   60   16   10   31   83   14   74   10   33   52   12   39   26    4    0   14   74    3   50    2   21   17   33   74   42    1   14   30   27   56   35   74   25   67   10   98   98   27   23    0   97    3    0    9   29   97   16   57   65   79
  69   98   66   84   31   40   73   87    0   43   80   11   35   54    8   91   36   78   42   40   96   85   51   46   78   68   97   33   11   19   52   31   80   87   18   98   63   26   20   16   47    7   13   75   48   52   32   55   34    4   56    8   68   91   66   57   96   21   77   20    0   24   50    6   27    4   24   71   15   26   13   38   76   53   20   32   67   47   45   86   81   24   70   79   89   26   72   18   44    7   60   68   44   41   24   77   91   13   27   60   36    1    2   23   96   60   25    5   75   37   39   56   22   72   31   70   51   14   62    7   71   37   67   24   40   30   25   34    5   39   12   51    9    0   43   29   87   26   39   23   88   78   17   25   18   15   24   85   45   38   19   18   55   75   55   65   26   94   82   87   66   69    7   16   13   48   58   11   75   54   59   91   58    0   76   87    8   53   46   15   27   85   39   53   77   44   89   49   98   14   88   11   81   66   55   88   64   69   75   84
  23   84   58    3   91   77   89   77   34   34   27   40    3   74   75   98   55   98   20   47   78   78   77   46    7   86   38   64   13   93   25   99   71   33   36   97   59   69   61   23   13    0   40   68   30   22   38   23   43   55   27    3   10   41   17   79   16    2   61   62   67   15   68   86   60   39   48   81   14   72   26   87   13   51   40   48   38    3   85   53   60   52   52   60   41   13    2   53   18   45   60   59   16   66   94   36   11   50   61   39   59   76   57   79   14   29   55   25   99   67   41   77   98    1   55   42   75   30   32   76   89   14   61   77   16   66   97   84   19   99   35   47   29   69   12   70    5   84   32   51   22   10    2   97   13    5   51   96    8   25   55   49   14   95   35   67   45   58   90   32   81   29   31    3   34   58   63   43   35   22   90   38   30   94   63   84   38   43   72   97   78   46   59   34   45   38    9   87   13   26   25   22   49   96   32   73   73   76   62   74
  76   68   55    9   50   75   34   24   59   13   71   98   48    2   27    3   45   30   77   84   43   97   44   11   90   39   88   73   93   64   59   23   27   32   30   59   87    3   61   75   44   27   43   82   91   68   48   64   67   76   14    7   34   25   61   52   91   77   14   84   77   38    5   79   19   22   47    8   39   24    5   90   26   54   81   48   29   74   69    1   81   11   73    9    6   12   74   45   60   28   11   78   83   83    6   92   54   19   19   50   60    4   49   23   91   61   37   42   83   69   38   83   62    5   63   93   86    4   88   98   16   63   75    4   82   39   29   25   50   79   82   22   82   82    6   31    1   98   47   27   89   68   94   80   95   21   20    7   34   55   56   67   73   81   51   27   43   87   81   91   54   77   41    0   74    8   63   99    2   73   86   62   68   90   77    3   77   75   22   65   84   84   87   77   12   48   23    7   26   90   59   76   50   35   48   98   28   31   84   37
  90   97    6   66    9   87   11   88   76   53   20   26   43   84   89   50   23   56   83   54   89    0   50    4   61   61   31   79   95   45   43   19    2   40   44   76   86   10   15   56   37   70   32   41   44   60    6   88   33   21   64   13   59    6   26   72   37   90   35   69    2   97   61   70   32   28   43   25    2   66   71   67   55   52   98   52   70   41    3   34   72   63   69   74   21   81   71   30   50   85   16   30   19   30   20   80   99   96   35   93    8   11   32   28   91   75   75   80   72   50    5    1   97   50   95    3   63   28   36   65   49   13   99   71   36   62   15   42   42   37   48   91    0   55   94   88   89   41   56   59   83   95   25   12   26   26   30   91   21   42   35   27   19   99   62   10   65   61   35   78   80   78   63   44   20    4   91   84   20   80    4   23   15   34   31   51   45   11   14   82   54   92   13   30   15   92   15   80   19   72   45   96    6   32   72   91   53    9   62   47
  77   55   89   12   62   73   40   47   69   45   39   58   80   13   87   20    9   18    7   95   29   77   18   52   42   65   98   64   70   26   12    8   30   55    6   26   63   87   98   23   10   57   93   42   90   74   89   95   10   41    4    4   47   66   88   12    3   10   92   66   48   10   37   12    3   43   50   45   87   91   12   27   50   40   43   70   17   82   26   34   22   63   69   62   49   30   68   11   31   68   69   26   34   31   88   57   11   16    6   24   22   44   74   87   55   77   65   31   61   30   30   98   91   65   59   68   75    5   35   10   52   29   33   84   20   91   42   19   14   71   90   87   17   87   22   45    0   25   31   95   27   27   27   25   53   20   29   53   75   10   34   57   91   94   87   50    9   96   62   90   92   79   42   60   69   88   22   55   59   20   40   92    1   50   60   90   28   39    8   33   99   76   42   63   96   43   29   87   85   51    1    1   11   69   17    6   68   48   53   19
  21   24   64   97   91   11   67   75    4   63   44   19   78   93   59   20   42   51   90   79   67   76   69   31   13   83   55   96   68   47   64   65   98   36   38   35   10   46   44   19   81   68   24   16   61    0   15   43   99    7   52   56   25   52   63   13   95   24   36    2   59   59   11   29   76   71   30   62   74   37   17    2   95   32   80   32   71   33   60   95   75   16   52   27   21   83   98   92   83   46   52   54   73    5   82   80   99   59   45   47   62   30   77   44   28   73   33    8   52   50   29    3   47   77   80   21   43   90   34   47   67   45   84   36   49   51   74   33   27   35   23   19   81   34   27   81   78   24   30   82   27   86   61   66   53    3   82   56   17   83   29   36   63   28    0   32   68   42   71    7   25   23    6   64   21   47   99   24   19   93   35   29   71   12   37   19   89   29   56   52   49    6   26   85   54   87   55   31   34   77   23   59   93   84   38   27   62   61   72    7
  53    0   99   87   73   29   74   44   64   23   47   87   18   38   29   17   39   60    5   20   81   26   33   67   74   95   15   75   72   12   87   31   42   79   52   27   32   74   18   47   74   88   82   35   19   93   59   40   90   72   47   19    8   53   11   31   68    1   98   43   87   17   46   95   63   80   68   73   36   45    4   25    6   32   72   20   47   55   16   81   77   18    3    0   29   12    1   46   52    1   59   40   20   11   75   10   20   71   62   99    4   19   66   22   38   29   80   78   80   50   48   57    6   54   27   93   18    3   96   15   51   38   26   48   73   11   66   89   29   67   92   93   64   94   77   51   12   85   28   73   64   36   77   65   74   95   27   76    3   70   15   22   19   83   37   38   36   62   91   67   10   51   10   16   19   69   87   24   94   26   30   12    4   61   40   11   56   34   39   88   40   45   68   89   73   49   30   17   12   75   73   35   93   96   62   26   50   82   50   49
  53   84   41   18   51   63   93   11   94   80   71   23   20   42   18   65   75   47   69   77   91   68   23   13   94   77   84   42   15   59   63   21   46   42   25   81   48   92    0   93   66   70   28    7   23   44   33   19    1   69   66   16   78   97   99   19   42    5    1   84   96   20   46    2   81   54   29   96   13   26   74   40   70   23   65   55    4   32   29   59   43   47   16   92   74   67   27   68   23   48   26   30   64   31   73   50   98   19   94   13   54   37   75   13   25   23   92   53   16   79   28   22   49   79   83    1   89   99   32   51   37   47   65   65   47   47   48   40   12   37   71   97   81   86   78   50   68   83   22   14   26   52   78   45   98   32   46   91   17   83   15   90   32   63   71   37   55   75   87   10   49   85   55    2   12   81   42   70   89    8   45   14   84   45   87   29   14   86   61   19   69   41    4   26   75   12   33   25   73   85   78   71    8   91   16   40   82   24   21    2
  35   49   46    3   20    0   22   60    0   16   54   55   89   57   92   72   55   38   11   70   93   36   35    9   59   30    1    0   33   46   45   74   52   78   29   23   53   10   76   18   91   98   53   31   33   42   47    7   19   78    5   44   87    8   92   47   42   71   77   47    8   96    0   87   43   51   76   94   15   81   66   36   42   77   14   50   72   53   44   52   51   80   82   91    7   31   87   64   37   62   46   88   55   44   62   19   77   20    2    5    6   10    5   30   96   10   67   87   80   36    5   36   60   75   14   30   60   71   31   82   80   36   53   47   66   32   32   42   21   58   95   34   86   46   16   49   49    2   47   16   79   54   30    0   57   70   42   90   19   75   49   31   28   44    8   65   40   68   51   97    8   49   53   24   67   36   76   92   85   63   71   86   98   72   91   96   17   50   35   94   74   88   34   84    8   93   22   52   71   74   21   55   53   77   32   76   61   75   87   42
  43   79   78   87   55   63    5   45   24   85   12   77   83   46   66   57   68   68   25   68   90   31   30   29   91   88   34   93   76   40   82   91   86   47   21   16   82   73   70    4   96   11   58   94   24   51   84   26   10   48   79   57   44   63    5   34   87   38   96   54   93   62   41   92   26   39   72   87   19   99   43   33   12    2   55   60    9   90   54    5   84   19   67   67   81   80   98    8   36   36   37   23   23   96   89   68   55   47   68   86   42   53   91   91   22   23   20    2   69   42    3   20   53   83   66   53   18   28   78   77   86   52   27   50   89   18   84   99   81   65   40   85   16   75   40   50   46    0   98   66   60   10   77   96   81   24   18   36    2   55   45   50   98   65   41   78   36   75   93   90   51   46   39   53   93   87   60   28   37   24   18    0   77   73   17   68   16   27   25   12   72    4   40   48   57   19   47   79   37   95   42   77   11   85   47   99   70   74   14   56
  73   81   37   56   17   43   47    3   91   64   18   89   69   69   93   40   35   61   88   81   78   76    3   49   35   36   85   39   83   90   45   16   69   86   40   19   52   98   51   44   43   73   34   72   98   77   92   78   84    3   35   27   86   22   96   69   12   68   34   29   99   79   76   31   66   34   60   39   60   74   31    1    9   90   95   69   10   58   43   23   37   78   99   87   20   50   52   29   43   38    6   41   36   30   61   71    4   34    3   82   92   46   94   62   86   94   58   44   74   17   29   54   20   49   85   78   89   86   33   71   37   97   17   26   94   23   61   29   28   67   79   23   98    8   10   97    5   31   12   22    7   35   29   15   71    3   47   30   65   33   47   81   14   43   56   73   53   73   79   78   61   91    2   49   80   10   81    3   78   18   66   82   81   57   90   14   23   13   71   89   93   52   13   17   62   89   98   72   88   47   19   46    9   67   32   33    0   99   42   78
  51   64   46   68   19   99   42    1   95    2   47   78   37   20   24   68   57   50   51   31   93   23   83   77    0   17   55   15   85   44   83   11    2   64   80   99   78   74    5   60   71   39   99   98   85   87   56   82    7   23   66   12   81   17   34   25   54    8   81   88   74   18   29   22   60   88   87   95   68   22   39   29    6   80   57   97   84   64    4   44   47   67   56   78    2   11   95   43   82   85   12   70   17   15   24   75    9   66   38   26   23   34   34   31   51   99   45   18   61   82   59   53   66   88    7   98   89   96   49   85    8   41   87   27   76   31   58   65   87   34   78   43   39    7    7   77   10   11   18   33   16   59   82   53   66   89   89   65    6   78   75   30   16   13   27   74   94   15   41   83    8   94    1   28    3   76   42   43   54   29   75   43   79   64   67   98   50   30   72   70   48   33   93   25    7   63    8   76   84   71   23   94    8   10   30   54   71   29   91   81
  23    6   70   17   28   77   18   35   92   68   62   99   77   45   66   53   36   97   59   74   40   19   12   80   52   51   12   78   26   59   35   22   16   81    9    0   30   88   70   81   20   97   11    3   47   43   29   16   32   37   60   35   24   59   58   43   11   96   51   27   72   41   16   70    9   27   66   72   99   70   23   71   75   67   74   81   56   99   64    5   17   49   43   81   67    0   45   54   98   65   18   19   31   40   10   78    6    6   12   13   56   81   94   80   68   59   30   41   87   10   82   81    5   24   31   91   43   77   60    8   66   63   87   92   58   87   13   61   57   17   53   68   41   66   74   58   39   26   66   90   46   50   91   29   80   25   25   28    5   46   35   23   75   51   19   19   80   27   39   11   80   35   70   40   80   40   89   72   48   48   62   69   70    3   26   43   53    8   19   46   44   61    6   79   30   55   94   37   31   26   65   95   55   19   94    4   41   12    3   99
   8   90   54   32   86    0   69   76   36   30    0    2    4   45   53   42   70   36   79   65   93   72   12   55   65    1    4    2   17   88   24   18   44   39   99   10   84   22   30   48   97   23   34   65   67   36   13   78   90   60   87   25   86   80   90   93   34   12   74   66   64   63    4   66   48    3   85    2   23   29   78    8   38   36   41   87   32   35   40   39   95   26   11   42    8   79   89   83   80   42   69   39   85   19   14   97   36   31   66   34   74   42   78    8   72   32   42   93   48    7   45   24   47   21   64   23   46   95   63   70   77   91   88   85   34   62   81   55   12   50   21   68   85   70   55   59   53   44   22   67   34   15   80   55   52   51    7   53   54   51    0   75   61   75   50   32   83   35   45    1   16   11   42   26   33   76   68   79   81   24   61   86   30   37   53   79   14   46   24   71   24   35   34    7   66   25   49   69   78   91   12   62   32   76   38    1   85   76   33   83
  41   41   29   49   99    5   59   17   12    5   27   73   73   79   14   10   98   92   70   83   80   57   47   97   67   88   20   22   62   95   62   44    2   15   23   20   70   68   37   98   39   44   52   57   19   30   68   84   42   11   85   58   43   58   82    0   36   94   30   97   28   46    6   72   23   84   12   11   46    8   32   68   50   55    9   67    9   57   79   72   35   15   83   21   49   23    2   41   55   75   72   83   81   40   34   60   47   29    3   47   46   94   81   26   11   78   48    4   75   34   17   65   78   77   27   59   46   86   18   82   34   61   50   34   23   36   60   61   62   65    5   39   31   39   38   17   96    0   59   46   70   83   64   76   27   99    8   66   14   23   82   67   63   82   27   64   20   48   40   61    6    2    3   26   57   15   99   41   30   89   17   18   38    7   68   77   35   86    0   53   73   37   94   43   91   65   23   83    3   18   77   90   38   65   69   73   90    8   19   91
  54   52   40   36   24   39    7   29   99   16   73    3   73   26   70   49   77   66   55   73   96   59   17   11   54   43   60   66   18   74   99   32   92   92   41   79   93   85   38   66   59   41   63   93    2   90   36   82   10   89   44   91   42   74   59   20   24   53   48   61   80   77    5   49   14   51   53   99   38   45   51   13    5   70   30   36   99   24   90   62   26   95   62   31   45   37   84   46    3   68   75   39   92   42   26   70   12   98   68   31    8   58   58   79   28   21   41   81   90   35    4   11   54    2   72    3   42   79   46   67   33   79   42   75   95   38   23   93   68   87   37   34   12   77   84   81   29   48   49   12    0   33   51   98   87   71   96   77   52   91   91   20   28   96    0   51   38   74   95   31   22   32   71   35   64   34   74    6   34   30   59   64   72   90   79    4   67    1   41   59   31   69   79   60   52   97   65   22   65   48    2   91   79   61   67   57   34   93   55   33
  68   15   31   12    8   82   43   85   63   23   21   45    9   58   45   13   52   84   90   41    7   86   55   76    4   29   28   71   68   74   39   31   18   25   16   82   67   67   88   73   32   31   12   72   87   71   47   33   43   27   16   43   23   73   90   19    0   87   29   25   85   83   58   15   70   73   44   56   53   66   51   97    3    5   15   14   49    7   19   51   89   80   21    5   73   77   92   43    5   94   28   38   41   98   36   55   50   98   95   63   10   34   66   80   75   48   67   30   63   47   68   87   82   73   76   17   18   83   54   43   66    8   16   14   56    6    4   67   73   25   69    9   40   36   34   86    7   62   27   48   20   73    6    7   32   88    2   17   49    2   53   36   64    5   17   16   73   73   11   40   70    0   10   64   56   70   46   90   12   15   63   85    2   70   97   56   83   26   80   45   29   19   85   71   78   70   25   19   64   25   64   90   74   47   90   55   46   95   33   20
  13   62   50   77   14   31   12   30   96   89   49    9   99   15   10   41   94   79   35   45    6   27   67   42   97   44   84   72   50   86   87   32   27   70    2   70   43   76   13   57   53    1   52   65   40   61   32   61   24   28    7    9   13   18   71   21   35   17   42   24   32    6   50   26   65   99   48   51   83   34   14   72   64   46   38    2   55   54   51   30   15   57   62   17   12   48    4   19   63   29   46   68   17   22   29   41   55    7   47   68   85   53   62   81   72   53   56   99   75   24   45   74   52   43   60   37   67   73   89   95   71   75   77   33   91   50   86   21   31   62   57   40   22   22   72    2   11   92   97    7   14   32   58   19   98   49   53   19   30   73   63   22   44   18   40   21   97   29   47   64    4   20   98   69   24   43   85   19   29   24   66   52   50   37   32   51   79   81   78    4   49   39   93   41   24   25   19   44   26   56   23   58   61   66   88    7    5   46   51   75
  22   45   61   65   54   59   16   46   54    7   96   63   71   53   93    0   95   20   88    6   31   57   65    1   35   84   18   94   71   97   90   22   94   49   25   89   47   68   61   29   98   83   52   57    6   72   90   96   55   99   79   50   80   15   67   61   49   64   85   57   37   42   56   58   31   53   28   94   53   83   37   39   28   57   61   56   83   51   82    5   36   71   38   73   59   48   55   90   67   98    9   81   89   92   53   48   58   91   86   93   96   62   25   15   89   15    7   47   74   73   25   50   89   79   91   76    9   20   16   13   85   70   91   32   97   93   10   86   11   45   18   58    1   84   47   87   43   55   73   97   37   52   32    4   87   56   37   77   81   98   43   10   48   44   20   58   41   88    4   71   60   23   35   85   36   66   51   89   66   83   90   12   83   96    3   45   25   98   35   18    9   79    5   30   55    4   17   99   45   30   86    8   26   86   75   43   98   57   74   98
  50   48   66    6   42   69   37   71   40   19   14   54   19   36   51    4   42   31   31   90   92   30   88   22   34   94   10   38   80   94   94   88   96   47   32   38   12   13   97   19   61   23   66   47   10   37   73   80   28   29   72   42    7   12   37   27   11   78   45   70    0   40   47   57   96   45   48   89   39   39   15   72    1   21   41   43    3   52   97   10   49   58   32   57   34   15   84   99   38    9   16   89   88   49   87   22   40   11   54   69   96   75   66   67   62   41   50   17    2   78   49   87   12   39   25   84   37   63    8   52   44   61   58   10    5   12   21   72   26   96    8   50   71    5   51    6   78   46   86   65   31   15   15    3   30   72   35   14    8   43   20   73   33   12   27   44    3   11   96   34   74   91   11   68   83    2   31   13    3   29   18   89   23   74    5   61   69   15   43   92   61   80   42   23   46   40   98   42   62   58   37   37   84   21   41   66    5   67   83   44
  58   48   66    5   61   45    3   80   15   59   85   92   62   71   58   77   97   45   41   17   97   91   70   65   20   90    5   61   25   45    9   13   37   39   88   59    3   93   61   82   92   51   17   44   68    3   94   35   65   98   86   74   29   52   50   86    3    2   11   95   54   69    9    1   65   70   42    8   48   63   21   30   74   21    9   62    2   43   56    6   65   82   97   26   32   61   59   60   31    5    2   99   40   44   62   20   38   43    9   60   19    0   62   30   71   53    2   69    4   31   68   40   38   22   44   29   94   68   90   33   95   27   30   29   58   61    6   56   95   40   69   63   97   64   47    1   80   33   92   24   43   82   15   27   79   31   95   53   82   54    4   81   41   38   73   28   42   60   59   72    8   99   60   61   88   49    3   13   94   98    8   68   66   16   78   45   23   56   90   21   61   73   62   65   72   23   10   98   31   94   26   26    2   44   94   89   30   40   66   95
  60   20   35   72    2   59   76   34   53   71   59    2   58   23   73   26   97   11   89    3   68   35   19   21    3   13   39   15   96   82   47    9   98   72   18    5   61    4   61   44   88   38   44   54   98   70   66   30   48   19   39   82    9   16   58   79   97   58   65   28   40   31   10   37   21   59   75   97   88   31   93   94   50   20   77   11   36   53   86   97   81   48    8   79   85   47   55   85   13   81   51   68   19   61   26   51   52   95   67   55   40   33   65   88   57   66   32   55   57   68   31   34   35   42   29   19   50   85    3   66   81   82   85   31   10   99   69   35   85   35   74   96   76   65   19   93   42   62   61   24   60   39   34   85   72   48    1   70   73   16   75   39   73   83   70   94    7   32    5   17   37    2   39   12   11   83   74   45   56   29   48   77   52   79   48   36   89   90   22   46   77   26   74   89   23   15   94   99   85   61    8   91   19   17   71   38   86   87   80   83
  54   87   91   28   42   61   85   38   26   32   79   52   25   71   66   51   61   23   18   80   68   97   93   36   46   84    0   86   16   26   48   70   35   93   78   73   77    3   82   60   18   77   10   61   56    2   37   12   94   80   99   48   32   95   30   41   13   82   11    3   83   84   85   85   14   36   76   30   77   90   96   77   79   59    7   43   95   91   23   74   30   41   64   49   60    9   29   81   61   84   96   35   26   30   57   25   39   17   38   94   42   75   43   43   65   11   35   13   19   70   17   20   57   34   12   95   92   58   52   80   97   10    9   33   30   89   50   81   66   72   95   58   77   26   25   58   90    5   50   20   88   51    4    0   63   23    4   15   15   34   71   85   53   94   79   16   73   23   96   84    6   17   44   74   55    8   62   64   92   26    3   74   70   51   69   17   12   40   89   51   63   99   30   48   68   15   40   55   30   22   43   87   41   83   67   12   91   58   56   69
   4   25   79   62   38   46   61   48   45   55   28   57   69   70   62   45   65   72   31   48   67   66   49   26   91   54   54   46   76   30   93    6    1   51   85    0   67   38    2   37   64   63   84   98    5   85    0   97   77   95    6    7   98   28   38   29   15    7   13   84    2   89   22   60   25   89    4   71   93   44   45   14   87   95   49   69   75   35    0   12   89   79    9   80   88   54   45   99   87   38   47   94   92   63   64   73   28   91   29   83   82   28   80   86   49   53   50    4   54   67   56   49   50   53   92   41   22    6   87   18   41   75   17   23   63   62   24   54   70   22   44   28   94   38   85   88   16   94    4   38   15    4   55   60   58   41   78   49   53   44   20   65   82   30   46   89   20   42   26   34   45   92    1   35   86    8   50   15   55   71   63   56   74   53   61    8    2   16   53   39   36   44   98   37   44   50   77   73   97   63   95   61   53   55   48   20   36   60   60   15
  80   71   52   45   55   58   42   86   15   37   39    9    8   89   77   36   26   40   70   29    6   42   59   52   17   84   63   72   95   51   57   76   77   84   70    5   35   59   44    4   26   30    3   76   37   79   87   88   90   49   24    8   62   12   24   24   27   37   33   52   95   64   67   16   11   18   84   17   98   75   82   30   15   16   85   43   40   24   35   36   74   82   46   33   45   17    6   23    2    3   23   90   18   69   14   46   60   56   79   25   74   40   44   31   99   82   46   74   91   28   32   76   28    9   59   20   58   10   47   23   52   22   25   90   98   32   64   35   17    9   89    6   49   21   76   13   57   34   52   18   11   17   57   64   90   94   75    1   70   70   70   65   68   58   61   69    4   50   12   92   98   15   89   47   67   65   11   90   64   48   61   97   64   65   87   69   14   81   89   73   15   52    5   77   95    3   10   93   79   82   20   63   82    6   28   29   54   25   34   25
   6   67   63   87   57   68   35   38   41   96   47   86   32   68   27   39   85   68   48   40   79   15   84   61   32   69   99   34   39   92   34   85   89   58    8    6   28    1   76   63   45   81   13   50   33    2   47   14    4   21   19   62   79   48   64   10   78   50   42   86   31   43   92   14   52   57   70   92   34   11   39   15   72   56   75   33   95   89   91   71   18   14   95   87   88   64   85   49   16   25   85   64   99   89   75    3   18   37    3   93   22   38   67    3   63   10   90   69   33   70   31   11    0   21   70   56   27   68   38   15   67   45   66   56   10    4   10   22   22   91   78   87   47   32   40   86   35   63   14   98   64   96   29   61   27   46   32   14   44   53   15   39    9   64   31    8   51   83   99   96   17   20   89   63   54   80    6   55   57   93   46   51   80   27    6   47   61   48   70   25    1   78   85   61   31   37   47   42   22   37   29   44   37   52   80   33    5   81   18   92
  52   52   40   71   65   93    1   19   27   18   94    7   12   44   26   33   60   56   86   45   93   19   19   39   11    2   37   53   27   27    9   11   88    6   70   71   20   24   36   65    3   81   34   49   90   13   94   61   42    7    6   81   40   76   83   40   31   26   63   70   34   56   53   14   52   75   96   33   23   89   91   82   33   27   62   25   76   39   32   80   35   13   79   31   65   65    8    3   82    5   33   76   17   52   11   55   71   24   28   53   79   54   70   41   12   96   79    4   27   41    8   85   17   20   31   93   22   42   68   15    8    9   18   32   94   91   56   93    2   56   44   11   55   45   76   41   42   23   47    7   56   38   27   37   89   70   85   39   39    1   68    2   97   68   46   66   99   16   74   86   58   66   50   15   98   28   38   97    5   40   55   23   67   52   26   20   28   79   52   79   71   80   85   61   36   69   94   32   48   87   59   14   35   25   47   99   83   96   74   50
  65   49    4   11   55   65   25    3    6   31   86   41   97   89   85   96   24   97   92   79   19   28   65    4   82   42    2   29   39   65   60   37   61   89   35   37   10   37   28   75   11   59   77   25    6   67   58   56   87   10   19   46   56   91   61   21   85   41   86   27   79   53   55   97   15   30   18   83   85   83   23   25   40   77   75   98   78   95   26   60   53   15   94   11   85   26   22   60   46   38   90   69   60   78   80   18   44   90   81    6   24   26   51   81   48   18   55   22   67   97   63   91   54   81   94   17   66   25    8   23   14   18    0   97   44   16   34   74   63    5   14   54   96    7   86    6   49   23   42   92   21   63   33   65    5   29   95   72   93   68   18   46   87   68   52   86   11   96   12   99   80   48   47    3   31   22   70   19   80   30   85   36   75   66   98   52   35   64    2   97   67    4   17    1   66   66   16   54   48   48   61   85   91   15   94   57   18   93   36   44
  96   57   14    6   82   34    9    4   94   57   52   59   41   95   60   63   89    0   31   83    9   32   16   71   84   26   68   76   90   92   45    7   74   54   45   54   64   28   32   34   49   67    4   29   72    3   79   76   31   62   49   25   14   96   85   89   14   96   62   51   34   23   32   17   79   94   96   89   13   74   85   51   55   38   82   70   62    0   96   52   95   67   52   75   24   45    2   74   32    9   79   23   22   14   60   33   57   34   75   37   79   46    1   43   24   49   12   75   62   14   97   35   20    0   24    2   48   60   37   87   96   30   63   40   27   20   52   14   67   88   36   57   97   70   40   88    4   58   25   18   51   71   73   74   28   41   11   61   80   48   31   33   65   67   47   24   41   32    9   40   84   61   13   85   21   61   56   72   76   29   77   58   34   10   56   46   47   68   70   17   29   90   59   41   97   67   84   46   16   73   81   58   43   12   24   92   16   66   66   47
  99   67   96   26   74   76   91   41   33   80   71   27   30   79   56   90   63   98   32   77   19   70   41   51   80   10   22   55   41   56   43    6   93   69   61   14   19   59    5   47   88   87   51   23    7   17   28   55   72   46   82   16   42   61    5   90   99   74   70   20   18   23   13   55   95   67   88   97   66   10   93   54   54   98   68   11   76   97   23   46   10   71   14   42   65   84   31   90    2   16   11   74   36    2   78   27   68   55   11   60   86   36   83   27   28   17   21   23   64   13   54   26   14   82   53   28   63   90   28   24   68   49   67   16   93    1   27   62   52   33   97   34   67   40   44   77   35   39   78    8   43   27   48   57   42   99   91   14   64   32   71   48   95   94    5   10    2   79   22   72   33   30   60   77   56   57   73   17   59   28   15   32   19   32    2   74   34   66   74   81    7   51   41   35   80    6   31   79   39    7   17   30   24   66   17   76   31    6    1   60
  73   13   30   75   86   72   61   74   29    6   56   55   80   24   88   49   44   98   54    9   25   59   23   16   29   51    9   52   72   45   69   63   49   97   61   80   64   95   43   18   18   99   79   30   44    3   95   43   38   24    8   76   22    8   97   54    7   28   55   20   99   87   88   51   98   32   55   74   50   85   10   44   82   18   38   99   61   35   36   20   73   10   20   12   75   94    8   94   91   50    3   69   52   83   29   55   89   66   64   96   48   17   97   13   55   75   78   70   42   18    3   30   97   68   40   49   33   89   45   83    5   48   60   66    2   64   83    9   33   42   25   43   89   89   60   88   81    5   38   84   44   61   41    1   56   38   77   88   10   35   39   67   39   56   90   58    9   48   88   48   98   90   26   41   18   19   36   41   35   73   15   47   88   73   20   23   92   58   87   86   44   52   36   63   64   67   86   73   10   35   56   62   86   41   82   39   14   47   14   40
  24    2   66   74   13   58   50   13   60   26   82   61   11   51   11   72   29   48   69   84   51    7   25   61    4   37   32   30   95   94   89   86   89   18   39    5   79   86    2   16   16   92   79   27    4   41   58    4   46   53   98   18   18   43   31   91   78   25   33   63   87   20   29   60   85   28   46   68   42   77   51   88   60   91   85   24   89   12   28    4   10   72   11   18   40   80   81   96    5   14   39   28    9   52   46   43    2   42   45   21   79   88   92   68   67   15   39    0   55   76   66    1   55   88   10   52   25   93   55   77   52   89   28   74   42   57   68   17   86   72   40   59   66   45   63   55   77   23    0   40   82   12   86   40   20   46   81   85   61   52   80   90   79   96   83    4    1   59   95   29   96   85   14   49   22    7   69   21   55   67   43    7    6   37    4   87   16    2   14   69   58   67   34   32   67   11   39   10   42   96   85   67   65   37   70   83   55   10   69   12
  32   19    5   76   64   40   38   64   53   23   48   77   55   80   50   41   74   20   62   63   27   25    8   14    9   61   12   51   11   78   67   29   73   22   63   64   43   70   94   41   28   44   56   12   95   46   96   96    6   11   18   56   35    1   56   32   84   76   84   56   69    8   75   45    0    7   30   37   20   76   44   25   67   45   77   50   74   85    7   12   73   55   24    3   95    9   46   22   39   71   50    4    8   94   25   42   78   83   28   22   43   33   70   72   26   37   73   50   55   80   65   65   48   83    2    8   67   60   27   60   10   60   36   58   34   72   11   84   49   22   96   10   53    7   89   15   25   65   88   41   26   34   91   90   12   90   84   53   25   45   77   27   34   45    6   41   13    0   38   75   98   43   75   22   63   66   33   44   67   31   60   23   53    5   44   50   82   37    0    4   53   81   89   80   33   49   88   83   45   48    6   16   52   51   57   31   22   45   87   97
   5   35   52   21   35   12   46   88   92    1   63   90   76    6   38   75   97   29   28   24   89   17   36   13   93    6   50   15   40   58   69   56   42   28   80   67   67   76   22   98   91   43   20   37   38   97   28   94   23   92   93   60   10   61   91   92   45   47   38   21   65   98   26   84    9    5   90   11   41   88   34   30    4   69   32   11   47   17   84   74   97   97   83   50   17    4    9   23   88   21    9   93   43   41   30   94   34   85   99   45   70    2   78   97   19    1    4   85   24   41   33   30   16   40   92   35   80   68   79   57   37   25   28   52   40   40   36   92   64   89   92   61    9   96   47   37   41    8   66    4   72   83   42   38   67   86    9   45   32    1    0   52   76   59   24   45   96   83   11   64   62   36   36   71   93   31   92   83    5   28   44   66   22   41    9   10   43   62   45   38   49   63   71   53    9    4   34   20   53   70   25   46   21   46   37    0   66   30   74   66
  19   88    2   57   80   54   55   47    6   67   95   79    5   22   83   71   36   24   46    3    8    7   82    4   55   28   75   12   91    8   84   14    2    3   78   34   41   82   26   55   29    6   99   37   84   42   86   17   54   37   99   33   77   49   40   69   64   47    5    7   59    5   60   88   78   69   27   65   18   91    9   54   48    7   18   71   59   16   14   66   66   40    2    2   15    5   55   39   21   59   70   17   62   10   59   37   10   80   18   78   36   68   70   42   66   44   60   22   42   13   41    1   40   86   36   49   85    0   67   52   34   25   59   42   39   67   39   80   28   70   56   89   40   23   39   66   42   88   15   30   98   79    7   94   42   64    1   16   69   26   11   67   21   86   17    2   39   32   63   23   98   42   70   76   88   50   22   51   42   60   23   51   95   68   95   10   65    2   20   82   10   47    6   29   12   45   64   65   93   12   40   52    8   11   31   85   58   56   55   81
  54   72   30   81    3   34   25   13   53   89   16   88   85   88    0   98   42   59   30   51   55   79   34   11   58   78    1   81   80   57   94   38   13   65   60   91   22   15   67   31   18   67   18   83   31   65   57   59   30    8   63   43   97   89    7   36   41   38   72   35   15   36   78   40   28   77    6   45   10   60   89   44   98   87   72   17    3   12   34   40   21   97   74   69   65   61   88   39   14   29   22   95   56   42    2   71   64   81   13   65   36   23   22   28   73    2   94   96   96   83   32   40   12   89   77   15   99    4   76   13   74   88   95   16   16    6   82   18   39   41   35   49   34   23   38   80   11   95   40   29   44   93   80   81   22   88   70    5   42   83   53   58   37    3   88   75   27   24   51   79    8   62   84   49    5    2   16   88   45   14   90   82   14   68   33    6    6   54   84   96   70   92   23   14   11   17   75   15   43   75   92   16   18    6   11   39   31   96   44   30
  46   72   33   14   42   62   31   58   32   90   88   71   83   12   65   40   77    0   18   24   55   97   89   45    0   86   57    2   64   88   87   88   97   65   61   11   63   87   81   89   17   20   85   94   52   88   68   20   50   39   78   33   17   49   49   88    0   87   21   17   41   55   92   53   14   45   92   71   21   64   73   27   52   34   18   88   32   32   10   44   64   97   77   85   98   69   85   30   71   62   45   64   72   41   84    3   32   36   83   50   93   95   45   72   24   10   49   30   73   52   13   45   40    0   54   93   89   90   89   92    9   42   54   83   37   70   78   51   24    7   44   16   64   23   87   89   83   66   11   98    6   56   80    8   49   47   19   11   90   90    9   27   39   19    6   51   44   80   29   51   31    3   72   74   66    3   69   60   44   61   11   20   12   44   89    0   44   28   93   61   22   28   58    4    6   67   80   74   17   86   22   87   29   49   95   40   66   58    7   79
  35   47   30   99   55   63   52   30   58   79    9   15   16   93   57   34   19   68   52   62   71    9   67   72   27   31   59   38   93    9   16   81   68   86    2   13   83   81   82   89   23    9   29   99   51    0   74   84   12   55   74   95   60   33   91   36   63   84   53   71   84   60   42   64   40   68    8    4   47   11   73   18   49   17   92   84    0   39   94   48   84    8   42   87   19    1   73    8   30   81   89   13   49   79   39   35   54   77    4    5   10   34   27   48   30   62   32   83   30   24   86   65    4   15    4   79   62   93   32    4   45    7   14   78   37   88   51   64   83   46   31   76   83   29   82   99   19   84    8   88   89   85   34   93   55    6   84   90   30   24   56   35   63   37   21   23   65   43    1   50   78   14   24   35   92   34   83   67   99   58   31   71    9   78   23   66   58   24   48   50   76   46    5    7   66   89   43    9   17   97   70    3   25   72   63   28   69   90   90   82
  35    2   39    2   57   60   34   14   52    1   27   96   91   63   37    1   65   49   71   15   83   80   42    2   46   37   76   23    1   98   24    7   85   71   26   47   68   81   37   21    1   85   81   95   74   21   24   24   45   96   69   43   73   83   40   84    1   31   16   17   20   36   72   59   44   49   18   73   75   54   81   80   80   10    8   43    5    1   13   12   32   33   81   90   17   38   50   27   33   67   42   70    7   48   31   28   46   30   75   18   89   36   52   16   91   64   76   89   99   25   32   24   50   89   73   56   47   72   46   88   55   66   67   74   47   38   41   93   10   70   96    7   61   59   33    9   67   52   75    8   93   62   44   45   95   55   58   64   31   25   75   31    3   48    1   56   64   92   60   35   64   59   74   92    9   71   80   32   40   41   37   87   32   43   58   25   69   52   17   18    2   58   80   99   65   96   98   61   37   88   63   81   22   95   42   87   37   89   67   22
  14   15   37    4   54   65   74   93   80   99   60   85   77   83   41   51   91   45   60   64   18    2   69   79   58   65    6   17   73   63   19   59    3   78    2   83   22   25   92   81   33   18   10   39   58   49   89   80   26   90   46    1   85   73   35   87   90   95   91   26   55   17   68   49   87   90   31   31    3   50   38   99   81   45   56   62   90   99   41   36   71   27   14   28   31   61   73   16    4   16   91   26   52   54   27   84    6   52   41   78   19   95   79   74   49   64   20    0   74   44   35   26   62   51   67   95   83   32   24   16   56   82   25   99   42   78   29   13   51   55   47   40   64   63   15   66   33   80   49   24   18   96   71   21   50   12   83   82   80   46   16   49   51   31   37    4   52   19   84   76   60   22   66   99   63   78   90   84   16   87   76   71   22   46   90   91   11   42   60    9   24   59   65   10   42   65   99   99   31   67   55   21   50   13   12   35   26   14    5   56
   0   78    7   65   14   61   14   43   65   17   13   63   64   41   12   30   21   65   30   37   26   16   81   48   57   28    8   73   72    4   88   85   84   46   69    1   59   13   90   94   15   53   59   76   48   88   34   32   72   54    8   65   27   84   83   42   85   95   72   60   93   87   47    8   60   46   36   17   71   91   59   23    0   71   15    6   19   20   33   31   19   78   82   25   36   81   95   78   55   99   72   67    2   63   28   60   57   10   46   51    4   85   93    2   12   12   44   60   24   84   31   30   58   87   24   33   33   46   42   95   14   41   25   59   78   93   43   26   96    9   13   95   88   55   32   96   95   86   77   59   37   47   54   48   86   16    8   45   20   82   84   98   38   96   10   96   24    1   82   51   41   20   41   61   14   94   72   87    4   86   86   36   56   50   82   28   91   55    0   30   14   80   40   46   35   70   99   87   98   29   66   62   30   84   91   95   98   16   14   68
  72   43   16   28   12   15   18   58   51   33   54   66    9   28   20    0   11   76   87   16   76   25   13   23   91   34   74   48   43   81   99   65   84   14   90   18   19   84   48   24    2   21   82    0   92   77   20   73   51   34   50    0   88   78   17    9   42   46   77   84    6   24   58   37   99   66   32   67   43   46   71   43   69   41   59   48   57   34   11   25   35   31   42   47   25   38   28   58   47   63   43   99   48   61   44   73   55    9   72   76   40   50    1   86   77   97   59   23   28   92    4   67    6   73   58   47   70   35   57   80   45    2   99   54   42    7    9   25   92   72   41   75   39   88   32   71   43   67   18   94   28   53   68   65   55   86   96   76   18   76   50   53   94   52   85   64    8   70   49   54   30   18   74   24    9   49   71   20   36   42   92   14   91   14   57   84   90   54   49   78   90    1   26   28   83    1   12    0   95    3   26   52   34    9   41   79   28   51   46   24
   0   83   99   50   83   35   94   56   80   67   92   55   84   93   76   35    9   40   69   85   76   63   53   96   24   79   55   51   39   63   99   40   11   12   17   40    0   28   69   67   66   66    7   93   29    7   81   46   34   39   58   52    1   11   94   49   98   65   73   31   83   65   75   26   58   36   90   90   35    2   24   27    1   93   46   14   60   39   17   45   59   65   22   61   79   62   95   94   49   39   45   48   17   96   56   12   90   94   56   94   97   95   96    6    3   57   74   83   64   31   93   59   68   25   75   12   87   85   68   98   91    6   22   12   32   58   14    8   64   63   36   71   59   41    6   75   62   11   18   30   17   80   93    8   23   28   99   62   95   24    6   48   81   83   47   26    4   43   53    1   93   70   32   35   35   86   72    8   30   78   35   81   50   77   52   73   43   23   88   41    0   38   41   24   87   49   37   69   63   47   97   97   47   70    5   44   44   40   84   58
  47   43   61   22   24   52   31   67   90   35   57   28   79   21   52   36   76   24   20   76   55   63   79   28   24   99   11   64   38   14   95   82   22   75   76   50   95   23    7   81   35   12   96   41   86   81   30   80   46   62   28    0   19   33   54   85   17   72   74   81   81    6   21   94   63   22   99   33   28   84   96   40   64   64   22   55    5   86   82   15   60    9    8   63   79   84   33   92   53   39   34   73   37   39   38   31   39    2   87   25   44   17   53   26   16   28   90   85   78   20   64   81   64   85   20   46   33   72   12   31   70    1   25   70   23   60   40   46   35   89   72   72   79   42   10    5   48   87   48   98   52   63    7   76   88   50   90   23   48   91   60   68   40   54   37   68    5   51   92    5   45   66    8    0   16   22   87   15   64   34   53   90   85    7    8   35   80   75   61   86   18   73   96   96   71   69   22   74   24   42   11   30    7   46    7   76   65   65   70   77
  67   62   18   73   48   15   48   32   19   56   89    1   13   91   69   23   36    8   84   66   23   19   69   56   74   24   99   16   17   73   56   38   73   57   40   21   71   55   89   42   26    5   27   72   28   55   21   92   90   80   73   57    0    4   44   75   13   54   95   83   55   57    6    0   31   81    0   79   25    9    9   68    4   52   93   58   33   88    7   24   17    1   95   20    7   91   96   21   40   67   42   78   24   81   55    1   62    0   84   98   15   52   33    6   67    2    2   81   28   90   59   52   40   37   22   70   60    2   32   89   49   25   22   19   86   31   29    6   88   38   70   71   35   49   10   66   67   21   19   39   69   51    6   57   70   18   44   80   32    9   92    9    6   24   75   65   23    7   95    0   92   47   19   34   31   15   43   65   47   64   97   12   73   22    1   36   39   99   34   76   93   33   17   96   45   45   72   38   54   94    4   73   39   54   91   60   41   97   60   15
   8   34   71   42   16   98   19    8   38   11   59   43   92   16   26   68   69   36   92   84   61   74   53   47   54   84    1   10   47   58   17   60    2   24   45    4   63   53   56   51   69   65   66   21   68   17    2   97   17   11   30   99   86   71   18   62   83   33   25   86   13   91   47   72   37   70   92   49   21    7   92   99   65    1   88   49   23   36   94   77   59   73   84   62   31    7   12   23   76    9   12   97   40   12   87   96   50   11   62   86   96   57   94   83   16   63   66   76   53   73   58   26   48   93   84   64   32   20   28   30   96   53   39   88   36   79   64   30   96   68   98    0   28   33   67   83   12   15   67   35   69    0   52    2   95   14   17   10   22   48   61   90   87    8   42   86   16   66   42   16    6   28    0   19   54   78   50   72    7   30   65    5   58   16   41   62   98    9   55   53    6   61    7   68   20   12    7   45   23   46   89   83   75   46   11   40    2   12   30   69
  78   61   25   71   99   65   76   87   71   87   29   30   17   18   55   92   22   71    7   97   52   49   35   96   41   12   56   59   74   49   27    0   98   19   35   15   23    6   34   94   22   96   63   89   62   98   55   83    3   93    1   19   73   25    4   86   51   47   31   71   31   56   13   30    2   28   38   74   82   53   92   35   49   61   17   41   89   47   93   67   16   45   36   94   33   48   69   96   54   84   11   89   20   76   53   60    9   53    8   55   40   20   49   21    8    3   34   74   57   12   44   58   23   13   24    6   24   53   80   87   67   35   93   91   35    1   43   46   67   14   54   31   49    2   52    3   85   71   92   65   97   20    0   90   65   68   29   33   67   40    7   29   38   83   34   49   59   13   58   20   87   29   30   40   36   59   72   96   88   26   60   32   80    2   99   37   74   67   36   96   26   74   92   11   91   89   37   83    0   18   75   93   12   71   10   78   89   45   10   20
  50   79   51   47   60   96   78   15   19   35   27   73   99   57   89   43   68   70   29   73   53   57   25   31   85   61   13   54   61   79   85   65    1   49   20    1   92   16   24   33   46   60   31   79   15   95   85   59    4   72   70   62   28   43   41   60   33   40   90   45   59   91   94   56   26   10   85   52   56   95   37   10   67   97   16   98   54   56   95   33   74    0   67    1    0   38   37   78   89   94   62   15   67   48   52   50   88   38   96   53   68   92   81   43   20   13   36   66   79    3   46   94   82   93   95    9   68   55   47   79   93   46   64   47   63   97   81   23   86   52   58   11   44   30    8   85   12   71   74   61   84   11    1   85   18   29   68   53   20   23   83   52   92   56   66   34    2   50   73   40   86   69   50   54   22   87    5    4   78    2   50   18   68   11   26   52   37   20    6    1   19   28   11   50   88   71   30   43   76   96   55   19   86   51    2   25   53   80   85   18
  72   96   79   71   79   55   60   53   95   36   77    2   41   91   24   79   50   13   10   12   46   30   89   76   14   50   76   65    0    0   58   92    5   16   18   31   89   94   30   73    1   51   62   86   82    6   41    7    0   15   93   26   73   70   86   53   97   42   78   78   54   31   15    8   49   39   20   76   16   47   42   97   10   85   68   79   77   77   43   58   36   90   22   58   21   37   96   19   88   81   36   37    0   79   66   98   29   39   68   34   31   17   98   47   76   65   59   31   31   48   13   53    9   27   63    2    4   21   75   80    0   27    5    1   94   42   79   68   44   75   24   41   37   57   21   74   84   88   89   63   79   69   95    9   19   42   62   88    9   16   86   30    1   67   87   90   85    5   13   87   69   22   38   86   92   88   46   77    4   92   22   96    1   92   52   51   67   46   95   10   65   21    3   65   67   12   72   94   69   22    8    8   61   23   37    4   44   16   42   58
  96   28   32   80   95   40   34   71   75   70   63   13   26    5   38   84   22   70   42   17   22   67   79   32   91    5   57   22   89   75    5   39   74   54   48   13   57    9   31   23   65   47   42   84   38   76   88   16   74    7   64   22   25   85   18   51   78   80   20   36   56   59   16   59    0   62   73   47   24   23   69   42   92   97   43   27   81   72   16   94   20   56   18   48   62   12   25   75   95   91   75   98   16   20   40   92   79   37    1   61   30   22   21   24   31   61   16   48   92   96   82   26   14   87   40   46   42   13   72   23   23   75   71   82   70    3   41   41   32   49   49   61   95   65   93   83   73   27   57   11   92   18   23   93   12   54   57   21   38   78   71   58   54   36   62    1    7   78   17   71    1   26   93   26   98   27   63   67   63   29   75   31   81   37   83   98   75   46   42   37   35   47   48   71   88   88   60   99   89   48   41   46    2   33   38   77   26   65   32   36
   6   51    9   20   50   69   40   25   89   34   32    6   35   21   35   19   19   73   47   69   57   53   46   38   26   88   40   88   76   60   84   65   81   79   64   72   81   22   87   50   12   15   75   80   65   65   86   97   83   13   80   51   79   72   67   86   15   85   34   20   72   98    8   98   34   96    4   61   53   83   47    7   18   25   87    9   83   50   56   96   76   64   82   46   93   79   97   55   64   45   92   62   15   51   13   64   69   80   15   46   35   41   93   55   44   90   53   42   54   84   45   61   17    1    6   47   71   21   94   15   69   23    5   71   51   62   94   53   84   49   34   38   34   88   51   93   25   76   11   28    3   91   29   81   42   12   34   34   50   32   67   73   15   52   57   26   77   23   87   45   36   66   61   50   68   26   80   61   21   99   86   17   78   52   76   37   24   21    6   87   31   95   22   35   87   34   75    9   95   61   75    2   96   49   21   15    8   67   21   92
  22    8   85   77   51   83   72   17   41   92   67   62   17   53   16   67   22   28   57    2   69   44   51   74   77   91   17   43    9   26   55   13   44   93    7   23   28   91   73   18   70    1   79   22   71   49   73   34   53   90   80   54   92   11   70   62   25   38   40   67   62   78   65   98   82   57    1   36   12   43   99   40   81   45   57    3   68   24   46   98   22   92   82    4   36   97   45   79   91    0   73   91   57   96   69   62   12   78   85   33   15   57   93   73   81   56   41   30   80   64   74   83   97   83   44   13   55   44   93    3   85   63    7   24    6   93   64   61   52   40   17   73   13   20   97    9   95    8   48   58   11   88   95   22   22   76   37    3   75   35   40   65   57   82   79   94   91   63   55   46   66    6   40   27   55   92   48   58   40   34   68   24   87   11   22   75    8   41   37   93   15   45   45   81   54   13   87   15   69   27   12   19   94   97   60   80   90   34   75   51
  17   53    4   60   26   10   70   34   44    8    7   91   59   40   66   72   11   92   65   30   26    8   25   33   21   67   25   49   55    7   16    7   69   69   12   73   81   10   11   79   30   34   58    6   43   33   82   73   28   65   40   48   73   27   57   41   65   38   93   39   10   48   23   45   92   10    4   29   43   12   69   60   70   42   93   67   92    8   66   34   19   18   19    9   45   77   46   13   70   17   86   36    0   29   83   91   42   98   23   42   45   20   38   49   69   49   10   46   84    2   99   12    0   14   25   35   82   58   63   87   13   22   96   77    5   22   37    3   58   64   33   21   42   91   71   93   55   10    5   19   52   21   31   91    4    7   38   75   82   28   29   58   86   17   89   80   26   67   62    2   40   23    6   46   70   53    8   82    7   38   56   92   75   19   42   85   24   90   53   62   66   96   68   41   59   69   59    1   90   27   65   56   12   87    8   95   92   57   95   85
  89   79   92   77   88   11   42   47   90   48   43   78   65   58   91   81   71   95    4   55    3   79   12   56   78   62    5   47   77   95   89   81   30   75   16   32   28   48   87   86   89   93    2   99   87   73    8   73   67    9   20   75   16   34   60   86   28    1   85   93   85   48   72   12   63   60   63   69   88   77    3   70   72   55   62    8   26   86    0   98   22   77   21    3   60   75    8   26   30   96   31    6   98    9   48   18   25   75   13   65   56   72   16   35    0   87   98   44   52   13   87   76   11   52   17   59   65   38   44   71   15    3   41   49   28   42   10   74   76   26   65   23   39   31   97   48   63   20   92   68   10   33   50   42   80   55   55   37   84   70   70   65   66   75   23   52   13   36   29   20   54   43   45   87   36   12   79   21   97   66   25   57   93   91   39    2    7   87   66   72   72   77   50   37   23   30   75    1   14   78   64   16    3   22   11   27   83   86   28   28
  82   42   21   74   49   89   87   79   97   53   54    0   16   15   92   25   62   41   76   36   93   51   24   41   36   72   32    5   78   99   25   84    3   33    1   39   60   96   84   93   65   39   90    5   81   98    2   65   87   69   97   27   63   81    6   55   96   47   81   74   26   37   49   42   59   65   41   63   65   97   81   56   17   32   33   28   94   53   98   11   71   58   76   39   51   35   69   19   66   49   79    3   18   60   37   28   93   90    9   52   66   78   20   85   65   87   68   87    2   22   53   30   19   70   99   53   60   60   41   67   80   11   27   16   79   63   67   62   53   81   15   69   83   20   70    7   16   39   99   37   42   76   79   67    3   87   26   50   73   28   68   50   15   21   76    6   38   49   38   41   97    3   98   72   91   64   94    7   71   71   93    8   50   51    9   62   48   49   68   74   66   38   96   21   33   48   31   34   92   15   51   47    8   20   27   47   41   59   37   78
  36   85   99   66   10   89   81   55   33   71   61   77   64   82   96   75   31   90   82   47    5   95   54   40   60    7   82   18   25   55   66    1   58   15   95   37   49   62   15   16   95   57   22   66   89   76   40   66   89   25   79   99   34   88    2   37   27    2   60   52   37   86   24   82   63   89    0   96    0   71   75   16    3    3   12   15   96   20   80    6   65   45   54   78   20    0   22   80   59   92   83   15    5    2   18   47    1   86   47   73   87    3   43   67   99   81   21   27   79   65   24   49   92   20   32   90   67   22   28   84   28   70   49   22   36   71   80    2   90   23   64   28   26   88   70   91    2   27    4   47   46   98   23   66   99    6   44   39    2   42   25   30   21   51   39   73   35   69   52   35   82   73   52   53   76   76   71   11   23   40   57   39   82   35   54   69   37   55   72   38   97   53   78   70   81   67   53   76   46   85   50   73   20   18   56   84   73   33   85   66
  55   99   77   29    6   27   17   18   52   98   64   42   24   78   54    4   46   18   49    6   21   81   16   10   22   92   94   66   78   90   29   40    2   52   92    2   71   46   96   59   40   10   56   98    1    0   89   26   60   61   48   49   68   23   17   98    0   18   72   56   32   11   36    5   55   48   91   80   46   53   68   29   60    1   93   94   88   21   78   57   98    1   39    9   94   17    3   11   96   53   10   39   42   80   21   11   74   43   12   42   42   23   20    9   84    1   50    1   80   39   98    5   33   39    6   43   45   44   53   19   23   49   64   39   45   98   64    4   36    5   87   82   46   26   71   18   77   87   17   53   15   61   67    0   94   26   46   25   90   76   98   38   56   57   23   93   86   98   45   12   15   55   81   69   73   78   84   92   36   72   27   68    5    5   19   54   91   59   56   69   88   58   73   40   99   48   89   96   88   32   37   78   92   60   77   44   85   41   62   53
  83   79   83   12   24   91   13   77   63   34    3    1   89   10   74   14   39   10   63   10   62   96   74   65   90   82   73   56   39   61   10   88   88   26   75   69   85   89   74   93   32   44   14   85   27   50   16   25   67   25   51   45   61   25   48    2   51   10   72   84   40   88   39   87   51   55   40   93   70   49   79   46   87   47   80   25   56   61   52   44    0   97   21   17   81    7   76   35   72   21   70   99   50   55   61   35   55   64    2   45   52   20   47   39   55   28   89   63   62   81    2   26   18   62   34   70   94   37   33   48   48   35   34   37   48   44   45   29   63   48   22   75   88   39   52   94   31   21   34   44   44   60   27   54   10   94   29   32   16   37   97   59   66   59   33   78   34   79   98    1   16   76   12   71   24   58   65   31   85   90   21   73   67   25   81   30   25   71   11   91   38   49   67   87   77   38   74   39   51   68   55    5    4   13    8   72   19   24   31   17
  86    8   19   22    8   25   18   34   15   93   78   64   59   69   94   13   53   19   45   89   63   63    9   80   71   35   33   57   75   50   85   20   69   82   70   33   46   46   30   13   18   63   22   79   79   41   36   97    1   25   69   87   45   72   21   92   58   74   17   49   72   41   96   82   12   84   38   58   40   70   42   46   58   21   42    4    5   65   27   66   75   66   42   56   78   34   41   24   20    6    7   14   76   62    8   76   75   90   96    8   52   81   23   59    9   30   97   72   26   98   20   37   44   62   26   26   67   20   14   14   32    3    3   72   54   14   25   67   80   86   21   84   42   29   57   12   46   44   59   18    6   37   98   56   54   64   50   21   98   22   64   86   65   94   17   64    9   55   18   65   32   12   86   89   17   20    3   66   89   22   45   70   44   75   75   74   71   42   39   60   10   59    3   72   60   49   30   50   63   68   92   17    4   65   16   14   27   72    6   38
  10   83   76    8   27   46   45   16   46   86   22   12   38   48   28   10    8   79   13   28   76   59    2   17   47   35   98   11    2   55   95    0   82   99   41   41   99   62   54   28   93   25   39   84   51   75   99   64   16   75   59   17   11   93   10   45   98   86   83   73   47   28   89   56   39   96   36    3   60   42   62   62   62   33   25   31   96   74   39   91   76   53   80   94   56   10   43   22   69    8   46   43   38   62   54   20   80   44   15   68   39   63   75   62   94   60   38   98   51   71   33   90   93   95   38   85   67    9   91   52   53   38   85    9   38   56   19   21   61   58   81   81    1   39   84   94    9   76   23   80   44   11   20   94   76    3   94   84   54    2   43   16   36   31   71   73   17   89   67   66   77   72   78   28   68   97   75   40   63   91   65   77   88   36   33   34   36   67   48   94   68   67   95   85    3   96   88   33   23   53   99   60   57   21   89   79    5   26   88   70
  40   52   12   83   63   51   61   58   43   18   48   80    5   40   82   57    2   84    5   47   11   27   39   26   87   56   36   29   49   33   80   23   68   44   26   46   11   52   71   59    1   58    2   36   63   90   97   51   21   83   35   55   19   37   47   73   89   17   55   96    1   57   76   10   66   42   60   71   14    6   31   26   28   92   68   35   60   15   18    9   42   61   50   55   16   64   55   95   24    6   45   19   17   23   67   42   87   12   93   40   53   81   49   16   24   91    6   91   67   51   31   86    3   71   20   35    6   56   14   11   32   49   94   82   40   58   77   38   76   66   70   97   37    6   53   33    5   15   53   95   33   54   17   12   78   61   18   50   58    5   30   86   36   70   60    0   94   95   66   15   84    0   50   42   69   14   87   57   26   31   68   18   29   98   87   33   55   41   20   29   10   83   24   19   63   12   95   88   41   18   14   85   44   57   12   82   51    7    7   96
   5   29    1    5   81   76   33   17   24   35   77   59   44    6   11   20   21   48   86   42   32   55    7   72    5   35   95   40   74   27   85   33   22    5   30   58    6   17   34   71   59    4    3    5   33   28   11   43   59   69   99   69   98   97   84   35    4    5   87   86   30   73   45    6   65    8   13   47    7   34   75   59    5   21   99   95   91   51   43   75   95   12   89   61   14   86    3    2   36   53   42   24   65   47   11   81   30   69   35   75   28   21    7   83   72   61   60    6   41   86   28    5   83    2   68   83   74    1   89    8   85    1   49   88   26    4    8   37   36   21   45   34   59   29   31   88   78   76   37   88   34   72   75   33   61   18   38   52   66   35   71   64   86    3   51   71   42   29   58   46   42   97   42   21    1   11   53   20   10   35   24   53    5   98   91   86   17   71    1   72   79   28   46   92   19   53   30   16   68   95   56   50   53   15   20   73   58   23    1   18
  50   26   73   57   14   29    3    4   75   38   88   23   32   51   28   45   12    7   86   24   10   28   41   48   76   82   29   21   12   15    2    0   41   60   81   32   28   67   63   69   17    4   54   41   25   96   15   27   74   52   23   53   41   26   67   77    6    0   90   22    8   59   32   91   96    0   19   60   33    0   46   62   98   41   78   43   67   96   81   68   82   19   79   99   97   25   42   68    7   68   27   84   61   39    5   69   53   62    1   43   75   91   35   25   70   22   88   63   92   19    8   82   28   33   26   42   89   68    7   88   44   68   36    9   41   33    1   75   86   90   24   63   53   59   79   37   27   47   66   43   30    5   57    2   47   61   46   50   27   24   84   89   16   20   35   70    6   78    0   84    4   83   94   79   98   45   64   62    1   85   70   42   21   67   98   15   92   56   78   14   10   66   28   37   62   22   34   36   35   70   15   90   71    1   56   16   15   70   24   56
  28   31   67   65    2   86   58   25   11   48   69    2   28   94   10   80   23   50   76   99   60   22    8   74   57   76   98   83   50   68   62   19   30    9   36   18   89   85   72   40    0   54    2    2   15   49   74   40   77   53   89   37   30    7   21    4   17   94   54   60   38   64   56   91   79   55   78   61   99   52   85   17   16   31   82   88   40   44   48   20   53   82   75    8   35   63   59   70   74   30   46   16   71   44   34   75   93   88   13   81   56   10   38   22   25   61   40   70   80    0   82   14    0    9    5   34   83   68   44   94   48    8    1   50   22   37   30   39   96    6   10   28   74   25   24   71   60   64   65   63   55   51   76   34   32   24   83    1   20   14   37   21   50   97   42   97   30   76   13   61   75   66   93   60   58   64   35   21   90   97   93   75   22   23   30   51   23   78    8   91   45   38   45   48   55   30   30   37   15   22   41    2   41   41    0   47   66   77   38   52
   7   32   66   46   95   79   90   48    7   55   94   17   96    0   61   92   21   26   80   34   65   11   67   51   50   73   44   68   42   85   55   28   87   31   94   96   55   45   26   83   26   61   80   18   17   95   98   32   23   64   58   25   21   57   27   54   68   26   57   98   53   14   73   44   71    3   71   68    0   46   46   56   61   69   91   76   31   96   47   86   48   32   72   72   12    7   75   13   45   45   43   45   95   50   86   47   47   64   23   95   93   17   14   35   19    7   80   19   36   98   39    3   24   21   55   42    7   29   46   54   41   99   49   70   57   40    2   68   85   87   79   22   45   71   73   61    4   73   56    8   53   73   93   78   26   68   67   19   82   16   75   73   96   64    7   98   38   45   86   22   66   76   52   74   71   52    9   74   78   31   81   21   17   12   55   29   69   65   42   25   91   88   34   24   80   68   45   52   72   21   99   55   12   95   99   94   69   29   53   53
  50   15   31   46   52   32   73   92   46   63   19   18    7   99   30   69   62   13   16   79   79   55   34   40   79   19    8   27   18   16   46   80   69   27   42   46   38   96   94   99   41   79   73   79   16   94   93   79   57   45   24    6   96   20   34   44   67   26   21   32   32    5   39   55   44   35   91   25   84   61   65   27   96   47   50   24   47   68   93   85   15    8   95   81   15   85   76   96   16   82   36   55   25    7   69    7   46   19   91   44   18   95   68   17   35   53   77   99   84    1   47    4   30   26   26   22   40   49   95   42    2   58   30   14   67   68   34   21   49   45   96    3   17   79   94   62   31   20   84   60   40   43   14   82    4   98   16   12    7   49    5   25   79   74   34    3   15   54   46   85   48   38   62   83   81   14   41   91   80   79   11   39   83   13   71   52   72   67    9   12   33   93   93   76   23   95   71   29   71   43   47   24   64   27   92   14   25   12   24   67
  94   15   22   13   80   53   36   70    8   77    9   58    3   20   62   57   44   62   83   25   97   14   97   92   42    9   40   27   57   23    6   89   86   50   85   95   92   82    4   75   91   17    6   34   82   82   58   98   16   87   87   94   29   64   27   48   96   51   76   45    0   15   67   30   31    9   82    8   53   31   90   66    6   61   16   55   24   74   47   42   87   44   23   51   80    6   28   58   24   75    5   26   58   85   35   26   92   51   20   87    2   73   90   57   91   62   59   10   17   69   68   61   20    8    8   12   21   97   77   17   30   89   44   27   32   39   54   55   53   62   29   49   82   34   98   49   37   70   39   39   37   54    4   37   76   32   53   29   94   22   77   76   40   98   98    2   56   19   99   96   42   34   81   38   73   66   28   35   93   49   41   90   57   56   38   66    4   21   82   26   98   89   38   91   71   80   47   12   54   81    9    1   82   59   52   67   68   42   61   47
  20   74   37   89   39   18   82   13   98   62   48   23   20   19   83   20    3   19   61   47   37   96   34   82   12   54   13    8   67   67   57   45   27   77   18   49   94   66   84   20    2   83   56   77   84   37   11   96   30   16   57    2    5   76    8   60   45   11   94   15   65   13   59   16   88   46    0    5   54   51   33   60   79   72   74   94   20    8   12    3   29   13   92   33   21   52   43    0   95   69   82   95   88   24   76    0   36   75   69   77   75    4   58   61   15   24   48   63   85   72   97   22   39   26   89   61   50   58   32   88   61   51   70   79   39   73   79   66   11   19    3   27   16   56   90    6   28    4    8    4   60   92   72   68   15   83   57   96   39   70   48   51   10   47   16   74   70   86   46   82   89   49   94   77   29   47   10   38   36   29   35    5   45   20   22   73   88   17   56   90   60    7   77    5   61   48   52   22   88   10   93    5   30   52   51   25   28   55    2   14
  39    2    8    2   81   11   18   79   43   44   65   62   41   87   22   21   51   87   89   74    0   72   16   87   11   12   51   54   33   48   71   66   71   23   55   12   24   97    4   46   49   23    5   12   73   59   55   14   54   18   31   95   44    2   59   18    0   67   63   21   74   18   50   55   11   69   50   43   73   78   49   81    5   62   27   57   62   81   55    1   97   51   12   12    3   22   26   94   81    0   33   30   45   15   26   57   51   84   92   39   81   83   34   44   62   90   77   84   79   17   21   88   44   19   29   49   55   19   25   38   21   98    2   76   29   55   30   93   97   35    2   17   71   82    4    1   49   80   76    2   98   28   22   35   75   31   64   24   11   10   43    0   55   77   56   45   17   16   11    8   56   27   66   35   32   46   36   10    2   97   10   26   40   44   74   70   60   31   95    8   31   37   34   55    5   84   16   36   58   88   55   54   24   71   56    3   41   89   85   21
  74   32   76   52   32   95   24   34   93   22   19   96   48   80    8   66   10   40   20   42   39   95   66    6   48   75   49   60   51   96   65   55   94   28   75   77   37   98   29   90    1   29   30   34   43   75   43   59   11    1   39   14   10    8   27   17   14   30   25   96   63   67   68    5   49   60   93   43   27   75   18   88   35    6   35   97   43    5   37   73    5   90   75   75   75   15   80   20   15    4   14   13   88    6   64    5   96   56   51    7   86   42   14   70   94    1   20   63    6   75   61   53   32   47    8   73   61   52   78   50   40   80   93   83   51   36   13   41   83   80   12   54   66   68   87    7   46    9   72   53   43   81   84   31   81   96    5   76   11   78   67   83   57   25   69   33    3   11   87   38   14    3    4   75   13   80   55   21   90   48   39   67   65   74   61   96   41   20   12   24   77   85   29    9   72   78    5   13   33   46   11   59   49   76   95   11   45   82    0   85
  39   79   60   93   15   87   56   76   77   57   45   80   50   97   66   63   58   24   74   24   61   79   45   98   16   21   30   97   53   26   96   41   26   90   15   96    4   56   58   95   92   84   91   86   51   86   77   38   88    3   10   16   53    7   22   24   24    5   22   27   75   58   31   14   51   31   69   22   99    9   83   67   67   89   45   71   52   68   55   98   32   73   16    4   70   21    1   63   61   63   45   83    1   15   37   98   72   51   94   92   10   52   95   18   15   35   96   22   63   26   73   89    4   37   57   18   63   36    3   61    3   20   16    5   41   87   30   23   80   93   30    4   76   65   99   66   92   15   16   66   74   38   43   38    4   87   90   95   50   17   40   68   17   15   99    3   59   14    2   63   18   72   82   50   16   95   37   76   19   16   67   20   53   59   12   33   19    0   94    2   82   40   27   52   91   65    8   76   76   96   20   83   37   35   63   53   22   21   65   96
  22   53   30   24   79   72   47   48   42   99   94    7   81   33   65   94   42   46   62   31   26   60   20   66   24    9   10   25   10   30   41   24   53   38    8   33    1   73   44   59   14   42   80   20   98   42   13   18   46   95   47   17   38   85   98   61   86   81   42   88    7   80   58   58   93   26   19   66   74    0   49   37   81   85   13   58   72   26   93   89   17    1   57   88   68   75   71   14    6    6   98   95   83    6   88   97   78   42    9   35   20   65   88   49    4   39   79   64    4   35   35    3   34   82   13   51   65   68   32   57   72   61   83   21   10   93   73   44   57   92   86   80   59   72   58   46   67    2   82   31   54   66   32   33   17    9   88   51   67   15   85   30   46   50   74   11   90   11   63   21   92   59   94   93   26   23   11   71    2   18   90   63   45   13   84   84    4   74   32   68   29    1   75   83   68   15   45   53   79   77   88   63   93   81   20   70    8   75   22   29
  57   37   64   50   63   58   20   69   95   55   60   71    8   15   55   39   69   91   78   21   30   14    9   74   69   19   70   45   87   71   27   48   23   90   51   87   51   50   18   96   67   29   83   23    9   67   74   57   71   25   27   37   20   23    4   23   54   36   42   92    0   83    3   51   13   47   89    3   50   46   45   62   32   77   23   35   46   91   53   84   13    8   50   90   23   22   14   92    9   63   38   41   71   43    2   56    2   84   94   83   41   41   58   84   75   47   81   41   76   24   45   82   24   62   28   43   32   66   75   86   35   19   93   39   65   38   83    7    3   33   41   76   47   25    7   81   50   95   33   22   27   40   14   13   79   69   50   48   49   58   28   77    0   77   79   51   29   88   81   93    1   63    0    3    6   77   72   89   63   55   18   70   91   35   69   50   52   79   29   87   98   11   51    1   33   37   66   39   36   77   75    0   33   76   10   53   49   69   67   50
  41   79   38   43   41   34   62   63   89   44   76   30   96   91   59   72   57   19   94   74   41   25   66   43   82   21   52   11   71   39   19   55   57   30   93    7   33   24   92   24   22   59   26   28   24   53   74   47   88   26   84   74    7   66   99   68   25   43   86   31   47   59   82   95   70   43   41   66    7   44   35   93   85   26   65   45   83   49   64   72   82   72   29   73   31   73   94   46   89   15   42   87   73   32   50   11   81   12   56   49   61   42    8   66   89   61    4   10   27   29   12   89   73   76   96   87   17    2   72   91   70   86   60   45   13   67   29   27   87   65   44   79   73   48   97    2   49   41   12   72   10   70   75   48   24   98   70   11   73   15   62   25   63   80   78   76   70   77   90   87   77   44   29   31   61   60   42   40   72   52    1   14   33   39   73   47   42    8    6   99   86    3   45   91   71    8   42   85   29   54   32   19   85   23   58   35   61   79   55   14
  28   24   68   69   14   61   46   42   85    6   72   55   25   22   16   61   65   27   38   98   70   59   11   57   39   83   19   99   94   77   50   59   90   86   80   18   40   76   12   67   35   56   91   86   36   70    1   71   13   90   29   69   66   25   83   18   90   51   46   23    0   69   73   84   96   29   56   91   56   74   71   98   34   19   91   46   19   64   85   76   33   91    4   89   18   23   31   42    4   71   13   13    0   95    4   74   63   82   45   90   47   17   90   42    0   65   32   82   15   73   83   12   58   64   92   29   48   40   37   99   65   15   86   10   87   40   67   86   87   16   40    7   64   41   99   63   43   15   28   80   14   84   60   52   47    3   22   51   48   21   80   44   38   75   14    5   32    0   37   13   65    4   20   26   59   40   76   77   38    3   96   35   53   92   65   57   33   82   19   48   34    9   27   18    9   75   71   86    3   46   66   49    2   45   12    1   73    9   29   99
  94    4   40   34   62   69    7   42   27   98   29    3   62   87   82   13   74   20   14   52   80   87   61   41   58   29   13   40   16    9   74   83   74   91   48   67   20   44   10   61   43   55   85    5   44   39   74   65   72   84   29   35   34   81   46   75   24   92   48   98   44    4   26   43   13   77   34   82   96    8   27   60   86   89   19   22   19   34   61   39   72   39   58   56   25    6   22   77   74   12   38   81   80    1   78   78   11   35    5   65   86   17   35   53    7   29   21    0   66   72    8   13    7   93   56   54    8    0   92   94   54   13    2   83   52   32    1   56   87   83   73    5   75   68   83   14   86   71   76   16   85    2   22   15   23   62   92   98   10   97   10   74   18   82   34   87   54   52   44   22   51   66   14   14   42   83   35   41   95   26   36   84   51   11   21   97   81   95   48   60   13   71   56    3   84   43   99   88   42    1   14   29   29   35   95   67   19   70    5    6
  64   21   43   82   38   19   99   28   65   16   16   75   89    2   97   30   98   53   76    0   15   95   16   86   11   64   37   43   71   15   34   55   36   23    4   63    6   14   23   71   12   32    7   50   18   16   32   25    4   45   50   45   44   99   27   33   51    8   98   52   69   32   69   87   57   21   68   85   69   66   46   18   71   40   23   49    2   52   54   39   70   58   36   71   11   50   14   60    1   85    3   49   66   41   21   24   84   13   71   29    1   40    9   76   76   21   77   70   67    7   12   15   81   32   52   46   99   18   77   11   97   56   26   41   72   41    6   30   91   37   49   18    2   27   86   54   37   52   81   90   31   83   80    0   89   22   76   88   57   31   85   47   76   67   32   54   20    0   68   20   51   10   65   16   24   14   91   62   66   40   85    6   41    8   69   95   76   15   78   25   34   57   45   18   52   19   71    7   81   98   74   60   44   52   51   88   12   59   54   26
  41   47    3   47   17   39   27   75   96   10   25   15   48   37   45    7   87   98   91   49   66    5   61   60   73   78    0   40   48   48   54   70   58   23   66   59   19   63   52   80   39   89   53   94   10   12   21   81   50   67    1   37   35   92   10   86   36   77   29    5   67   17   14   91   22   98   34   27   45   27   92   61   74    7   23   59   48   96   72   29   45   74   40   52   79   28    9   41   21   55   85   76   72   54   88   92   75   11   29   95    7   55   63   39   70    7   21   29   17   43   46   93   48   75    8    5   39   32   92   49   48   85   86   77   43   21    3    5   81   13   41   50   55    8   52   24   34   82   46   40    1   99   59   75   43   26   27    0   88   52   35   70   12   46   43   90   79   76   25   52   98    1   65   33   74   49   70   25   88   83   63   42   15   20   39   77   94   60   93   19   74   53   14   69   90   44   25   30   60   68   21   68   74    1   38   23   79   64   53   22
  48   96   99   16   48   74   29   99   46   34   94   60    6   10   98   62   86   98   74   97   95   41   63   82   94   82   80   32   42   82   12   16   78   97   41   86   35   51   97   38   88   94   73    7   96   49   28   48   44   38   67   11   63   25   79   98   47   80   32   83   53   50   10   66   79   50   15   67   62   86   95   24   29   95   11   91   15   41   13   97   50   88    3    4   53    4   54   70   48   78   10   24   16   49   39   53   15   44   76    6   78   21   86   81   44    7   38   62   33   63   82   95   39   98   24   94   14   54   67    4   44   27   81   47   10    3    2    3   48   32   20   38   43   58   49   93   37   39   41    4   74   54   39   35   51   90   39   43   13   32   74   72   80   49   90   55   13   15   49   37   10    4   61   75   22   24   53   12   83   58   36   57   16   31   53   96   84   63   33   92   12   30   42   55   67   41   94   41   62    4   15   21    0   86   62   84   33   10   32    1
  30   10   21   63   96   23   98   76   12    0   11   71   67   88   52    4   99   86   71   91   27   53   53   28   99   56   91   31   49   93   17   54   79   79   75   60    0   28   79   50   35   87   34   38   40   34   50   95   99   33   36   85   57   17   54   79   40   61   77   12   97    6   11   29    1   65   52   36   98   27   87   58   69   95   25   12   79   64   19   91   71   54   13   96   52   59    2   67   83   79   37   19   44   56   26   61   92   12   24   45   17   77    6    4   35   41   70   14   78   17   94   51   76    2   71   42   50    2   62   92   99   88   71   21   36    6   22   25   66    2   92   73   67   57   25   54   63   85   68   80   45   40   78   61   39   44   55   62   36   15   89   30   16   25   86   16   69   41   60   72   22   39   79   98   85   30   23   94   68   19   64   32   15   16   37   23   78   15   18   62   43   20    6    8   29   26   58   67   16   42   46   15   48    6   31   72   24   70   10   46
  90   52   81   24   18   48   24   72   35   77    3   34   24   67   20   48   36   73   36   69    8   75   63   16   10   32   98   26   47   44   29   46   17   66   15   56   31   57   54   63   60   27   58   22   38   21   53   77   60    9    7   31   58   28   99   59   89   92    9   87    5   10   54   54   64    3   10   79   59   37   18   21   30   48   81   43   43   94    9    3   99   94   40   23   12   14   89   74   84   52   65   89   35   54   28   50   21   20   35   94   27   66   57   60   13   79   78   10   39   86   23   50   82   80   38   71   93   45   97   76   64   72   18    0   82   70   93   50   38   83   94   80   82   17   86    2   75   19    4   74   33   87   28   70   64   82   86   58   34   50   60   97   17    8   46   42   90   27   14   12   89   60   97   26    8   46   17   13   88   38    7   20   36   89   63   52   58   79   19   48   38    4   55   69   66    4   39   39   15   54   53   77   76   89   42   20   54   66   33   47
  91   76   60   93    1   53   26   28   78   79   48   52   59   88    2   56    6   93   23    1   80   73   90   34   27   66   94   94   39   65   82   74   60   15   63   17   45   57    2   43   31   11   64   72   89   69   18    9   82    4   38   37   18   63   77   89   46   43   20    8   84   84   98   12   42   63   88   41   13   90    8   70   36    0   52   37   43   18   67   28   15   39   18   54   53   79   97    8    3   44    6   85   80   43   96   51   54   77   55   71   23   50   81   96   19    3   59    5   68   42   80   15    4   21    6   15   75   69   62   42   22   83   87   25   89   62   34   21   59    1   31   68   49   14   15   69   83   69   15   66   27   59   59   88   82    7    0   93   30    6   19   49   88   92   65   26   71   83   41   59   48   86   61    4   87   55   43   18   69    1   17   68   27   74   26   73   67   72   73   79   36   46    7   34   45   77   90   66   12   20   53   43   93   18   57   77   43   24   13   62
  63   73   83   99   18   43   32   87   11   66   31    0   59   39   69   39   19   11   18   43   26   11   31   83   83   36   52   18   41   60    1   85   90   93   21   89   11   88   13   34   94   50   21   37   33   92   41    9   16   55    1   24   60   85    9   33   39   86   78   92   62   17   93   75   66   34   79   40   32   27   65   61   22   34   22   74   34   77   23   39    2    0    2    6   92   27   53   95   48   39   72   74   10   93   12   34   95   56   56   85   44   61   54   11   30   76   32   90   95   76    0   75   98   75   63   61   49   24   47   91    8   12   87   82   51   35   11   67   53   80   36   79   95   16   76   61   40   21   15   11   26   51   53   98   74   98   75   57   81   77   80   24   72   22   31   70   50   78   72   74   14   10   24   35   81    4   54   78   36   31   20   42   61   57   85    0   29   35   39   72   10   28    5   57   96   97    4   11   57   26   23   68   30   59    3   97    8    3   41   87
  63   48   27   22   65   50   61   41   30   17   29   21   48   28   79   55   30    8   12    8   32   33    4   70   52   97   88    1   69   97   80   68   13   90   82   53   92   46   53   78   72   55   78   89   64   89   41   53   64   57   17   45   13   68   79   68   86   65   37    6    3   96   77   33   95   24   77   21   70    6   68   45   58    4   36   16   61    0   90   17   52   99   40   54   95    6   56   56   72   60   48   54   28   33   94   65   68   14   38   21   94   99   33   41   68   14   56   21   52   72   73   11   28   35   72   32   46   22   34   47   21   11   14   45   16    3   83   97   51   60   16    7    7   19   11   73   77   73   28   36   35   14   47   53   20   27   47    9   58   34   70   75   37   35   52    4   19   12   28   59   24   52   69   67   53   57   44   49   79   47   35   96   91   86   82   38   95   65   89    2   10    2   99   31    3   75   79   92   57   68   61   70   51    3   16   93    4    8   80   94
  44   14   58    3   36   56   88   11   60    2   46   66    3   73   98   29   75   53   91   58   80   16   25   44   90   63   21   88   61   41   38   69   88   50   84   70    7   78   56   53   61    6   90   87   99   60   23   60   28   50   80   17   45   48   92   53   34   38   30   14   71   76   19   45   75   70    7    4    7   50   91    7   70   73   96   58   95   45   26   97   52   32   64   42   74   73    1   52   85   65   72   97   34   69    2   15   69   20   78   86   89    4   32   50    1   90   96   77   27   11   82   74   94   38   16   90   10   57   47   54   40    0   62   24   11   41   29   72   36   52   48   85   10    3   86   32   71   59   76   65   24   50   30   39   54    7    3   69    8   90   64   80   47   70   18   63   31   77   36   77   89    0    6   35   54   86   43   85   72   70   90   30   66   79   96   23   78   22   96   53   87   57    7   35   60   60   55   70   57   18    7   28   13   69   97   92   56   88   65   12
  58   56   55   80   98   23    1   64   11   42   93   66   93    3   70   31    7   30   93   41   91   11   65   43   29   54   61    2   65   30   80   17   28   97   24   13   55   62   56   40   10   28    5   85   25   66   26   62    9    9   31   25   32   27   69   43   15   92   63   40   50   32   39    7   83   38   69    5    9   36    3   96    3   55   35   20   14   29    5   57   23    1   11   89   23   57   40   49   85   71   55   20   84    2   55   61   94   16   28    1   24   92    0   78   93   11   36   89   72    6   86   80   31   41   30   51   77   66   96    9   92   90   38   14   22   94    0    9    7   17   78    5   96   39   53   59   81   62    6   82    8   52   86   51   41   32   78   65   81   90   59   35   59   35   20   34   47   22   31   56   13   10   77   83   31   13   46   17   87    6   50   38   46   75   26   91   97   43   38   23   81   72   44   68   36   68   82   44   66   56    7    6   26   25   18   92   60    4   90   30
  98   22    8   13   38   92   55   12   31   48   54   83    4    0   72   10   68   34   38   14   77   18    0   59   15   17   21   63   75   91   98   22   21   21   18    1   58    1    3   39   81   48   39   18   68   32   99   14   78   68   36   39   96   73    4   55   74   37   69   62   32    0    3   69   77   37   47   51   88   52   57   55   13   70   90   11    7   48   76    8   74   23   18   18   52   59   46   60   80   83   72   52   21   74   67   88   71   13   56   72   99   32   86   27   37   96   16   20   83   91   10   82   58   87   49   58   23   58   41   40   27   40   16   85   40   38   97   48   70   99   86   35   53   82   50   27   52    2   88   59   25   47    3   78   53    0   45    7   38   85   65   48   51   50    9   22   81   92   14   91    3   51   82   21   94   98   42   89    7   52   29   62   25   43   73   20   84   68   25   66   31   54   61   81   34   45   44   86   84   21   10   96   16   20   11   16    6   60   50    9
  65   16   53   72   42   30   89   80   84   15   27   38   16   38   24   48   70   41   72   38   49   32    8    1   18   61    9   47   13   37   27   21   51   89   65   23   84   92   75   21   16   97   88   41   45   53   88   29   67   93   29   28   13   73   27    2   50   55    1   74   55   47   34   64   75   76   38   50   25   21   86   39   27   73   69   27   17   63   91   14   23   93   73   60   33   46   18   81   50   79   87    9   86   30   32   45   29   34   69   31   60   35   32   14   86   11   55   26   98    7   42   51   98   15   83    6   29   83   37   58   39   89    9   98   23   59   26   79   70   15   24   69   50   54   36   67   92   10   69   93   22   41   56   77   68   99   55   87   51   31   67   40   65   64    7   53    1   41   65   65   10   90   73   30   44   12   36   67   88   58   28   90   54   74   70   39    2   63   89   86   85   34   90    1   31   62   31    2   17   93   42   16   61   37   39   94   54    7   94    0
  68   10   27   98   16   97   29   38   93   74   29   73   47    9   25   23   47   88   56   16   60   52   38   24   71   55   42   19   12   21   62    4    7   99   26   11   96   41    0   41    2   30   94   79   41   33   58   62   75   54    7   86   33   81   81   21   51   75   35   79   52   91   89   96   22   73   75   44   16   29   51   86   91   91   94    9   99   55    9   12   25   25   11   38   54   31   66   71   39    7   31   61   39   58   84   78   62    9   74   33   41   69   83   71   30   44   36   46   75   96   39   32   88   15   39   95   88   80   88   23    5   85   49   25   47   82   49   62   51   48   95   92   42   80   72   12   84   70   85   78   93   54    6   27   14   23   57   97   76   43   49   51   41   59   94   10   35    8   85   19   65    6   47   89   95   14   66   22   72   53   79   89   35    4   31   21   12   71   90   51   53   59   89    1   52   86   16   57    0   83   65   96   29   73   76    3   75   71   61   56
  80   10   39   27   84   16    6   92   39   79   23   70   92   76   29   60   83   85   29   22   43   25   72   59   47   81   21   83   56   97   59   76   18   23   55   23    4   44   26   65   57   51   83    6   78   48   69   81   30   24   75   63   18   26   85   55   91   70   20   20   96   73   59   67   41   31   82   89   90   78   87   52   31    8   30   44    8   32   92   26   39   64   88   92   81   14   11   74   88   62   91   66   35   84   75   37   58   57    9   27   22   28   52   51   85    0   82   24   35   15    1   11   22   38   31   10   33   15   68   66    6   65   90   94    5   92   40   87   20   69   80   26   73   17   70   94   29   95   66   50   32   54   98    0   86   14   87   54   89   18    4   47   77   79   76   80   77   86   17   23    0   43   26   62   55   58   65   99   10   27   41    7   81   38   16   51   19   38   64   31   83   25   11   42   19   68   52   14   33   86   81   64   90   10   73    2   59    5   34    9
  25   64   78   94   98   13   91   28   88   86   91   50   75   42    7   47   20   10   13   21   79   96   85   64   88   28   90   94   14   39   28   14   17   96   18   66   87   75   45    2   41   28   86   94   23   15   82   87   98   77   46   37    5   88   99   92   57   86    0   40   10   58    0   30   41   12    8   90   27   98   37    5   10   68    1   94   25   60   44    4   70    1   79   50   30   93   20   27   64   35   48   79   91   80    8   94   42   83   28   59   96   93   65   61    2   60   42    1   94   45   76    4   24   89   93    1   89   30   21   99   53   79   13   75   36   71   65    5   87   28   36   79   87   89   45   35   81   25   64   23   21   54   86   29   72    2   69   39    7   55   23   63    4   34   23   31    0   28    8   62   45   28   61   91   54   28   40   79    9   31   46   63   57   69   93   17   47   37    8   12   62   51   29   90   31   59   98   70   72   28   91   46   30   74   53   13    1   12   15   22
  34   23   90   96   97   15   53   10   70   13   28   20   48   36   54   19   50    8    4   13   26   78   33   52   67   74   58   17   66   30   59   98    7    8   24   43   47   29   90    0   54   55   76   55   13   32   17   47   91   39   36   46   16   84   66   71   34   28   47   23    2   72   85   22   62   90   74   83   89   25    7   80   79   19   90    2   37   96   35   76    3   48   78   84   43    7   53   73   45   95   31   81   75   43    9   34   76   89   45   29   76   93   14   31   79   12   97   23   48   51   37   13    3   37   26   90   66    9   75   61   12   40   73   64   57   48   69   87   17   40   84   50   17   13   72   49   79   11   60   58   45   42   27   78   33   41   85   63    3    5   53   71   47   95   85   44   23    0    3   60   33   14    7   46   58    3   41   44    5   87   22   13   13   49   70   25   76   26   18   64   77   74   55   87   84   27   62    7    7   44   70   58   16   73   60   75   61   86   36    3
  59   98    9   96   77    3   54   31   65   76   37   47    3    0   75   35   87   57   39   87    5   82    7   94   56   46   65   79   28   10   96   51   28   91    3   83    1   65    3   14   32   18    4   67   76   32   69   32   21   84   52    2   69   39    7   23   31    2   72   21   15   18   71   50   81   43   68   47   59   87   61   49   86   63   93   64   68   51   84   30   54   90   21   43    2   57   34   55   23   82   98   53   61   45   29   46   49   77   69   32   61   93   41   84   47   13   18   31   58   90   39   27   65   31   43   21   29    5   56   47   17   75   20   65   11    2   12   52   17   33   53   64   78   40   10   98   77   82   92   70   99   51   56   59   50   44   33   79   32   90   74   99   64   59   33   68   58   39    6    0   23   70   91   93   52   85    0   87   96   40    4   71    1   63   32   54   91   15    3   57   69   29   16   70   68   94   86   72    1   25   65   46    5   56   75   72   92   14   95   52
  30   86   10    2   73   72    9   88   84   79   39   93   13   78   84   51   34   47    4    3   33    1   63   63   85   27   81   30   54   80   35   11   81   28   21   68   53    3   91   51   27    8   68   76   74   63   87   60   24   22   38   72    2   30   43   57   14    9   91    9    7   19   34   21   81   12   13   11   65   87   16   55   37   62   64   28   60    5   48   96   89    5    5   82   20   66   54   40   30   74   25   76   23   87   70   54    9   21   63   57   10    9   60   37   47   61   84   25   69   86   91   97    0    7   86   20   29   47   65    3   64    9   37   90   12    4   47   24   24   42   17    2   92   81   41   83   99   39   15   20   96   89   69   67   30   52   36   39   72   53   42   24   65   44    5   68   33   41   98   68    6   73   29   75   34   56   69   18   13   70    7   81   43    9   76   89    6   94   41   66   26   11   98   65   25   35   75   30   68    3   98   72   33   56   17   45   35   38   81   41
   0   45    5   47   67    9    6   38   48    6   32   77   57   52   10   79   59   42   61   15   67   29    4   23   36   43   22   78   26   11   22   40    4    9   15   39   95   58    8    6   10    6   50   73   43   40   59   35   80   68   98    8   43   85   67   77   46   38   75   46   40   39   12   78   85    2   40   67   15   30   96   77   87   98   68   27   95   44   53   54   54   55   77   15   44   58   55   72   33   94    1   72   16   60    2   23   39    9   32   63   16   62   46   83   63   44   82   17   56   22   45   47   59   31   66   18   16   10   48   41   82   33   58   96   61   85   50   18   44   75   11   48   51   92   97   60   21   20   59   19   67   96   18   91    3   48   38   56   48   54   12   76   94   47   85   12   73   32   66   56    4   35   43   81   10   94    4   24   14   88   56   71   68   58   29   13   43   41   43   99   12   64   15   59   67    3   46   32   48   48   47   64   20   85   84   45   90   27   20   28
  78   13   30   14   44   30   81   76   88   41   53   85   71   94   98    7   23   71    9    8   13    7   66   27   94   10   45   66   36   71   84   63   60   57   99   78    6   77   16   87   32   69   73   35   96   52   42   49   30   10   98   81   81   91   61   98   98   24   44    9   70   11   76   80   41   63   94   75   44   90    4   22   32   36   67   79    5   25   81   50   31   44   60   59   82   98   80   10   42   48   62   95   44   34   89   74   45   92   30   24    2    8   86    7   76    7   23   35   21   12   98   40   42   75   91   29   45   47   26   12   92   69   67   31   66   13   11   95   22   76   27   65   61   72   95   42   86   29   96   49   84   82   63   96   67   60   25   37    0   71   60   69   62   24   99   43   69   13   59   40   92   76   93   31   66   63   25   32   67   14   40   74   84   58   66   82   23   67   73   81   60   15    5   61   27   36   46   74   35   58   49    5   69   53   22   74    9   26   23   65
  98   84   13    6   78   57   35   88   17   12   49   26   23   62   30   58   56   79   97   62   28   57   48   45   34    7   24   59    7   15   57   99   16    7   34    7   89   78   11   10   54   40   69   92   33   78   33   23   97   25   14   59   59   48    8   11   75   15   27   80   33   34   91   79   70   18   28   59   83   50   74   32   36   60   56   12   38   85   53   74   82   28   23   58   47   90   18   42    4   36   58   79   84    0   87   68   20   21   77   69   20   43   85    2   51   87    0   54   55   31   53   70   28   49   53    3   21   65   48   96   85   22   99   86   42   62   27    7   23   72   57   44   48   79   69   63   50    0   33   12   77   35   24   48   47   93   17   82   21   80   53   53   70    9   79   74   19    8   72    9   57   25   71   92   84   74   64    7   94   91    6   78   10   60   24   12   23   32   34   30   46   64   46   58   38   27   14   31   19   51   65   84   29   12   81   72   31   99   64   74
  35   44   34   73   81   86   33   76   68    1   79   13   12   10   54    3   50   71   53   26   33   72   33   66   68   52   37    5   74   30   45    2   74   91   87   30    8    9   38    0   17   61    4   62   86   99   97   28   64    4   23   77   20   30   41   33   73   90   53   57   73   40   45   95   38   26    2    2   76   23   74    4   79   40   81   83   57   97   94   70   49   92   96   40   32   30   93   15    0   50   95   32   50   10   82   93   63   12    9   73   12    6   89   52   59   67   34   23   51    7   29   59   94   60   75   31    5   37   69    4   86   29   68   88   61   17   25   46   97   67   61   80   14    8   58   59   25   62   15   19   89    3   55   84   71   44   31    6   12   57   52   37   29    8   12   28   92   32   11   57   12   40   72   10   92   63   91   72   96   50    1    6   18   10   80   94   62   18   97   30   88   68   43   79   66   91   60   39    9   99   78   10   60   82   69   27   13   93   37   86
  46   76   24   60   56   21   68   46   65    3   12   70   99   11    2   25    4   24   69   78   63   40   15   53   96   20   54   33   35   51   16   19    4   68   90   44   62   98   75   24   77   39   95   92    4   88   24   48   74   12    1   40   58   58   95   25   71   19   44   53   42   17   19   87   95    7   23   98   11   53   28   98   74   75    6   15   79   22   43   10    2   72   17   16   84   71   21   85   97   41   45   66   14   89   12   75   57   13   44   29   93   53   36   26   14   50   50   95   64   45   37   26   64   14    0   90    3   22   55   19   67   55    7   46   83   38   67   57   46   56   48    6   43   41   77   72   57   38   63   99   83   23   28   49   66   67   78   54   82    3   21   51   52   96   65   40   58   11   39    2   15   41    0   18   89   83   56   95    3   94   49   37   79   45   60   31   52   12   21   55   94   18   57    5   50   84   33   79   39   92   62   32   26   87   48   39   58    7   18   45
  29   55   34   43   77   78   29   35   63   92   54    7   59   72   93   92   69   55   16   87   47   69   73    1   37   67   47   65   56    0   30   40   38    3    1   29   85   98   83   94   92   68   12   36   73   39   26    3   33   33   81   78   11   51   90   47   95    9   32   91   71   28   89   38   79   33   33   32   36   59   80   62    2   59   43    6   33   96   34   71   19   88   81   15   69   93   90   72   72   50   14    2   29   25   91   83   32   37   74   67   88   73   69   77   89   38   25   90   16   29   13   83   91   42    9   23   57   34   75   79   43   61    6   13   33   12    1   68    2   23   72   20   22   74    2   32   53    6   65   42   31   56    3   60   46    5   78   45    6   35   74   44   38    4    6   29   27   64   47   12   65   95   85   99   48   36    5   68   44   63   30   16   69   38   52   98   28   12   71   57   39   59   92   16   79   53   80   91   15   11    0   18   34   25   82   75   35   57   31   50
  29   79   22   97   93   19   57   81   84   37   54   14   25   25   28   39   68   89   58   47   70   61   44    3   54    6   61   93   79   83   46   48   52   20   98    4   99   97   94    0   95   23   26   68   39   93   49   11   23   77   57   33   21   67   26    9   55   86   30   70   44   95   60   50   22   88    4   54   26   51   98    9    5   81   69   41   22   60   25   65   40   77   65   57    9   61   69   52   59   61   23   44   12   77   14   81   63   51   50   14   65   37   78   83   91   91   76   26   27   94   96   27   64   91   84   93   35   50   59   95   98   54   85   37   60   81   88   10    7   21   10   21   94   62    9   70   93   83   85   89   75   87   79   68   19   91    8   27   72   72   88    7   78   12   60   22   56   10    3   96   51   46   39   90   78   47   12   69   20   32   66   95   22    3   42   69   65   95   20   78   77   82   90   29   30   45   34   13   32   37   75    0   75   77   13   95   72   70   76   81
  40   51   61   19    6   72   24   29   10   45   56   90   49   37   79   28    1    3   84   70   18   21   83   63   48   36   38   78   19   88   23   23   37   79    0   15   37   14   38   42   61   32   53   98   46   80   27   89   56   13   90   71   34   60   94    9    3   79   28   85   77   91   75   93   61   10   20   88   29   94   87   69   13   18   74   40   40    9   45    0   14   92   75   97   91   91   40   25   68   62   43   49   20   49   96   42   51   94   85   79    0   84    7    3   35   41   12   59   92   65   96   89   81   16   63    9   77   89   11   50   12   53   45   89   27   74   65   73   96   18    1   62   12   45   52   61    1   57   77    2   39   34   34   45   14   50    7    9   53   89   70   33   34   48    3   66   13   71   37   37   44   12   23   20   84   16   12   24   42   60   42   53   51   16    0   68   94    6   91   90   78   56   33   59    1   28   39   51   27   42   72   95   82    7   58   45   52   79   32   54
  88   56   55   91    2   37   49    0   47   92   78    3   87   79   87   13   89    2    3   35   81   86   63    3   87   26   74   27   56    9   99    9   95   90   15   69   34   31   32   23   96    4   35   35   41   30   66   91   66   22   99   40   31   68   97   32   20   78   47   72   45    3   36   85   93   36   69    9   21   69    4   74   96    7   58   35   64   89    8   66   18   53   44   50   76   60   34   65   59    6   61   33   14   52   51   73   43   74   28   60   96   58   68   36   67   83   87   91   30   84   34   87    0   90   21   20   55   51   15   53   80   48   58   84   17   32   89   16   25   27   82   14   37   40    8   11   37    8   97   45    0   60   75   60   57    9   72   97   36   12   21   66   64   88   40   88   27   51   65   27   36   82   57   61   62   79   97   39   35   91   47   92   88   73   72   94   27   45   54   19   51   65   50   65   10   49   92   26   45   62   62   18   11   75   53   90   99   16   36   82
  29   19   15   50   38   92   96    8   90    8   71   95   34   15    6   34   95   45   41    0   66   18   68   82   77   51   65   39   70   68   18   32   77   43   23   99   86   77   42   55   94   52   82   84   80   60   34   33   81   41   24   18   61   95   37   65   30   39   40   35   84   90   26   36    1   75   70   83   55   90   14   37   44   76   21   32    9   94   45    1   23   57   49   50    6   87   82   21   36    8   12   84   11   35   99   32   68   10   87   92   91   63   97   69   37   89   27   84   93   45   23   15   53   67   59   65    2    4   26   89   50   33   66   42   14   51   69   91   36   17   86   36   15   50    5   99   77   43   54   39   46   93   72   66   97   16   90   17   25   64   13   46   33    0   18   44    8   93   42   74   20   55   11   19   68   33   98   99   13   65   78   27   84   73   32    9   44   37   52   22   31   89   84   73   35   49   29   40   51   85   79   19   94    7    4   85   28   85    6   24
  82   19   51   72   34   14   83   62   91   70   74   62   67   42   92   81   24   92   23   70   92   41   18   99   79   44   99   11   52   18   18   34   57   17   52   77   14    1   74   40   19   87   42   11   30   57   29   93   62    7   34   34   14    3   11   68   24   41   14   94   98   69   33   60   38   91   60   12    9   78   72   72   33   67   27   63   32   12   83   81   78   63   63   77   56   87   76   54   58   95   50   10   84    0   24   32    2   21   17   55   88   28   39   68   67   94   52   76   84   42   83   98   11   77   62   81   54   20   42   68   89    7   18   23   59    1   95   70   90    2   27   44   77   64   41   30   33   36   68   86   47   90   29   85    0   74   94   27   68    7   85   48   42   92   92   22   95   20   81   77   50   59   39   40   51   86   48   58   70   92   86   36   86   44    9    7   20   36   40   17   17    3   91   25   64   49   36   24    6   10   67   45   96   14   93    8   73   96   15   47
  92   80   21   17   33   46   29    8   49   41   30   82   28   89    1   51   95   28   65   73   34   63   65   47   37   47   14   49   32   33   24   51    0    5   20   57   25   49   14   42   45   32    4   62   20   48   70   10   67   37   50    7   49   37   17   53   65   39   63   34   83   28   79   38   55    6    7   99    0   55   45   63    0   18   33   92   34   57   57   41   82   71   44   30   27   93   12   16   26   83   68   96   72   49    4   87   66    7   97   62   61   35   33   36    5   45    6   59   20   61   37   27   14   38    6   24   46   63   45   10   72   42   62   97    4   98   95   51    2   24   22   58   69   48   35    4   93   98    3   32   98   39   62   51   63   88   37   79   45   20    7   71   60   87   23   71    2   13   59   53   59   83   83   19   20   53   95   66   14   63   33   10   71   27   77   55   44   20   29   33   69   41    3    1   27   51   33   99   23   40   39   27   88   25    1   51   63   45   42   86
  37   63   83   39   54   38   61   54   85   25   16   42   61   28   99   51   81   54   39   84   15   25   76   90   29   53   48   72   49   61   66   82   13   66   18    1   71   39   71   93   12   45    9   82   99   86   99   33   27   85   65   37   21    2    3   69   26   82   84   45   29   17   25   61   75   73   95   65   50   35   33   36   87   54   22   19    2   84   21   10   28   48   95   85   17   52   82   76   46   23   78   44   23   71   88   88   93   64   76   24   32   14    8   84   45   55    8   18    7   48   58   12   70   10   83   91   64   54   73   24   92   88   69   99   30   88    3   74   28   96   56   19   31   87   80   35   26    3   12    3   32   18    2   77   87   89   83   12   16   84    1   75   12    5   78   73    8    3   88   26   96   53   97   90   61   10   89   34   25   57   35   74   26   91    9   46   96   84   82   61   56   20   29   57   30   31   67   70   49   28   17   26   32   94   32   90   53   45   26   76
  84   98   82    8   87   60   51   25   50   80   58   10   75   78   67   20   29   45   86   81    9    6    4   92   86   21   91   50   31   73    6   12   25   60   83   51   43   58    1   66   80   42   64   29   93   18   13   93   50   40   81   28   29    5   51   75   98   52    7   19   28   89   58   93   84   88   27   56    6   37   31   16    6   37    7   61   27   22   11   46   16   57   98   73   11    9   87   86   36   45   37   58   20   94   40   16   30   88   28   80   76   99   15   39   84   12    3    1    8   79   34   13   70   30   13   98   58   44   92   23   58   75    0   27    9   53   68   15   14   46   39   10   68   77   42   36   16   31   50   99   18   82   50   55   30   94    6   21   31   57   42   92   18   56   48   30    2   81   20   13   57   15   63   73   22    6    9    5   48   37   77   39   65   46   42   74   50   56   45   71   30    4   42   31   89   96   21   42   43   22    0   99   65   41   18   47   27   22   95   65
  30   20   76   60   85   75   40   65   38    9    3    7   91   84   39   90   73   13   22   37   80   65   39   83   32   90   72   69    8   14   98   76   25   85   30   35   30   49   76   16   96   30   96   86   54    8   57   76   98    9   74   29   74   58   86    0   50   67   37   31   32   74   20   97   20   41   99    2   33   84   31   27    0   14   19   87   54   23   80   60   31   25   22   71   71   64   44   50   89   55   61   22   45    2   46   80   67   88   34   77   73   70   79   47   34   58   38   69   86    2   62   42   10   22   82   36    8   74   23   36   19   73   91   97    7   92   63   82    7   85   32   39   89   73   51   66   35   98    6   57    4   42   50   83   93   74   96   12   52   59    7   59    4   63   22   94   32   60   60   87   33   35   68    5   55   37   97   53   77   83   14   63   67   44   19   46    5   99    8   14   13   20   18   62   11   70   40   39   50    3   50   52   74   14    5    5   95   34   23   13
  25   43   96   76   85    4   57   49   19   49   58    0   98   73   92    8    6   93   93   63   20   28   79   92   67   40   82   26   12   38   46   61   68   72   20   66    4   92   44   95   86   19   11   91   49   10   60   95   60   25   33   26   53   42   34   18    2   82   80   12   22   43   59   90   69   63   74   60   92   99   45    2   99   31   26   12   76   18   96   21    7   62   20   27   10   66   22   73   25   40   49   53   82   13   22   75   85   41    0   83   61   52   38   69   28   35   76   37   94   43   56   63   69   50   36   80   71    5   62   90   55   92   39   24   49   10    6   57    2    6   45   22   17   50   32   61   42   19   70   93   72   18   55   15    2   16   80   92   59   87   40    3   90   72   65    7   96    7    1    7   94   82   11   42   52   55   20    3    3   90   62   98   86   23    8   65   22   67   96   96   25   48   70   23   56   36   57   63   87   47   28    7   69   80   41   86   47   47    4   52
  59   49   53   52   69   10   53   43   34   44   67   99   22    4   34   31    6   49   51   84   69   46   65   29   15   53   49   29   89   54   56   68   29   53   89   60   85    3   72   65   89   96   13   49   93   80   10   54   34   70   51   30   41   96   36   21   11   15    5    4   53   54   79   61   19   64   44   17   65   65   42   16    2   75   15   27   67   42   82   36   89   36    8   72   66   99    9   52   70   40   26   29    1   62   77   45    3   77   90   60    8   41   56   95   49    1   70   68   23   41    4   12   31    9   27   64   38   14   62   85   59   31   80   34    1   66   71   22   37    0   46   44   25   52   67   44   79   45   40   66   17   84   60   36   23   79    1    6   60   48   17   37   78   46   52    9   72   13   23   29   43   27   81   38    3   45   12   22   59   61   66   37   83    6   37   24    4   56    5   60   85   79   68   24   65   56   49   47   14   84   83   72   54   13   63   95   13   35   90   95
  44   28   28   46   31   55    7    6    0   71   92   10   91   16    4   29   29   96   11   97   86   48   67   53   91   21   95   41   93   98   84   79   43   69   24   27   74   76   26   96   68   98   47   59   65   16   27   96   67   54    0    3   55    8   14   57   96   83   46   94   60   94   23   57   92   98   86   14   61    9   38    3   75   77    9   91   83   83   44   93   98   54   37   76    4   33    0   76    4   75   56   43   63    4   81   26   84   88   55   58   92   40   39   94   40   36    0   32   24   77   50   35   93   44   41   72   26   43   70   32   42    1   79   86   66   52   89   85   46   61   93   20   77   36    9   41   51   73   15   54   66   63   83   75   46   27   88   88   12   45   75   66   87   21   94   23    9   73   92   35   15   87    9   66   12   66   11   38   46   90   71   94   53   25   42   51   56   90   89   10   79   29   58   95   88   48    4   95   90   38   13   52   80   45    2   45   51   91   80   69
  40   94   23   32   84   99   81   70   93   13   66   41   59   24   48   23   64   92    5   95   65    1   57   13   80   27    5   84   53   61   83   56   79   59    2   95   95   27   65   12   28   60   34   96    7   71   61   89   80   89   79   21   42   68   99   86   64   10   42   65   77   27   46   82   83   22   25   37   64   67   75   55   91   11   52   22   53   88   88   98   48   69   47    0   28   74    5   64   45   41   73   22   25   16   10    8   10   63   29   33   75   51    7   52   66   60   86   59   81   51   63   15   99    2   96   57   33   42    7   41    7   43   13   11   71   17   33   66   50   51   44   60   65   12   96   81   42   37   72   61   80   46   44   46   29   77   79   11    9    7   32   10   56   99   70   92   14   70   72   44   74    8   61   82   39   18    1   27   82   84   61   25   25   84   58   78   37   83   47   67   85   35   78   65   49   82   43   74    7   86   96   98   84   69   74   92   73   27   15   97
  13   91   93    4   80   59   38   50   42   81   41   12   39   52   45   50   98   39   81   99   83   53   98   41   27   85   91   13   31   28   81   27   66   93   90   88   52   60   72   31   50   46   80   57   44   54   17   25   80   13   68   90   68   64   71   14   13   98   42   41   15   73    3   17   22   93   95    7   13   95   63   72   56   22   73   18    2   83   37    3   43   11   47   67   33    7   89   54    2   57   92    1   78   37   70    2   90   96   54   21   15   68   79   67   49   77   73   33   77   18   82   53   74   69    9   75   78    4   22   75   36   11   85   52   39   55   39   12   56   96   95   63   16   22   31    5   14   77   42   84    6    9   68   25   22   64   91   41   76   34   83   42   15   50   29   18   18   38    0    6   58    0   77   97   18    5   21    4   26   88   81   97   81   84   59   13   76   63   96   69   54   77   65   11   61   39   16   27   83   65    5   34   68   50   77   62    3   86   57   92
  22   69    2   15   88   88   95   20   89    5   40   43   79   68   35   14   36   29   67    8   41   61   64   70   28   51    9   44   98   84   62   41   90   44   76   57    2   70   89   77   61    4    2   85   47   45   64   90   43   53   55   47   65   19   37   46   51   49   41   89   80   88   59   48   43   86   66   85   84   94   54   36   90   21   32   94   71   58   53   46   89   41   47    8   11   20   29   29   66   55    0   51    8   54    5    7   82    0   97   46   82   19   46   89    7   43   12   35   97   54   33   62   28    8   56   74   17   13   59   38   93   35   39   56   97   68   66   80   81   52   28   15   56   69   36   47   44   58   81   44   51   41   30   70   61   52   29   86   80   74   81   47   62   21   78    1   50   20   59   28   96   11   82   66   99   32   70    3   67   43   72   78   48   33   71   90   35   85   44   88   64   66   68   80   86   38   74   69   59   22   46   20   13   94   72   54   44    7   35   19
  53   46   96   84   60   89   32   11   56    6   94   12   85   67   24   53   54   73   42   59   41    9   71   25   27   33   56   70   81   59   39   94   47   14   80   93   29   22   35   34   19    3   18   29   18   19   94   21   82   57   43   78    1   74   41   82   96   73   11   97   75    1   19   98   83   40   95   47   86   57   66    0   97   18   21   44   75   76   62   87   69   14   78   26   51   60   39   36   26   29   98   38   47   70   24   19   21    6   45    0   37   52   25   25   60   56   78   88   24   29   52   18   72    0   36   98   73   51    0   80   44   85   78   99   11   85   71   29   84   56   65   96   57   63   86   76   64   90   91   61    9   69   33   58   37   33   97   24   16   63   64   98    5   91   83   20   81   84   11    2   66   58   86   93   10   95   85   60   36   63   56   38    7   72   30   24   37    3   39   83   73    6   33   66   93   43   98    4   91   15   72   10   98   21   36   63    5   57   29   43
  33   84   45   75    4   68   38   59   84   69   35   22   88   25    3   29    1   74   88   43   61   95   92    4    6   38   27   15   15   81   19   47    4   62   74   59   28    7   40   78   11   82   91   60   84   28   62   72   71   70   19   91   68   11   63   90    2   88   33   29   48   71   10   26   80   23   34   64   25    5   52    9   38   66   73   95   87    3   48    2   80    7   77    0   11   92   18   47   52   69   93   41   60   99   10   47   30   93   61   64   18   94    6   49   69   87   27   33    3   66   19   61    8   48   47   50   30   17   77   90   27   45   10   15   35   70   67   72    8    4   27   33   51   58   18   82   74   31   64   29    6   73    8   21   30   89   58   79   90   89   60   35   40   16   58   58   97   18   75   26    7   40   96   46   18   32   69   28   23   24    8   69   32   30   32   69   87   74   56   71   22   91   61   95   26   14   71   32   20   78   53   78   24    7   40   96   58   85   84   89
  45   20   89   50   32   44   78   36   83   22   31   13   87   87   20   53   79   60   64   26    2   93   91   93    4   67   25   32   41   23   59   59   92   83   70   96   42    6   87   33   44   39   91   36   68   66   55   54    7   89   33   22   21   39   62   54   83   81   33   82   68   85    0   51   62   24   65   72   13   95   94   28   19   19    3    2   31   66   68   54   65   13   99   19   36   66   12   43   93   23   61   60    7    5   14    1   53   26   59   28   35   10   79   11   91   16   99   72   82   80   44   18   67   65   80   23   81   88   73   26   24   12   82   43   30   15   49   19   83   33   44   66   69   11    7   28   74   85   97   27   76   16   18   53    9    3   99   80   67   22    7   13   42   80   59   84   90   73    9   23   33   52   79   96   98   47   99   94   16   67   43   84   86   19   60   92   66   85   72   78   84   94   19   78   38   57   65   64   19   82   71   74   61   59   27   59   28   88    5    0
  72   71   55   56    3   83   84   20    1   52   25   12   11   65   35   76   31   62   27   55   69   34   88   63   20   89   49   72   34    2   56   50   72   73   68   50    0   59   94   91    8   87   14    8    2   51   17   62   46   85   21   26   51   13   45   59   61   46   10   25    7   94   58   31   30    5   47    5   70   20   10   11    2   39    5    8   21   56   22   40   42   59    4   98    9   99   28   41    6   36   89   68   62   36   92   77   25   60   39   19   65   41    9   86   60   55   99   70   97   70   16   48   50   29   30   59   41   11   58   59   81   10   45   90   26   74   34   18   71   78   91   72   30   72    3   33   21   52   69   58   18   37    9   56   74   24   52   87   11   96   33   32   71   34   40   21   13   86    9   16   82   79   21   83   72   31    7   77   68   45   27   34   27   89   20   45   64    5   50   63   52   65   48   63   97   36   35   67    8   29   16   46   12   21   42   61   43   81   79    9
  69    2   17   76   58   32   15   32   77   56   13   48   20   12    8   76   16   17   86   82   50   76    2   16   35   75    9   66    7   98   20   71   62   39   76   62   45   66   28   74   70   46   65   82   64   28   27   96   80   31   71    3   69   20   31   92   13   79   40   43   46   90   50   24    0   23   15   12   99   44   99   51   21   14   75   11    5   39   31   23   51   57   43   52   66   16   36    1   96   64   80   77    0   48   86   57   59   96   74   76   79   33   97   85    3   54   24   52   80   69   79   42    7   88    7   16   72   42   47    6   17   70   56   27   40   42   92   88   47   18   56    0   64   57   89   43   56    5   82   29   75   23   34   26   89   78   70   30   73   48   71   26   53   95    7   77   69   42   90   72   52   31   68    8   25   43   22   56   87   34   40   40   72   71   23   89   64   89   87   57   70   62   60   53   23   37   70   73   46   11   13   89   12   28    6   21   83   27   83   81
  70   26   99   60   76   34   66   65   59   59   70   99   86   31   88   34   24   19   70   46   82   83   53   21   11   96   30    1   39   80    9   69   41   90   44   52   45   68    7    4   58   39   16   77   74   10   18   78   47   30   52   35    9   64   69    7   24   62   75   91   60    9   35   25   98    1   37   51   29   73   13   92   40   36   92   14   46    2   51   32   74   51   62   90   95   21   50   78   12   48   55   86    8   86   23   85   65   40   13   34   73   20   66   22    8   61   81   96   50   60   68   41    3   24   37   65   30   21   90    9   78    9   32   85   84   38    1   94   88   49    2   69   78   82   73   87   51   16   68   21   62   15    3   44   59   15   78   65   80   36   65   96   18   81   62   72   62   68   77    3    3    8   92   43   99   91   34    9   84   42   29   79   48   31   39   92   30   93   58    5   11   61   13   14   46   44   94   89   92    7   80   93   61   99   80   67   40   35   39   25
  57   43   29   17   51    2   37    6   33   66   63    2   70   30   47   67    3   17   16   33    1    3   51   11   43   22   99   12   48   47   73   12   96   30    3   72   54   65   91   38   90   93   54   78    3   60    8   43   74    6   40   41   23   54   80   99   90   95   20   11   18   97   21   75   40   68   75   90    8   32   11   39   36   87   70   10   44   70   74   80   22   88   90   21   66   67   87    8   23   86    3   48   29   62   47   85    7   50   51   50    7   46   88   60   10   71   92   80    9    2   17   34   92   43   97    9   76   75   95   52   60    0   88   63   70   33    7   72   73   17   82    0   65    8   75   44   32   74   80   60   73    1   82   59   15   48   62   79   51   25   25   71   86   63   79   62   49   40   48    1   57   18   90   84   49   61    3   57   85   52   86    7   97   34    2   61   61   12   34   92   18    7   82   67   49   30   87   86    0   82   47   33   34   46   57   95    2   60    6    0
  30   77   34   36   90   27   76   83   64   96   98    6   17   39   66   27   63   89    0   86   48   90   68    4   90    5   25   55   90   16   53   11   33   26   42   70   72   67    2   78   64    6   94   76   69   49   79   31   72   61   61   79   17   10   55   80   25   56   95   62    7   87   97   70   61   58   62   33   64   51   79   83   70   99   44   75   34   79   26   69    1   76   29   24   33   42   12   55   12   54   36   59   15   97    1   85   35   82   59   83   55   79   65   67   57   25   84   85   72   27   40   72   18   11   40   54   89   31   21   70   87   85   63    1   65   11   78   92   61   23   29   73   75   81   10   74   96    3   43   73   52   96   67   36   62   71   78   27   91   99   21   20   38   30   18   16   70   95    9   57   27   24   57   13    8   87   44    6   87   64   73   61   47   77   34   68   88   83   55    3    1   43   66    8   41   40   45   56   27   59   45   92   32   92   96   30   40   69   45   71
  25   95   69    8   24   61   29   40   64   34   90   61   41   27   29    3    8   77   76    8   55   32   69   59   79   62   19   66   83   99   70   40   50   13   63   13   26   51   47   38   64   91   92   51   55   45   89   86    5   79    2   71   33   52   78   23   13   56   83   11   38   53   22   85   59   51   13    6   16    3   53   86   75   22   19   52   77   77   52   25   48   73   87    7   77   74   21    6   30   27   11   25   19   89    8   53   32   84   47   58   39   80   66   55   39   44   25   65   29   28   46   91   43   90   52    7   58   91   88   18   26   68   43   82   52   24   33   11   28   75   22   44   17   48   96   76   76   25   30    9   92   95   33   69   21   65    9   33   39   99   46   22    4   17   24   31   13   73   38   23   52   31   68   52   93   64   36   14   10   65    3   38    2   34   88    7   97   97   86   69   17    9   91   36   44    8    5   54   40   70   83    5   97   92   57   37   16   23   70   12
  96   14   75   84   29   48   57   79    5   22   14   31   67   41   49   45    0    9   22    4   82   99   48   66    5    5   60   77   92   36   41   79   14   94   29    2   79   96   48   16   15   29   53   62   69   71   24   17   95   13   50   28   73   32   10   31   10   17   47   97   20   79   52   98   52   10   41    7   22   53   90   61   36   63   24    9   73   84   61   48   45   36   96   50   87    4   35   21   11   99    5   55   21    7   98   29   35   18   68   92   33   80   40   54   80   95   60   37   46   86   35   46   77   84   44   90   86   46   27   17   12   19    6   28   99   22   38   38   51   50   58    8   32   90   97    0   63   13   53    0   75   98   12   41   19   19   79   11   12   37   30   97   39   54   10   35   20   36   30   11   55   51   51   42   52   72   26   19   67   13   35   58   58   74   47   49    4   79   23   84   64   91   87   37   39   90   88   70   92   62    2   55   37    1   55   56   73   77   32   98
  44   43   18   99   39   17   84   95   21   58   90   66   43   57   10   98   51    4   33   41   99   87   30   16    4   56   44   52   27   80   51   91   23   25   58   69   29   54   51   66   63   20   11   27   12   54   51    0   82   71   46   16   16   93   23   86   66   62   83   89   27   98   12   77   38   62   83   44    8   81   13   70   44   47   26   50   18   22   47   78   51   87   27    1   30   11   52   99   48   17   58   73   87   48   42   52   21   10   77   13   68   57   47   37   98   79   16   97   12   81   42   40   50   48   12   15   73   69   39   44   38   85    6   65   30   17   15   41   14   67   32   85   14   35   38   66   29   17   40   90   81   57   99   76   76   39   49   94   92   72    9   15   45   55   62   27   78   83   20   78   15   49   87   30   68   85   49   85   63   50   11   71   31   28   91   34   35   94   28   73   52    7   58   45   72   39   24   23   52   99   45   13   82   31   42   84   11   13   20   37
  85   63   77   33   41   40   11   55   33   95   69   87   19   11   43   56   55   65   83   32   29   26   36   59   80   41   41   90   34   16   34    4   36   89   81   89   30   41   84   75   18   84   10   25   53   65   79   73   28   35   72   94   86   96   67   48   76    7   93   91   50   52   52   13   20   73    3   68   30   13   59   27   44   86   69   96   39   40   68   13   85   35   46   50    6   30   13   61   70    0    0   81   33   84   65   78   38   30   72   63   57   36   61   38   89   70   39   84    7   83   41   23   83   65    7   26   45   62   80   36   80   78   37   93   94   28   55   86   53   74   79   56   35   52   83   31   84   20   46    8   85   71   11   22   52   49   11   88   46   67   75   16   33   73   77   21   31   77   34    7   49   14   59   93   10   28   56   15   53   21   63   36   92   83   99   15   94    1   21   86   86   29   84    7   33    2   51   89   61   52   19   61   32   61   13   52   49   76   90   90
  34   64   65   84   80    0   80   48   95   60   38   20   94   16    9   13   55   28   58   82   29    2   35   60   72    6   87   59   48   25   95   15   44   46   54   23   94   37   71   63   20   93   46   61   64   50   63   55   74   47   81   56   99   57   59   49   39   78   63   39   80   10    6   64   45   79   66   78   26   25   25   64   67   99   21   10   95   52   36   30   88   79   17   32   87   73   81   16   57    6   45   10   26   26   18   84   37   15   98    3   14   85   45   37   30   58   35    8   96   90   17   50   45    8   39   63   10   36   25   35   62   40   76   50   69   61   81   14   99   75   19    2    2   69   42   18   31   44    4   56    3   64    6   79   25   51   38   88   79   95   71   97   22   31   80    3   17   71   39   25   30   76   48    0   51   77   16    7   62   87    7   65   77   16   26   50   61   50   18   87   42   53   53   55   28   31   13   72   31    5    4   96   42   60   53   84   88   78   98   21
  44   28   83   27   79   22   69    1   78   82   56   53   45   59   56   49   52   12   46   43   89   29   96   89   78   70   31   16   78   70   83   54   89    8   10    6   32   14    4   81   15   82   64   60   11    1   13   31   95   40   23   28   33   58   80    6   77    1   32   58   10   26   63   68    8   77   40   61   21   98   76   64   18   77   37   64   65   80   83   39    8   43   40   33   48   57   62   37   61   98   65   60   28   33    5   50    7   78   95   80   15   63   43    0   71   86   46   90    5   87   68   67   50    2   45   95   46    6   49   14   42   62    6   46   50   75    6   63   62    0   11   64   86   85   76   85   60   15   53   34   25   11    1   75   17   62   30   48   39   29   48   78   50   79   91   49   80   12   56   46    0   89   74   58   69   75   77   29   41   34   91   11   90   34   77   16   84   53   98   39   99   83    0   38   40   21   87    8   25   25   41   69    0   62   40   61    6   85   57   25
  78   47   39   16   49   21   73   37   11   70   84   83   48   30   22   39   10   88   24   78   38   69   91   40   96   34   25   72   14    9   36   54   46    6   54   62   28   56   35    5   74   41   98   19    0   79   86   91   98   31   67    2   41   89   63   84   94   79   68   35   53    7   57   97   14   49   89   35   58   77   78   67    6    4   75   95   26   55    7   18   48    1   58   55    9   59   45    9   21   54   81   43   63   43   86   97   42   29   57   88   59   34   77   17   27   15   91   94   95    2   89   21   95   34   30   65   79   37   82    2   89   51   53   88    5   88   20   99   71   34    6   12   12    6   61   86   79   74   98   62    9   49   75   45   30   49   78   36   35   47   41   21   27   11   75   21   97   97   67   99   86   75   35   83   34   10   56   12    9    9   91    6   39   74   80    5   89   94   96   65   51   17   12   81   85   82   61   56   19    9   20   40   30   54   78   74   82   29   93   87
  34   25   88   99   46   11   60   83   46   13   73   75   87   86   47   31   16   10   82   99   64   97   30   75   39   38   64   13   41   41   43   72   27   15   61    1   98   90   38   69   51   69   21   94   88   52   87   31   78   90   69   98   21    2   52   33   63   36   86   11   96   22   32    2   67   69   92   10   48   88    3   58   22   35   75   80    0   65   39   75   84   87   10   80   96   77   37   72    6   37   82   65   26   56    0   96   55   50   33   22   32   45   42   41   50   46   30   58   24   94   66   28   69   96   76   77   21   18   56   28   12   90   34   80   73   14   18   58   62   27   15   62   23   17   37   35   40   38   56   53    3   23   50   72    3   80    9   63   21   90   69   79   81    4   84    8   54   65   89   72   71   96    1    0   19   23   49   83   39   89   64   46   79   48    4   85   13   45   15   78   63   94   86   26   25   27   15   93    8   42   28    1   83   50   87   61   49   24   59   72
   2   23   36   11    8   24   34   53   81   85   38   52    1   84   23    6   60   37   41   43   62   80   57   61   80   78   17   33   49   93   60   81   79   91   51   26   41    0   68   61   16   49   71   77   77    9   37   59   10   19   94   51   57   15   63   91   95   18   22   57   88    0   22   15   78   49   71    4   13   54   41   18   26   72    1   86   15   75   62    6   76   49   30   11   11   40   29   83   54    4   87   25   60   82   66   40    0   23   56   94    3   15   35   78   95   17   58   96   99   78   77   27   30   98   62   11    6   85   12   69   32   17   11   54   80    1   70   57   79   58   12   40   98   82   35   93    0   53   77   67   17   14   74   99   76   85   91   94   78   77   78   32   54   22   53   51    6    8   95   55    3   36   89   72   82   62   70   24   84   73   23   31   76   24   66   41   28   15   72   32   55   25   14    2   93   30   57   46   36   82   91   18    3   32   10    2   80    7    7   35
  56   49   74   74    1   76    4   91   30   90   99   10   38   11   96   49   83   58   84   59    4   48   65   98   83   50   80   93   87   98   35   44    1   13   81   32   43   35   92   88   73   96   54   16   63    2   41   83   18   55   77   75   59   33   24   15   73   26   64    4   29   38   77    9   47   46   32   79   98    4   93   89   84   12   38   65   20   24   56   84   16    1   99   42    7   96   27   11   66   76   12   72   37   31   66    6   16   83   98   90   78   12   30   84   71   83   41   57   73   78   72    3   20   49   69   96   30   77   66   26   17   62   32   21   21   22    9   18   97   18   40   49   70   30   82   77   50   89   34   48   59   19    8   99    4    4   10   54   26   21   86   93   87   32    8   95   54   97   16   94   30   79   11   74   47   95   14   22   63   80   88   11    0   36    9   40   47   99    3   32   33   55   32   63   84   67   66   12   88   55   16   63   48   90   64   95   97   23   29   21
  23   68   94   48   80   74   26   84   47    1   71   87   24   26   73   96   26   43   67   85    3   19   89   52   75    6    9   73   37   94   43   84   54   68   65   11   79   98   38   34   59   63   38   27   97   82   57   37   35   39   59    0   65   57   14   25   27   92   93   78   68   95   73   38   35   66   40   45   97   90   60   32   44   32   41   36   44   49   64   88   52   20   18   65   99   30    8    8   27   95   78   78   33   95   40   40   93   75   28   65   35   61   13    4   96    7   40   19    1   74   28   79   54   64   66   19   45   77   23   11   41   89   32   38   12   72   33   16   10   31   20   49   42   49   36    9   77   54   18    7   93   92   18   42   58   43   83   57   26   78   87    6   85   70   91   91    4   43    7    1   91   24    6   94   40   11   25    1   67   93   39   86   34   46   21    0   16   58    9   81   91   28   27   17   40   90   39   76   32   44   49   90   49   60   85   94   89   10   11   43
  35   67   43   40    9   34   57   69   16   60   57   28   88   44   26   70   18   62   68   45   20   26   22   11   99   84   52   82   65   61   71   57   56   13   61   44   24   48   83   46   47   24   80   12   83   93   17   55   58   86   32   67    9   82   75   21   12   10   82   61   37   54   55    9   43   61   60   18   92   10   86   98   75   55   19   32   54    9   70   91   74   94   47   25    1   43   11   64   80   11   51   53   31   21   71   22    3   60    6   31    8   55   21   26   39   48   71   93   60   48   58   50    0   49   74   85    9   68   11    3    4   11    8   57   92   76   73   11   93   50    3   64   70   40   71   69   58   34   99   62   46   76   24   95   73   63   26   35   94   72   11   80   11   41   41   36   49   15   66   67   85   44   53   13   34   56   41   98   27    5   86   51    7   93   20   95   34   34   21   17   80   42   55   31   42   48   31   59   46   76   77   63   10   89   69   73   64   51   56   11
  91   80   90   71   26   33   86   23   61   65   18    8    3   78   29   22   90   59    2   30   47   47   78   80    3   28   60    3   57    7   57    7   73   45   95    8   86   41   48   69   62   87   83   22   27   87   81   97   91   62   96   73   88   48   96    7   90   95   78   94   42   32   13   19   86    6   20   49   35   92    2    4   27   61   35   83    9   37   64   61   51   44    9    6    5   50   88    8    6   68   50   31    1   80   65   58   23   93    6   73   72   72   60   30   45   44   86   74   47   72   96   69   35    0   87    1   50    6   87    3   68   77   73   54   59   50   75    8   89   77   96    9   20   22   41   81   78   69   39    9   69    7   20   40   77   60   10   24   84   58   65   35   81   58    8   72   28   84   63   19    2    8   24   11   65   16   44   32   65    2   40   83   24   84   17   71   28   35   52   70   52   57   28   66    7    8   15   87   61   34   62   26   73   39   61   24    3   99   65   64
  60   89    1   95   45   58   93   80   35   90    8   15   22   26   67   40   85   62   60   76   41   34   10   84   23   65   79   37   16   68   32   85   44   33   72   38   79   69   88   42    8   17    0   85   24   20   60   24   97   86   45   64   38   43   48   38   43   18   65    6   90   90   20    4   47    6   40   75   30   89    1   70   50   24   43   27   62   96   50   70   61   82   56   44   11   77   89   98   72   35   70   32   89    4   89   73   88   24   50   25   71   63   69   73    4   40   25   94   52   16   39   52   32   61   76   61   57   65   28   63    5   79   38   81   25   97   52   93   29   51   71   70   25   40   23   65   41    0   29   36   56   91   98   67   90    1   86   52   37   36   34   80   45   11   90   60   39   71   35   59    0   27   34   79   75   79   47   36   52   26   52   66   96   36   11   34   82   45   41   45   25   82   67   95    9   71    8    8   84   33   31   18   10   66   52   59   15   98    0   44
  52   10   57   59   53   36   92   17   74   37   38   23   67   19   37   48    0   81   33   88   64   26   66   44   48   84   64   98   92   84   46   49   88   87   37   70   59   11   12    8   25   93   31   92   44   45   25   66   58   30   78   70   71   44   64   34   99   44   27   45   94   94   35   88   30   19   22   27   29   29   38    1   37   53   40   48   22   12   90   99   40   76   14   18   51   70   70   34   87   63   31   47   29   13    0   46    0   96   87   74   75   62   73   84   51   82   23   88   70   10   18   12   24   79   82   99   12   56   82   96    9   66    7    8   83   92   18   83   91   53   17   74   54   35   86   61   26   41   30   52   27   63   44    5    0    9   16    8   66   59    2   41   29   50   58   50   39    4   79   79   85   70   32   68   90    3   50   65   98   50   87   76   78    9   50   74   12   96   68   85   63   89   90    7   93   52   48   24   40   54   53   70   67   74   57   99   87   95   72   24
  96   91   29   88   52   72   34   25   40   18   14   43   94    3   32   28   20    7   17   52   42   61   85   11   33   87   23    9   23   39   25   50   20   58   86   31   54   71    6   34   63   25   41   45   93   11   63   96   90   55   38   14   26   79    2   72   92   43   80   98   76   50   56   21   13   79   51   92   74   26   96    0    9   60   60   73   64   26   14   96   33   16    6   80   84   87   85   17    1   50   50    2   87   64   68   54   99   77   57   50   83   35   86   13    3    5   36   52   89   91    3   76   20   39   85   98   79   18    3   99   23   23   52   16   66   85   34   46   89   89    9   74    1   15   62   12   18   44   41   56   92   42   30   21   87   21    0   50   73    1   63   43   77    3   89   87   68   62   70   16   89   76   75   49   14   51   54   25   92   39   95   87    7   14   39   62   11   21   85   44   55   53   96   12   52    7    4   48   90   40   71   92    0   69   89   89   73   92   60    1
  98   87   19   95   65   45   81   63   78   34   38    9   88   26   13    8   38   48   83   65   80    0    2   22   38    7   86   96   48   80   19    3   89   81   75   82   71   80   96   87   89   46   81   23   31   87   36   83   49   27   41   58    6   55   10   48   32   60   83    8    8   45   75   27   78    0   29   51   62   36   88   43   63   11   92   50   47   27   60    0   45   78   77   62   37   52   16   62   21   32   73   12   33   35   94   78   37   60   23   79   34   90   89   24   40   91    9   66   51   56   57   50   34   46   97    7   16    5   62   33    4   20   26    8   76    2   88   97   91   21   22   98   62   54   86   19   40   14   79   20   13   36   56   20   90   82   91   36   38   52   90   50   38   65   13   99   68   44    9   32   57   97   48   99   51   78    9   79   24   40   32   53   61   35    5   61   42   82   69   37    5   53   79   77   33   20    7   61   26   77   59    5   69   25   87    2   36    0   63   47
  53   70   89   38   57   62   88   19   52   83   28   36   44   70   67   12   20   81   67   51   42   97   88   40   35   87   34   41   91   10   70   68   37   18   86   79   85   33   96   75   23   48   31   53   18   73   45   66   64   66   75   65   51   58   63   80   47   30   25   18   60   73   31   53   37   90   90   96   86   86   55   54   30   75   32   33   94    1   11   78   68   78   46    0   29   86   66   88    0   32   68    1   44   87   16    7   63   23   18   54   60   81   10   78   67   68   23   82   12   68   13   63   45   16   19   43   36   45   43    1   42   40   39   22   19    8   62   54   81   23   40   19   94   78   14   81   92   66   99   18   28   63   53   71   96   23   87   13   45   43   80   42   83   15   99   19   59   49    9   52   87   53   70   98   30    3   68   78   14   35   35   75   87   73   29   61   26   63   96   66   78   74   47   13   97   36   88   84   68   54   27   13   87   96   67   98   21   51   17   53
  89   29   42   51   46   96   42   25   32   30   31   89   51   38   14   97   15   34   69    0   31   95    2   23    8   69    1    4   47   74   90   22   57   80   72   96    7    4   68   36   73   71   44   99   88   36    0   99   96   89    5   71   96   38   75   53   46   72   58   68   22   28   63   55   38   83   34   47   31   56   56   32   77   16   77    6   25   40   42   63   93   76   54    8   99   31   62   80   69   11   25   99   76   63   44   94   72   73   91   96   85   66   22   26   15   80   33   22   72   56   24   37   48   79    0   75    7   86   11   24   36   99   39   80   25   38   51   12    3   34   78   10   81   61   27   11   55   43   10   66   83   45   45   88   38   24   84   52   93   91   81   35   71   47   76   93   73   49   99   86   24   94   47   25   29   78   38   65   44   98   13   58   35   79   94   34   90   60    5   77   55   96   45   25   17    7   70   97   64   60    2    1   49   51   42   93   33   98   26   32
  29   78   33   45   11   39   19   75   81   26   98   42   83   24   85   14   36   37   18   95   29   41    1   68   17   28   91   86   11   62   74   95   24   32   23   53   60   19    2   13   20   58   20   80   64   19   99   70   87   67   66   48   65   76   98   59   75   94   61   76   18   88   97   36   88   81   23   99   58   16   10   51   52   86   51   39   31   50   26   74   13   82   21   19   97   39   68   39   98   15   46    9   57   74   46   85   76   95   99   95   43   99   66    8    8   39   55    8   57   67   69   97   36    3   95   52   63   53   48   16   56   83   11   39   93   42   16   96   13   24   46   38   41   77   55   47   70   60   62   47   55   28   41   16    8   85   80   27   46   99   53    1   57   88   23   94   76    5   98   62   21   78   82   61   96   88   31   13   80   94   29   55   51   34   53   52   98   33   14   45   14   15   63   84   11   38   18   46   59   90   89   90   42   78   29    3   92   90   18   18
  90   43   78   90   54    9   60   13   68   57   43   46   96   38   84   80   99   89   62   99   70   12    9   67   52   87   53   24   85   48   95    0    1   13   95   12   71   70   87   62    2    3    1   59   43    6    2   20   47   90   82   44   28   78   93   31   49   11   12   88   22   16   31   34   20   70   57   59   98   92   28   98   67   14   31   22   79   63   77   14   51   54   68   37    6   88   42   91   41   25   46    9   55   99   25   14   13   17   39   25   71   34   36   14   57   32   70    2   64   80   71   26   69   81   52   64   81   48   14   97   32   38   61   17   34   57   73   14   82   27   91   90   71   89   15   46   14   47   58   56    7    8   99   25   49   57   15   32   60   21   79   64   98   56   80   32   69   93   82   77   45   59   59   20   26   64   63   68   60   58   51   63   36   16   67   33   75   89   39   13    0   58   88   89   89    1    5   96   67   88   98   71   40   70   62   86   86   17   88   69
  73   34   48   87   13   53   96   76   14   16   50   24   88   83   95   39   28   52   11   72   86   16   19   30   80   32   72   91   43   13   91   37   59   95   89   83   35   67   33   54   33   83   75   94   26   92   24   63   17   72   77   77   27   80   15   73   47   17   97   75   14   39   73   19   47   10    2   24   71   50   30   24   80   66   86   96   63    4   93   13   70   24   76   80   79   27   64   19   88   15   84   14   28   71   95   70   34   31   63   44   20   62   43   97    2   74   79   80   70   97   30   38   93    6   82   74   58   12   61   43    8   73   81   55   16   36   54   51   59   24   79    7   98   41   82    5   66   97   96   44   37   88   63   95   23   44   31   42   87   89   59    3   44   48   71   26   57   75   56   83   25   62   45   40   42   55   51   57   96   63   54   92   23   24   11   20    7   19   65   69   64   90   85   32   18   42   92   96   20   14   73   87   95   95   28   79   67   33    1   65
